<?xml version='1.0' encoding='UTF-8'?>
<Document doc_name="7_4ecbplus.xml">
  <token t_id="1" sentence="0" number="0">http</token>
  <token t_id="2" sentence="0" number="1">:</token>
  <token t_id="3" sentence="0" number="2">/</token>
  <token t_id="4" sentence="0" number="3">/</token>
  <token t_id="5" sentence="0" number="4">timesofindia</token>
  <token t_id="6" sentence="0" number="5">.</token>
  <token t_id="7" sentence="0" number="6">indiatimes</token>
  <token t_id="8" sentence="0" number="7">.</token>
  <token t_id="9" sentence="0" number="8">com</token>
  <token t_id="10" sentence="0" number="9">/</token>
  <token t_id="11" sentence="0" number="10">speednewsshow</token>
  <token t_id="12" sentence="0" number="11">/</token>
  <token t_id="13" sentence="0" number="12">14743366</token>
  <token t_id="14" sentence="0" number="13">.</token>
  <token t_id="15" sentence="0" number="14">cms</token>
  <token t_id="16" sentence="1" number="0">Wladimir</token>
  <token t_id="17" sentence="1" number="1">Klitschko</token>
  <token t_id="18" sentence="1" number="2">stopped</token>
  <token t_id="19" sentence="1" number="3">Tony</token>
  <token t_id="20" sentence="1" number="4">Thompson</token>
  <token t_id="21" sentence="1" number="5">in</token>
  <token t_id="22" sentence="1" number="6">the</token>
  <token t_id="23" sentence="1" number="7">sixth</token>
  <token t_id="24" sentence="1" number="8">round</token>
  <token t_id="25" sentence="1" number="9">to</token>
  <token t_id="26" sentence="1" number="10">keep</token>
  <token t_id="27" sentence="1" number="11">a</token>
  <token t_id="28" sentence="1" number="12">comfortable</token>
  <token t_id="29" sentence="1" number="13">hold</token>
  <token t_id="30" sentence="1" number="14">on</token>
  <token t_id="31" sentence="1" number="15">his</token>
  <token t_id="32" sentence="1" number="16">WBA</token>
  <token t_id="33" sentence="1" number="17">,</token>
  <token t_id="34" sentence="1" number="18">IBF</token>
  <token t_id="35" sentence="1" number="19">and</token>
  <token t_id="36" sentence="1" number="20">WBO</token>
  <token t_id="37" sentence="1" number="21">heavyweight</token>
  <token t_id="38" sentence="1" number="22">title</token>
  <token t_id="39" sentence="1" number="23">belts</token>
  <token t_id="40" sentence="1" number="24">on</token>
  <token t_id="41" sentence="1" number="25">Saturday</token>
  <token t_id="42" sentence="1" number="26">.</token>
  <token t_id="43" sentence="2" number="0">Klitschko</token>
  <token t_id="44" sentence="2" number="1">put</token>
  <token t_id="45" sentence="2" number="2">Thompson</token>
  <token t_id="46" sentence="2" number="3">on</token>
  <token t_id="47" sentence="2" number="4">the</token>
  <token t_id="48" sentence="2" number="5">canvas</token>
  <token t_id="49" sentence="2" number="6">with</token>
  <token t_id="50" sentence="2" number="7">a</token>
  <token t_id="51" sentence="2" number="8">big</token>
  <token t_id="52" sentence="2" number="9">right</token>
  <token t_id="53" sentence="2" number="10">hand</token>
  <token t_id="54" sentence="2" number="11">near</token>
  <token t_id="55" sentence="2" number="12">the</token>
  <token t_id="56" sentence="2" number="13">end</token>
  <token t_id="57" sentence="2" number="14">of</token>
  <token t_id="58" sentence="2" number="15">the</token>
  <token t_id="59" sentence="2" number="16">fifth</token>
  <token t_id="60" sentence="2" number="17">round</token>
  <token t_id="61" sentence="2" number="18">at</token>
  <token t_id="62" sentence="2" number="19">Stade</token>
  <token t_id="63" sentence="2" number="20">de</token>
  <token t_id="64" sentence="2" number="21">Suisse</token>
  <token t_id="65" sentence="2" number="22">,</token>
  <token t_id="66" sentence="2" number="23">and</token>
  <token t_id="67" sentence="2" number="24">the</token>
  <token t_id="68" sentence="2" number="25">40</token>
  <token t_id="69" sentence="2" number="26">-</token>
  <token t_id="70" sentence="2" number="27">year</token>
  <token t_id="71" sentence="2" number="28">-</token>
  <token t_id="72" sentence="2" number="29">old</token>
  <token t_id="73" sentence="2" number="30">American</token>
  <token t_id="74" sentence="2" number="31">southpaw</token>
  <token t_id="75" sentence="2" number="32">never</token>
  <token t_id="76" sentence="2" number="33">recovered</token>
  <token t_id="77" sentence="2" number="34">.</token>
  <token t_id="78" sentence="3" number="0">The</token>
  <token t_id="79" sentence="3" number="1">Ukrainian</token>
  <token t_id="80" sentence="3" number="2">champion</token>
  <token t_id="81" sentence="3" number="3">dropped</token>
  <token t_id="82" sentence="3" number="4">Thompson</token>
  <token t_id="83" sentence="3" number="5">again</token>
  <token t_id="84" sentence="3" number="6">in</token>
  <token t_id="85" sentence="3" number="7">the</token>
  <token t_id="86" sentence="3" number="8">sixth</token>
  <token t_id="87" sentence="3" number="9">,</token>
  <token t_id="88" sentence="3" number="10">and</token>
  <token t_id="89" sentence="3" number="11">referee</token>
  <token t_id="90" sentence="3" number="12">Sam</token>
  <token t_id="91" sentence="3" number="13">Williams</token>
  <token t_id="92" sentence="3" number="14">gave</token>
  <token t_id="93" sentence="3" number="15">the</token>
  <token t_id="94" sentence="3" number="16">challenger</token>
  <token t_id="95" sentence="3" number="17">a</token>
  <token t_id="96" sentence="3" number="18">standing</token>
  <token t_id="97" sentence="3" number="19">count</token>
  <token t_id="98" sentence="3" number="20">before</token>
  <token t_id="99" sentence="3" number="21">stopping</token>
  <token t_id="100" sentence="3" number="22">the</token>
  <token t_id="101" sentence="3" number="23">fight</token>
  <token t_id="102" sentence="3" number="24">at</token>
  <token t_id="103" sentence="3" number="25">2</token>
  <token t_id="104" sentence="3" number="26">:</token>
  <token t_id="105" sentence="3" number="27">56</token>
  <token t_id="106" sentence="3" number="28">.</token>
  <Markables>
    <ACTION_OCCURRENCE m_id="1" climaxEvent="TRUE" comment="">
      <token_anchor t_id="18"/>
    </ACTION_OCCURRENCE>
    <ACTION_OCCURRENCE m_id="2" comment="" climaxEvent="FALSE">
      <token_anchor t_id="44"/>
      <token_anchor t_id="46"/>
    </ACTION_OCCURRENCE>
    <ACTION_OCCURRENCE m_id="3" comment="" climaxEvent="FALSE">
      <token_anchor t_id="24"/>
    </ACTION_OCCURRENCE>
    <ACTION_OCCURRENCE m_id="4" comment="" climaxEvent="FALSE">
      <token_anchor t_id="52"/>
      <token_anchor t_id="53"/>
    </ACTION_OCCURRENCE>
    <ACTION_OCCURRENCE m_id="5" comment="" climaxEvent="FALSE">
      <token_anchor t_id="60"/>
    </ACTION_OCCURRENCE>
    <ACTION_OCCURRENCE m_id="6" comment="" climaxEvent="FALSE">
      <token_anchor t_id="81"/>
    </ACTION_OCCURRENCE>
    <ACTION_OCCURRENCE m_id="7" comment="" climaxEvent="FALSE">
      <token_anchor t_id="86"/>
    </ACTION_OCCURRENCE>
    <ACTION_OCCURRENCE m_id="8" comment="" climaxEvent="FALSE">
      <token_anchor t_id="92"/>
    </ACTION_OCCURRENCE>
    <ACTION_OCCURRENCE m_id="9" comment="" climaxEvent="FALSE">
      <token_anchor t_id="97"/>
    </ACTION_OCCURRENCE>
    <ACTION_OCCURRENCE m_id="10" comment="" climaxEvent="FALSE">
      <token_anchor t_id="99"/>
    </ACTION_OCCURRENCE>
    <ACTION_OCCURRENCE m_id="11" comment="" climaxEvent="FALSE">
      <token_anchor t_id="101"/>
    </ACTION_OCCURRENCE>
    <ACTION_OCCURRENCE m_id="25" comment="" climaxEvent="FALSE">
      <token_anchor t_id="26"/>
      <token_anchor t_id="27"/>
      <token_anchor t_id="29"/>
      <token_anchor t_id="30"/>
    </ACTION_OCCURRENCE>
    <HUMAN_PART_PER m_id="12" comment="">
      <token_anchor t_id="94"/>
    </HUMAN_PART_PER>
    <HUMAN_PART_PER m_id="13" comment="">
      <token_anchor t_id="16"/>
      <token_anchor t_id="17"/>
    </HUMAN_PART_PER>
    <HUMAN_PART_PER m_id="14" comment="">
      <token_anchor t_id="19"/>
      <token_anchor t_id="20"/>
    </HUMAN_PART_PER>
    <HUMAN_PART_PER m_id="15" comment="">
      <token_anchor t_id="43"/>
    </HUMAN_PART_PER>
    <HUMAN_PART_PER m_id="16" comment="">
      <token_anchor t_id="45"/>
    </HUMAN_PART_PER>
    <HUMAN_PART_PER m_id="17" comment="">
      <token_anchor t_id="73"/>
    </HUMAN_PART_PER>
    <HUMAN_PART_PER m_id="18" comment="">
      <token_anchor t_id="80"/>
    </HUMAN_PART_PER>
    <HUMAN_PART_PER m_id="19" comment="">
      <token_anchor t_id="82"/>
    </HUMAN_PART_PER>
    <HUMAN_PART_PER m_id="20" comment="">
      <token_anchor t_id="90"/>
      <token_anchor t_id="91"/>
    </HUMAN_PART_PER>
    <LOC_FAC m_id="21">
      <token_anchor t_id="62"/>
      <token_anchor t_id="63"/>
      <token_anchor t_id="64"/>
    </LOC_FAC>
    <NEG_ACTION_OCCURRENCE m_id="22" comment="" climaxEvent="FALSE">
      <token_anchor t_id="76"/>
    </NEG_ACTION_OCCURRENCE>
    <NON_HUMAN_PART m_id="23" comment="">
      <token_anchor t_id="39"/>
    </NON_HUMAN_PART>
    <NON_HUMAN_PART m_id="24" comment="">
      <token_anchor t_id="48"/>
    </NON_HUMAN_PART>
    <TIME_OF_THE_DAY m_id="26" DCT="FALSE" value="2012-07-07" anchorTimeID="45">
      <token_anchor t_id="40"/>
      <token_anchor t_id="41"/>
    </TIME_OF_THE_DAY>
    <ACTION_OCCURRENCE m_id="27" RELATED_TO="" TAG_DESCRIPTOR="t7_round_6" comment="" climaxEvent="FALSE"/>
    <NON_HUMAN_PART m_id="28" RELATED_TO="" TAG_DESCRIPTOR="t7_heavyweight_belts" comment=""/>
    <LOC_FAC m_id="29" RELATED_TO="" TAG_DESCRIPTOR="t7_stade_de_suisse"/>
    <ACTION_OCCURRENCE m_id="30" RELATED_TO="" TAG_DESCRIPTOR="t7_retain_awards" comment="" climaxEvent="FALSE"/>
    <ACTION_OCCURRENCE m_id="31" RELATED_TO="" TAG_DESCRIPTOR="t7_gave_count" comment="" climaxEvent="FALSE"/>
    <HUMAN_PART_PER m_id="32" RELATED_TO="" TAG_DESCRIPTOR="t7_sam_williams" comment=""/>
    <NON_HUMAN_PART m_id="33" RELATED_TO="" TAG_DESCRIPTOR="t7_canvas" comment=""/>
    <ACTION_OCCURRENCE m_id="34" RELATED_TO="" TAG_DESCRIPTOR="t7_the_match" comment="" climaxEvent="FALSE"/>
    <HUMAN_PART_PER m_id="35" RELATED_TO="" TAG_DESCRIPTOR="t7_klitschko" comment=""/>
    <ACTION_OCCURRENCE m_id="36" RELATED_TO="" TAG_DESCRIPTOR="t7_round_5" comment="" climaxEvent="FALSE"/>
    <ACTION_OCCURRENCE m_id="37" RELATED_TO="" TAG_DESCRIPTOR="t7_ref_ends_fight" comment="" climaxEvent="FALSE"/>
    <HUMAN_PART_PER m_id="38" RELATED_TO="" TAG_DESCRIPTOR="t7_thompson" comment=""/>
    <NEG_ACTION_OCCURRENCE m_id="39" RELATED_TO="" TAG_DESCRIPTOR="t7_recovered" comment="" climaxEvent="FALSE"/>
    <ACTION_OCCURRENCE m_id="40" RELATED_TO="" TAG_DESCRIPTOR="t7_right_hand" comment="" climaxEvent="FALSE"/>
    <ACTION_OCCURRENCE m_id="41" RELATED_TO="" TAG_DESCRIPTOR="t7_standing_count" comment="" climaxEvent="FALSE"/>
    <ACTION_OCCURRENCE m_id="42" RELATED_TO="" TAG_DESCRIPTOR="t7_dropped_in_6" comment="" climaxEvent="FALSE"/>
    <TIME_OF_THE_DAY m_id="43" RELATED_TO="" TAG_DESCRIPTOR="t7_saturday_night" value="" anchorTimeID="" DCT="FALSE"/>
    <ACTION_OCCURRENCE m_id="44" RELATED_TO="" TAG_DESCRIPTOR="t7_klitschko_ends _fight" comment="" climaxEvent="FALSE"/>
    <TIME_DATE m_id="45" RELATED_TO="" TAG_DESCRIPTOR="t_2012-07-08" comment="" DCT="TRUE" value="2012-07-08" anchorTimeID=""/>
  </Markables>
  <Relations>
    <TLINK r_id="140090" contextualModality="" relType="AFTER" comment="">
      <source m_id="45"/>
      <target m_id="1"/>
    </TLINK>
    <TLINK r_id="140091" contextualModality="" relType="AFTER" comment="">
      <source m_id="45"/>
      <target m_id="3"/>
    </TLINK>
    <TLINK r_id="140092" contextualModality="" relType="AFTER" comment="">
      <source m_id="45"/>
      <target m_id="25"/>
    </TLINK>
    <TLINK r_id="140093" contextualModality="" relType="AFTER" comment="">
      <source m_id="45"/>
      <target m_id="2"/>
    </TLINK>
    <TLINK r_id="140094" contextualModality="" relType="AFTER" comment="">
      <source m_id="45"/>
      <target m_id="4"/>
    </TLINK>
    <TLINK r_id="140095" contextualModality="" relType="AFTER" comment="">
      <source m_id="45"/>
      <target m_id="5"/>
    </TLINK>
    <TLINK r_id="140096" contextualModality="" relType="AFTER" comment="">
      <source m_id="45"/>
      <target m_id="22"/>
    </TLINK>
    <TLINK r_id="140097" contextualModality="" relType="AFTER" comment="">
      <source m_id="45"/>
      <target m_id="6"/>
    </TLINK>
    <TLINK r_id="140098" contextualModality="" relType="AFTER" comment="">
      <source m_id="45"/>
      <target m_id="7"/>
    </TLINK>
    <TLINK r_id="140099" contextualModality="" relType="AFTER" comment="">
      <source m_id="45"/>
      <target m_id="9"/>
    </TLINK>
    <TLINK r_id="140101" contextualModality="" relType="AFTER" comment="">
      <source m_id="45"/>
      <target m_id="11"/>
    </TLINK>
    <TLINK r_id="140102" contextualModality="" relType="CONTAINS" comment="">
      <source m_id="26"/>
      <target m_id="1"/>
    </TLINK>
    <TLINK r_id="140103" contextualModality="" relType="CONTAINS" comment="">
      <source m_id="26"/>
      <target m_id="3"/>
    </TLINK>
    <TLINK r_id="140104" contextualModality="" relType="CONTAINS" comment="">
      <source m_id="26"/>
      <target m_id="25"/>
    </TLINK>
    <TLINK r_id="140105" contextualModality="" relType="CONTAINS" comment="">
      <source m_id="26"/>
      <target m_id="2"/>
    </TLINK>
    <TLINK r_id="140106" contextualModality="" relType="CONTAINS" comment="">
      <source m_id="26"/>
      <target m_id="4"/>
    </TLINK>
    <TLINK r_id="140107" contextualModality="" relType="CONTAINS" comment="">
      <source m_id="26"/>
      <target m_id="5"/>
    </TLINK>
    <TLINK r_id="140108" contextualModality="" relType="CONTAINS" comment="">
      <source m_id="26"/>
      <target m_id="22"/>
    </TLINK>
    <TLINK r_id="140109" contextualModality="" relType="CONTAINS" comment="">
      <source m_id="26"/>
      <target m_id="6"/>
    </TLINK>
    <TLINK r_id="140110" contextualModality="" relType="CONTAINS" comment="">
      <source m_id="26"/>
      <target m_id="7"/>
    </TLINK>
    <TLINK r_id="140111" contextualModality="" relType="CONTAINS" comment="">
      <source m_id="26"/>
      <target m_id="9"/>
    </TLINK>
    <TLINK r_id="140112" contextualModality="" relType="CONTAINS" comment="">
      <source m_id="26"/>
      <target m_id="10"/>
    </TLINK>
    <TLINK r_id="140113" contextualModality="" relType="CONTAINS" comment="">
      <source m_id="26"/>
      <target m_id="11"/>
    </TLINK>
    <PLOT_LINK r_id="140114" SIGNAL="" relType="PRECONDITION" CAUSES="FALSE" CAUSED_BY="FALSE">
      <source m_id="1"/>
      <target m_id="25"/>
    </PLOT_LINK>
    <PLOT_LINK r_id="140115" SIGNAL="" relType="FALLING_ACTION" CAUSES="FALSE" CAUSED_BY="FALSE">
      <source m_id="2"/>
      <target m_id="4"/>
    </PLOT_LINK>
    <PLOT_LINK r_id="140116" SIGNAL="" relType="PRECONDITION" CAUSES="FALSE" CAUSED_BY="FALSE">
      <source m_id="2"/>
      <target m_id="22"/>
    </PLOT_LINK>
    <PLOT_LINK r_id="140117" SIGNAL="" relType="PRECONDITION" CAUSES="FALSE" CAUSED_BY="FALSE">
      <source m_id="6"/>
      <target m_id="9"/>
    </PLOT_LINK>
    <PLOT_LINK r_id="140118" SIGNAL="" relType="PRECONDITION" CAUSES="FALSE" CAUSED_BY="FALSE">
      <source m_id="9"/>
      <target m_id="10"/>
    </PLOT_LINK>
    <PLOT_LINK r_id="140119" SIGNAL="" relType="FALLING_ACTION" CAUSES="FALSE" CAUSED_BY="FALSE">
      <source m_id="4"/>
      <target m_id="11"/>
    </PLOT_LINK>
    <PLOT_LINK r_id="140120" SIGNAL="" relType="FALLING_ACTION" CAUSES="FALSE" CAUSED_BY="FALSE">
      <source m_id="6"/>
      <target m_id="11"/>
    </PLOT_LINK>
    <PLOT_LINK r_id="140121" SIGNAL="" relType="FALLING_ACTION" CAUSES="FALSE" CAUSED_BY="FALSE">
      <source m_id="1"/>
      <target m_id="11"/>
    </PLOT_LINK>
  </Relations>
</Document>
