<?xml version='1.0' encoding='UTF-8'?>
<Document doc_name="7_9ecbplus.xml">
  <token t_id="1" sentence="0" number="0">http</token>
  <token t_id="2" sentence="0" number="1">:</token>
  <token t_id="3" sentence="0" number="2">/</token>
  <token t_id="4" sentence="0" number="3">/</token>
  <token t_id="5" sentence="0" number="4">bigstory</token>
  <token t_id="6" sentence="0" number="5">.</token>
  <token t_id="7" sentence="0" number="6">ap</token>
  <token t_id="8" sentence="0" number="7">.</token>
  <token t_id="9" sentence="0" number="8">org</token>
  <token t_id="10" sentence="0" number="9">/</token>
  <token t_id="11" sentence="0" number="10">article</token>
  <token t_id="12" sentence="0" number="11">/</token>
  <token t_id="13" sentence="0" number="12">wladimir</token>
  <token t_id="14" sentence="0" number="13">-</token>
  <token t_id="15" sentence="0" number="14">klitschko</token>
  <token t_id="16" sentence="0" number="15">-</token>
  <token t_id="17" sentence="0" number="16">retains</token>
  <token t_id="18" sentence="0" number="17">-</token>
  <token t_id="19" sentence="0" number="18">world</token>
  <token t_id="20" sentence="0" number="19">-</token>
  <token t_id="21" sentence="0" number="20">heavyweight</token>
  <token t_id="22" sentence="0" number="21">-</token>
  <token t_id="23" sentence="0" number="22">belts</token>
  <token t_id="24" sentence="1" number="0">WLADIMIR</token>
  <token t_id="25" sentence="1" number="1">KLITSCHKO</token>
  <token t_id="26" sentence="1" number="2">RETAINS</token>
  <token t_id="27" sentence="1" number="3">WORLD</token>
  <token t_id="28" sentence="1" number="4">HEAVYWEIGHT</token>
  <token t_id="29" sentence="1" number="5">BELTS</token>
  <token t_id="30" sentence="2" number="0">Jul</token>
  <token t_id="31" sentence="2" number="1">.</token>
  <token t_id="32" sentence="2" number="2">7</token>
  <token t_id="33" sentence="2" number="3">5</token>
  <token t_id="34" sentence="2" number="4">:</token>
  <token t_id="35" sentence="2" number="5">59</token>
  <token t_id="36" sentence="2" number="6">PM</token>
  <token t_id="37" sentence="2" number="7">EDT</token>
  <token t_id="38" sentence="3" number="0">Wladimir</token>
  <token t_id="39" sentence="3" number="1">Klitschko</token>
  <token t_id="40" sentence="3" number="2">stopped</token>
  <token t_id="41" sentence="3" number="3">Tony</token>
  <token t_id="42" sentence="3" number="4">Thompson</token>
  <token t_id="43" sentence="3" number="5">in</token>
  <token t_id="44" sentence="3" number="6">the</token>
  <token t_id="45" sentence="3" number="7">sixth</token>
  <token t_id="46" sentence="3" number="8">round</token>
  <token t_id="47" sentence="3" number="9">to</token>
  <token t_id="48" sentence="3" number="10">retain</token>
  <token t_id="49" sentence="3" number="11">his</token>
  <token t_id="50" sentence="3" number="12">WBA</token>
  <token t_id="51" sentence="3" number="13">,</token>
  <token t_id="52" sentence="3" number="14">IBF</token>
  <token t_id="53" sentence="3" number="15">and</token>
  <token t_id="54" sentence="3" number="16">WBO</token>
  <token t_id="55" sentence="3" number="17">heavyweight</token>
  <token t_id="56" sentence="3" number="18">title</token>
  <token t_id="57" sentence="3" number="19">belts</token>
  <token t_id="58" sentence="3" number="20">Saturday</token>
  <token t_id="59" sentence="3" number="21">night</token>
  <token t_id="60" sentence="3" number="22">.</token>
  <token t_id="61" sentence="4" number="0">The</token>
  <token t_id="62" sentence="4" number="1">36</token>
  <token t_id="63" sentence="4" number="2">-</token>
  <token t_id="64" sentence="4" number="3">year</token>
  <token t_id="65" sentence="4" number="4">-</token>
  <token t_id="66" sentence="4" number="5">old</token>
  <token t_id="67" sentence="4" number="6">champion</token>
  <token t_id="68" sentence="4" number="7">Klitschko</token>
  <token t_id="69" sentence="4" number="8">,</token>
  <token t_id="70" sentence="4" number="9">58</token>
  <token t_id="71" sentence="4" number="10">-</token>
  <token t_id="72" sentence="4" number="11">3</token>
  <token t_id="73" sentence="4" number="12">with</token>
  <token t_id="74" sentence="4" number="13">51</token>
  <token t_id="75" sentence="4" number="14">knockouts</token>
  <token t_id="76" sentence="4" number="15">,</token>
  <token t_id="77" sentence="4" number="16">floored</token>
  <token t_id="78" sentence="4" number="17">Thompson</token>
  <token t_id="79" sentence="4" number="18">with</token>
  <token t_id="80" sentence="4" number="19">a</token>
  <token t_id="81" sentence="4" number="20">big</token>
  <token t_id="82" sentence="4" number="21">right</token>
  <token t_id="83" sentence="4" number="22">hand</token>
  <token t_id="84" sentence="4" number="23">near</token>
  <token t_id="85" sentence="4" number="24">the</token>
  <token t_id="86" sentence="4" number="25">end</token>
  <token t_id="87" sentence="4" number="26">of</token>
  <token t_id="88" sentence="4" number="27">the</token>
  <token t_id="89" sentence="4" number="28">fifth</token>
  <token t_id="90" sentence="4" number="29">round</token>
  <token t_id="91" sentence="4" number="30">at</token>
  <token t_id="92" sentence="4" number="31">Stade</token>
  <token t_id="93" sentence="4" number="32">de</token>
  <token t_id="94" sentence="4" number="33">Suisse</token>
  <token t_id="95" sentence="4" number="34">,</token>
  <token t_id="96" sentence="4" number="35">and</token>
  <token t_id="97" sentence="4" number="36">the</token>
  <token t_id="98" sentence="4" number="37">40</token>
  <token t_id="99" sentence="4" number="38">-</token>
  <token t_id="100" sentence="4" number="39">year</token>
  <token t_id="101" sentence="4" number="40">-</token>
  <token t_id="102" sentence="4" number="41">old</token>
  <token t_id="103" sentence="4" number="42">American</token>
  <token t_id="104" sentence="4" number="43">never</token>
  <token t_id="105" sentence="4" number="44">recovered</token>
  <token t_id="106" sentence="4" number="45">.</token>
  <token t_id="107" sentence="5" number="0">The</token>
  <token t_id="108" sentence="5" number="1">Ukrainian</token>
  <token t_id="109" sentence="5" number="2">champion</token>
  <token t_id="110" sentence="5" number="3">dropped</token>
  <token t_id="111" sentence="5" number="4">Thompson</token>
  <token t_id="112" sentence="5" number="5">again</token>
  <token t_id="113" sentence="5" number="6">in</token>
  <token t_id="114" sentence="5" number="7">the</token>
  <token t_id="115" sentence="5" number="8">sixth</token>
  <token t_id="116" sentence="5" number="9">,</token>
  <token t_id="117" sentence="5" number="10">and</token>
  <token t_id="118" sentence="5" number="11">referee</token>
  <token t_id="119" sentence="5" number="12">Sam</token>
  <token t_id="120" sentence="5" number="13">Williams</token>
  <token t_id="121" sentence="5" number="14">gave</token>
  <token t_id="122" sentence="5" number="15">the</token>
  <token t_id="123" sentence="5" number="16">challenger</token>
  <token t_id="124" sentence="5" number="17">a</token>
  <token t_id="125" sentence="5" number="18">standing</token>
  <token t_id="126" sentence="5" number="19">count</token>
  <token t_id="127" sentence="5" number="20">before</token>
  <token t_id="128" sentence="5" number="21">stopping</token>
  <token t_id="129" sentence="5" number="22">the</token>
  <token t_id="130" sentence="5" number="23">fight</token>
  <token t_id="131" sentence="5" number="24">.</token>
  <token t_id="132" sentence="6" number="0">In</token>
  <token t_id="133" sentence="6" number="1">2008</token>
  <token t_id="134" sentence="6" number="2">,</token>
  <token t_id="135" sentence="6" number="3">Klitschko</token>
  <token t_id="136" sentence="6" number="4">stopped</token>
  <token t_id="137" sentence="6" number="5">Thompson</token>
  <token t_id="138" sentence="6" number="6">in</token>
  <token t_id="139" sentence="6" number="7">the</token>
  <token t_id="140" sentence="6" number="8">11th</token>
  <token t_id="141" sentence="6" number="9">round</token>
  <token t_id="142" sentence="6" number="10">.</token>
  <token t_id="143" sentence="7" number="0">Thompson</token>
  <token t_id="144" sentence="7" number="1">,</token>
  <token t_id="145" sentence="7" number="2">who</token>
  <token t_id="146" sentence="7" number="3">was</token>
  <token t_id="147" sentence="7" number="4">the</token>
  <token t_id="148" sentence="7" number="5">mandatory</token>
  <token t_id="149" sentence="7" number="6">challenger</token>
  <token t_id="150" sentence="7" number="7">nominated</token>
  <token t_id="151" sentence="7" number="8">by</token>
  <token t_id="152" sentence="7" number="9">the</token>
  <token t_id="153" sentence="7" number="10">IBF</token>
  <token t_id="154" sentence="7" number="11">,</token>
  <token t_id="155" sentence="7" number="12">dropped</token>
  <token t_id="156" sentence="7" number="13">to</token>
  <token t_id="157" sentence="7" number="14">36</token>
  <token t_id="158" sentence="7" number="15">-</token>
  <token t_id="159" sentence="7" number="16">3</token>
  <token t_id="160" sentence="7" number="17">.</token>
  <Markables>
    <ACTION_ASPECTUAL m_id="1" comment="">
      <token_anchor t_id="86"/>
    </ACTION_ASPECTUAL>
    <ACTION_OCCURRENCE m_id="2" climaxEvent="TRUE" comment="">
      <token_anchor t_id="26"/>
    </ACTION_OCCURRENCE>
    <ACTION_OCCURRENCE m_id="3" comment="" climaxEvent="FALSE">
      <token_anchor t_id="40"/>
    </ACTION_OCCURRENCE>
    <ACTION_OCCURRENCE m_id="4" comment="" climaxEvent="FALSE">
      <token_anchor t_id="46"/>
    </ACTION_OCCURRENCE>
    <ACTION_OCCURRENCE m_id="5" comment="" climaxEvent="FALSE">
      <token_anchor t_id="48"/>
    </ACTION_OCCURRENCE>
    <ACTION_OCCURRENCE m_id="6" comment="" climaxEvent="FALSE">
      <token_anchor t_id="75"/>
    </ACTION_OCCURRENCE>
    <ACTION_OCCURRENCE m_id="7" comment="" climaxEvent="FALSE">
      <token_anchor t_id="77"/>
    </ACTION_OCCURRENCE>
    <ACTION_OCCURRENCE m_id="8" comment="" climaxEvent="FALSE">
      <token_anchor t_id="83"/>
    </ACTION_OCCURRENCE>
    <ACTION_OCCURRENCE m_id="9" comment="" climaxEvent="FALSE">
      <token_anchor t_id="90"/>
    </ACTION_OCCURRENCE>
    <ACTION_OCCURRENCE m_id="10" comment="" climaxEvent="FALSE">
      <token_anchor t_id="110"/>
    </ACTION_OCCURRENCE>
    <ACTION_OCCURRENCE m_id="11" comment="" climaxEvent="FALSE">
      <token_anchor t_id="115"/>
    </ACTION_OCCURRENCE>
    <ACTION_OCCURRENCE m_id="12" comment="" climaxEvent="FALSE">
      <token_anchor t_id="126"/>
    </ACTION_OCCURRENCE>
    <ACTION_OCCURRENCE m_id="13" comment="" climaxEvent="FALSE">
      <token_anchor t_id="128"/>
    </ACTION_OCCURRENCE>
    <ACTION_OCCURRENCE m_id="14" comment="" climaxEvent="FALSE">
      <token_anchor t_id="130"/>
    </ACTION_OCCURRENCE>
    <ACTION_OCCURRENCE m_id="15" comment="" climaxEvent="FALSE">
      <token_anchor t_id="136"/>
    </ACTION_OCCURRENCE>
    <ACTION_OCCURRENCE m_id="16" comment="" climaxEvent="FALSE">
      <token_anchor t_id="141"/>
    </ACTION_OCCURRENCE>
    <HUMAN_PART_PER m_id="17" comment="">
      <token_anchor t_id="123"/>
    </HUMAN_PART_PER>
    <HUMAN_PART_PER m_id="18" comment="">
      <token_anchor t_id="103"/>
    </HUMAN_PART_PER>
    <HUMAN_PART_PER m_id="19" comment="">
      <token_anchor t_id="135"/>
    </HUMAN_PART_PER>
    <HUMAN_PART_PER m_id="20" comment="">
      <token_anchor t_id="24"/>
      <token_anchor t_id="25"/>
    </HUMAN_PART_PER>
    <HUMAN_PART_PER m_id="21" comment="">
      <token_anchor t_id="137"/>
    </HUMAN_PART_PER>
    <HUMAN_PART_PER m_id="22" comment="">
      <token_anchor t_id="38"/>
      <token_anchor t_id="39"/>
    </HUMAN_PART_PER>
    <HUMAN_PART_PER m_id="23" comment="">
      <token_anchor t_id="41"/>
      <token_anchor t_id="42"/>
    </HUMAN_PART_PER>
    <HUMAN_PART_PER m_id="24" comment="">
      <token_anchor t_id="68"/>
    </HUMAN_PART_PER>
    <HUMAN_PART_PER m_id="25" comment="">
      <token_anchor t_id="78"/>
    </HUMAN_PART_PER>
    <HUMAN_PART_PER m_id="26" comment="">
      <token_anchor t_id="111"/>
    </HUMAN_PART_PER>
    <HUMAN_PART_PER m_id="27" comment="">
      <token_anchor t_id="109"/>
    </HUMAN_PART_PER>
    <HUMAN_PART_PER m_id="28" comment="">
      <token_anchor t_id="119"/>
      <token_anchor t_id="120"/>
    </HUMAN_PART_PER>
    <LOC_FAC m_id="29">
      <token_anchor t_id="92"/>
      <token_anchor t_id="93"/>
      <token_anchor t_id="94"/>
    </LOC_FAC>
    <NEG_ACTION_OCCURRENCE m_id="30" comment="" climaxEvent="FALSE">
      <token_anchor t_id="105"/>
    </NEG_ACTION_OCCURRENCE>
    <NON_HUMAN_PART m_id="31" comment="">
      <token_anchor t_id="29"/>
    </NON_HUMAN_PART>
    <NON_HUMAN_PART m_id="32" comment="">
      <token_anchor t_id="57"/>
    </NON_HUMAN_PART>
    <TIME_DATE m_id="33" comment="" DCT="FALSE" value="2008" anchorTimeID="">
      <token_anchor t_id="132"/>
      <token_anchor t_id="133"/>
    </TIME_DATE>
    <TIME_OF_THE_DAY m_id="34" DCT="TRUE" value="2012-07-07T17:59" anchorTimeID="">
      <token_anchor t_id="30"/>
      <token_anchor t_id="31"/>
      <token_anchor t_id="32"/>
      <token_anchor t_id="33"/>
      <token_anchor t_id="34"/>
      <token_anchor t_id="35"/>
      <token_anchor t_id="36"/>
      <token_anchor t_id="37"/>
    </TIME_OF_THE_DAY>
    <TIME_OF_THE_DAY m_id="35" DCT="FALSE" value="2012-07-07" anchorTimeID="34">
      <token_anchor t_id="58"/>
      <token_anchor t_id="59"/>
    </TIME_OF_THE_DAY>
    <TIME_DATE m_id="36" RELATED_TO="" TAG_DESCRIPTOR="t7_in_2008" value="" anchorTimeID="" DCT="FALSE" comment=""/>
    <ACTION_OCCURRENCE m_id="37" RELATED_TO="" TAG_DESCRIPTOR="t7_round_5" comment="" climaxEvent="FALSE"/>
    <ACTION_ASPECTUAL m_id="38" RELATED_TO="" TAG_DESCRIPTOR="t7_end_round_5" comment=""/>
    <ACTION_OCCURRENCE m_id="39" RELATED_TO="" TAG_DESCRIPTOR="t7_knockouts" comment="" climaxEvent="FALSE"/>
    <NON_HUMAN_PART m_id="40" RELATED_TO="" TAG_DESCRIPTOR="t7_heavyweight_belts" comment=""/>
    <ACTION_OCCURRENCE m_id="41" RELATED_TO="" TAG_DESCRIPTOR="t7_round_6" comment="" climaxEvent="FALSE"/>
    <LOC_FAC m_id="42" RELATED_TO="" TAG_DESCRIPTOR="t7_stade_de_suisse"/>
    <ACTION_OCCURRENCE m_id="43" RELATED_TO="" TAG_DESCRIPTOR="t7_retain_awards" comment="" climaxEvent="FALSE"/>
    <HUMAN_PART_PER m_id="44" RELATED_TO="" TAG_DESCRIPTOR="t7_sam_williams" comment=""/>
    <ACTION_OCCURRENCE m_id="45" RELATED_TO="" TAG_DESCRIPTOR="t7_the_match" comment="" climaxEvent="FALSE"/>
    <HUMAN_PART_PER m_id="46" RELATED_TO="" TAG_DESCRIPTOR="t7_klitschko" comment=""/>
    <ACTION_OCCURRENCE m_id="47" RELATED_TO="" TAG_DESCRIPTOR="t7_floored_in_5" comment="" climaxEvent="FALSE"/>
    <ACTION_OCCURRENCE m_id="48" RELATED_TO="" TAG_DESCRIPTOR="t7_ref_ends_fight" comment="" climaxEvent="FALSE"/>
    <NEG_ACTION_OCCURRENCE m_id="49" RELATED_TO="" TAG_DESCRIPTOR="t7_recovered" comment="" climaxEvent="FALSE"/>
    <HUMAN_PART_PER m_id="50" RELATED_TO="" TAG_DESCRIPTOR="t7_thompson" comment=""/>
    <ACTION_OCCURRENCE m_id="51" RELATED_TO="" TAG_DESCRIPTOR="t7_right_hand" comment="" climaxEvent="FALSE"/>
    <ACTION_OCCURRENCE m_id="52" RELATED_TO="" TAG_DESCRIPTOR="t7_round 11_2008" comment="" climaxEvent="FALSE"/>
    <ACTION_OCCURRENCE m_id="53" RELATED_TO="" TAG_DESCRIPTOR="t7_dropped_in_6" comment="" climaxEvent="FALSE"/>
    <ACTION_OCCURRENCE m_id="54" RELATED_TO="" TAG_DESCRIPTOR="t7_standing_count" comment="" climaxEvent="FALSE"/>
    <TIME_OF_THE_DAY m_id="55" RELATED_TO="" TAG_DESCRIPTOR="t7_saturday_night" value="" anchorTimeID="" DCT="FALSE"/>
    <ACTION_OCCURRENCE m_id="56" RELATED_TO="" TAG_DESCRIPTOR="t7_klitschko_ends _fight" comment="" climaxEvent="FALSE"/>
  </Markables>
  <Relations>
    <TLINK r_id="140984" contextualModality="" relType="AFTER" comment="">
      <source m_id="34"/>
      <target m_id="2"/>
    </TLINK>
    <TLINK r_id="140985" contextualModality="" relType="AFTER" comment="">
      <source m_id="34"/>
      <target m_id="3"/>
    </TLINK>
    <TLINK r_id="140986" contextualModality="" relType="AFTER" comment="">
      <source m_id="34"/>
      <target m_id="4"/>
    </TLINK>
    <TLINK r_id="140987" contextualModality="" relType="AFTER" comment="">
      <source m_id="34"/>
      <target m_id="5"/>
    </TLINK>
    <TLINK r_id="140988" contextualModality="" relType="AFTER" comment="">
      <source m_id="34"/>
      <target m_id="6"/>
    </TLINK>
    <TLINK r_id="140989" contextualModality="" relType="AFTER" comment="">
      <source m_id="34"/>
      <target m_id="7"/>
    </TLINK>
    <TLINK r_id="140990" contextualModality="" relType="AFTER" comment="">
      <source m_id="34"/>
      <target m_id="8"/>
    </TLINK>
    <TLINK r_id="140991" contextualModality="" relType="AFTER" comment="">
      <source m_id="34"/>
      <target m_id="9"/>
    </TLINK>
    <TLINK r_id="140992" contextualModality="" relType="AFTER" comment="">
      <source m_id="34"/>
      <target m_id="30"/>
    </TLINK>
    <TLINK r_id="140993" contextualModality="" relType="AFTER" comment="">
      <source m_id="34"/>
      <target m_id="10"/>
    </TLINK>
    <TLINK r_id="140994" contextualModality="" relType="AFTER" comment="">
      <source m_id="34"/>
      <target m_id="11"/>
    </TLINK>
    <TLINK r_id="140995" contextualModality="" relType="AFTER" comment="">
      <source m_id="34"/>
      <target m_id="12"/>
    </TLINK>
    <TLINK r_id="140996" contextualModality="" relType="AFTER" comment="">
      <source m_id="34"/>
      <target m_id="13"/>
    </TLINK>
    <TLINK r_id="140997" contextualModality="" relType="AFTER" comment="">
      <source m_id="34"/>
      <target m_id="14"/>
    </TLINK>
    <TLINK r_id="140998" contextualModality="" relType="AFTER" comment="">
      <source m_id="34"/>
      <target m_id="15"/>
    </TLINK>
    <TLINK r_id="140999" contextualModality="" relType="AFTER" comment="">
      <source m_id="34"/>
      <target m_id="16"/>
    </TLINK>
    <TLINK r_id="141001" contextualModality="" relType="CONTAINS" comment="">
      <source m_id="33"/>
      <target m_id="15"/>
    </TLINK>
    <TLINK r_id="141002" contextualModality="" relType="CONTAINS" comment="">
      <source m_id="33"/>
      <target m_id="16"/>
    </TLINK>
    <TLINK r_id="141003" contextualModality="" relType="CONTAINS" comment="">
      <source m_id="35"/>
      <target m_id="2"/>
    </TLINK>
    <TLINK r_id="141004" contextualModality="" relType="CONTAINS" comment="">
      <source m_id="35"/>
      <target m_id="3"/>
    </TLINK>
    <TLINK r_id="141005" contextualModality="" relType="CONTAINS" comment="">
      <source m_id="35"/>
      <target m_id="4"/>
    </TLINK>
    <TLINK r_id="141006" contextualModality="" relType="CONTAINS" comment="">
      <source m_id="35"/>
      <target m_id="5"/>
    </TLINK>
    <TLINK r_id="141007" contextualModality="" relType="CONTAINS" comment="">
      <source m_id="35"/>
      <target m_id="6"/>
    </TLINK>
    <TLINK r_id="141008" contextualModality="" relType="CONTAINS" comment="">
      <source m_id="35"/>
      <target m_id="7"/>
    </TLINK>
    <TLINK r_id="141009" contextualModality="" relType="CONTAINS" comment="">
      <source m_id="35"/>
      <target m_id="8"/>
    </TLINK>
    <TLINK r_id="141010" contextualModality="" relType="CONTAINS" comment="">
      <source m_id="35"/>
      <target m_id="9"/>
    </TLINK>
    <TLINK r_id="141011" contextualModality="" relType="CONTAINS" comment="">
      <source m_id="35"/>
      <target m_id="30"/>
    </TLINK>
    <TLINK r_id="141012" contextualModality="" relType="CONTAINS" comment="">
      <source m_id="35"/>
      <target m_id="10"/>
    </TLINK>
    <TLINK r_id="141013" contextualModality="" relType="CONTAINS" comment="">
      <source m_id="35"/>
      <target m_id="11"/>
    </TLINK>
    <TLINK r_id="141015" contextualModality="" relType="CONTAINS" comment="">
      <source m_id="35"/>
      <target m_id="13"/>
    </TLINK>
    <TLINK r_id="141016" contextualModality="" relType="CONTAINS" comment="">
      <source m_id="35"/>
      <target m_id="14"/>
    </TLINK>
    <PLOT_LINK r_id="141017" SIGNAL="" relType="PRECONDITION" CAUSES="FALSE" CAUSED_BY="FALSE">
      <source m_id="3"/>
      <target m_id="5"/>
    </PLOT_LINK>
    <PLOT_LINK r_id="141018" SIGNAL="" relType="FALLING_ACTION" CAUSES="FALSE" CAUSED_BY="FALSE">
      <source m_id="2"/>
      <target m_id="3"/>
    </PLOT_LINK>
    <PLOT_LINK r_id="141019" SIGNAL="" relType="FALLING_ACTION" CAUSES="FALSE" CAUSED_BY="FALSE">
      <source m_id="7"/>
      <target m_id="8"/>
    </PLOT_LINK>
    <PLOT_LINK r_id="141020" SIGNAL="" relType="PRECONDITION" CAUSES="FALSE" CAUSED_BY="FALSE">
      <source m_id="7"/>
      <target m_id="30"/>
    </PLOT_LINK>
    <PLOT_LINK r_id="141021" SIGNAL="" relType="PRECONDITION" CAUSES="FALSE" CAUSED_BY="FALSE">
      <source m_id="10"/>
      <target m_id="12"/>
    </PLOT_LINK>
    <PLOT_LINK r_id="141022" SIGNAL="" relType="PRECONDITION" CAUSES="FALSE" CAUSED_BY="FALSE">
      <source m_id="12"/>
      <target m_id="13"/>
    </PLOT_LINK>
    <PLOT_LINK r_id="141023" SIGNAL="" relType="FALLING_ACTION" CAUSES="FALSE" CAUSED_BY="FALSE">
      <source m_id="10"/>
      <target m_id="14"/>
    </PLOT_LINK>
    <PLOT_LINK r_id="141024" SIGNAL="" relType="FALLING_ACTION" CAUSES="FALSE" CAUSED_BY="FALSE">
      <source m_id="3"/>
      <target m_id="14"/>
    </PLOT_LINK>
    <PLOT_LINK r_id="141025" SIGNAL="" relType="FALLING_ACTION" CAUSES="FALSE" CAUSED_BY="FALSE">
      <source m_id="7"/>
      <target m_id="14"/>
    </PLOT_LINK>
  </Relations>
</Document>
