<?xml version='1.0' encoding='UTF-8'?>
<Document doc_name="24_1ecbplus.xml">
  <token t_id="1" sentence="0" number="0">http</token>
  <token t_id="2" sentence="0" number="1">:</token>
  <token t_id="3" sentence="0" number="2">/</token>
  <token t_id="4" sentence="0" number="3">/</token>
  <token t_id="5" sentence="0" number="4">news</token>
  <token t_id="6" sentence="0" number="5">.</token>
  <token t_id="7" sentence="0" number="6">yahoo</token>
  <token t_id="8" sentence="0" number="7">.</token>
  <token t_id="9" sentence="0" number="8">com</token>
  <token t_id="10" sentence="0" number="9">/</token>
  <token t_id="11" sentence="0" number="10">paris</token>
  <token t_id="12" sentence="0" number="11">-</token>
  <token t_id="13" sentence="0" number="12">hit</token>
  <token t_id="14" sentence="0" number="13">-</token>
  <token t_id="15" sentence="0" number="14">2</token>
  <token t_id="16" sentence="0" number="15">-</token>
  <token t_id="17" sentence="0" number="16">mn</token>
  <token t_id="18" sentence="0" number="17">-</token>
  <token t_id="19" sentence="0" number="18">euro</token>
  <token t_id="20" sentence="0" number="19">-</token>
  <token t_id="21" sentence="0" number="20">jewellery</token>
  <token t_id="22" sentence="0" number="21">-</token>
  <token t_id="23" sentence="0" number="22">heist</token>
  <token t_id="24" sentence="0" number="23">-</token>
  <token t_id="25" sentence="0" number="24">101940327</token>
  <token t_id="26" sentence="0" number="25">.</token>
  <token t_id="27" sentence="0" number="26">html</token>
  <token t_id="28" sentence="1" number="0">Paris</token>
  <token t_id="29" sentence="1" number="1">hit</token>
  <token t_id="30" sentence="1" number="2">by</token>
  <token t_id="31" sentence="1" number="3">2</token>
  <token t_id="32" sentence="1" number="4">mn</token>
  <token t_id="33" sentence="1" number="5">-</token>
  <token t_id="34" sentence="1" number="6">euro</token>
  <token t_id="35" sentence="1" number="7">jewelry</token>
  <token t_id="36" sentence="1" number="8">heist</token>
  <token t_id="37" sentence="2" number="0">Four</token>
  <token t_id="38" sentence="2" number="1">men</token>
  <token t_id="39" sentence="2" number="2">rammed</token>
  <token t_id="40" sentence="2" number="3">their</token>
  <token t_id="41" sentence="2" number="4">car</token>
  <token t_id="42" sentence="2" number="5">into</token>
  <token t_id="43" sentence="2" number="6">an</token>
  <token t_id="44" sentence="2" number="7">upmarket</token>
  <token t_id="45" sentence="2" number="8">jewelry</token>
  <token t_id="46" sentence="2" number="9">store</token>
  <token t_id="47" sentence="2" number="10">in</token>
  <token t_id="48" sentence="2" number="11">central</token>
  <token t_id="49" sentence="2" number="12">Paris</token>
  <token t_id="50" sentence="2" number="13">on</token>
  <token t_id="51" sentence="2" number="14">Monday</token>
  <token t_id="52" sentence="2" number="15">,</token>
  <token t_id="53" sentence="2" number="16">smashing</token>
  <token t_id="54" sentence="2" number="17">the</token>
  <token t_id="55" sentence="2" number="18">shop</token>
  <token t_id="56" sentence="2" number="19">window</token>
  <token t_id="57" sentence="2" number="20">and</token>
  <token t_id="58" sentence="2" number="21">making</token>
  <token t_id="59" sentence="2" number="22">off</token>
  <token t_id="60" sentence="2" number="23">with</token>
  <token t_id="61" sentence="2" number="24">a</token>
  <token t_id="62" sentence="2" number="25">two</token>
  <token t_id="63" sentence="2" number="26">-</token>
  <token t_id="64" sentence="2" number="27">million</token>
  <token t_id="65" sentence="2" number="28">-</token>
  <token t_id="66" sentence="2" number="29">euro</token>
  <token t_id="67" sentence="2" number="30">(</token>
  <token t_id="68" sentence="2" number="31">$2</token>
  <token t_id="69" sentence="2" number="32">.</token>
  <token t_id="70" sentence="2" number="33">6</token>
  <token t_id="71" sentence="2" number="34">-</token>
  <token t_id="72" sentence="2" number="35">million</token>
  <token t_id="73" sentence="2" number="36">)</token>
  <token t_id="74" sentence="2" number="37">booty</token>
  <token t_id="75" sentence="2" number="38">,</token>
  <token t_id="76" sentence="2" number="39">a</token>
  <token t_id="77" sentence="2" number="40">police</token>
  <token t_id="78" sentence="2" number="41">source</token>
  <token t_id="79" sentence="2" number="42">said</token>
  <token t_id="80" sentence="2" number="43">.</token>
  <token t_id="81" sentence="3" number="0">The</token>
  <token t_id="82" sentence="3" number="1">heist</token>
  <token t_id="83" sentence="3" number="2">near</token>
  <token t_id="84" sentence="3" number="3">the</token>
  <token t_id="85" sentence="3" number="4">upscale</token>
  <token t_id="86" sentence="3" number="5">Place</token>
  <token t_id="87" sentence="3" number="6">Vendome</token>
  <token t_id="88" sentence="3" number="7">is</token>
  <token t_id="89" sentence="3" number="8">the</token>
  <token t_id="90" sentence="3" number="9">latest</token>
  <token t_id="91" sentence="3" number="10">to</token>
  <token t_id="92" sentence="3" number="11">hit</token>
  <token t_id="93" sentence="3" number="12">France</token>
  <token t_id="94" sentence="3" number="13">after</token>
  <token t_id="95" sentence="3" number="14">a</token>
  <token t_id="96" sentence="3" number="15">spate</token>
  <token t_id="97" sentence="3" number="16">of</token>
  <token t_id="98" sentence="3" number="17">high</token>
  <token t_id="99" sentence="3" number="18">-</token>
  <token t_id="100" sentence="3" number="19">profile</token>
  <token t_id="101" sentence="3" number="20">robberies</token>
  <token t_id="102" sentence="3" number="21">in</token>
  <token t_id="103" sentence="3" number="22">the</token>
  <token t_id="104" sentence="3" number="23">southern</token>
  <token t_id="105" sentence="3" number="24">resort</token>
  <token t_id="106" sentence="3" number="25">of</token>
  <token t_id="107" sentence="3" number="26">Cannes</token>
  <token t_id="108" sentence="3" number="27">.</token>
  <token t_id="109" sentence="4" number="0">The</token>
  <token t_id="110" sentence="4" number="1">police</token>
  <token t_id="111" sentence="4" number="2">source</token>
  <token t_id="112" sentence="4" number="3">,</token>
  <token t_id="113" sentence="4" number="4">who</token>
  <token t_id="114" sentence="4" number="5">wished</token>
  <token t_id="115" sentence="4" number="6">to</token>
  <token t_id="116" sentence="4" number="7">remain</token>
  <token t_id="117" sentence="4" number="8">anonymous</token>
  <token t_id="118" sentence="4" number="9">,</token>
  <token t_id="119" sentence="4" number="10">said</token>
  <token t_id="120" sentence="4" number="11">the</token>
  <token t_id="121" sentence="4" number="12">men</token>
  <token t_id="122" sentence="4" number="13">drove</token>
  <token t_id="123" sentence="4" number="14">a</token>
  <token t_id="124" sentence="4" number="15">large</token>
  <token t_id="125" sentence="4" number="16">four</token>
  <token t_id="126" sentence="4" number="17">-</token>
  <token t_id="127" sentence="4" number="18">by</token>
  <token t_id="128" sentence="4" number="19">-</token>
  <token t_id="129" sentence="4" number="20">four</token>
  <token t_id="130" sentence="4" number="21">car</token>
  <token t_id="131" sentence="4" number="22">into</token>
  <token t_id="132" sentence="4" number="23">the</token>
  <token t_id="133" sentence="4" number="24">store</token>
  <token t_id="134" sentence="4" number="25">in</token>
  <token t_id="135" sentence="4" number="26">the</token>
  <token t_id="136" sentence="4" number="27">early</token>
  <token t_id="137" sentence="4" number="28">hours</token>
  <token t_id="138" sentence="4" number="29">of</token>
  <token t_id="139" sentence="4" number="30">the</token>
  <token t_id="140" sentence="4" number="31">morning</token>
  <token t_id="141" sentence="4" number="32">and</token>
  <token t_id="142" sentence="4" number="33">grabbed</token>
  <token t_id="143" sentence="4" number="34">jewelry</token>
  <token t_id="144" sentence="4" number="35">and</token>
  <token t_id="145" sentence="4" number="36">luxury</token>
  <token t_id="146" sentence="4" number="37">watches</token>
  <token t_id="147" sentence="4" number="38">worth</token>
  <token t_id="148" sentence="4" number="39">an</token>
  <token t_id="149" sentence="4" number="40">estimated</token>
  <token t_id="150" sentence="4" number="41">two</token>
  <token t_id="151" sentence="4" number="42">million</token>
  <token t_id="152" sentence="4" number="43">euros</token>
  <token t_id="153" sentence="4" number="44">.</token>
  <token t_id="154" sentence="5" number="0">They</token>
  <token t_id="155" sentence="5" number="1">then</token>
  <token t_id="156" sentence="5" number="2">set</token>
  <token t_id="157" sentence="5" number="3">fire</token>
  <token t_id="158" sentence="5" number="4">to</token>
  <token t_id="159" sentence="5" number="5">the</token>
  <token t_id="160" sentence="5" number="6">vehicle</token>
  <token t_id="161" sentence="5" number="7">and</token>
  <token t_id="162" sentence="5" number="8">escaped</token>
  <token t_id="163" sentence="5" number="9">in</token>
  <token t_id="164" sentence="5" number="10">another</token>
  <token t_id="165" sentence="5" number="11">car</token>
  <token t_id="166" sentence="5" number="12">.</token>
  <token t_id="167" sentence="6" number="0">Forensic</token>
  <token t_id="168" sentence="6" number="1">policemen</token>
  <token t_id="169" sentence="6" number="2">are</token>
  <token t_id="170" sentence="6" number="3">currently</token>
  <token t_id="171" sentence="6" number="4">going</token>
  <token t_id="172" sentence="6" number="5">through</token>
  <token t_id="173" sentence="6" number="6">the</token>
  <token t_id="174" sentence="6" number="7">site</token>
  <token t_id="175" sentence="6" number="8">of</token>
  <token t_id="176" sentence="6" number="9">the</token>
  <token t_id="177" sentence="6" number="10">robbery</token>
  <token t_id="178" sentence="6" number="11">at</token>
  <token t_id="179" sentence="6" number="12">the</token>
  <token t_id="180" sentence="6" number="13">Casty</token>
  <token t_id="181" sentence="6" number="14">store</token>
  <token t_id="182" sentence="6" number="15">on</token>
  <token t_id="183" sentence="6" number="16">Rue</token>
  <token t_id="184" sentence="6" number="17">de</token>
  <token t_id="185" sentence="6" number="18">Castiglione</token>
  <token t_id="186" sentence="6" number="19">in</token>
  <token t_id="187" sentence="6" number="20">the</token>
  <token t_id="188" sentence="6" number="21">central</token>
  <token t_id="189" sentence="6" number="22">first</token>
  <token t_id="190" sentence="6" number="23">district</token>
  <token t_id="191" sentence="6" number="24">of</token>
  <token t_id="192" sentence="6" number="25">Paris</token>
  <token t_id="193" sentence="6" number="26">,</token>
  <token t_id="194" sentence="6" number="27">which</token>
  <token t_id="195" sentence="6" number="28">is</token>
  <token t_id="196" sentence="6" number="29">home</token>
  <token t_id="197" sentence="6" number="30">to</token>
  <token t_id="198" sentence="6" number="31">numerous</token>
  <token t_id="199" sentence="6" number="32">jewelry</token>
  <token t_id="200" sentence="6" number="33">shops</token>
  <token t_id="201" sentence="6" number="34">.</token>
  <token t_id="202" sentence="7" number="0">At</token>
  <token t_id="203" sentence="7" number="1">the</token>
  <token t_id="204" sentence="7" number="2">end</token>
  <token t_id="205" sentence="7" number="3">of</token>
  <token t_id="206" sentence="7" number="4">July</token>
  <token t_id="207" sentence="7" number="5">,</token>
  <token t_id="208" sentence="7" number="6">an</token>
  <token t_id="209" sentence="7" number="7">armed</token>
  <token t_id="210" sentence="7" number="8">man</token>
  <token t_id="211" sentence="7" number="9">carried</token>
  <token t_id="212" sentence="7" number="10">out</token>
  <token t_id="213" sentence="7" number="11">a</token>
  <token t_id="214" sentence="7" number="12">brazen</token>
  <token t_id="215" sentence="7" number="13">robbery</token>
  <token t_id="216" sentence="7" number="14">in</token>
  <token t_id="217" sentence="7" number="15">broad</token>
  <token t_id="218" sentence="7" number="16">daylight</token>
  <token t_id="219" sentence="7" number="17">at</token>
  <token t_id="220" sentence="7" number="18">a</token>
  <token t_id="221" sentence="7" number="19">diamond</token>
  <token t_id="222" sentence="7" number="20">exhibition</token>
  <token t_id="223" sentence="7" number="21">at</token>
  <token t_id="224" sentence="7" number="22">the</token>
  <token t_id="225" sentence="7" number="23">Carlton</token>
  <token t_id="226" sentence="7" number="24">hotel</token>
  <token t_id="227" sentence="7" number="25">in</token>
  <token t_id="228" sentence="7" number="26">Cannes</token>
  <token t_id="229" sentence="7" number="27">,</token>
  <token t_id="230" sentence="7" number="28">making</token>
  <token t_id="231" sentence="7" number="29">off</token>
  <token t_id="232" sentence="7" number="30">with</token>
  <token t_id="233" sentence="7" number="31">jewelry</token>
  <token t_id="234" sentence="7" number="32">worth</token>
  <token t_id="235" sentence="7" number="33">103</token>
  <token t_id="236" sentence="7" number="34">million</token>
  <token t_id="237" sentence="7" number="35">euros</token>
  <token t_id="238" sentence="7" number="36">in</token>
  <token t_id="239" sentence="7" number="37">one</token>
  <token t_id="240" sentence="7" number="38">of</token>
  <token t_id="241" sentence="7" number="39">the</token>
  <token t_id="242" sentence="7" number="40">world's</token>
  <token t_id="243" sentence="7" number="41">biggest</token>
  <token t_id="244" sentence="7" number="42">ever</token>
  <token t_id="245" sentence="7" number="43">heists</token>
  <token t_id="246" sentence="7" number="44">.</token>
  <token t_id="247" sentence="8" number="0">Paris</token>
  <token t_id="248" sentence="8" number="1">has</token>
  <token t_id="249" sentence="8" number="2">also</token>
  <token t_id="250" sentence="8" number="3">been</token>
  <token t_id="251" sentence="8" number="4">the</token>
  <token t_id="252" sentence="8" number="5">scene</token>
  <token t_id="253" sentence="8" number="6">of</token>
  <token t_id="254" sentence="8" number="7">high</token>
  <token t_id="255" sentence="8" number="8">-</token>
  <token t_id="256" sentence="8" number="9">profile</token>
  <token t_id="257" sentence="8" number="10">robberies</token>
  <token t_id="258" sentence="8" number="11">.</token>
  <token t_id="259" sentence="9" number="0">In</token>
  <token t_id="260" sentence="9" number="1">December</token>
  <token t_id="261" sentence="9" number="2">2008</token>
  <token t_id="262" sentence="9" number="3">,</token>
  <token t_id="263" sentence="9" number="4">three</token>
  <token t_id="264" sentence="9" number="5">men</token>
  <token t_id="265" sentence="9" number="6">emptied</token>
  <token t_id="266" sentence="9" number="7">almost</token>
  <token t_id="267" sentence="9" number="8">all</token>
  <token t_id="268" sentence="9" number="9">of</token>
  <token t_id="269" sentence="9" number="10">the</token>
  <token t_id="270" sentence="9" number="11">stock</token>
  <token t_id="271" sentence="9" number="12">of</token>
  <token t_id="272" sentence="9" number="13">gems</token>
  <token t_id="273" sentence="9" number="14">from</token>
  <token t_id="274" sentence="9" number="15">the</token>
  <token t_id="275" sentence="9" number="16">Harry</token>
  <token t_id="276" sentence="9" number="17">Winston</token>
  <token t_id="277" sentence="9" number="18">jewelry</token>
  <token t_id="278" sentence="9" number="19">store</token>
  <token t_id="279" sentence="9" number="20">.</token>
  <token t_id="280" sentence="10" number="0">In</token>
  <token t_id="281" sentence="10" number="1">2009</token>
  <token t_id="282" sentence="10" number="2">,</token>
  <token t_id="283" sentence="10" number="3">police</token>
  <token t_id="284" sentence="10" number="4">said</token>
  <token t_id="285" sentence="10" number="5">they</token>
  <token t_id="286" sentence="10" number="6">had</token>
  <token t_id="287" sentence="10" number="7">recovered</token>
  <token t_id="288" sentence="10" number="8">80</token>
  <token t_id="289" sentence="10" number="9">percent</token>
  <token t_id="290" sentence="10" number="10">of</token>
  <token t_id="291" sentence="10" number="11">the</token>
  <token t_id="292" sentence="10" number="12">haul</token>
  <token t_id="293" sentence="10" number="13">.</token>
  <Markables>
    <ACTION_ASPECTUAL m_id="1" comment="">
      <token_anchor t_id="116"/>
    </ACTION_ASPECTUAL>
    <ACTION_OCCURRENCE m_id="2" comment="" climaxEvent="FALSE">
      <token_anchor t_id="101"/>
    </ACTION_OCCURRENCE>
    <ACTION_OCCURRENCE m_id="3" comment="" climaxEvent="FALSE">
      <token_anchor t_id="114"/>
    </ACTION_OCCURRENCE>
    <ACTION_OCCURRENCE m_id="4" comment="" climaxEvent="FALSE">
      <token_anchor t_id="122"/>
    </ACTION_OCCURRENCE>
    <ACTION_OCCURRENCE m_id="5" comment="" climaxEvent="FALSE">
      <token_anchor t_id="142"/>
    </ACTION_OCCURRENCE>
    <ACTION_OCCURRENCE m_id="6" comment="" climaxEvent="FALSE">
      <token_anchor t_id="29"/>
    </ACTION_OCCURRENCE>
    <ACTION_OCCURRENCE m_id="7" comment="" climaxEvent="FALSE">
      <token_anchor t_id="36"/>
    </ACTION_OCCURRENCE>
    <ACTION_OCCURRENCE m_id="8" comment="" climaxEvent="FALSE">
      <token_anchor t_id="39"/>
    </ACTION_OCCURRENCE>
    <ACTION_OCCURRENCE m_id="9" comment="" climaxEvent="FALSE">
      <token_anchor t_id="53"/>
    </ACTION_OCCURRENCE>
    <ACTION_OCCURRENCE m_id="10" comment="" climaxEvent="FALSE">
      <token_anchor t_id="58"/>
      <token_anchor t_id="59"/>
    </ACTION_OCCURRENCE>
    <ACTION_OCCURRENCE m_id="11" comment="" climaxEvent="FALSE">
      <token_anchor t_id="82"/>
    </ACTION_OCCURRENCE>
    <ACTION_OCCURRENCE m_id="12" comment="" climaxEvent="FALSE">
      <token_anchor t_id="92"/>
    </ACTION_OCCURRENCE>
    <ACTION_OCCURRENCE m_id="13" comment="" climaxEvent="FALSE">
      <token_anchor t_id="96"/>
    </ACTION_OCCURRENCE>
    <ACTION_REPORTING m_id="14">
      <token_anchor t_id="79"/>
    </ACTION_REPORTING>
    <ACTION_REPORTING m_id="15">
      <token_anchor t_id="119"/>
    </ACTION_REPORTING>
    <ACTION_STATE m_id="16" climaxEvent="FALSE" comment="">
      <token_anchor t_id="147"/>
    </ACTION_STATE>
    <ACTION_STATE m_id="17" climaxEvent="FALSE" comment="">
      <token_anchor t_id="117"/>
    </ACTION_STATE>
    <HUMAN_PART_GPE m_id="18">
      <token_anchor t_id="93"/>
    </HUMAN_PART_GPE>
    <HUMAN_PART_PER m_id="19" comment="">
      <token_anchor t_id="38"/>
    </HUMAN_PART_PER>
    <HUMAN_PART_PER m_id="20" comment="">
      <token_anchor t_id="78"/>
    </HUMAN_PART_PER>
    <HUMAN_PART_PER m_id="21" comment="">
      <token_anchor t_id="111"/>
    </HUMAN_PART_PER>
    <HUMAN_PART_PER m_id="22" comment="">
      <token_anchor t_id="121"/>
    </HUMAN_PART_PER>
    <LOC_FAC m_id="23">
      <token_anchor t_id="43"/>
      <token_anchor t_id="44"/>
      <token_anchor t_id="45"/>
      <token_anchor t_id="46"/>
      <token_anchor t_id="47"/>
      <token_anchor t_id="48"/>
      <token_anchor t_id="49"/>
    </LOC_FAC>
    <LOC_FAC m_id="24">
      <token_anchor t_id="132"/>
      <token_anchor t_id="133"/>
    </LOC_FAC>
    <LOC_GEO m_id="25" comment="">
      <token_anchor t_id="83"/>
      <token_anchor t_id="84"/>
      <token_anchor t_id="85"/>
      <token_anchor t_id="86"/>
      <token_anchor t_id="87"/>
    </LOC_GEO>
    <LOC_GEO m_id="26" comment="">
      <token_anchor t_id="102"/>
      <token_anchor t_id="103"/>
      <token_anchor t_id="104"/>
      <token_anchor t_id="105"/>
      <token_anchor t_id="106"/>
      <token_anchor t_id="107"/>
    </LOC_GEO>
    <LOC_GEO m_id="27" comment="">
      <token_anchor t_id="28"/>
    </LOC_GEO>
    <LOC_OTHER m_id="36">
      <token_anchor t_id="55"/>
      <token_anchor t_id="56"/>
    </LOC_OTHER>
    <NON_HUMAN_PART m_id="29" comment="">
      <token_anchor t_id="74"/>
    </NON_HUMAN_PART>
    <NON_HUMAN_PART m_id="30" comment="">
      <token_anchor t_id="143"/>
    </NON_HUMAN_PART>
    <NON_HUMAN_PART m_id="31" comment="">
      <token_anchor t_id="146"/>
    </NON_HUMAN_PART>
    <NON_HUMAN_PART m_id="32" comment="">
      <token_anchor t_id="41"/>
    </NON_HUMAN_PART>
    <NON_HUMAN_PART m_id="33" comment="">
      <token_anchor t_id="150"/>
      <token_anchor t_id="151"/>
      <token_anchor t_id="152"/>
    </NON_HUMAN_PART>
    <NON_HUMAN_PART m_id="28" comment="">
      <token_anchor t_id="35"/>
    </NON_HUMAN_PART>
    <TIME_DATE m_id="34" comment="" DCT="FALSE" value="2013-09-09" anchorTimeID="59">
      <token_anchor t_id="50"/>
      <token_anchor t_id="51"/>
    </TIME_DATE>
    <TIME_OF_THE_DAY m_id="35" DCT="FALSE" value="2013-09-09" anchorTimeID="59">
      <token_anchor t_id="134"/>
      <token_anchor t_id="135"/>
      <token_anchor t_id="136"/>
      <token_anchor t_id="137"/>
      <token_anchor t_id="138"/>
      <token_anchor t_id="139"/>
      <token_anchor t_id="140"/>
    </TIME_OF_THE_DAY>
    <LOC_GEO m_id="37" RELATED_TO="" TAG_DESCRIPTOR="t24_cannes" comment=""/>
    <ACTION_OCCURRENCE m_id="38" RELATED_TO="" TAG_DESCRIPTOR="t24_spate" comment="" climaxEvent="FALSE"/>
    <LOC_GEO m_id="39" RELATED_TO="" TAG_DESCRIPTOR="t24_central_paris" comment=""/>
    <NON_HUMAN_PART m_id="40" RELATED_TO="" TAG_DESCRIPTOR="t24_jewellery" comment=""/>
    <HUMAN_PART_GPE m_id="41" RELATED_TO="" TAG_DESCRIPTOR="t24_france"/>
    <NON_HUMAN_PART m_id="42" RELATED_TO="" TAG_DESCRIPTOR="t24_watches" comment=""/>
    <LOC_OTHER m_id="43" RELATED_TO="" TAG_DESCRIPTOR="t24_window"/>
    <HUMAN_PART_PER m_id="44" RELATED_TO="" TAG_DESCRIPTOR="t24_thieves" comment=""/>
    <ACTION_OCCURRENCE m_id="45" RELATED_TO="" TAG_DESCRIPTOR="t24_hit_france" comment="" climaxEvent="FALSE"/>
    <NON_HUMAN_PART m_id="46" RELATED_TO="" TAG_DESCRIPTOR="t24_two_million" comment=""/>
    <NON_HUMAN_PART m_id="47" RELATED_TO="" TAG_DESCRIPTOR="t24_booty" comment=""/>
    <ACTION_OCCURRENCE m_id="48" RELATED_TO="" TAG_DESCRIPTOR="t24_crashed" comment="" climaxEvent="FALSE"/>
    <TIME_DATE m_id="49" RELATED_TO="" TAG_DESCRIPTOR="t24_9_sep" value="" anchorTimeID="" DCT="FALSE" comment=""/>
    <ACTION_OCCURRENCE m_id="50" RELATED_TO="" TAG_DESCRIPTOR="t24_making_off" comment="" climaxEvent="FALSE"/>
    <ACTION_REPORTING m_id="51" RELATED_TO="" TAG_DESCRIPTOR="t24_said_police"/>
    <LOC_FAC m_id="52" RELATED_TO="" TAG_DESCRIPTOR="t24_store"/>
    <ACTION_OCCURRENCE m_id="53" RELATED_TO="" TAG_DESCRIPTOR="t24_robberies" comment="" climaxEvent="FALSE"/>
    <ACTION_OCCURRENCE m_id="54" RELATED_TO="" TAG_DESCRIPTOR="t24_stole" comment="" climaxEvent="FALSE"/>
    <NON_HUMAN_PART m_id="55" RELATED_TO="" TAG_DESCRIPTOR="t24_4x4" comment=""/>
    <ACTION_OCCURRENCE m_id="56" RELATED_TO="" TAG_DESCRIPTOR="t24_heist" comment="" climaxEvent="FALSE"/>
    <ACTION_OCCURRENCE m_id="57" RELATED_TO="" TAG_DESCRIPTOR="t24_smash_window" comment="" climaxEvent="FALSE"/>
    <HUMAN_PART_PER m_id="58" RELATED_TO="" TAG_DESCRIPTOR="t24_police_source_said" comment=""/>
    <TIME_DATE m_id="59" RELATED_TO="" TAG_DESCRIPTOR="t_2013-09-09" comment="" DCT="TRUE" value="2013-09-09" anchorTimeID=""/>
  </Markables>
  <Relations>
    <TLINK r_id="124281" contextualModality="" relType="AFTER" comment="">
      <source m_id="59"/>
      <target m_id="6"/>
    </TLINK>
    <TLINK r_id="124282" contextualModality="" relType="CONTAINS" comment="">
      <source m_id="59"/>
      <target m_id="7"/>
    </TLINK>
    <TLINK r_id="124283" contextualModality="" relType="AFTER" comment="">
      <source m_id="59"/>
      <target m_id="8"/>
    </TLINK>
    <TLINK r_id="124284" contextualModality="" relType="AFTER" comment="">
      <source m_id="59"/>
      <target m_id="9"/>
    </TLINK>
    <TLINK r_id="124285" contextualModality="" relType="AFTER" comment="">
      <source m_id="59"/>
      <target m_id="10"/>
    </TLINK>
    <TLINK r_id="124286" contextualModality="" relType="AFTER" comment="">
      <source m_id="59"/>
      <target m_id="11"/>
    </TLINK>
    <TLINK r_id="124287" contextualModality="" relType="AFTER" comment="">
      <source m_id="59"/>
      <target m_id="12"/>
    </TLINK>
    <TLINK r_id="124288" contextualModality="" relType="AFTER" comment="">
      <source m_id="59"/>
      <target m_id="13"/>
    </TLINK>
    <TLINK r_id="124289" contextualModality="" relType="AFTER" comment="">
      <source m_id="59"/>
      <target m_id="2"/>
    </TLINK>
    <TLINK r_id="124290" contextualModality="" relType="AFTER" comment="">
      <source m_id="59"/>
      <target m_id="1"/>
    </TLINK>
    <TLINK r_id="124291" contextualModality="" relType="AFTER" comment="">
      <source m_id="59"/>
      <target m_id="4"/>
    </TLINK>
    <TLINK r_id="124292" contextualModality="" relType="AFTER" comment="">
      <source m_id="59"/>
      <target m_id="5"/>
    </TLINK>
    <TLINK r_id="124293" contextualModality="" relType="CONTAINS" comment="">
      <source m_id="34"/>
      <target m_id="6"/>
    </TLINK>
    <TLINK r_id="124294" contextualModality="" relType="CONTAINS" comment="">
      <source m_id="34"/>
      <target m_id="7"/>
    </TLINK>
    <TLINK r_id="124295" contextualModality="" relType="CONTAINS" comment="">
      <source m_id="34"/>
      <target m_id="8"/>
    </TLINK>
    <TLINK r_id="124296" contextualModality="" relType="CONTAINS" comment="">
      <source m_id="34"/>
      <target m_id="9"/>
    </TLINK>
    <TLINK r_id="124297" contextualModality="" relType="CONTAINS" comment="">
      <source m_id="34"/>
      <target m_id="10"/>
    </TLINK>
    <TLINK r_id="124298" contextualModality="" relType="CONTAINS" comment="">
      <source m_id="34"/>
      <target m_id="12"/>
    </TLINK>
    <TLINK r_id="124299" contextualModality="" relType="CONTAINS" comment="">
      <source m_id="34"/>
      <target m_id="11"/>
    </TLINK>
    <TLINK r_id="124300" contextualModality="" relType="CONTAINS" comment="">
      <source m_id="34"/>
      <target m_id="13"/>
    </TLINK>
    <TLINK r_id="124301" contextualModality="" relType="CONTAINS" comment="">
      <source m_id="34"/>
      <target m_id="2"/>
    </TLINK>
    <TLINK r_id="124302" contextualModality="" relType="CONTAINS" comment="">
      <source m_id="34"/>
      <target m_id="1"/>
    </TLINK>
    <TLINK r_id="124303" contextualModality="" relType="CONTAINS" comment="">
      <source m_id="34"/>
      <target m_id="4"/>
    </TLINK>
    <TLINK r_id="124304" contextualModality="" relType="CONTAINS" comment="">
      <source m_id="34"/>
      <target m_id="5"/>
    </TLINK>
    <TLINK r_id="124305" contextualModality="" relType="OVERLAP" comment="">
      <source m_id="34"/>
      <target m_id="16"/>
    </TLINK>
    <PLOT_LINK r_id="124307" SIGNAL="" relType="PRECONDITION" CAUSES="FALSE" CAUSED_BY="FALSE">
      <source m_id="8"/>
      <target m_id="9"/>
    </PLOT_LINK>
    <PLOT_LINK r_id="124308" SIGNAL="" relType="PRECONDITION" CAUSES="FALSE" CAUSED_BY="FALSE">
      <source m_id="9"/>
      <target m_id="10"/>
    </PLOT_LINK>
    <PLOT_LINK r_id="124309" SIGNAL="" relType="PRECONDITION" CAUSES="FALSE" CAUSED_BY="FALSE">
      <source m_id="4"/>
      <target m_id="5"/>
    </PLOT_LINK>
    <PLOT_LINK r_id="124310" SIGNAL="" relType="FALLING_ACTION" CAUSES="FALSE" CAUSED_BY="FALSE">
      <source m_id="7"/>
      <target m_id="10"/>
    </PLOT_LINK>
    <PLOT_LINK r_id="124311" SIGNAL="" relType="FALLING_ACTION" CAUSES="FALSE" CAUSED_BY="FALSE">
      <source m_id="7"/>
      <target m_id="9"/>
    </PLOT_LINK>
    <PLOT_LINK r_id="124312" SIGNAL="" relType="FALLING_ACTION" CAUSES="FALSE" CAUSED_BY="FALSE">
      <source m_id="7"/>
      <target m_id="8"/>
    </PLOT_LINK>
    <PLOT_LINK r_id="124313" SIGNAL="" relType="FALLING_ACTION" CAUSES="FALSE" CAUSED_BY="FALSE">
      <source m_id="11"/>
      <target m_id="4"/>
    </PLOT_LINK>
    <PLOT_LINK r_id="124314" SIGNAL="" relType="FALLING_ACTION" CAUSES="FALSE" CAUSED_BY="FALSE">
      <source m_id="11"/>
      <target m_id="5"/>
    </PLOT_LINK>
  </Relations>
</Document>
