<?xml version='1.0' encoding='UTF-8'?>
<Document doc_name="24_3ecbplus.xml">
  <token t_id="1" sentence="0" number="0">http</token>
  <token t_id="2" sentence="0" number="1">:</token>
  <token t_id="3" sentence="0" number="2">/</token>
  <token t_id="4" sentence="0" number="3">/</token>
  <token t_id="5" sentence="0" number="4">worldnews</token>
  <token t_id="6" sentence="0" number="5">.</token>
  <token t_id="7" sentence="0" number="6">nbcnews</token>
  <token t_id="8" sentence="0" number="7">.</token>
  <token t_id="9" sentence="0" number="8">com</token>
  <token t_id="10" sentence="0" number="9">/</token>
  <token t_id="11" sentence="0" number="10">_</token>
  <token t_id="12" sentence="0" number="11">news</token>
  <token t_id="13" sentence="0" number="12">/</token>
  <token t_id="14" sentence="0" number="13">2013</token>
  <token t_id="15" sentence="0" number="14">/</token>
  <token t_id="16" sentence="0" number="15">09</token>
  <token t_id="17" sentence="0" number="16">/</token>
  <token t_id="18" sentence="0" number="17">09</token>
  <token t_id="19" sentence="0" number="18">/</token>
  <token t_id="20" sentence="0" number="19">20401724</token>
  <token t_id="21" sentence="0" number="20">-</token>
  <token t_id="22" sentence="0" number="21">thieves</token>
  <token t_id="23" sentence="0" number="22">-</token>
  <token t_id="24" sentence="0" number="23">in</token>
  <token t_id="25" sentence="0" number="24">-</token>
  <token t_id="26" sentence="0" number="25">26</token>
  <token t_id="27" sentence="0" number="26">-</token>
  <token t_id="28" sentence="0" number="27">million</token>
  <token t_id="29" sentence="0" number="28">-</token>
  <token t_id="30" sentence="0" number="29">smash</token>
  <token t_id="31" sentence="0" number="30">-</token>
  <token t_id="32" sentence="0" number="31">and</token>
  <token t_id="33" sentence="0" number="32">-</token>
  <token t_id="34" sentence="0" number="33">grab</token>
  <token t_id="35" sentence="0" number="34">-</token>
  <token t_id="36" sentence="0" number="35">raid</token>
  <token t_id="37" sentence="0" number="36">-</token>
  <token t_id="38" sentence="0" number="37">on</token>
  <token t_id="39" sentence="0" number="38">-</token>
  <token t_id="40" sentence="0" number="39">paris</token>
  <token t_id="41" sentence="0" number="40">-</token>
  <token t_id="42" sentence="0" number="41">jewelry</token>
  <token t_id="43" sentence="0" number="42">-</token>
  <token t_id="44" sentence="0" number="43">store</token>
  <token t_id="45" sentence="0" number="44">?</token>
  <token t_id="46" sentence="0" number="45">lite</token>
  <token t_id="47" sentence="1" number="0">Thieves</token>
  <token t_id="48" sentence="1" number="1">in</token>
  <token t_id="49" sentence="1" number="2">$2</token>
  <token t_id="50" sentence="1" number="3">.</token>
  <token t_id="51" sentence="1" number="4">6</token>
  <token t_id="52" sentence="1" number="5">million</token>
  <token t_id="53" sentence="1" number="6">smash</token>
  <token t_id="54" sentence="1" number="7">-</token>
  <token t_id="55" sentence="1" number="8">and</token>
  <token t_id="56" sentence="1" number="9">-</token>
  <token t_id="57" sentence="1" number="10">grab</token>
  <token t_id="58" sentence="1" number="11">raid</token>
  <token t_id="59" sentence="1" number="12">on</token>
  <token t_id="60" sentence="1" number="13">Paris</token>
  <token t_id="61" sentence="1" number="14">jewelry</token>
  <token t_id="62" sentence="1" number="15">store</token>
  <token t_id="63" sentence="2" number="0">A</token>
  <token t_id="64" sentence="2" number="1">smash</token>
  <token t_id="65" sentence="2" number="2">-</token>
  <token t_id="66" sentence="2" number="3">and</token>
  <token t_id="67" sentence="2" number="4">-</token>
  <token t_id="68" sentence="2" number="5">grab</token>
  <token t_id="69" sentence="2" number="6">on</token>
  <token t_id="70" sentence="2" number="7">a</token>
  <token t_id="71" sentence="2" number="8">high</token>
  <token t_id="72" sentence="2" number="9">end</token>
  <token t_id="73" sentence="2" number="10">Paris</token>
  <token t_id="74" sentence="2" number="11">store</token>
  <token t_id="75" sentence="2" number="12">saw</token>
  <token t_id="76" sentence="2" number="13">four</token>
  <token t_id="77" sentence="2" number="14">robbers</token>
  <token t_id="78" sentence="2" number="15">make</token>
  <token t_id="79" sentence="2" number="16">off</token>
  <token t_id="80" sentence="2" number="17">with</token>
  <token t_id="81" sentence="2" number="18">jewelry</token>
  <token t_id="82" sentence="2" number="19">and</token>
  <token t_id="83" sentence="2" number="20">watches</token>
  <token t_id="84" sentence="2" number="21">valued</token>
  <token t_id="85" sentence="2" number="22">at</token>
  <token t_id="86" sentence="2" number="23">over</token>
  <token t_id="87" sentence="2" number="24">$2</token>
  <token t_id="88" sentence="2" number="25">.</token>
  <token t_id="89" sentence="2" number="26">6</token>
  <token t_id="90" sentence="2" number="27">million</token>
  <token t_id="91" sentence="2" number="28">early</token>
  <token t_id="92" sentence="2" number="29">Monday</token>
  <token t_id="93" sentence="2" number="30">.</token>
  <token t_id="94" sentence="3" number="0">At</token>
  <token t_id="95" sentence="3" number="1">around</token>
  <token t_id="96" sentence="3" number="2">4</token>
  <token t_id="97" sentence="3" number="3">:</token>
  <token t_id="98" sentence="3" number="4">30</token>
  <token t_id="99" sentence="3" number="5">a</token>
  <token t_id="100" sentence="3" number="6">.</token>
  <token t_id="101" sentence="3" number="7">m</token>
  <token t_id="102" sentence="3" number="8">.</token>
  <token t_id="103" sentence="3" number="9">local</token>
  <token t_id="104" sentence="3" number="10">time</token>
  <token t_id="105" sentence="3" number="11">(</token>
  <token t_id="106" sentence="3" number="12">11</token>
  <token t_id="107" sentence="3" number="13">.</token>
  <token t_id="108" sentence="3" number="14">30</token>
  <token t_id="109" sentence="3" number="15">p</token>
  <token t_id="110" sentence="3" number="16">.</token>
  <token t_id="111" sentence="3" number="17">m</token>
  <token t_id="112" sentence="3" number="18">.</token>
  <token t_id="113" sentence="3" number="19">ET</token>
  <token t_id="114" sentence="3" number="20">)</token>
  <token t_id="115" sentence="3" number="21">the</token>
  <token t_id="116" sentence="3" number="22">thieves</token>
  <token t_id="117" sentence="3" number="23">rammed</token>
  <token t_id="118" sentence="3" number="24">an</token>
  <token t_id="119" sentence="3" number="25">SUV</token>
  <token t_id="120" sentence="3" number="26">into</token>
  <token t_id="121" sentence="3" number="27">the</token>
  <token t_id="122" sentence="3" number="28">front</token>
  <token t_id="123" sentence="3" number="29">of</token>
  <token t_id="124" sentence="3" number="30">the</token>
  <token t_id="125" sentence="3" number="31">Casty</token>
  <token t_id="126" sentence="3" number="32">store</token>
  <token t_id="127" sentence="3" number="33">,</token>
  <token t_id="128" sentence="3" number="34">near</token>
  <token t_id="129" sentence="3" number="35">the</token>
  <token t_id="130" sentence="3" number="36">prestigious</token>
  <token t_id="131" sentence="3" number="37">Place</token>
  <token t_id="132" sentence="3" number="38">Vendome</token>
  <token t_id="133" sentence="3" number="39">,</token>
  <token t_id="134" sentence="3" number="40">a</token>
  <token t_id="135" sentence="3" number="41">well</token>
  <token t_id="136" sentence="3" number="42">-</token>
  <token t_id="137" sentence="3" number="43">known</token>
  <token t_id="138" sentence="3" number="44">square</token>
  <token t_id="139" sentence="3" number="45">in</token>
  <token t_id="140" sentence="3" number="46">the</token>
  <token t_id="141" sentence="3" number="47">center</token>
  <token t_id="142" sentence="3" number="48">of</token>
  <token t_id="143" sentence="3" number="49">the</token>
  <token t_id="144" sentence="3" number="50">French</token>
  <token t_id="145" sentence="3" number="51">capital</token>
  <token t_id="146" sentence="3" number="52">that</token>
  <token t_id="147" sentence="3" number="53">is</token>
  <token t_id="148" sentence="3" number="54">home</token>
  <token t_id="149" sentence="3" number="55">to</token>
  <token t_id="150" sentence="3" number="56">a</token>
  <token t_id="151" sentence="3" number="57">number</token>
  <token t_id="152" sentence="3" number="58">of</token>
  <token t_id="153" sentence="3" number="59">jewelers</token>
  <token t_id="154" sentence="3" number="60">and</token>
  <token t_id="155" sentence="3" number="61">high</token>
  <token t_id="156" sentence="3" number="62">-</token>
  <token t_id="157" sentence="3" number="63">end</token>
  <token t_id="158" sentence="3" number="64">stores</token>
  <token t_id="159" sentence="3" number="65">.</token>
  <token t_id="160" sentence="4" number="0">After</token>
  <token t_id="161" sentence="4" number="1">scooping</token>
  <token t_id="162" sentence="4" number="2">up</token>
  <token t_id="163" sentence="4" number="3">jewelry</token>
  <token t_id="164" sentence="4" number="4">and</token>
  <token t_id="165" sentence="4" number="5">watches</token>
  <token t_id="166" sentence="4" number="6">estimated</token>
  <token t_id="167" sentence="4" number="7">to</token>
  <token t_id="168" sentence="4" number="8">be</token>
  <token t_id="169" sentence="4" number="9">worth</token>
  <token t_id="170" sentence="4" number="10">2</token>
  <token t_id="171" sentence="4" number="11">million</token>
  <token t_id="172" sentence="4" number="12">euros</token>
  <token t_id="173" sentence="4" number="13">(</token>
  <token t_id="174" sentence="4" number="14">$2</token>
  <token t_id="175" sentence="4" number="15">.</token>
  <token t_id="176" sentence="4" number="16">6</token>
  <token t_id="177" sentence="4" number="17">million</token>
  <token t_id="178" sentence="4" number="18">)</token>
  <token t_id="179" sentence="4" number="19">the</token>
  <token t_id="180" sentence="4" number="20">thieves</token>
  <token t_id="181" sentence="4" number="21">reversed</token>
  <token t_id="182" sentence="4" number="22">their</token>
  <token t_id="183" sentence="4" number="23">car</token>
  <token t_id="184" sentence="4" number="24">out</token>
  <token t_id="185" sentence="4" number="25">of</token>
  <token t_id="186" sentence="4" number="26">the</token>
  <token t_id="187" sentence="4" number="27">store</token>
  <token t_id="188" sentence="4" number="28">and</token>
  <token t_id="189" sentence="4" number="29">set</token>
  <token t_id="190" sentence="4" number="30">fire</token>
  <token t_id="191" sentence="4" number="31">to</token>
  <token t_id="192" sentence="4" number="32">it</token>
  <token t_id="193" sentence="4" number="33">before</token>
  <token t_id="194" sentence="4" number="34">making</token>
  <token t_id="195" sentence="4" number="35">off</token>
  <token t_id="196" sentence="4" number="36">in</token>
  <token t_id="197" sentence="4" number="37">another</token>
  <token t_id="198" sentence="4" number="38">vehicle</token>
  <token t_id="199" sentence="4" number="39">,</token>
  <token t_id="200" sentence="4" number="40">Le</token>
  <token t_id="201" sentence="4" number="41">Monde</token>
  <token t_id="202" sentence="4" number="42">reported</token>
  <token t_id="203" sentence="4" number="43">.</token>
  <token t_id="204" sentence="5" number="0">The</token>
  <token t_id="205" sentence="5" number="1">raid</token>
  <token t_id="206" sentence="5" number="2">comes</token>
  <token t_id="207" sentence="5" number="3">little</token>
  <token t_id="208" sentence="5" number="4">over</token>
  <token t_id="209" sentence="5" number="5">a</token>
  <token t_id="210" sentence="5" number="6">month</token>
  <token t_id="211" sentence="5" number="7">after</token>
  <token t_id="212" sentence="5" number="8">a</token>
  <token t_id="213" sentence="5" number="9">masked</token>
  <token t_id="214" sentence="5" number="10">bandit</token>
  <token t_id="215" sentence="5" number="11">made</token>
  <token t_id="216" sentence="5" number="12">off</token>
  <token t_id="217" sentence="5" number="13">with</token>
  <token t_id="218" sentence="5" number="14">an</token>
  <token t_id="219" sentence="5" number="15">$136M</token>
  <token t_id="220" sentence="5" number="16">worth</token>
  <token t_id="221" sentence="5" number="17">of</token>
  <token t_id="222" sentence="5" number="18">diamonds</token>
  <token t_id="223" sentence="5" number="19">and</token>
  <token t_id="224" sentence="5" number="20">jewels</token>
  <token t_id="225" sentence="5" number="21">from</token>
  <token t_id="226" sentence="5" number="22">the</token>
  <token t_id="227" sentence="5" number="23">Carlton</token>
  <token t_id="228" sentence="5" number="24">Intercontinental</token>
  <token t_id="229" sentence="5" number="25">Hotel</token>
  <token t_id="230" sentence="5" number="26">in</token>
  <token t_id="231" sentence="5" number="27">Cannes</token>
  <token t_id="232" sentence="5" number="28">on</token>
  <token t_id="233" sentence="5" number="29">the</token>
  <token t_id="234" sentence="5" number="30">glamorous</token>
  <token t_id="235" sentence="5" number="31">French</token>
  <token t_id="236" sentence="5" number="32">Riviera</token>
  <token t_id="237" sentence="5" number="33">,</token>
  <token t_id="238" sentence="5" number="34">in</token>
  <token t_id="239" sentence="5" number="35">possibly</token>
  <token t_id="240" sentence="5" number="36">the</token>
  <token t_id="241" sentence="5" number="37">world</token>
  <token t_id="242" sentence="5" number="38">’</token>
  <token t_id="243" sentence="5" number="39">s</token>
  <token t_id="244" sentence="5" number="40">biggest</token>
  <token t_id="245" sentence="5" number="41">heist</token>
  <token t_id="246" sentence="5" number="42">.</token>
  <token t_id="247" sentence="6" number="0">A</token>
  <token t_id="248" sentence="6" number="1">lone</token>
  <token t_id="249" sentence="6" number="2">robber</token>
  <token t_id="250" sentence="6" number="3">entered</token>
  <token t_id="251" sentence="6" number="4">through</token>
  <token t_id="252" sentence="6" number="5">a</token>
  <token t_id="253" sentence="6" number="6">French</token>
  <token t_id="254" sentence="6" number="7">door</token>
  <token t_id="255" sentence="6" number="8">at</token>
  <token t_id="256" sentence="6" number="9">the</token>
  <token t_id="257" sentence="6" number="10">side</token>
  <token t_id="258" sentence="6" number="11">of</token>
  <token t_id="259" sentence="6" number="12">the</token>
  <token t_id="260" sentence="6" number="13">building</token>
  <token t_id="261" sentence="6" number="14">on</token>
  <token t_id="262" sentence="6" number="15">the</token>
  <token t_id="263" sentence="6" number="16">famed</token>
  <token t_id="264" sentence="6" number="17">La</token>
  <token t_id="265" sentence="6" number="18">Croisette</token>
  <token t_id="266" sentence="6" number="19">seafront</token>
  <token t_id="267" sentence="6" number="20">,</token>
  <token t_id="268" sentence="6" number="21">scooped</token>
  <token t_id="269" sentence="6" number="22">up</token>
  <token t_id="270" sentence="6" number="23">the</token>
  <token t_id="271" sentence="6" number="24">loot</token>
  <token t_id="272" sentence="6" number="25">and</token>
  <token t_id="273" sentence="6" number="26">then</token>
  <token t_id="274" sentence="6" number="27">jumped</token>
  <token t_id="275" sentence="6" number="28">out</token>
  <token t_id="276" sentence="6" number="29">of</token>
  <token t_id="277" sentence="6" number="30">another</token>
  <token t_id="278" sentence="6" number="31">window</token>
  <token t_id="279" sentence="6" number="32">.</token>
  <token t_id="280" sentence="7" number="0">Despite</token>
  <token t_id="281" sentence="7" number="1">a</token>
  <token t_id="282" sentence="7" number="2">huge</token>
  <token t_id="283" sentence="7" number="3">police</token>
  <token t_id="284" sentence="7" number="4">investigation</token>
  <token t_id="285" sentence="7" number="5">,</token>
  <token t_id="286" sentence="7" number="6">the</token>
  <token t_id="287" sentence="7" number="7">audacious</token>
  <token t_id="288" sentence="7" number="8">culprit</token>
  <token t_id="289" sentence="7" number="9">remains</token>
  <token t_id="290" sentence="7" number="10">at</token>
  <token t_id="291" sentence="7" number="11">large</token>
  <token t_id="292" sentence="7" number="12">.</token>
  <token t_id="293" sentence="8" number="0">Thieves</token>
  <token t_id="294" sentence="8" number="1">also</token>
  <token t_id="295" sentence="8" number="2">targeted</token>
  <token t_id="296" sentence="8" number="3">the</token>
  <token t_id="297" sentence="8" number="4">annual</token>
  <token t_id="298" sentence="8" number="5">Cannes</token>
  <token t_id="299" sentence="8" number="6">film</token>
  <token t_id="300" sentence="8" number="7">festival</token>
  <token t_id="301" sentence="8" number="8">,</token>
  <token t_id="302" sentence="8" number="9">stealing</token>
  <token t_id="303" sentence="8" number="10">almost</token>
  <token t_id="304" sentence="8" number="11">$2</token>
  <token t_id="305" sentence="8" number="12">million</token>
  <token t_id="306" sentence="8" number="13">of</token>
  <token t_id="307" sentence="8" number="14">jewelry</token>
  <token t_id="308" sentence="8" number="15">from</token>
  <token t_id="309" sentence="8" number="16">the</token>
  <token t_id="310" sentence="8" number="17">safe</token>
  <token t_id="311" sentence="8" number="18">in</token>
  <token t_id="312" sentence="8" number="19">the</token>
  <token t_id="313" sentence="8" number="20">hotel</token>
  <token t_id="314" sentence="8" number="21">room</token>
  <token t_id="315" sentence="8" number="22">of</token>
  <token t_id="316" sentence="8" number="23">an</token>
  <token t_id="317" sentence="8" number="24">American</token>
  <token t_id="318" sentence="8" number="25">jeweler</token>
  <token t_id="319" sentence="8" number="26">working</token>
  <token t_id="320" sentence="8" number="27">for</token>
  <token t_id="321" sentence="8" number="28">Chopard</token>
  <token t_id="322" sentence="8" number="29">,</token>
  <token t_id="323" sentence="8" number="30">one</token>
  <token t_id="324" sentence="8" number="31">of</token>
  <token t_id="325" sentence="8" number="32">Switzerland</token>
  <token t_id="326" sentence="8" number="33">’</token>
  <token t_id="327" sentence="8" number="34">s</token>
  <token t_id="328" sentence="8" number="35">most</token>
  <token t_id="329" sentence="8" number="36">famous</token>
  <token t_id="330" sentence="8" number="37">diamond</token>
  <token t_id="331" sentence="8" number="38">merchants</token>
  <token t_id="332" sentence="8" number="39">.</token>
  <token t_id="333" sentence="9" number="0">Days</token>
  <token t_id="334" sentence="9" number="1">later</token>
  <token t_id="335" sentence="9" number="2">a</token>
  <token t_id="336" sentence="9" number="3">$2</token>
  <token t_id="337" sentence="9" number="4">.</token>
  <token t_id="338" sentence="9" number="5">5</token>
  <token t_id="339" sentence="9" number="6">million</token>
  <token t_id="340" sentence="9" number="7">necklace</token>
  <token t_id="341" sentence="9" number="8">was</token>
  <token t_id="342" sentence="9" number="9">lifted</token>
  <token t_id="343" sentence="9" number="10">by</token>
  <token t_id="344" sentence="9" number="11">a</token>
  <token t_id="345" sentence="9" number="12">crook</token>
  <token t_id="346" sentence="9" number="13">at</token>
  <token t_id="347" sentence="9" number="14">a</token>
  <token t_id="348" sentence="9" number="15">movie</token>
  <token t_id="349" sentence="9" number="16">industry</token>
  <token t_id="350" sentence="9" number="17">party</token>
  <token t_id="351" sentence="9" number="18">at</token>
  <token t_id="352" sentence="9" number="19">the</token>
  <token t_id="353" sentence="9" number="20">even</token>
  <token t_id="354" sentence="9" number="21">more</token>
  <token t_id="355" sentence="9" number="22">exclusive</token>
  <token t_id="356" sentence="9" number="23">resort</token>
  <token t_id="357" sentence="9" number="24">of</token>
  <token t_id="358" sentence="9" number="25">Cap</token>
  <token t_id="359" sentence="9" number="26">d</token>
  <token t_id="360" sentence="9" number="27">’</token>
  <token t_id="361" sentence="9" number="28">Antibes</token>
  <token t_id="362" sentence="9" number="29">,</token>
  <token t_id="363" sentence="9" number="30">near</token>
  <token t_id="364" sentence="9" number="31">the</token>
  <token t_id="365" sentence="9" number="32">Italian</token>
  <token t_id="366" sentence="9" number="33">border</token>
  <token t_id="367" sentence="9" number="34">.</token>
  <Markables>
    <ACTION_OCCURRENCE m_id="1" comment="" climaxEvent="FALSE">
      <token_anchor t_id="84"/>
    </ACTION_OCCURRENCE>
    <ACTION_OCCURRENCE m_id="2" comment="" climaxEvent="FALSE">
      <token_anchor t_id="117"/>
    </ACTION_OCCURRENCE>
    <ACTION_OCCURRENCE m_id="3" comment="" climaxEvent="FALSE">
      <token_anchor t_id="161"/>
      <token_anchor t_id="162"/>
    </ACTION_OCCURRENCE>
    <ACTION_OCCURRENCE m_id="4" comment="" climaxEvent="FALSE">
      <token_anchor t_id="166"/>
    </ACTION_OCCURRENCE>
    <ACTION_OCCURRENCE m_id="5" comment="" climaxEvent="FALSE">
      <token_anchor t_id="181"/>
    </ACTION_OCCURRENCE>
    <ACTION_OCCURRENCE m_id="6" comment="" climaxEvent="FALSE">
      <token_anchor t_id="189"/>
      <token_anchor t_id="190"/>
    </ACTION_OCCURRENCE>
    <ACTION_OCCURRENCE m_id="7" comment="" climaxEvent="FALSE">
      <token_anchor t_id="194"/>
      <token_anchor t_id="195"/>
    </ACTION_OCCURRENCE>
    <ACTION_OCCURRENCE m_id="8" climaxEvent="TRUE" comment="">
      <token_anchor t_id="58"/>
    </ACTION_OCCURRENCE>
    <ACTION_OCCURRENCE m_id="9" comment="" climaxEvent="FALSE">
      <token_anchor t_id="64"/>
    </ACTION_OCCURRENCE>
    <ACTION_OCCURRENCE m_id="10" comment="" climaxEvent="FALSE">
      <token_anchor t_id="68"/>
    </ACTION_OCCURRENCE>
    <ACTION_OCCURRENCE m_id="11" comment="" climaxEvent="FALSE">
      <token_anchor t_id="78"/>
      <token_anchor t_id="79"/>
    </ACTION_OCCURRENCE>
    <ACTION_REPORTING m_id="12">
      <token_anchor t_id="202"/>
    </ACTION_REPORTING>
    <ACTION_STATE m_id="13" climaxEvent="FALSE" comment="">
      <token_anchor t_id="148"/>
    </ACTION_STATE>
    <ACTION_STATE m_id="14" climaxEvent="FALSE" comment="">
      <token_anchor t_id="169"/>
    </ACTION_STATE>
    <HUMAN_PART_ORG m_id="15">
      <token_anchor t_id="200"/>
      <token_anchor t_id="201"/>
    </HUMAN_PART_ORG>
    <HUMAN_PART_PER m_id="16" comment="">
      <token_anchor t_id="47"/>
    </HUMAN_PART_PER>
    <HUMAN_PART_PER m_id="17" comment="">
      <token_anchor t_id="77"/>
    </HUMAN_PART_PER>
    <HUMAN_PART_PER m_id="18" comment="">
      <token_anchor t_id="116"/>
    </HUMAN_PART_PER>
    <HUMAN_PART_PER m_id="19" comment="">
      <token_anchor t_id="180"/>
    </HUMAN_PART_PER>
    <LOC_FAC m_id="20">
      <token_anchor t_id="60"/>
      <token_anchor t_id="61"/>
      <token_anchor t_id="62"/>
    </LOC_FAC>
    <LOC_FAC m_id="21">
      <token_anchor t_id="70"/>
      <token_anchor t_id="71"/>
      <token_anchor t_id="72"/>
      <token_anchor t_id="73"/>
      <token_anchor t_id="74"/>
    </LOC_FAC>
    <LOC_GEO m_id="22" comment="">
      <token_anchor t_id="131"/>
      <token_anchor t_id="132"/>
      <token_anchor t_id="133"/>
      <token_anchor t_id="134"/>
      <token_anchor t_id="135"/>
      <token_anchor t_id="136"/>
      <token_anchor t_id="137"/>
      <token_anchor t_id="138"/>
      <token_anchor t_id="139"/>
      <token_anchor t_id="140"/>
      <token_anchor t_id="141"/>
      <token_anchor t_id="142"/>
      <token_anchor t_id="143"/>
      <token_anchor t_id="144"/>
      <token_anchor t_id="145"/>
    </LOC_GEO>
    <LOC_OTHER m_id="23">
      <token_anchor t_id="121"/>
      <token_anchor t_id="122"/>
      <token_anchor t_id="123"/>
      <token_anchor t_id="124"/>
      <token_anchor t_id="125"/>
      <token_anchor t_id="126"/>
    </LOC_OTHER>
    <NON_HUMAN_PART m_id="29" comment="">
      <token_anchor t_id="83"/>
    </NON_HUMAN_PART>
    <NON_HUMAN_PART m_id="30" comment="">
      <token_anchor t_id="119"/>
    </NON_HUMAN_PART>
    <NON_HUMAN_PART m_id="31" comment="">
      <token_anchor t_id="158"/>
    </NON_HUMAN_PART>
    <NON_HUMAN_PART m_id="33" comment="">
      <token_anchor t_id="86"/>
      <token_anchor t_id="87"/>
      <token_anchor t_id="88"/>
      <token_anchor t_id="89"/>
      <token_anchor t_id="90"/>
    </NON_HUMAN_PART>
    <NON_HUMAN_PART m_id="24" comment="">
      <token_anchor t_id="163"/>
    </NON_HUMAN_PART>
    <NON_HUMAN_PART m_id="25" comment="">
      <token_anchor t_id="165"/>
    </NON_HUMAN_PART>
    <NON_HUMAN_PART m_id="26" comment="">
      <token_anchor t_id="183"/>
    </NON_HUMAN_PART>
    <NON_HUMAN_PART m_id="27" comment="">
      <token_anchor t_id="198"/>
    </NON_HUMAN_PART>
    <NON_HUMAN_PART m_id="28" comment="">
      <token_anchor t_id="81"/>
    </NON_HUMAN_PART>
    <TIME_DATE m_id="34" comment="" DCT="FALSE" value="2013-09-09" anchorTimeID="48">
      <token_anchor t_id="91"/>
      <token_anchor t_id="92"/>
    </TIME_DATE>
    <TIME_OF_THE_DAY m_id="32" DCT="FALSE" value="2013-09-09T04:30" anchorTimeID="48">
      <token_anchor t_id="94"/>
      <token_anchor t_id="95"/>
      <token_anchor t_id="96"/>
      <token_anchor t_id="97"/>
      <token_anchor t_id="98"/>
      <token_anchor t_id="99"/>
      <token_anchor t_id="100"/>
      <token_anchor t_id="101"/>
      <token_anchor t_id="102"/>
      <token_anchor t_id="103"/>
      <token_anchor t_id="104"/>
      <token_anchor t_id="105"/>
      <token_anchor t_id="106"/>
      <token_anchor t_id="107"/>
      <token_anchor t_id="108"/>
      <token_anchor t_id="109"/>
      <token_anchor t_id="110"/>
      <token_anchor t_id="111"/>
      <token_anchor t_id="112"/>
      <token_anchor t_id="113"/>
    </TIME_OF_THE_DAY>
    <ACTION_OCCURRENCE m_id="35" RELATED_TO="" TAG_DESCRIPTOR="t24_stole" comment="" climaxEvent="FALSE"/>
    <NON_HUMAN_PART m_id="36" RELATED_TO="" TAG_DESCRIPTOR="t24_4x4" comment=""/>
    <NON_HUMAN_PART m_id="37" RELATED_TO="" TAG_DESCRIPTOR="t24_another_car" comment=""/>
    <ACTION_OCCURRENCE m_id="38" RELATED_TO="" TAG_DESCRIPTOR="t24_smash_window" comment="" climaxEvent="FALSE"/>
    <ACTION_OCCURRENCE m_id="39" RELATED_TO="" TAG_DESCRIPTOR="t24_heist" comment="" climaxEvent="FALSE"/>
    <NON_HUMAN_PART m_id="40" RELATED_TO="" TAG_DESCRIPTOR="t24_two_million" comment=""/>
    <ACTION_OCCURRENCE m_id="41" RELATED_TO="" TAG_DESCRIPTOR="t24_crashed" comment="" climaxEvent="FALSE"/>
    <TIME_DATE m_id="42" RELATED_TO="" TAG_DESCRIPTOR="t24_9_sep" value="" anchorTimeID="" DCT="FALSE" comment=""/>
    <NON_HUMAN_PART m_id="43" RELATED_TO="" TAG_DESCRIPTOR="t24_jewellery" comment=""/>
    <NON_HUMAN_PART m_id="44" RELATED_TO="" TAG_DESCRIPTOR="t24_watches" comment=""/>
    <ACTION_OCCURRENCE m_id="45" RELATED_TO="" TAG_DESCRIPTOR="t24_making_off" comment="" climaxEvent="FALSE"/>
    <HUMAN_PART_PER m_id="46" RELATED_TO="" TAG_DESCRIPTOR="t24_thieves" comment=""/>
    <LOC_FAC m_id="47" RELATED_TO="" TAG_DESCRIPTOR="t24_store"/>
    <TIME_DATE m_id="48" RELATED_TO="" TAG_DESCRIPTOR="t_2013-09-09" comment="" DCT="TRUE" value="t_2013-09-09" anchorTimeID=""/>
  </Markables>
  <Relations>
    <TLINK r_id="124342" contextualModality="" relType="AFTER" comment="">
      <source m_id="48"/>
      <target m_id="8"/>
    </TLINK>
    <TLINK r_id="124343" contextualModality="" relType="AFTER" comment="">
      <source m_id="48"/>
      <target m_id="9"/>
    </TLINK>
    <TLINK r_id="124344" contextualModality="" relType="AFTER" comment="">
      <source m_id="48"/>
      <target m_id="10"/>
    </TLINK>
    <TLINK r_id="124345" contextualModality="" relType="AFTER" comment="">
      <source m_id="48"/>
      <target m_id="11"/>
    </TLINK>
    <TLINK r_id="124346" contextualModality="" relType="AFTER" comment="">
      <source m_id="48"/>
      <target m_id="2"/>
    </TLINK>
    <TLINK r_id="124347" contextualModality="" relType="AFTER" comment="">
      <source m_id="48"/>
      <target m_id="3"/>
    </TLINK>
    <TLINK r_id="124348" contextualModality="" relType="CONTAINS" comment="">
      <source m_id="48"/>
      <target m_id="5"/>
    </TLINK>
    <TLINK r_id="124349" contextualModality="" relType="AFTER" comment="">
      <source m_id="48"/>
      <target m_id="6"/>
    </TLINK>
    <TLINK r_id="124350" contextualModality="" relType="AFTER" comment="">
      <source m_id="48"/>
      <target m_id="7"/>
    </TLINK>
    <TLINK r_id="124351" contextualModality="" relType="CONTAINS" comment="">
      <source m_id="34"/>
      <target m_id="8"/>
    </TLINK>
    <TLINK r_id="124352" contextualModality="" relType="CONTAINS" comment="">
      <source m_id="34"/>
      <target m_id="9"/>
    </TLINK>
    <TLINK r_id="124353" contextualModality="" relType="CONTAINS" comment="">
      <source m_id="34"/>
      <target m_id="10"/>
    </TLINK>
    <TLINK r_id="124354" contextualModality="" relType="CONTAINS" comment="">
      <source m_id="34"/>
      <target m_id="11"/>
    </TLINK>
    <TLINK r_id="124356" contextualModality="" relType="CONTAINS" comment="">
      <source m_id="34"/>
      <target m_id="3"/>
    </TLINK>
    <TLINK r_id="124357" contextualModality="" relType="CONTAINS" comment="">
      <source m_id="34"/>
      <target m_id="5"/>
    </TLINK>
    <TLINK r_id="124358" contextualModality="" relType="CONTAINS" comment="">
      <source m_id="34"/>
      <target m_id="6"/>
    </TLINK>
    <TLINK r_id="124359" contextualModality="" relType="CONTAINS" comment="">
      <source m_id="34"/>
      <target m_id="7"/>
    </TLINK>
    <PLOT_LINK r_id="124360" SIGNAL="" relType="FALLING_ACTION" CAUSES="FALSE" CAUSED_BY="FALSE">
      <source m_id="8"/>
      <target m_id="9"/>
    </PLOT_LINK>
    <PLOT_LINK r_id="124361" SIGNAL="" relType="FALLING_ACTION" CAUSES="FALSE" CAUSED_BY="FALSE">
      <source m_id="8"/>
      <target m_id="10"/>
    </PLOT_LINK>
    <PLOT_LINK r_id="124362" SIGNAL="" relType="FALLING_ACTION" CAUSES="FALSE" CAUSED_BY="FALSE">
      <source m_id="8"/>
      <target m_id="11"/>
    </PLOT_LINK>
    <PLOT_LINK r_id="124363" SIGNAL="" relType="PRECONDITION" CAUSES="FALSE" CAUSED_BY="FALSE">
      <source m_id="9"/>
      <target m_id="11"/>
    </PLOT_LINK>
    <PLOT_LINK r_id="124364" SIGNAL="" relType="PRECONDITION" CAUSES="FALSE" CAUSED_BY="FALSE">
      <source m_id="10"/>
      <target m_id="11"/>
    </PLOT_LINK>
    <PLOT_LINK r_id="124365" SIGNAL="" relType="PRECONDITION" CAUSES="FALSE" CAUSED_BY="FALSE">
      <source m_id="2"/>
      <target m_id="3"/>
    </PLOT_LINK>
    <PLOT_LINK r_id="124366" SIGNAL="" relType="PRECONDITION" CAUSES="FALSE" CAUSED_BY="FALSE">
      <source m_id="2"/>
      <target m_id="7"/>
    </PLOT_LINK>
    <PLOT_LINK r_id="136684" SIGNAL="" relType="PRECONDITION" CAUSES="FALSE" CAUSED_BY="FALSE">
      <source m_id="5"/>
      <target m_id="7"/>
    </PLOT_LINK>
    <PLOT_LINK r_id="136685" SIGNAL="" relType="PRECONDITION" CAUSES="FALSE" CAUSED_BY="FALSE">
      <source m_id="6"/>
      <target m_id="7"/>
    </PLOT_LINK>
  </Relations>
</Document>
