<?xml version='1.0' encoding='UTF-8'?>
<Document doc_name="24_4ecbplus.xml">
  <token t_id="1" sentence="0" number="0">http</token>
  <token t_id="2" sentence="0" number="1">:</token>
  <token t_id="3" sentence="0" number="2">/</token>
  <token t_id="4" sentence="0" number="3">/</token>
  <token t_id="5" sentence="0" number="4">www</token>
  <token t_id="6" sentence="0" number="5">.</token>
  <token t_id="7" sentence="0" number="6">bbc</token>
  <token t_id="8" sentence="0" number="7">.</token>
  <token t_id="9" sentence="0" number="8">co</token>
  <token t_id="10" sentence="0" number="9">.</token>
  <token t_id="11" sentence="0" number="10">uk</token>
  <token t_id="12" sentence="0" number="11">/</token>
  <token t_id="13" sentence="0" number="12">news</token>
  <token t_id="14" sentence="0" number="13">/</token>
  <token t_id="15" sentence="0" number="14">world</token>
  <token t_id="16" sentence="0" number="15">-</token>
  <token t_id="17" sentence="0" number="16">europe</token>
  <token t_id="18" sentence="0" number="17">-</token>
  <token t_id="19" sentence="0" number="18">24021843</token>
  <token t_id="20" sentence="1" number="0">9</token>
  <token t_id="21" sentence="1" number="1">September</token>
  <token t_id="22" sentence="1" number="2">2013</token>
  <token t_id="23" sentence="1" number="3">Last</token>
  <token t_id="24" sentence="1" number="4">updated</token>
  <token t_id="25" sentence="1" number="5">at</token>
  <token t_id="26" sentence="1" number="6">14</token>
  <token t_id="27" sentence="1" number="7">:</token>
  <token t_id="28" sentence="1" number="8">39</token>
  <token t_id="29" sentence="1" number="9">GMT</token>
  <token t_id="30" sentence="2" number="0">France</token>
  <token t_id="31" sentence="2" number="1">jewels</token>
  <token t_id="32" sentence="2" number="2">thefts</token>
  <token t_id="33" sentence="2" number="3">:</token>
  <token t_id="34" sentence="2" number="4">Robbers</token>
  <token t_id="35" sentence="2" number="5">ram</token>
  <token t_id="36" sentence="2" number="6">4x4</token>
  <token t_id="37" sentence="2" number="7">into</token>
  <token t_id="38" sentence="2" number="8">Paris</token>
  <token t_id="39" sentence="2" number="9">shop</token>
  <token t_id="40" sentence="3" number="0">French</token>
  <token t_id="41" sentence="3" number="1">police</token>
  <token t_id="42" sentence="3" number="2">are</token>
  <token t_id="43" sentence="3" number="3">investigating</token>
  <token t_id="44" sentence="3" number="4">a</token>
  <token t_id="45" sentence="3" number="5">daring</token>
  <token t_id="46" sentence="3" number="6">jewellery</token>
  <token t_id="47" sentence="3" number="7">robbery</token>
  <token t_id="48" sentence="3" number="8">in</token>
  <token t_id="49" sentence="3" number="9">Paris</token>
  <token t_id="50" sentence="3" number="10">-</token>
  <token t_id="51" sentence="3" number="11">the</token>
  <token t_id="52" sentence="3" number="12">latest</token>
  <token t_id="53" sentence="3" number="13">in</token>
  <token t_id="54" sentence="3" number="14">a</token>
  <token t_id="55" sentence="3" number="15">series</token>
  <token t_id="56" sentence="3" number="16">of</token>
  <token t_id="57" sentence="3" number="17">high</token>
  <token t_id="58" sentence="3" number="18">-</token>
  <token t_id="59" sentence="3" number="19">profile</token>
  <token t_id="60" sentence="3" number="20">thefts</token>
  <token t_id="61" sentence="3" number="21">in</token>
  <token t_id="62" sentence="3" number="22">France</token>
  <token t_id="63" sentence="3" number="23">this</token>
  <token t_id="64" sentence="3" number="24">summer</token>
  <token t_id="65" sentence="3" number="25">.</token>
  <token t_id="66" sentence="4" number="0">In</token>
  <token t_id="67" sentence="4" number="1">the</token>
  <token t_id="68" sentence="4" number="2">early</token>
  <token t_id="69" sentence="4" number="3">hours</token>
  <token t_id="70" sentence="4" number="4">of</token>
  <token t_id="71" sentence="4" number="5">Monday</token>
  <token t_id="72" sentence="4" number="6">,</token>
  <token t_id="73" sentence="4" number="7">thieves</token>
  <token t_id="74" sentence="4" number="8">rammed</token>
  <token t_id="75" sentence="4" number="9">a</token>
  <token t_id="76" sentence="4" number="10">4x4</token>
  <token t_id="77" sentence="4" number="11">vehicle</token>
  <token t_id="78" sentence="4" number="12">through</token>
  <token t_id="79" sentence="4" number="13">the</token>
  <token t_id="80" sentence="4" number="14">windows</token>
  <token t_id="81" sentence="4" number="15">of</token>
  <token t_id="82" sentence="4" number="16">an</token>
  <token t_id="83" sentence="4" number="17">upmarket</token>
  <token t_id="84" sentence="4" number="18">jewellery</token>
  <token t_id="85" sentence="4" number="19">store</token>
  <token t_id="86" sentence="4" number="20">near</token>
  <token t_id="87" sentence="4" number="21">the</token>
  <token t_id="88" sentence="4" number="22">prestigious</token>
  <token t_id="89" sentence="4" number="23">Place</token>
  <token t_id="90" sentence="4" number="24">Vendome</token>
  <token t_id="91" sentence="4" number="25">.</token>
  <token t_id="92" sentence="5" number="0">They</token>
  <token t_id="93" sentence="5" number="1">made</token>
  <token t_id="94" sentence="5" number="2">off</token>
  <token t_id="95" sentence="5" number="3">with</token>
  <token t_id="96" sentence="5" number="4">2m</token>
  <token t_id="97" sentence="5" number="5">euros</token>
  <token t_id="98" sentence="5" number="6">(</token>
  <token t_id="99" sentence="5" number="7">£1</token>
  <token t_id="100" sentence="5" number="8">.</token>
  <token t_id="101" sentence="5" number="9">7m</token>
  <token t_id="102" sentence="5" number="10">;</token>
  <token t_id="103" sentence="5" number="11">$2</token>
  <token t_id="104" sentence="5" number="12">.</token>
  <token t_id="105" sentence="5" number="13">6m</token>
  <token t_id="106" sentence="5" number="14">)</token>
  <token t_id="107" sentence="5" number="15">in</token>
  <token t_id="108" sentence="5" number="16">gems</token>
  <token t_id="109" sentence="5" number="17">and</token>
  <token t_id="110" sentence="5" number="18">watches</token>
  <token t_id="111" sentence="5" number="19">.</token>
  <token t_id="112" sentence="6" number="0">In</token>
  <token t_id="113" sentence="6" number="1">July</token>
  <token t_id="114" sentence="6" number="2">,</token>
  <token t_id="115" sentence="6" number="3">a</token>
  <token t_id="116" sentence="6" number="4">masked</token>
  <token t_id="117" sentence="6" number="5">jewel</token>
  <token t_id="118" sentence="6" number="6">thief</token>
  <token t_id="119" sentence="6" number="7">stole</token>
  <token t_id="120" sentence="6" number="8">£88m</token>
  <token t_id="121" sentence="6" number="9">worth</token>
  <token t_id="122" sentence="6" number="10">of</token>
  <token t_id="123" sentence="6" number="11">precious</token>
  <token t_id="124" sentence="6" number="12">stones</token>
  <token t_id="125" sentence="6" number="13">from</token>
  <token t_id="126" sentence="6" number="14">the</token>
  <token t_id="127" sentence="6" number="15">Carlton</token>
  <token t_id="128" sentence="6" number="16">Hotel</token>
  <token t_id="129" sentence="6" number="17">in</token>
  <token t_id="130" sentence="6" number="18">Cannes</token>
  <token t_id="131" sentence="6" number="19">.</token>
  <token t_id="132" sentence="7" number="0">After</token>
  <token t_id="133" sentence="7" number="1">Monday's</token>
  <token t_id="134" sentence="7" number="2">robbery</token>
  <token t_id="135" sentence="7" number="3">,</token>
  <token t_id="136" sentence="7" number="4">the</token>
  <token t_id="137" sentence="7" number="5">thieves</token>
  <token t_id="138" sentence="7" number="6">set</token>
  <token t_id="139" sentence="7" number="7">fire</token>
  <token t_id="140" sentence="7" number="8">to</token>
  <token t_id="141" sentence="7" number="9">the</token>
  <token t_id="142" sentence="7" number="10">4x4</token>
  <token t_id="143" sentence="7" number="11">vehicle</token>
  <token t_id="144" sentence="7" number="12">in</token>
  <token t_id="145" sentence="7" number="13">an</token>
  <token t_id="146" sentence="7" number="14">adjacent</token>
  <token t_id="147" sentence="7" number="15">side</token>
  <token t_id="148" sentence="7" number="16">street</token>
  <token t_id="149" sentence="7" number="17">and</token>
  <token t_id="150" sentence="7" number="18">made</token>
  <token t_id="151" sentence="7" number="19">off</token>
  <token t_id="152" sentence="7" number="20">in</token>
  <token t_id="153" sentence="7" number="21">a</token>
  <token t_id="154" sentence="7" number="22">second</token>
  <token t_id="155" sentence="7" number="23">car</token>
  <token t_id="156" sentence="7" number="24">.</token>
  <token t_id="157" sentence="8" number="0">Many</token>
  <token t_id="158" sentence="8" number="1">of</token>
  <token t_id="159" sentence="8" number="2">the</token>
  <token t_id="160" sentence="8" number="3">most</token>
  <token t_id="161" sentence="8" number="4">famous</token>
  <token t_id="162" sentence="8" number="5">names</token>
  <token t_id="163" sentence="8" number="6">in</token>
  <token t_id="164" sentence="8" number="7">jewellery</token>
  <token t_id="165" sentence="8" number="8">have</token>
  <token t_id="166" sentence="8" number="9">their</token>
  <token t_id="167" sentence="8" number="10">flagship</token>
  <token t_id="168" sentence="8" number="11">stores</token>
  <token t_id="169" sentence="8" number="12">in</token>
  <token t_id="170" sentence="8" number="13">the</token>
  <token t_id="171" sentence="8" number="14">Place</token>
  <token t_id="172" sentence="8" number="15">Vendome</token>
  <token t_id="173" sentence="8" number="16">,</token>
  <token t_id="174" sentence="8" number="17">and</token>
  <token t_id="175" sentence="8" number="18">this</token>
  <token t_id="176" sentence="8" number="19">is</token>
  <token t_id="177" sentence="8" number="20">a</token>
  <token t_id="178" sentence="8" number="21">further</token>
  <token t_id="179" sentence="8" number="22">embarrassment</token>
  <token t_id="180" sentence="8" number="23">to</token>
  <token t_id="181" sentence="8" number="24">the</token>
  <token t_id="182" sentence="8" number="25">French</token>
  <token t_id="183" sentence="8" number="26">authorities</token>
  <token t_id="184" sentence="8" number="27">who</token>
  <token t_id="185" sentence="8" number="28">have</token>
  <token t_id="186" sentence="8" number="29">seen</token>
  <token t_id="187" sentence="8" number="30">a</token>
  <token t_id="188" sentence="8" number="31">spate</token>
  <token t_id="189" sentence="8" number="32">of</token>
  <token t_id="190" sentence="8" number="33">robberies</token>
  <token t_id="191" sentence="8" number="34">in</token>
  <token t_id="192" sentence="8" number="35">recent</token>
  <token t_id="193" sentence="8" number="36">weeks</token>
  <token t_id="194" sentence="8" number="37">,</token>
  <token t_id="195" sentence="8" number="38">says</token>
  <token t_id="196" sentence="8" number="39">the</token>
  <token t_id="197" sentence="8" number="40">BBC's</token>
  <token t_id="198" sentence="8" number="41">Christian</token>
  <token t_id="199" sentence="8" number="42">Fraser</token>
  <token t_id="200" sentence="8" number="43">in</token>
  <token t_id="201" sentence="8" number="44">Paris</token>
  <token t_id="202" sentence="8" number="45">.</token>
  <token t_id="203" sentence="9" number="0">Inevitably</token>
  <token t_id="204" sentence="9" number="1">,</token>
  <token t_id="205" sentence="9" number="2">the</token>
  <token t_id="206" sentence="9" number="3">finger</token>
  <token t_id="207" sentence="9" number="4">will</token>
  <token t_id="208" sentence="9" number="5">again</token>
  <token t_id="209" sentence="9" number="6">be</token>
  <token t_id="210" sentence="9" number="7">pointed</token>
  <token t_id="211" sentence="9" number="8">at</token>
  <token t_id="212" sentence="9" number="9">the</token>
  <token t_id="213" sentence="9" number="10">Pink</token>
  <token t_id="214" sentence="9" number="11">Panther</token>
  <token t_id="215" sentence="9" number="12">gang</token>
  <token t_id="216" sentence="9" number="13">,</token>
  <token t_id="217" sentence="9" number="14">a</token>
  <token t_id="218" sentence="9" number="15">loosely</token>
  <token t_id="219" sentence="9" number="16">aligned</token>
  <token t_id="220" sentence="9" number="17">network</token>
  <token t_id="221" sentence="9" number="18">of</token>
  <token t_id="222" sentence="9" number="19">criminals</token>
  <token t_id="223" sentence="9" number="20">who</token>
  <token t_id="224" sentence="9" number="21">are</token>
  <token t_id="225" sentence="9" number="22">believed</token>
  <token t_id="226" sentence="9" number="23">to</token>
  <token t_id="227" sentence="9" number="24">have</token>
  <token t_id="228" sentence="9" number="25">carried</token>
  <token t_id="229" sentence="9" number="26">out</token>
  <token t_id="230" sentence="9" number="27">300</token>
  <token t_id="231" sentence="9" number="28">similar</token>
  <token t_id="232" sentence="9" number="29">robberies</token>
  <token t_id="233" sentence="9" number="30">across</token>
  <token t_id="234" sentence="9" number="31">the</token>
  <token t_id="235" sentence="9" number="32">world</token>
  <token t_id="236" sentence="9" number="33">since</token>
  <token t_id="237" sentence="9" number="34">1999</token>
  <token t_id="238" sentence="9" number="35">,</token>
  <token t_id="239" sentence="9" number="36">our</token>
  <token t_id="240" sentence="9" number="37">correspondent</token>
  <token t_id="241" sentence="9" number="38">says</token>
  <token t_id="242" sentence="9" number="39">.</token>
  <token t_id="243" sentence="10" number="0">The</token>
  <token t_id="244" sentence="10" number="1">international</token>
  <token t_id="245" sentence="10" number="2">police</token>
  <token t_id="246" sentence="10" number="3">agency</token>
  <token t_id="247" sentence="10" number="4">Interpol</token>
  <token t_id="248" sentence="10" number="5">has</token>
  <token t_id="249" sentence="10" number="6">recently</token>
  <token t_id="250" sentence="10" number="7">begun</token>
  <token t_id="251" sentence="10" number="8">co</token>
  <token t_id="252" sentence="10" number="9">-</token>
  <token t_id="253" sentence="10" number="10">ordinating</token>
  <token t_id="254" sentence="10" number="11">its</token>
  <token t_id="255" sentence="10" number="12">efforts</token>
  <token t_id="256" sentence="10" number="13">to</token>
  <token t_id="257" sentence="10" number="14">track</token>
  <token t_id="258" sentence="10" number="15">down</token>
  <token t_id="259" sentence="10" number="16">the</token>
  <token t_id="260" sentence="10" number="17">gangs'</token>
  <token t_id="261" sentence="10" number="18">members</token>
  <token t_id="262" sentence="10" number="19">,</token>
  <token t_id="263" sentence="10" number="20">many</token>
  <token t_id="264" sentence="10" number="21">of</token>
  <token t_id="265" sentence="10" number="22">them</token>
  <token t_id="266" sentence="10" number="23">from</token>
  <token t_id="267" sentence="10" number="24">the</token>
  <token t_id="268" sentence="10" number="25">former</token>
  <token t_id="269" sentence="10" number="26">Yugoslavia</token>
  <token t_id="270" sentence="10" number="27">.</token>
  <token t_id="271" sentence="11" number="0">In</token>
  <token t_id="272" sentence="11" number="1">2007</token>
  <token t_id="273" sentence="11" number="2">,</token>
  <token t_id="274" sentence="11" number="3">the</token>
  <token t_id="275" sentence="11" number="4">gang</token>
  <token t_id="276" sentence="11" number="5">drove</token>
  <token t_id="277" sentence="11" number="6">two</token>
  <token t_id="278" sentence="11" number="7">cars</token>
  <token t_id="279" sentence="11" number="8">through</token>
  <token t_id="280" sentence="11" number="9">the</token>
  <token t_id="281" sentence="11" number="10">window</token>
  <token t_id="282" sentence="11" number="11">of</token>
  <token t_id="283" sentence="11" number="12">a</token>
  <token t_id="284" sentence="11" number="13">jewellery</token>
  <token t_id="285" sentence="11" number="14">store</token>
  <token t_id="286" sentence="11" number="15">in</token>
  <token t_id="287" sentence="11" number="16">Dubai</token>
  <token t_id="288" sentence="11" number="17">,</token>
  <token t_id="289" sentence="11" number="18">and</token>
  <token t_id="290" sentence="11" number="19">in</token>
  <token t_id="291" sentence="11" number="20">less</token>
  <token t_id="292" sentence="11" number="21">than</token>
  <token t_id="293" sentence="11" number="22">a</token>
  <token t_id="294" sentence="11" number="23">minute</token>
  <token t_id="295" sentence="11" number="24">had</token>
  <token t_id="296" sentence="11" number="25">escaped</token>
  <token t_id="297" sentence="11" number="26">with</token>
  <token t_id="298" sentence="11" number="27">11m</token>
  <token t_id="299" sentence="11" number="28">euros</token>
  <token t_id="300" sentence="11" number="29">of</token>
  <token t_id="301" sentence="11" number="30">jewellery</token>
  <token t_id="302" sentence="11" number="31">.</token>
  <Markables>
    <ACTION_OCCURRENCE m_id="1" climaxEvent="TRUE" comment="">
      <token_anchor t_id="32"/>
    </ACTION_OCCURRENCE>
    <ACTION_OCCURRENCE m_id="2" comment="" climaxEvent="FALSE">
      <token_anchor t_id="35"/>
    </ACTION_OCCURRENCE>
    <ACTION_OCCURRENCE m_id="3" comment="" climaxEvent="FALSE">
      <token_anchor t_id="43"/>
    </ACTION_OCCURRENCE>
    <ACTION_OCCURRENCE m_id="4" comment="" climaxEvent="FALSE">
      <token_anchor t_id="47"/>
    </ACTION_OCCURRENCE>
    <ACTION_OCCURRENCE m_id="5" comment="" climaxEvent="FALSE">
      <token_anchor t_id="60"/>
    </ACTION_OCCURRENCE>
    <ACTION_OCCURRENCE m_id="6" comment="" climaxEvent="FALSE">
      <token_anchor t_id="74"/>
    </ACTION_OCCURRENCE>
    <ACTION_OCCURRENCE m_id="7" comment="" climaxEvent="FALSE">
      <token_anchor t_id="93"/>
      <token_anchor t_id="94"/>
    </ACTION_OCCURRENCE>
    <HUMAN_PART_GPE m_id="26">
      <token_anchor t_id="61"/>
      <token_anchor t_id="62"/>
    </HUMAN_PART_GPE>
    <HUMAN_PART_ORG m_id="8">
      <token_anchor t_id="41"/>
    </HUMAN_PART_ORG>
    <HUMAN_PART_PER m_id="9" comment="">
      <token_anchor t_id="34"/>
    </HUMAN_PART_PER>
    <HUMAN_PART_PER m_id="10" comment="">
      <token_anchor t_id="73"/>
    </HUMAN_PART_PER>
    <HUMAN_PART_PER m_id="11" comment="">
      <token_anchor t_id="92"/>
    </HUMAN_PART_PER>
    <LOC_FAC m_id="12">
      <token_anchor t_id="38"/>
      <token_anchor t_id="39"/>
    </LOC_FAC>
    <LOC_FAC m_id="13">
      <token_anchor t_id="82"/>
      <token_anchor t_id="83"/>
      <token_anchor t_id="84"/>
      <token_anchor t_id="85"/>
      <token_anchor t_id="86"/>
      <token_anchor t_id="87"/>
      <token_anchor t_id="88"/>
      <token_anchor t_id="89"/>
      <token_anchor t_id="90"/>
    </LOC_FAC>
    <LOC_GEO m_id="14" comment="">
      <token_anchor t_id="48"/>
      <token_anchor t_id="49"/>
    </LOC_GEO>
    <NON_HUMAN_PART m_id="15" comment="">
      <token_anchor t_id="36"/>
    </NON_HUMAN_PART>
    <NON_HUMAN_PART m_id="16" comment="">
      <token_anchor t_id="108"/>
    </NON_HUMAN_PART>
    <NON_HUMAN_PART m_id="17" comment="">
      <token_anchor t_id="110"/>
    </NON_HUMAN_PART>
    <NON_HUMAN_PART m_id="18" comment="">
      <token_anchor t_id="77"/>
    </NON_HUMAN_PART>
    <NON_HUMAN_PART m_id="19" comment="">
      <token_anchor t_id="80"/>
    </NON_HUMAN_PART>
    <NON_HUMAN_PART m_id="20" comment="">
      <token_anchor t_id="31"/>
    </NON_HUMAN_PART>
    <NON_HUMAN_PART m_id="24" comment="">
      <token_anchor t_id="46"/>
    </NON_HUMAN_PART>
    <NON_HUMAN_PART m_id="25" comment="">
      <token_anchor t_id="96"/>
      <token_anchor t_id="97"/>
    </NON_HUMAN_PART>
    <TIME_DATE m_id="21" value="" anchorTimeID="" DCT="FALSE" comment="">
      <token_anchor t_id="63"/>
      <token_anchor t_id="64"/>
    </TIME_DATE>
    <TIME_OF_THE_DAY m_id="22" DCT="FALSE" value="2013-09-09" anchorTimeID="23">
      <token_anchor t_id="66"/>
      <token_anchor t_id="67"/>
      <token_anchor t_id="68"/>
      <token_anchor t_id="69"/>
      <token_anchor t_id="70"/>
      <token_anchor t_id="71"/>
    </TIME_OF_THE_DAY>
    <TIME_OF_THE_DAY m_id="23" DCT="TRUE" value="2013-09-09T14:39" anchorTimeID="23">
      <token_anchor t_id="20"/>
      <token_anchor t_id="21"/>
      <token_anchor t_id="22"/>
      <token_anchor t_id="23"/>
      <token_anchor t_id="24"/>
      <token_anchor t_id="25"/>
      <token_anchor t_id="26"/>
      <token_anchor t_id="27"/>
      <token_anchor t_id="28"/>
      <token_anchor t_id="29"/>
    </TIME_OF_THE_DAY>
    <NON_HUMAN_PART m_id="27" RELATED_TO="" TAG_DESCRIPTOR="t24_4x4" comment=""/>
    <LOC_GEO m_id="28" RELATED_TO="" TAG_DESCRIPTOR="t24_central_paris" comment=""/>
    <ACTION_OCCURRENCE m_id="29" RELATED_TO="" TAG_DESCRIPTOR="t24_heist" comment="" climaxEvent="FALSE"/>
    <NON_HUMAN_PART m_id="30" RELATED_TO="" TAG_DESCRIPTOR="t24_jewellery" comment=""/>
    <HUMAN_PART_GPE m_id="31" RELATED_TO="" TAG_DESCRIPTOR="t24_france"/>
    <HUMAN_PART_PER m_id="32" RELATED_TO="" TAG_DESCRIPTOR="t24_thieves" comment=""/>
    <NON_HUMAN_PART m_id="33" RELATED_TO="" TAG_DESCRIPTOR="t24_watches" comment=""/>
    <ACTION_OCCURRENCE m_id="34" RELATED_TO="" TAG_DESCRIPTOR="t24_making_off" comment="" climaxEvent="FALSE"/>
    <NON_HUMAN_PART m_id="35" RELATED_TO="" TAG_DESCRIPTOR="t24_two_million" comment=""/>
    <ACTION_OCCURRENCE m_id="36" RELATED_TO="" TAG_DESCRIPTOR="t24_crashed" comment="" climaxEvent="FALSE"/>
    <ACTION_OCCURRENCE m_id="37" RELATED_TO="" TAG_DESCRIPTOR="t24_robberies" comment="" climaxEvent="FALSE"/>
    <LOC_FAC m_id="38" RELATED_TO="" TAG_DESCRIPTOR="t24_store"/>
  </Markables>
  <Relations>
    <TLINK r_id="124367" contextualModality="" relType="AFTER" comment="">
      <source m_id="23"/>
      <target m_id="1"/>
    </TLINK>
    <TLINK r_id="124368" contextualModality="" relType="AFTER" comment="">
      <source m_id="23"/>
      <target m_id="2"/>
    </TLINK>
    <TLINK r_id="124369" contextualModality="" relType="OVERLAP" comment="">
      <source m_id="23"/>
      <target m_id="3"/>
    </TLINK>
    <TLINK r_id="124370" contextualModality="" relType="AFTER" comment="">
      <source m_id="23"/>
      <target m_id="4"/>
    </TLINK>
    <TLINK r_id="124371" contextualModality="" relType="AFTER" comment="">
      <source m_id="23"/>
      <target m_id="5"/>
    </TLINK>
    <TLINK r_id="124372" contextualModality="" relType="AFTER" comment="">
      <source m_id="23"/>
      <target m_id="6"/>
    </TLINK>
    <TLINK r_id="124373" contextualModality="" relType="AFTER" comment="">
      <source m_id="23"/>
      <target m_id="7"/>
    </TLINK>
    <PLOT_LINK r_id="124374" SIGNAL="" relType="FALLING_ACTION" CAUSES="FALSE" CAUSED_BY="FALSE">
      <source m_id="1"/>
      <target m_id="2"/>
    </PLOT_LINK>
    <PLOT_LINK r_id="124375" SIGNAL="" relType="FALLING_ACTION" CAUSES="FALSE" CAUSED_BY="FALSE">
      <source m_id="3"/>
      <target m_id="4"/>
    </PLOT_LINK>
    <PLOT_LINK r_id="124376" SIGNAL="" relType="FALLING_ACTION" CAUSES="FALSE" CAUSED_BY="FALSE">
      <source m_id="4"/>
      <target m_id="6"/>
    </PLOT_LINK>
    <PLOT_LINK r_id="124377" SIGNAL="" relType="FALLING_ACTION" CAUSES="FALSE" CAUSED_BY="FALSE">
      <source m_id="5"/>
      <target m_id="6"/>
    </PLOT_LINK>
    <PLOT_LINK r_id="124378" SIGNAL="" relType="PRECONDITION" CAUSES="FALSE" CAUSED_BY="FALSE">
      <source m_id="6"/>
      <target m_id="7"/>
    </PLOT_LINK>
  </Relations>
</Document>
