<?xml version='1.0' encoding='UTF-8'?>
<Document doc_name="13_4ecbplus.xml">
  <token t_id="1" sentence="0" number="0">http</token>
  <token t_id="2" sentence="0" number="1">:</token>
  <token t_id="3" sentence="0" number="2">/</token>
  <token t_id="4" sentence="0" number="3">/</token>
  <token t_id="5" sentence="0" number="4">malialitman</token>
  <token t_id="6" sentence="0" number="5">.</token>
  <token t_id="7" sentence="0" number="6">wordpress</token>
  <token t_id="8" sentence="0" number="7">.</token>
  <token t_id="9" sentence="0" number="8">com</token>
  <token t_id="10" sentence="0" number="9">/</token>
  <token t_id="11" sentence="0" number="10">2012</token>
  <token t_id="12" sentence="0" number="11">/</token>
  <token t_id="13" sentence="0" number="12">11</token>
  <token t_id="14" sentence="0" number="13">/</token>
  <token t_id="15" sentence="0" number="14">20</token>
  <token t_id="16" sentence="0" number="15">/</token>
  <token t_id="17" sentence="0" number="16">arson</token>
  <token t_id="18" sentence="0" number="17">-</token>
  <token t_id="19" sentence="0" number="18">in</token>
  <token t_id="20" sentence="0" number="19">-</token>
  <token t_id="21" sentence="0" number="20">alaska</token>
  <token t_id="22" sentence="0" number="21">-</token>
  <token t_id="23" sentence="0" number="22">a</token>
  <token t_id="24" sentence="0" number="23">-</token>
  <token t_id="25" sentence="0" number="24">palin</token>
  <token t_id="26" sentence="0" number="25">-</token>
  <token t_id="27" sentence="0" number="26">pattern</token>
  <token t_id="28" sentence="0" number="27">/</token>
  <token t_id="29" sentence="1" number="0">Arson</token>
  <token t_id="30" sentence="1" number="1">in</token>
  <token t_id="31" sentence="1" number="2">Alaska–A</token>
  <token t_id="32" sentence="1" number="3">Palin</token>
  <token t_id="33" sentence="1" number="4">“</token>
  <token t_id="34" sentence="1" number="5">Pattern</token>
  <token t_id="35" sentence="1" number="6">”</token>
  <token t_id="36" sentence="1" number="7">?</token>
  <token t_id="37" sentence="2" number="0">November</token>
  <token t_id="38" sentence="2" number="1">20</token>
  <token t_id="39" sentence="2" number="2">,</token>
  <token t_id="40" sentence="2" number="3">2012</token>
  <token t_id="41" sentence="3" number="0">There</token>
  <token t_id="42" sentence="3" number="1">is</token>
  <token t_id="43" sentence="3" number="2">an</token>
  <token t_id="44" sentence="3" number="3">old</token>
  <token t_id="45" sentence="3" number="4">saying</token>
  <token t_id="46" sentence="3" number="5">that</token>
  <token t_id="47" sentence="3" number="6">“</token>
  <token t_id="48" sentence="3" number="7">Once</token>
  <token t_id="49" sentence="3" number="8">is</token>
  <token t_id="50" sentence="3" number="9">chance</token>
  <token t_id="51" sentence="3" number="10">;</token>
  <token t_id="52" sentence="3" number="11">Twice</token>
  <token t_id="53" sentence="3" number="12">is</token>
  <token t_id="54" sentence="3" number="13">Coincidence</token>
  <token t_id="55" sentence="3" number="14">;</token>
  <token t_id="56" sentence="3" number="15">the</token>
  <token t_id="57" sentence="3" number="16">Third</token>
  <token t_id="58" sentence="3" number="17">Time</token>
  <token t_id="59" sentence="3" number="18">is</token>
  <token t_id="60" sentence="3" number="19">a</token>
  <token t_id="61" sentence="3" number="20">Pattern</token>
  <token t_id="62" sentence="3" number="21">.</token>
  <token t_id="63" sentence="4" number="0">It</token>
  <token t_id="64" sentence="4" number="1">was</token>
  <token t_id="65" sentence="4" number="2">probably</token>
  <token t_id="66" sentence="4" number="3">“</token>
  <token t_id="67" sentence="4" number="4">chance</token>
  <token t_id="68" sentence="4" number="5">”</token>
  <token t_id="69" sentence="4" number="6">when</token>
  <token t_id="70" sentence="4" number="7">the</token>
  <token t_id="71" sentence="4" number="8">Wasilla</token>
  <token t_id="72" sentence="4" number="9">Bible</token>
  <token t_id="73" sentence="4" number="10">Church</token>
  <token t_id="74" sentence="4" number="11">was</token>
  <token t_id="75" sentence="4" number="12">burned</token>
  <token t_id="76" sentence="4" number="13">,</token>
  <token t_id="77" sentence="4" number="14">and</token>
  <token t_id="78" sentence="4" number="15">arson</token>
  <token t_id="79" sentence="4" number="16">was</token>
  <token t_id="80" sentence="4" number="17">suspected</token>
  <token t_id="81" sentence="4" number="18">.</token>
  <token t_id="82" sentence="5" number="0">It</token>
  <token t_id="83" sentence="5" number="1">was</token>
  <token t_id="84" sentence="5" number="2">determined</token>
  <token t_id="85" sentence="5" number="3">that</token>
  <token t_id="86" sentence="5" number="4">an</token>
  <token t_id="87" sentence="5" number="5">acelerant</token>
  <token t_id="88" sentence="5" number="6">was</token>
  <token t_id="89" sentence="5" number="7">placed</token>
  <token t_id="90" sentence="5" number="8">around</token>
  <token t_id="91" sentence="5" number="9">the</token>
  <token t_id="92" sentence="5" number="10">perimeter</token>
  <token t_id="93" sentence="5" number="11">of</token>
  <token t_id="94" sentence="5" number="12">the</token>
  <token t_id="95" sentence="5" number="13">church</token>
  <token t_id="96" sentence="5" number="14">.</token>
  <token t_id="97" sentence="6" number="0">No</token>
  <token t_id="98" sentence="6" number="1">arrests</token>
  <token t_id="99" sentence="6" number="2">were</token>
  <token t_id="100" sentence="6" number="3">made</token>
  <token t_id="101" sentence="6" number="4">in</token>
  <token t_id="102" sentence="6" number="5">that</token>
  <token t_id="103" sentence="6" number="6">fire</token>
  <token t_id="104" sentence="6" number="7">.</token>
  <token t_id="105" sentence="7" number="0">The</token>
  <token t_id="106" sentence="7" number="1">interesting</token>
  <token t_id="107" sentence="7" number="2">part</token>
  <token t_id="108" sentence="7" number="3">of</token>
  <token t_id="109" sentence="7" number="4">that</token>
  <token t_id="110" sentence="7" number="5">blaze</token>
  <token t_id="111" sentence="7" number="6">reported</token>
  <token t_id="112" sentence="7" number="7">that</token>
  <token t_id="113" sentence="7" number="8">it</token>
  <token t_id="114" sentence="7" number="9">didn</token>
  <token t_id="115" sentence="7" number="10">’</token>
  <token t_id="116" sentence="7" number="11">t</token>
  <token t_id="117" sentence="7" number="12">harm</token>
  <token t_id="118" sentence="7" number="13">the</token>
  <token t_id="119" sentence="7" number="14">larger</token>
  <token t_id="120" sentence="7" number="15">areas</token>
  <token t_id="121" sentence="7" number="16">of</token>
  <token t_id="122" sentence="7" number="17">the</token>
  <token t_id="123" sentence="7" number="18">church</token>
  <token t_id="124" sentence="7" number="19">where</token>
  <token t_id="125" sentence="7" number="20">worship</token>
  <token t_id="126" sentence="7" number="21">services</token>
  <token t_id="127" sentence="7" number="22">were</token>
  <token t_id="128" sentence="7" number="23">held</token>
  <token t_id="129" sentence="7" number="24">.</token>
  <token t_id="130" sentence="8" number="0">Instead</token>
  <token t_id="131" sentence="8" number="1">it</token>
  <token t_id="132" sentence="8" number="2">was</token>
  <token t_id="133" sentence="8" number="3">,</token>
  <token t_id="134" sentence="8" number="4">according</token>
  <token t_id="135" sentence="8" number="5">to</token>
  <token t_id="136" sentence="8" number="6">Sarah</token>
  <token t_id="137" sentence="8" number="7">Palin</token>
  <token t_id="138" sentence="8" number="8">,</token>
  <token t_id="139" sentence="8" number="9">the</token>
  <token t_id="140" sentence="8" number="10">offices</token>
  <token t_id="141" sentence="8" number="11">where</token>
  <token t_id="142" sentence="8" number="12">church</token>
  <token t_id="143" sentence="8" number="13">records</token>
  <token t_id="144" sentence="8" number="14">were</token>
  <token t_id="145" sentence="8" number="15">stored</token>
  <token t_id="146" sentence="8" number="16">,</token>
  <token t_id="147" sentence="8" number="17">that</token>
  <token t_id="148" sentence="8" number="18">was</token>
  <token t_id="149" sentence="8" number="19">destroyed</token>
  <token t_id="150" sentence="8" number="20">.</token>
  <token t_id="151" sentence="9" number="0">If</token>
  <token t_id="152" sentence="9" number="1">there</token>
  <token t_id="153" sentence="9" number="2">were</token>
  <token t_id="154" sentence="9" number="3">church</token>
  <token t_id="155" sentence="9" number="4">records</token>
  <token t_id="156" sentence="9" number="5">that</token>
  <token t_id="157" sentence="9" number="6">would</token>
  <token t_id="158" sentence="9" number="7">reveal</token>
  <token t_id="159" sentence="9" number="8">something</token>
  <token t_id="160" sentence="9" number="9">Sarah</token>
  <token t_id="161" sentence="9" number="10">Palin</token>
  <token t_id="162" sentence="9" number="11">didn</token>
  <token t_id="163" sentence="9" number="12">’</token>
  <token t_id="164" sentence="9" number="13">t</token>
  <token t_id="165" sentence="9" number="14">want</token>
  <token t_id="166" sentence="9" number="15">uncovered</token>
  <token t_id="167" sentence="9" number="16">,</token>
  <token t_id="168" sentence="9" number="17">the</token>
  <token t_id="169" sentence="9" number="18">destruction</token>
  <token t_id="170" sentence="9" number="19">of</token>
  <token t_id="171" sentence="9" number="20">those</token>
  <token t_id="172" sentence="9" number="21">records</token>
  <token t_id="173" sentence="9" number="22">by</token>
  <token t_id="174" sentence="9" number="23">fire</token>
  <token t_id="175" sentence="9" number="24">would</token>
  <token t_id="176" sentence="9" number="25">solve</token>
  <token t_id="177" sentence="9" number="26">that</token>
  <token t_id="178" sentence="9" number="27">problem</token>
  <token t_id="179" sentence="9" number="28">.</token>
  <token t_id="180" sentence="10" number="0">When</token>
  <token t_id="181" sentence="10" number="1">arson</token>
  <token t_id="182" sentence="10" number="2">was</token>
  <token t_id="183" sentence="10" number="3">suspected</token>
  <token t_id="184" sentence="10" number="4">in</token>
  <token t_id="185" sentence="10" number="5">the</token>
  <token t_id="186" sentence="10" number="6">burning</token>
  <token t_id="187" sentence="10" number="7">of</token>
  <token t_id="188" sentence="10" number="8">the</token>
  <token t_id="189" sentence="10" number="9">house</token>
  <token t_id="190" sentence="10" number="10">of</token>
  <token t_id="191" sentence="10" number="11">Dar</token>
  <token t_id="192" sentence="10" number="12">Miller</token>
  <token t_id="193" sentence="10" number="13">it</token>
  <token t_id="194" sentence="10" number="14">was</token>
  <token t_id="195" sentence="10" number="15">probably</token>
  <token t_id="196" sentence="10" number="16">just</token>
  <token t_id="197" sentence="10" number="17">coincidence</token>
  <token t_id="198" sentence="10" number="18">.</token>
  <token t_id="199" sentence="11" number="0">It</token>
  <token t_id="200" sentence="11" number="1">was</token>
  <token t_id="201" sentence="11" number="2">probably</token>
  <token t_id="202" sentence="11" number="3">just</token>
  <token t_id="203" sentence="11" number="4">coincidence</token>
  <token t_id="204" sentence="11" number="5">that</token>
  <token t_id="205" sentence="11" number="6">Sarah</token>
  <token t_id="206" sentence="11" number="7">Palin</token>
  <token t_id="207" sentence="11" number="8">is</token>
  <token t_id="208" sentence="11" number="9">not</token>
  <token t_id="209" sentence="11" number="10">supportive</token>
  <token t_id="210" sentence="11" number="11">of</token>
  <token t_id="211" sentence="11" number="12">people</token>
  <token t_id="212" sentence="11" number="13">who</token>
  <token t_id="213" sentence="11" number="14">are</token>
  <token t_id="214" sentence="11" number="15">homosexual</token>
  <token t_id="215" sentence="11" number="16">,</token>
  <token t_id="216" sentence="11" number="17">and</token>
  <token t_id="217" sentence="11" number="18">it</token>
  <token t_id="218" sentence="11" number="19">appears</token>
  <token t_id="219" sentence="11" number="20">Dar</token>
  <token t_id="220" sentence="11" number="21">was</token>
  <token t_id="221" sentence="11" number="22">lesbian</token>
  <token t_id="222" sentence="11" number="23">,</token>
  <token t_id="223" sentence="11" number="24">and</token>
  <token t_id="224" sentence="11" number="25">lived</token>
  <token t_id="225" sentence="11" number="26">with</token>
  <token t_id="226" sentence="11" number="27">her</token>
  <token t_id="227" sentence="11" number="28">“</token>
  <token t_id="228" sentence="11" number="29">partner</token>
  <token t_id="229" sentence="11" number="30">.</token>
  <token t_id="230" sentence="11" number="31">”</token>
  <token t_id="231" sentence="12" number="0">Of</token>
  <token t_id="232" sentence="12" number="1">course</token>
  <token t_id="233" sentence="12" number="2">it</token>
  <token t_id="234" sentence="12" number="3">was</token>
  <token t_id="235" sentence="12" number="4">not</token>
  <token t_id="236" sentence="12" number="5">coincidence</token>
  <token t_id="237" sentence="12" number="6">that</token>
  <token t_id="238" sentence="12" number="7">Dar</token>
  <token t_id="239" sentence="12" number="8">Miller</token>
  <token t_id="240" sentence="12" number="9">was</token>
  <token t_id="241" sentence="12" number="10">in</token>
  <token t_id="242" sentence="12" number="11">her</token>
  <token t_id="243" sentence="12" number="12">home</token>
  <token t_id="244" sentence="12" number="13">when</token>
  <token t_id="245" sentence="12" number="14">the</token>
  <token t_id="246" sentence="12" number="15">fire</token>
  <token t_id="247" sentence="12" number="16">broke</token>
  <token t_id="248" sentence="12" number="17">out</token>
  <token t_id="249" sentence="12" number="18">and</token>
  <token t_id="250" sentence="12" number="19">was</token>
  <token t_id="251" sentence="12" number="20">burned</token>
  <token t_id="252" sentence="12" number="21">so</token>
  <token t_id="253" sentence="12" number="22">badly</token>
  <token t_id="254" sentence="12" number="23">she</token>
  <token t_id="255" sentence="12" number="24">died</token>
  <token t_id="256" sentence="12" number="25">the</token>
  <token t_id="257" sentence="12" number="26">next</token>
  <token t_id="258" sentence="12" number="27">day</token>
  <token t_id="259" sentence="12" number="28">.</token>
  <token t_id="260" sentence="13" number="0">It</token>
  <token t_id="261" sentence="13" number="1">was</token>
  <token t_id="262" sentence="13" number="2">not</token>
  <token t_id="263" sentence="13" number="3">coincidence</token>
  <token t_id="264" sentence="13" number="4">that</token>
  <token t_id="265" sentence="13" number="5">her</token>
  <token t_id="266" sentence="13" number="6">dogs</token>
  <token t_id="267" sentence="13" number="7">died</token>
  <token t_id="268" sentence="13" number="8">in</token>
  <token t_id="269" sentence="13" number="9">the</token>
  <token t_id="270" sentence="13" number="10">fire</token>
  <token t_id="271" sentence="13" number="11">as</token>
  <token t_id="272" sentence="13" number="12">they</token>
  <token t_id="273" sentence="13" number="13">lived</token>
  <token t_id="274" sentence="13" number="14">with</token>
  <token t_id="275" sentence="13" number="15">her</token>
  <token t_id="276" sentence="13" number="16">.</token>
  <token t_id="277" sentence="14" number="0">It</token>
  <token t_id="278" sentence="14" number="1">was</token>
  <token t_id="279" sentence="14" number="2">unusual</token>
  <token t_id="280" sentence="14" number="3">that</token>
  <token t_id="281" sentence="14" number="4">the</token>
  <token t_id="282" sentence="14" number="5">dogs</token>
  <token t_id="283" sentence="14" number="6">died</token>
  <token t_id="284" sentence="14" number="7">at</token>
  <token t_id="285" sentence="14" number="8">the</token>
  <token t_id="286" sentence="14" number="9">foot</token>
  <token t_id="287" sentence="14" number="10">of</token>
  <token t_id="288" sentence="14" number="11">her</token>
  <token t_id="289" sentence="14" number="12">bed</token>
  <token t_id="290" sentence="14" number="13">,</token>
  <token t_id="291" sentence="14" number="14">instead</token>
  <token t_id="292" sentence="14" number="15">of</token>
  <token t_id="293" sentence="14" number="16">by</token>
  <token t_id="294" sentence="14" number="17">the</token>
  <token t_id="295" sentence="14" number="18">door</token>
  <token t_id="296" sentence="14" number="19">,</token>
  <token t_id="297" sentence="14" number="20">trying</token>
  <token t_id="298" sentence="14" number="21">to</token>
  <token t_id="299" sentence="14" number="22">get</token>
  <token t_id="300" sentence="14" number="23">out</token>
  <token t_id="301" sentence="14" number="24">of</token>
  <token t_id="302" sentence="14" number="25">the</token>
  <token t_id="303" sentence="14" number="26">house</token>
  <token t_id="304" sentence="14" number="27">.</token>
  <token t_id="305" sentence="15" number="0">It</token>
  <token t_id="306" sentence="15" number="1">was</token>
  <token t_id="307" sentence="15" number="2">probably</token>
  <token t_id="308" sentence="15" number="3">just</token>
  <token t_id="309" sentence="15" number="4">coincidence</token>
  <token t_id="310" sentence="15" number="5">that</token>
  <token t_id="311" sentence="15" number="6">Dar</token>
  <token t_id="312" sentence="15" number="7">Miller</token>
  <token t_id="313" sentence="15" number="8">had</token>
  <token t_id="314" sentence="15" number="9">previously</token>
  <token t_id="315" sentence="15" number="10">worked</token>
  <token t_id="316" sentence="15" number="11">at</token>
  <token t_id="317" sentence="15" number="12">the</token>
  <token t_id="318" sentence="15" number="13">Mat</token>
  <token t_id="319" sentence="15" number="14">-</token>
  <token t_id="320" sentence="15" number="15">Su</token>
  <token t_id="321" sentence="15" number="16">Regional</token>
  <token t_id="322" sentence="15" number="17">Hospital</token>
  <token t_id="323" sentence="15" number="18">as</token>
  <token t_id="324" sentence="15" number="19">a</token>
  <token t_id="325" sentence="15" number="20">neo</token>
  <token t_id="326" sentence="15" number="21">-</token>
  <token t_id="327" sentence="15" number="22">natal</token>
  <token t_id="328" sentence="15" number="23">nurse</token>
  <token t_id="329" sentence="15" number="24">,</token>
  <token t_id="330" sentence="15" number="25">which</token>
  <token t_id="331" sentence="15" number="26">is</token>
  <token t_id="332" sentence="15" number="27">the</token>
  <token t_id="333" sentence="15" number="28">same</token>
  <token t_id="334" sentence="15" number="29">hospital</token>
  <token t_id="335" sentence="15" number="30">where</token>
  <token t_id="336" sentence="15" number="31">Trig</token>
  <token t_id="337" sentence="15" number="32">was</token>
  <token t_id="338" sentence="15" number="33">purportedly</token>
  <token t_id="339" sentence="15" number="34">born</token>
  <token t_id="340" sentence="15" number="35">.</token>
  <token t_id="341" sentence="16" number="0">The</token>
  <token t_id="342" sentence="16" number="1">curious</token>
  <token t_id="343" sentence="16" number="2">thing</token>
  <token t_id="344" sentence="16" number="3">is</token>
  <token t_id="345" sentence="16" number="4">that</token>
  <token t_id="346" sentence="16" number="5">there</token>
  <token t_id="347" sentence="16" number="6">was</token>
  <token t_id="348" sentence="16" number="7">never</token>
  <token t_id="349" sentence="16" number="8">an</token>
  <token t_id="350" sentence="16" number="9">arrest</token>
  <token t_id="351" sentence="16" number="10">made</token>
  <token t_id="352" sentence="16" number="11">in</token>
  <token t_id="353" sentence="16" number="12">that</token>
  <token t_id="354" sentence="16" number="13">fire</token>
  <token t_id="355" sentence="16" number="14">either</token>
  <token t_id="356" sentence="16" number="15">.</token>
  <token t_id="357" sentence="17" number="0">The</token>
  <token t_id="358" sentence="17" number="1">suggesting</token>
  <token t_id="359" sentence="17" number="2">was</token>
  <token t_id="360" sentence="17" number="3">that</token>
  <token t_id="361" sentence="17" number="4">Dar</token>
  <token t_id="362" sentence="17" number="5">Miller</token>
  <token t_id="363" sentence="17" number="6">had</token>
  <token t_id="364" sentence="17" number="7">probably</token>
  <token t_id="365" sentence="17" number="8">been</token>
  <token t_id="366" sentence="17" number="9">smoking</token>
  <token t_id="367" sentence="17" number="10">in</token>
  <token t_id="368" sentence="17" number="11">bed</token>
  <token t_id="369" sentence="17" number="12">and</token>
  <token t_id="370" sentence="17" number="13">caught</token>
  <token t_id="371" sentence="17" number="14">herself</token>
  <token t_id="372" sentence="17" number="15">and</token>
  <token t_id="373" sentence="17" number="16">the</token>
  <token t_id="374" sentence="17" number="17">bed</token>
  <token t_id="375" sentence="17" number="18">on</token>
  <token t_id="376" sentence="17" number="19">fire</token>
  <token t_id="377" sentence="17" number="20">.</token>
  <token t_id="378" sentence="18" number="0">Who</token>
  <token t_id="379" sentence="18" number="1">made</token>
  <token t_id="380" sentence="18" number="2">that</token>
  <token t_id="381" sentence="18" number="3">suggestion</token>
  <token t_id="382" sentence="18" number="4">?</token>
  <token t_id="383" sentence="19" number="0">Did</token>
  <token t_id="384" sentence="19" number="1">they</token>
  <token t_id="385" sentence="19" number="2">know</token>
  <token t_id="386" sentence="19" number="3">that</token>
  <token t_id="387" sentence="19" number="4">Dar</token>
  <token t_id="388" sentence="19" number="5">didn</token>
  <token t_id="389" sentence="19" number="6">’</token>
  <token t_id="390" sentence="19" number="7">t</token>
  <token t_id="391" sentence="19" number="8">smoke</token>
  <token t_id="392" sentence="19" number="9">?</token>
  <token t_id="393" sentence="20" number="0">(</token>
  <token t_id="394" sentence="20" number="1">according</token>
  <token t_id="395" sentence="20" number="2">to</token>
  <token t_id="396" sentence="20" number="3">ottoline</token>
  <token t_id="397" sentence="20" number="4">commenting</token>
  <token t_id="398" sentence="20" number="5">in</token>
  <token t_id="399" sentence="20" number="6">this</token>
  <token t_id="400" sentence="20" number="7">blog</token>
  <token t_id="401" sentence="20" number="8">)</token>
  <token t_id="402" sentence="20" number="9">.</token>
  <token t_id="403" sentence="21" number="0">The</token>
  <token t_id="404" sentence="21" number="1">fire</token>
  <token t_id="405" sentence="21" number="2">that</token>
  <token t_id="406" sentence="21" number="3">burned</token>
  <token t_id="407" sentence="21" number="4">so</token>
  <token t_id="408" sentence="21" number="5">hot</token>
  <token t_id="409" sentence="21" number="6">that</token>
  <token t_id="410" sentence="21" number="7">it</token>
  <token t_id="411" sentence="21" number="8">“</token>
  <token t_id="412" sentence="21" number="9">charred</token>
  <token t_id="413" sentence="21" number="10">beams</token>
  <token t_id="414" sentence="21" number="11">and</token>
  <token t_id="415" sentence="21" number="12">melted</token>
  <token t_id="416" sentence="21" number="13">pictures</token>
  <token t_id="417" sentence="21" number="14">on</token>
  <token t_id="418" sentence="21" number="15">the</token>
  <token t_id="419" sentence="21" number="16">wall</token>
  <token t_id="420" sentence="21" number="17">”</token>
  <token t_id="421" sentence="21" number="18">doesn</token>
  <token t_id="422" sentence="21" number="19">’</token>
  <token t_id="423" sentence="21" number="20">t</token>
  <token t_id="424" sentence="21" number="21">sound</token>
  <token t_id="425" sentence="21" number="22">like</token>
  <token t_id="426" sentence="21" number="23">a</token>
  <token t_id="427" sentence="21" number="24">fire</token>
  <token t_id="428" sentence="21" number="25">caused</token>
  <token t_id="429" sentence="21" number="26">by</token>
  <token t_id="430" sentence="21" number="27">a</token>
  <token t_id="431" sentence="21" number="28">cigarette</token>
  <token t_id="432" sentence="21" number="29">in</token>
  <token t_id="433" sentence="21" number="30">bed</token>
  <token t_id="434" sentence="21" number="31">.</token>
  <token t_id="435" sentence="22" number="0">The</token>
  <token t_id="436" sentence="22" number="1">troubling</token>
  <token t_id="437" sentence="22" number="2">“</token>
  <token t_id="438" sentence="22" number="3">pattern</token>
  <token t_id="439" sentence="22" number="4">”</token>
  <token t_id="440" sentence="22" number="5">emerges</token>
  <token t_id="441" sentence="22" number="6">as</token>
  <token t_id="442" sentence="22" number="7">there</token>
  <token t_id="443" sentence="22" number="8">is</token>
  <token t_id="444" sentence="22" number="9">report</token>
  <token t_id="445" sentence="22" number="10">of</token>
  <token t_id="446" sentence="22" number="11">yet</token>
  <token t_id="447" sentence="22" number="12">another</token>
  <token t_id="448" sentence="22" number="13">fire</token>
  <token t_id="449" sentence="22" number="14">in</token>
  <token t_id="450" sentence="22" number="15">the</token>
  <token t_id="451" sentence="22" number="16">small</token>
  <token t_id="452" sentence="22" number="17">community</token>
  <token t_id="453" sentence="22" number="18">of</token>
  <token t_id="454" sentence="22" number="19">Palmer</token>
  <token t_id="455" sentence="22" number="20">Alaska</token>
  <token t_id="456" sentence="22" number="21">.</token>
  <token t_id="457" sentence="23" number="0">This</token>
  <token t_id="458" sentence="23" number="1">time</token>
  <token t_id="459" sentence="23" number="2">the</token>
  <token t_id="460" sentence="23" number="3">fire</token>
  <token t_id="461" sentence="23" number="4">occurred</token>
  <token t_id="462" sentence="23" number="5">at</token>
  <token t_id="463" sentence="23" number="6">the</token>
  <token t_id="464" sentence="23" number="7">Matanuska</token>
  <token t_id="465" sentence="23" number="8">Maid</token>
  <token t_id="466" sentence="23" number="9">Creamery</token>
  <token t_id="467" sentence="23" number="10">.</token>
  <token t_id="468" sentence="24" number="0">You</token>
  <token t_id="469" sentence="24" number="1">remember</token>
  <token t_id="470" sentence="24" number="2">.</token>
  <token t_id="471" sentence="25" number="0">that</token>
  <token t_id="472" sentence="25" number="1">dairy</token>
  <token t_id="473" sentence="25" number="2">was</token>
  <token t_id="474" sentence="25" number="3">the</token>
  <token t_id="475" sentence="25" number="4">subject</token>
  <token t_id="476" sentence="25" number="5">of</token>
  <token t_id="477" sentence="25" number="6">a</token>
  <token t_id="478" sentence="25" number="7">thorough</token>
  <token t_id="479" sentence="25" number="8">investigation</token>
  <token t_id="480" sentence="25" number="9">by</token>
  <token t_id="481" sentence="25" number="10">Andrew</token>
  <token t_id="482" sentence="25" number="11">Halcro</token>
  <token t_id="483" sentence="25" number="12">.</token>
  <token t_id="484" sentence="26" number="0">Andrew</token>
  <token t_id="485" sentence="26" number="1">’</token>
  <token t_id="486" sentence="26" number="2">s</token>
  <token t_id="487" sentence="26" number="3">suggestion</token>
  <token t_id="488" sentence="26" number="4">was</token>
  <token t_id="489" sentence="26" number="5">that</token>
  <token t_id="490" sentence="26" number="6">Sarah</token>
  <token t_id="491" sentence="26" number="7">Palin</token>
  <token t_id="492" sentence="26" number="8">had</token>
  <token t_id="493" sentence="26" number="9">fraudulently</token>
  <token t_id="494" sentence="26" number="10">diverted</token>
  <token t_id="495" sentence="26" number="11">large</token>
  <token t_id="496" sentence="26" number="12">sums</token>
  <token t_id="497" sentence="26" number="13">of</token>
  <token t_id="498" sentence="26" number="14">money</token>
  <token t_id="499" sentence="26" number="15">to</token>
  <token t_id="500" sentence="26" number="16">friends</token>
  <token t_id="501" sentence="26" number="17">and</token>
  <token t_id="502" sentence="26" number="18">high</token>
  <token t_id="503" sentence="26" number="19">school</token>
  <token t_id="504" sentence="26" number="20">buddies</token>
  <token t_id="505" sentence="26" number="21">.</token>
  <token t_id="506" sentence="27" number="0">Within</token>
  <token t_id="507" sentence="27" number="1">a</token>
  <token t_id="508" sentence="27" number="2">week</token>
  <token t_id="509" sentence="27" number="3">of</token>
  <token t_id="510" sentence="27" number="4">the</token>
  <token t_id="511" sentence="27" number="5">dissolution</token>
  <token t_id="512" sentence="27" number="6">of</token>
  <token t_id="513" sentence="27" number="7">the</token>
  <token t_id="514" sentence="27" number="8">last</token>
  <token t_id="515" sentence="27" number="9">entity</token>
  <token t_id="516" sentence="27" number="10">to</token>
  <token t_id="517" sentence="27" number="11">run</token>
  <token t_id="518" sentence="27" number="12">the</token>
  <token t_id="519" sentence="27" number="13">Matanuska</token>
  <token t_id="520" sentence="27" number="14">Maid</token>
  <token t_id="521" sentence="27" number="15">Creamery</token>
  <token t_id="522" sentence="27" number="16">,</token>
  <token t_id="523" sentence="27" number="17">its</token>
  <token t_id="524" sentence="27" number="18">building</token>
  <token t_id="525" sentence="27" number="19">burned</token>
  <token t_id="526" sentence="27" number="20">to</token>
  <token t_id="527" sentence="27" number="21">the</token>
  <token t_id="528" sentence="27" number="22">ground</token>
  <token t_id="529" sentence="27" number="23">.</token>
  <token t_id="530" sentence="28" number="0">Arson</token>
  <token t_id="531" sentence="28" number="1">is</token>
  <token t_id="532" sentence="28" number="2">likely</token>
  <token t_id="533" sentence="28" number="3">,</token>
  <token t_id="534" sentence="28" number="4">given</token>
  <token t_id="535" sentence="28" number="5">the</token>
  <token t_id="536" sentence="28" number="6">fact</token>
  <token t_id="537" sentence="28" number="7">that</token>
  <token t_id="538" sentence="28" number="8">the</token>
  <token t_id="539" sentence="28" number="9">building</token>
  <token t_id="540" sentence="28" number="10">was</token>
  <token t_id="541" sentence="28" number="11">without</token>
  <token t_id="542" sentence="28" number="12">electrical</token>
  <token t_id="543" sentence="28" number="13">or</token>
  <token t_id="544" sentence="28" number="14">gas</token>
  <token t_id="545" sentence="28" number="15">connections</token>
  <token t_id="546" sentence="28" number="16">and</token>
  <token t_id="547" sentence="28" number="17">the</token>
  <token t_id="548" sentence="28" number="18">fire</token>
  <token t_id="549" sentence="28" number="19">broke</token>
  <token t_id="550" sentence="28" number="20">out</token>
  <token t_id="551" sentence="28" number="21">at</token>
  <token t_id="552" sentence="28" number="22">3</token>
  <token t_id="553" sentence="28" number="23">:</token>
  <token t_id="554" sentence="28" number="24">30</token>
  <token t_id="555" sentence="28" number="25">AM</token>
  <token t_id="556" sentence="28" number="26">.</token>
  <token t_id="557" sentence="29" number="0">All</token>
  <token t_id="558" sentence="29" number="1">three</token>
  <token t_id="559" sentence="29" number="2">fires</token>
  <token t_id="560" sentence="29" number="3">appear</token>
  <token t_id="561" sentence="29" number="4">to</token>
  <token t_id="562" sentence="29" number="5">be</token>
  <token t_id="563" sentence="29" number="6">the</token>
  <token t_id="564" sentence="29" number="7">result</token>
  <token t_id="565" sentence="29" number="8">of</token>
  <token t_id="566" sentence="29" number="9">arson</token>
  <token t_id="567" sentence="29" number="10">.</token>
  <token t_id="568" sentence="30" number="0">All</token>
  <token t_id="569" sentence="30" number="1">three</token>
  <token t_id="570" sentence="30" number="2">fires</token>
  <token t_id="571" sentence="30" number="3">occurred</token>
  <token t_id="572" sentence="30" number="4">in</token>
  <token t_id="573" sentence="30" number="5">or</token>
  <token t_id="574" sentence="30" number="6">around</token>
  <token t_id="575" sentence="30" number="7">the</token>
  <token t_id="576" sentence="30" number="8">small</token>
  <token t_id="577" sentence="30" number="9">town</token>
  <token t_id="578" sentence="30" number="10">of</token>
  <token t_id="579" sentence="30" number="11">Alaska</token>
  <token t_id="580" sentence="30" number="12">where</token>
  <token t_id="581" sentence="30" number="13">Sarah</token>
  <token t_id="582" sentence="30" number="14">Palin</token>
  <token t_id="583" sentence="30" number="15">lives</token>
  <token t_id="584" sentence="30" number="16">.</token>
  <token t_id="585" sentence="31" number="0">All</token>
  <token t_id="586" sentence="31" number="1">three</token>
  <token t_id="587" sentence="31" number="2">fires</token>
  <token t_id="588" sentence="31" number="3">may</token>
  <token t_id="589" sentence="31" number="4">have</token>
  <token t_id="590" sentence="31" number="5">conferred</token>
  <token t_id="591" sentence="31" number="6">some</token>
  <token t_id="592" sentence="31" number="7">benefit</token>
  <token t_id="593" sentence="31" number="8">on</token>
  <token t_id="594" sentence="31" number="9">Sarah</token>
  <token t_id="595" sentence="31" number="10">Palin</token>
  <token t_id="596" sentence="31" number="11">.</token>
  <token t_id="597" sentence="32" number="0">When</token>
  <token t_id="598" sentence="32" number="1">the</token>
  <token t_id="599" sentence="32" number="2">church</token>
  <token t_id="600" sentence="32" number="3">fire</token>
  <token t_id="601" sentence="32" number="4">destroyed</token>
  <token t_id="602" sentence="32" number="5">church</token>
  <token t_id="603" sentence="32" number="6">records</token>
  <token t_id="604" sentence="32" number="7">,</token>
  <token t_id="605" sentence="32" number="8">I</token>
  <token t_id="606" sentence="32" number="9">suspected</token>
  <token t_id="607" sentence="32" number="10">foul</token>
  <token t_id="608" sentence="32" number="11">play</token>
  <token t_id="609" sentence="32" number="12">,</token>
  <token t_id="610" sentence="32" number="13">but</token>
  <token t_id="611" sentence="32" number="14">knew</token>
  <token t_id="612" sentence="32" number="15">that</token>
  <token t_id="613" sentence="32" number="16">it</token>
  <token t_id="614" sentence="32" number="17">was</token>
  <token t_id="615" sentence="32" number="18">probably</token>
  <token t_id="616" sentence="32" number="19">just</token>
  <token t_id="617" sentence="32" number="20">chance</token>
  <token t_id="618" sentence="32" number="21">.</token>
  <token t_id="619" sentence="33" number="0">When</token>
  <token t_id="620" sentence="33" number="1">Dar</token>
  <token t_id="621" sentence="33" number="2">Miller</token>
  <token t_id="622" sentence="33" number="3">’</token>
  <token t_id="623" sentence="33" number="4">s</token>
  <token t_id="624" sentence="33" number="5">home</token>
  <token t_id="625" sentence="33" number="6">was</token>
  <token t_id="626" sentence="33" number="7">burned</token>
  <token t_id="627" sentence="33" number="8">and</token>
  <token t_id="628" sentence="33" number="9">she</token>
  <token t_id="629" sentence="33" number="10">was</token>
  <token t_id="630" sentence="33" number="11">killed</token>
  <token t_id="631" sentence="33" number="12">by</token>
  <token t_id="632" sentence="33" number="13">the</token>
  <token t_id="633" sentence="33" number="14">blaze</token>
  <token t_id="634" sentence="33" number="15">,</token>
  <token t_id="635" sentence="33" number="16">I</token>
  <token t_id="636" sentence="33" number="17">suspected</token>
  <token t_id="637" sentence="33" number="18">foul</token>
  <token t_id="638" sentence="33" number="19">play</token>
  <token t_id="639" sentence="33" number="20">,</token>
  <token t_id="640" sentence="33" number="21">but</token>
  <token t_id="641" sentence="33" number="22">knew</token>
  <token t_id="642" sentence="33" number="23">that</token>
  <token t_id="643" sentence="33" number="24">it</token>
  <token t_id="644" sentence="33" number="25">could</token>
  <token t_id="645" sentence="33" number="26">be</token>
  <token t_id="646" sentence="33" number="27">merely</token>
  <token t_id="647" sentence="33" number="28">coincidence</token>
  <token t_id="648" sentence="33" number="29">.</token>
  <token t_id="649" sentence="34" number="0">Now</token>
  <token t_id="650" sentence="34" number="1">that</token>
  <token t_id="651" sentence="34" number="2">the</token>
  <token t_id="652" sentence="34" number="3">Dairy</token>
  <token t_id="653" sentence="34" number="4">has</token>
  <token t_id="654" sentence="34" number="5">burned</token>
  <token t_id="655" sentence="34" number="6">,</token>
  <token t_id="656" sentence="34" number="7">and</token>
  <token t_id="657" sentence="34" number="8">foul</token>
  <token t_id="658" sentence="34" number="9">play</token>
  <token t_id="659" sentence="34" number="10">seems</token>
  <token t_id="660" sentence="34" number="11">clear</token>
  <token t_id="661" sentence="34" number="12">,</token>
  <token t_id="662" sentence="34" number="13">there</token>
  <token t_id="663" sentence="34" number="14">is</token>
  <token t_id="664" sentence="34" number="15">an</token>
  <token t_id="665" sentence="34" number="16">unmistakable</token>
  <token t_id="666" sentence="34" number="17">pattern</token>
  <token t_id="667" sentence="34" number="18">.</token>
  <token t_id="668" sentence="35" number="0">Given</token>
  <token t_id="669" sentence="35" number="1">the</token>
  <token t_id="670" sentence="35" number="2">fact</token>
  <token t_id="671" sentence="35" number="3">that</token>
  <token t_id="672" sentence="35" number="4">none</token>
  <token t_id="673" sentence="35" number="5">of</token>
  <token t_id="674" sentence="35" number="6">these</token>
  <token t_id="675" sentence="35" number="7">crimes</token>
  <token t_id="676" sentence="35" number="8">has</token>
  <token t_id="677" sentence="35" number="9">been</token>
  <token t_id="678" sentence="35" number="10">“</token>
  <token t_id="679" sentence="35" number="11">solved</token>
  <token t_id="680" sentence="35" number="12">,</token>
  <token t_id="681" sentence="35" number="13">”</token>
  <token t_id="682" sentence="35" number="14">a</token>
  <token t_id="683" sentence="35" number="15">pattern</token>
  <token t_id="684" sentence="35" number="16">is</token>
  <token t_id="685" sentence="35" number="17">emerging</token>
  <token t_id="686" sentence="35" number="18">.</token>
  <token t_id="687" sentence="36" number="0">I</token>
  <token t_id="688" sentence="36" number="1">wonder</token>
  <token t_id="689" sentence="36" number="2">how</token>
  <token t_id="690" sentence="36" number="3">long</token>
  <token t_id="691" sentence="36" number="4">it</token>
  <token t_id="692" sentence="36" number="5">will</token>
  <token t_id="693" sentence="36" number="6">be</token>
  <token t_id="694" sentence="36" number="7">before</token>
  <token t_id="695" sentence="36" number="8">the</token>
  <token t_id="696" sentence="36" number="9">Anchorage</token>
  <token t_id="697" sentence="36" number="10">Police</token>
  <token t_id="698" sentence="36" number="11">Department</token>
  <token t_id="699" sentence="36" number="12">will</token>
  <token t_id="700" sentence="36" number="13">issue</token>
  <token t_id="701" sentence="36" number="14">a</token>
  <token t_id="702" sentence="36" number="15">press</token>
  <token t_id="703" sentence="36" number="16">release</token>
  <token t_id="704" sentence="36" number="17">stating</token>
  <token t_id="705" sentence="36" number="18">that</token>
  <token t_id="706" sentence="36" number="19">there</token>
  <token t_id="707" sentence="36" number="20">is</token>
  <token t_id="708" sentence="36" number="21">not</token>
  <token t_id="709" sentence="36" number="22">one</token>
  <token t_id="710" sentence="36" number="23">scintilla</token>
  <token t_id="711" sentence="36" number="24">of</token>
  <token t_id="712" sentence="36" number="25">evidence</token>
  <token t_id="713" sentence="36" number="26">connecting</token>
  <token t_id="714" sentence="36" number="27">any</token>
  <token t_id="715" sentence="36" number="28">of</token>
  <token t_id="716" sentence="36" number="29">the</token>
  <token t_id="717" sentence="36" number="30">members</token>
  <token t_id="718" sentence="36" number="31">of</token>
  <token t_id="719" sentence="36" number="32">the</token>
  <token t_id="720" sentence="36" number="33">Palin</token>
  <token t_id="721" sentence="36" number="34">family</token>
  <token t_id="722" sentence="36" number="35">with</token>
  <token t_id="723" sentence="36" number="36">these</token>
  <token t_id="724" sentence="36" number="37">cases</token>
  <token t_id="725" sentence="36" number="38">of</token>
  <token t_id="726" sentence="36" number="39">arson</token>
  <token t_id="727" sentence="36" number="40">?</token>
  <Markables>
    <ACTION_OCCURRENCE m_id="1" comment="" climaxEvent="FALSE">
      <token_anchor t_id="525"/>
    </ACTION_OCCURRENCE>
    <ACTION_OCCURRENCE m_id="2" comment="" climaxEvent="FALSE">
      <token_anchor t_id="530"/>
    </ACTION_OCCURRENCE>
    <ACTION_OCCURRENCE m_id="3" comment="" climaxEvent="FALSE">
      <token_anchor t_id="548"/>
    </ACTION_OCCURRENCE>
    <ACTION_OCCURRENCE m_id="4" comment="" climaxEvent="FALSE">
      <token_anchor t_id="549"/>
      <token_anchor t_id="550"/>
    </ACTION_OCCURRENCE>
    <ACTION_OCCURRENCE m_id="5" comment="" climaxEvent="FALSE">
      <token_anchor t_id="75"/>
    </ACTION_OCCURRENCE>
    <ACTION_OCCURRENCE m_id="6" comment="" climaxEvent="FALSE">
      <token_anchor t_id="78"/>
    </ACTION_OCCURRENCE>
    <ACTION_OCCURRENCE m_id="7" comment="" climaxEvent="FALSE">
      <token_anchor t_id="80"/>
    </ACTION_OCCURRENCE>
    <ACTION_OCCURRENCE m_id="8" comment="" climaxEvent="FALSE">
      <token_anchor t_id="67"/>
    </ACTION_OCCURRENCE>
    <ACTION_OCCURRENCE m_id="9" comment="" climaxEvent="FALSE">
      <token_anchor t_id="98"/>
    </ACTION_OCCURRENCE>
    <ACTION_OCCURRENCE m_id="10" comment="" climaxEvent="FALSE">
      <token_anchor t_id="103"/>
    </ACTION_OCCURRENCE>
    <ACTION_OCCURRENCE m_id="11" comment="" climaxEvent="FALSE">
      <token_anchor t_id="100"/>
    </ACTION_OCCURRENCE>
    <ACTION_OCCURRENCE m_id="12" comment="" climaxEvent="FALSE">
      <token_anchor t_id="654"/>
    </ACTION_OCCURRENCE>
    <ACTION_OCCURRENCE m_id="13" comment="" climaxEvent="FALSE">
      <token_anchor t_id="657"/>
      <token_anchor t_id="658"/>
    </ACTION_OCCURRENCE>
    <ACTION_OCCURRENCE m_id="14" comment="" climaxEvent="FALSE">
      <token_anchor t_id="666"/>
    </ACTION_OCCURRENCE>
    <ACTION_OCCURRENCE m_id="15" comment="" climaxEvent="FALSE">
      <token_anchor t_id="460"/>
    </ACTION_OCCURRENCE>
    <ACTION_OCCURRENCE m_id="16" comment="" climaxEvent="FALSE">
      <token_anchor t_id="600"/>
    </ACTION_OCCURRENCE>
    <ACTION_OCCURRENCE m_id="17" comment="" climaxEvent="FALSE">
      <token_anchor t_id="461"/>
    </ACTION_OCCURRENCE>
    <ACTION_OCCURRENCE m_id="18" comment="" climaxEvent="FALSE">
      <token_anchor t_id="601"/>
    </ACTION_OCCURRENCE>
    <ACTION_OCCURRENCE m_id="19" comment="" climaxEvent="FALSE">
      <token_anchor t_id="607"/>
      <token_anchor t_id="608"/>
    </ACTION_OCCURRENCE>
    <ACTION_OCCURRENCE m_id="20" comment="" climaxEvent="FALSE">
      <token_anchor t_id="611"/>
    </ACTION_OCCURRENCE>
    <ACTION_OCCURRENCE m_id="21" comment="" climaxEvent="FALSE">
      <token_anchor t_id="511"/>
    </ACTION_OCCURRENCE>
    <ACTION_STATE m_id="22" climaxEvent="FALSE" comment="">
      <token_anchor t_id="517"/>
    </ACTION_STATE>
    <HUMAN_PART_ORG m_id="23">
      <token_anchor t_id="519"/>
      <token_anchor t_id="520"/>
      <token_anchor t_id="521"/>
    </HUMAN_PART_ORG>
    <HUMAN_PART_ORG m_id="24">
      <token_anchor t_id="515"/>
    </HUMAN_PART_ORG>
    <HUMAN_PART_PER m_id="25" comment="">
      <token_anchor t_id="605"/>
    </HUMAN_PART_PER>
    <LOC_FAC m_id="26">
      <token_anchor t_id="464"/>
      <token_anchor t_id="465"/>
      <token_anchor t_id="466"/>
    </LOC_FAC>
    <NEG_ACTION_STATE m_id="27" comment="" climaxEvent="FALSE">
      <token_anchor t_id="545"/>
    </NEG_ACTION_STATE>
    <NON_HUMAN_PART m_id="29" comment="">
      <token_anchor t_id="544"/>
    </NON_HUMAN_PART>
    <NON_HUMAN_PART m_id="30" comment="">
      <token_anchor t_id="528"/>
    </NON_HUMAN_PART>
    <NON_HUMAN_PART m_id="31" comment="">
      <token_anchor t_id="536"/>
    </NON_HUMAN_PART>
    <NON_HUMAN_PART m_id="32" comment="">
      <token_anchor t_id="603"/>
    </NON_HUMAN_PART>
    <NON_HUMAN_PART m_id="36" comment="">
      <token_anchor t_id="652"/>
    </NON_HUMAN_PART>
    <NON_HUMAN_PART m_id="37" comment="">
      <token_anchor t_id="71"/>
      <token_anchor t_id="72"/>
      <token_anchor t_id="73"/>
    </NON_HUMAN_PART>
    <NON_HUMAN_PART m_id="38" comment="">
      <token_anchor t_id="524"/>
    </NON_HUMAN_PART>
    <NON_HUMAN_PART m_id="39" comment="">
      <token_anchor t_id="539"/>
    </NON_HUMAN_PART>
    <NON_HUMAN_PART m_id="28" comment="">
      <token_anchor t_id="542"/>
    </NON_HUMAN_PART>
    <TIME_DATE m_id="33" comment="" DCT="TRUE" value="2012-11-20" anchorTimeID="33">
      <token_anchor t_id="37"/>
      <token_anchor t_id="38"/>
      <token_anchor t_id="39"/>
      <token_anchor t_id="40"/>
    </TIME_DATE>
    <TIME_DURATION m_id="34" value="" anchorTimeID="" begin="" endPoint="">
      <token_anchor t_id="506"/>
      <token_anchor t_id="507"/>
      <token_anchor t_id="508"/>
    </TIME_DURATION>
    <TIME_OF_THE_DAY m_id="35" DCT="FALSE" value="2012-08-07T3:30" anchorTimeID="">
      <token_anchor t_id="552"/>
      <token_anchor t_id="553"/>
      <token_anchor t_id="554"/>
      <token_anchor t_id="555"/>
    </TIME_OF_THE_DAY>
    <NON_HUMAN_PART m_id="40" RELATED_TO="" TAG_DESCRIPTOR="t13_gas" comment=""/>
    <ACTION_OCCURRENCE m_id="41" RELATED_TO="" TAG_DESCRIPTOR="t13_fire_destroyed" comment="" climaxEvent="FALSE"/>
    <ACTION_OCCURRENCE m_id="42" RELATED_TO="" TAG_DESCRIPTOR="t13b_arson" comment="" climaxEvent="FALSE"/>
    <HUMAN_PART_ORG m_id="43" RELATED_TO="" TAG_DESCRIPTOR="t13_creamery"/>
    <NON_HUMAN_PART m_id="44" RELATED_TO="" TAG_DESCRIPTOR="t13_wassila_church_building" comment=""/>
    <ACTION_OCCURRENCE m_id="45" RELATED_TO="" TAG_DESCRIPTOR="t13_foul_play" comment="" climaxEvent="FALSE"/>
    <LOC_FAC m_id="46" RELATED_TO="" TAG_DESCRIPTOR="t13_matanuska_maid_creamery"/>
    <ACTION_OCCURRENCE m_id="47" RELATED_TO="" TAG_DESCRIPTOR="t13_arson" comment="" climaxEvent="FALSE"/>
    <TIME_OF_THE_DAY m_id="48" RELATED_TO="" TAG_DESCRIPTOR="t13_3.33" value="" anchorTimeID="" DCT="FALSE"/>
    <ACTION_OCCURRENCE m_id="49" RELATED_TO="" TAG_DESCRIPTOR="t13_fire_broke_out" comment="" climaxEvent="FALSE"/>
    <ACTION_OCCURRENCE m_id="50" RELATED_TO="" TAG_DESCRIPTOR="t13_no_arrests_made" comment="" climaxEvent="FALSE"/>
    <ACTION_OCCURRENCE m_id="51" RELATED_TO="" TAG_DESCRIPTOR="t13_fire" comment="" climaxEvent="FALSE"/>
    <ACTION_OCCURRENCE m_id="52" RELATED_TO="" TAG_DESCRIPTOR="t13_burned" comment="" climaxEvent="FALSE"/>
    <ACTION_OCCURRENCE m_id="53" RELATED_TO="" TAG_DESCRIPTOR="t13_church_fire" comment="" climaxEvent="FALSE"/>
    <NON_HUMAN_PART m_id="54" RELATED_TO="" TAG_DESCRIPTOR="t13_manatuska_creamery_building" comment=""/>
    <TIME_DATE m_id="55" RELATED_TO="" TAG_DESCRIPTOR="t_2008-12-12" value="" anchorTimeID="" DCT="FALSE" comment=""/>
  </Markables>
  <Relations>
    <TLINK r_id="95071" contextualModality="" relType="CONTAINS" comment="">
      <source m_id="55"/>
      <target m_id="16"/>
    </TLINK>
    <TLINK r_id="95072" contextualModality="" relType="CONTAINS" comment="">
      <source m_id="55"/>
      <target m_id="18"/>
    </TLINK>
    <TLINK r_id="95073" contextualModality="" relType="CONTAINS" comment="">
      <source m_id="55"/>
      <target m_id="19"/>
    </TLINK>
    <TLINK r_id="95075" contextualModality="" relType="BEFORE" comment="">
      <source m_id="55"/>
      <target m_id="12"/>
    </TLINK>
    <TLINK r_id="95076" contextualModality="" relType="CONTAINS" comment="">
      <source m_id="55"/>
      <target m_id="13"/>
    </TLINK>
    <TLINK r_id="95077" contextualModality="" relType="AFTER" comment="">
      <source m_id="35"/>
      <target m_id="21"/>
    </TLINK>
    <TLINK r_id="95078" contextualModality="" relType="OVERLAP" comment="">
      <source m_id="35"/>
      <target m_id="1"/>
    </TLINK>
    <TLINK r_id="95080" contextualModality="" relType="OVERLAP" comment="">
      <source m_id="35"/>
      <target m_id="2"/>
    </TLINK>
    <TLINK r_id="95081" contextualModality="" relType="BEGUN_ON" comment="">
      <source m_id="35"/>
      <target m_id="3"/>
    </TLINK>
    <TLINK r_id="95082" contextualModality="" relType="CONTAINS" comment="">
      <source m_id="35"/>
      <target m_id="4"/>
    </TLINK>
    <TLINK r_id="95083" contextualModality="" relType="CONTAINS" comment="">
      <source m_id="55"/>
      <target m_id="5"/>
    </TLINK>
    <TLINK r_id="95084" contextualModality="" relType="OVERLAP" comment="">
      <source m_id="55"/>
      <target m_id="6"/>
    </TLINK>
    <TLINK r_id="95086" contextualModality="" relType="CONTAINS" comment="">
      <source m_id="55"/>
      <target m_id="10"/>
    </TLINK>
    <TLINK r_id="95087" contextualModality="" relType="AFTER" comment="">
      <source m_id="33"/>
      <target m_id="5"/>
    </TLINK>
    <TLINK r_id="95088" contextualModality="" relType="AFTER" comment="">
      <source m_id="33"/>
      <target m_id="6"/>
    </TLINK>
    <TLINK r_id="95089" contextualModality="" relType="AFTER" comment="">
      <source m_id="33"/>
      <target m_id="9"/>
    </TLINK>
    <TLINK r_id="95090" contextualModality="" relType="AFTER" comment="">
      <source m_id="33"/>
      <target m_id="10"/>
    </TLINK>
    <TLINK r_id="95091" contextualModality="" relType="AFTER" comment="">
      <source m_id="33"/>
      <target m_id="15"/>
    </TLINK>
    <TLINK r_id="95092" contextualModality="" relType="AFTER" comment="">
      <source m_id="33"/>
      <target m_id="17"/>
    </TLINK>
    <TLINK r_id="95093" contextualModality="" relType="AFTER" comment="">
      <source m_id="33"/>
      <target m_id="21"/>
    </TLINK>
    <TLINK r_id="95095" contextualModality="" relType="CONTAINS" comment="">
      <source m_id="33"/>
      <target m_id="2"/>
    </TLINK>
    <TLINK r_id="95096" contextualModality="" relType="AFTER" comment="">
      <source m_id="33"/>
      <target m_id="3"/>
    </TLINK>
    <TLINK r_id="95097" contextualModality="" relType="AFTER" comment="">
      <source m_id="33"/>
      <target m_id="4"/>
    </TLINK>
    <TLINK r_id="95098" contextualModality="" relType="AFTER" comment="">
      <source m_id="33"/>
      <target m_id="12"/>
    </TLINK>
    <TLINK r_id="95099" contextualModality="" relType="CONTAINS" comment="">
      <source m_id="33"/>
      <target m_id="13"/>
    </TLINK>
    <TLINK r_id="95100" contextualModality="" relType="AFTER" comment="">
      <source m_id="33"/>
      <target m_id="16"/>
    </TLINK>
    <TLINK r_id="95101" contextualModality="" relType="AFTER" comment="">
      <source m_id="33"/>
      <target m_id="18"/>
    </TLINK>
    <TLINK r_id="95102" contextualModality="" relType="AFTER" comment="">
      <source m_id="33"/>
      <target m_id="19"/>
    </TLINK>
    <TLINK r_id="95103" contextualModality="" relType="BEGUN_ON" comment="">
      <source m_id="35"/>
      <target m_id="15"/>
    </TLINK>
    <TLINK r_id="95104" contextualModality="" relType="BEGUN_ON" comment="">
      <source m_id="35"/>
      <target m_id="17"/>
    </TLINK>
    <PLOT_LINK r_id="99534" SIGNAL="" relType="PRECONDITION" CAUSES="FALSE" CAUSED_BY="FALSE">
      <source m_id="8"/>
      <target m_id="5"/>
    </PLOT_LINK>
    <PLOT_LINK r_id="99535" SIGNAL="" relType="FALLING_ACTION" CAUSES="FALSE" CAUSED_BY="FALSE">
      <source m_id="5"/>
      <target m_id="6"/>
    </PLOT_LINK>
    <PLOT_LINK r_id="99536" SIGNAL="" relType="FALLING_ACTION" CAUSES="FALSE" CAUSED_BY="FALSE">
      <source m_id="9"/>
      <target m_id="10"/>
    </PLOT_LINK>
    <PLOT_LINK r_id="99537" SIGNAL="" relType="PRECONDITION" CAUSES="FALSE" CAUSED_BY="FALSE">
      <source m_id="15"/>
      <target m_id="1"/>
    </PLOT_LINK>
    <PLOT_LINK r_id="99538" SIGNAL="" relType="FALLING_ACTION" CAUSES="FALSE" CAUSED_BY="FALSE">
      <source m_id="15"/>
      <target m_id="21"/>
    </PLOT_LINK>
    <PLOT_LINK r_id="99539" SIGNAL="" relType="PRECONDITION" CAUSES="FALSE" CAUSED_BY="FALSE">
      <source m_id="21"/>
      <target m_id="1"/>
    </PLOT_LINK>
    <PLOT_LINK r_id="99540" SIGNAL="" relType="PRECONDITION" CAUSES="FALSE" CAUSED_BY="FALSE">
      <source m_id="2"/>
      <target m_id="3"/>
    </PLOT_LINK>
    <PLOT_LINK r_id="99541" SIGNAL="" relType="FALLING_ACTION" CAUSES="FALSE" CAUSED_BY="FALSE">
      <source m_id="16"/>
      <target m_id="18"/>
    </PLOT_LINK>
    <PLOT_LINK r_id="99542">
      <source m_id="16"/>
      <target m_id="19"/>
    </PLOT_LINK>
    <PLOT_LINK r_id="99543" SIGNAL="" relType="PRECONDITION" CAUSES="FALSE" CAUSED_BY="FALSE">
      <source m_id="16"/>
      <target m_id="12"/>
    </PLOT_LINK>
    <PLOT_LINK r_id="99544" SIGNAL="" relType="FALLING_ACTION" CAUSES="FALSE" CAUSED_BY="FALSE">
      <source m_id="16"/>
      <target m_id="13"/>
    </PLOT_LINK>
    <PLOT_LINK r_id="99545" SIGNAL="" relType="PRECONDITION" CAUSES="FALSE" CAUSED_BY="FALSE">
      <source m_id="19"/>
      <target m_id="14"/>
    </PLOT_LINK>
    <PLOT_LINK r_id="99546" SIGNAL="" relType="PRECONDITION" CAUSES="FALSE" CAUSED_BY="FALSE">
      <source m_id="13"/>
      <target m_id="14"/>
    </PLOT_LINK>
  </Relations>
</Document>
