<?xml version='1.0' encoding='UTF-8'?>
<Document doc_name="13_6ecbplus.xml">
  <token t_id="1" sentence="0" number="0">http</token>
  <token t_id="2" sentence="0" number="1">:</token>
  <token t_id="3" sentence="0" number="2">/</token>
  <token t_id="4" sentence="0" number="3">/</token>
  <token t_id="5" sentence="0" number="4">articles</token>
  <token t_id="6" sentence="0" number="5">.</token>
  <token t_id="7" sentence="0" number="6">ktuu</token>
  <token t_id="8" sentence="0" number="7">.</token>
  <token t_id="9" sentence="0" number="8">com</token>
  <token t_id="10" sentence="0" number="9">/</token>
  <token t_id="11" sentence="0" number="10">2012</token>
  <token t_id="12" sentence="0" number="11">-</token>
  <token t_id="13" sentence="0" number="12">08</token>
  <token t_id="14" sentence="0" number="13">-</token>
  <token t_id="15" sentence="0" number="14">07</token>
  <token t_id="16" sentence="0" number="15">/</token>
  <token t_id="17" sentence="0" number="16">fire</token>
  <token t_id="18" sentence="0" number="17">-</token>
  <token t_id="19" sentence="0" number="18">crews</token>
  <token t_id="20" sentence="0" number="19">_</token>
  <token t_id="21" sentence="0" number="20">33105272</token>
  <token t_id="22" sentence="1" number="0">Matanuska</token>
  <token t_id="23" sentence="1" number="1">Maid</token>
  <token t_id="24" sentence="1" number="2">Dairy</token>
  <token t_id="25" sentence="1" number="3">Building</token>
  <token t_id="26" sentence="1" number="4">Burns</token>
  <token t_id="27" sentence="1" number="5">Down</token>
  <token t_id="28" sentence="2" number="0">August</token>
  <token t_id="29" sentence="2" number="1">07</token>
  <token t_id="30" sentence="2" number="2">,</token>
  <token t_id="31" sentence="2" number="3">2012</token>
  <token t_id="32" sentence="3" number="0">The</token>
  <token t_id="33" sentence="3" number="1">old</token>
  <token t_id="34" sentence="3" number="2">Matanuska</token>
  <token t_id="35" sentence="3" number="3">Maid</token>
  <token t_id="36" sentence="3" number="4">dairy</token>
  <token t_id="37" sentence="3" number="5">building</token>
  <token t_id="38" sentence="3" number="6">in</token>
  <token t_id="39" sentence="3" number="7">Palmer</token>
  <token t_id="40" sentence="3" number="8">was</token>
  <token t_id="41" sentence="3" number="9">nearly</token>
  <token t_id="42" sentence="3" number="10">destroyed</token>
  <token t_id="43" sentence="3" number="11">by</token>
  <token t_id="44" sentence="3" number="12">a</token>
  <token t_id="45" sentence="3" number="13">fire</token>
  <token t_id="46" sentence="3" number="14">early</token>
  <token t_id="47" sentence="3" number="15">Tuesday</token>
  <token t_id="48" sentence="3" number="16">morning</token>
  <token t_id="49" sentence="3" number="17">,</token>
  <token t_id="50" sentence="3" number="18">according</token>
  <token t_id="51" sentence="3" number="19">to</token>
  <token t_id="52" sentence="3" number="20">Palmer</token>
  <token t_id="53" sentence="3" number="21">officials</token>
  <token t_id="54" sentence="3" number="22">.</token>
  <token t_id="55" sentence="4" number="0">John</token>
  <token t_id="56" sentence="4" number="1">Owen</token>
  <token t_id="57" sentence="4" number="2">,</token>
  <token t_id="58" sentence="4" number="3">the</token>
  <token t_id="59" sentence="4" number="4">city's</token>
  <token t_id="60" sentence="4" number="5">public</token>
  <token t_id="61" sentence="4" number="6">safety</token>
  <token t_id="62" sentence="4" number="7">director</token>
  <token t_id="63" sentence="4" number="8">,</token>
  <token t_id="64" sentence="4" number="9">says</token>
  <token t_id="65" sentence="4" number="10">dispatchers</token>
  <token t_id="66" sentence="4" number="11">got</token>
  <token t_id="67" sentence="4" number="12">a</token>
  <token t_id="68" sentence="4" number="13">call</token>
  <token t_id="69" sentence="4" number="14">shortly</token>
  <token t_id="70" sentence="4" number="15">after</token>
  <token t_id="71" sentence="4" number="16">3</token>
  <token t_id="72" sentence="4" number="17">:</token>
  <token t_id="73" sentence="4" number="18">30</token>
  <token t_id="74" sentence="4" number="19">a</token>
  <token t_id="75" sentence="4" number="20">.</token>
  <token t_id="76" sentence="4" number="21">m</token>
  <token t_id="77" sentence="4" number="22">.</token>
  <token t_id="78" sentence="4" number="23">Tuesday</token>
  <token t_id="79" sentence="4" number="24">that</token>
  <token t_id="80" sentence="4" number="25">the</token>
  <token t_id="81" sentence="4" number="26">vacated</token>
  <token t_id="82" sentence="4" number="27">building</token>
  <token t_id="83" sentence="4" number="28">was</token>
  <token t_id="84" sentence="4" number="29">on</token>
  <token t_id="85" sentence="4" number="30">fire</token>
  <token t_id="86" sentence="4" number="31">.</token>
  <token t_id="87" sentence="5" number="0">Crews</token>
  <token t_id="88" sentence="5" number="1">arrived</token>
  <token t_id="89" sentence="5" number="2">to</token>
  <token t_id="90" sentence="5" number="3">find</token>
  <token t_id="91" sentence="5" number="4">flames</token>
  <token t_id="92" sentence="5" number="5">completely</token>
  <token t_id="93" sentence="5" number="6">engulfing</token>
  <token t_id="94" sentence="5" number="7">the</token>
  <token t_id="95" sentence="5" number="8">structure</token>
  <token t_id="96" sentence="5" number="9">.</token>
  <token t_id="97" sentence="6" number="0">Crews</token>
  <token t_id="98" sentence="6" number="1">from</token>
  <token t_id="99" sentence="6" number="2">both</token>
  <token t_id="100" sentence="6" number="3">Palmer</token>
  <token t_id="101" sentence="6" number="4">Fire</token>
  <token t_id="102" sentence="6" number="5">and</token>
  <token t_id="103" sentence="6" number="6">the</token>
  <token t_id="104" sentence="6" number="7">Mat</token>
  <token t_id="105" sentence="6" number="8">-</token>
  <token t_id="106" sentence="6" number="9">Su</token>
  <token t_id="107" sentence="6" number="10">Central</token>
  <token t_id="108" sentence="6" number="11">Fire</token>
  <token t_id="109" sentence="6" number="12">Department</token>
  <token t_id="110" sentence="6" number="13">responded</token>
  <token t_id="111" sentence="6" number="14">to</token>
  <token t_id="112" sentence="6" number="15">the</token>
  <token t_id="113" sentence="6" number="16">blaze</token>
  <token t_id="114" sentence="6" number="17">,</token>
  <token t_id="115" sentence="6" number="18">using</token>
  <token t_id="116" sentence="6" number="19">at</token>
  <token t_id="117" sentence="6" number="20">least</token>
  <token t_id="118" sentence="6" number="21">two</token>
  <token t_id="119" sentence="6" number="22">ladder</token>
  <token t_id="120" sentence="6" number="23">trucks</token>
  <token t_id="121" sentence="6" number="24">as</token>
  <token t_id="122" sentence="6" number="25">well</token>
  <token t_id="123" sentence="6" number="26">as</token>
  <token t_id="124" sentence="6" number="27">"a</token>
  <token t_id="125" sentence="6" number="28">number"</token>
  <token t_id="126" sentence="6" number="29">of</token>
  <token t_id="127" sentence="6" number="30">other</token>
  <token t_id="128" sentence="6" number="31">apparatus</token>
  <token t_id="129" sentence="6" number="32">.</token>
  <token t_id="130" sentence="7" number="0">The</token>
  <token t_id="131" sentence="7" number="1">fire</token>
  <token t_id="132" sentence="7" number="2">was</token>
  <token t_id="133" sentence="7" number="3">extinguished</token>
  <token t_id="134" sentence="7" number="4">by</token>
  <token t_id="135" sentence="7" number="5">7</token>
  <token t_id="136" sentence="7" number="6">a</token>
  <token t_id="137" sentence="7" number="7">.</token>
  <token t_id="138" sentence="7" number="8">m</token>
  <token t_id="139" sentence="7" number="9">.</token>
  <token t_id="140" sentence="7" number="10">,</token>
  <token t_id="141" sentence="7" number="11">after</token>
  <token t_id="142" sentence="7" number="12">fire</token>
  <token t_id="143" sentence="7" number="13">crews</token>
  <token t_id="144" sentence="7" number="14">attacked</token>
  <token t_id="145" sentence="7" number="15">it</token>
  <token t_id="146" sentence="7" number="16">from</token>
  <token t_id="147" sentence="7" number="17">all</token>
  <token t_id="148" sentence="7" number="18">sides</token>
  <token t_id="149" sentence="7" number="19">.</token>
  <token t_id="150" sentence="8" number="0">Owen</token>
  <token t_id="151" sentence="8" number="1">says</token>
  <token t_id="152" sentence="8" number="2">the</token>
  <token t_id="153" sentence="8" number="3">building</token>
  <token t_id="154" sentence="8" number="4">will</token>
  <token t_id="155" sentence="8" number="5">likely</token>
  <token t_id="156" sentence="8" number="6">be</token>
  <token t_id="157" sentence="8" number="7">a</token>
  <token t_id="158" sentence="8" number="8">total</token>
  <token t_id="159" sentence="8" number="9">loss</token>
  <token t_id="160" sentence="8" number="10">.</token>
  <token t_id="161" sentence="9" number="0">No</token>
  <token t_id="162" sentence="9" number="1">one</token>
  <token t_id="163" sentence="9" number="2">was</token>
  <token t_id="164" sentence="9" number="3">believed</token>
  <token t_id="165" sentence="9" number="4">to</token>
  <token t_id="166" sentence="9" number="5">be</token>
  <token t_id="167" sentence="9" number="6">inside</token>
  <token t_id="168" sentence="9" number="7">the</token>
  <token t_id="169" sentence="9" number="8">building</token>
  <token t_id="170" sentence="9" number="9">,</token>
  <token t_id="171" sentence="9" number="10">and</token>
  <token t_id="172" sentence="9" number="11">the</token>
  <token t_id="173" sentence="9" number="12">fire</token>
  <token t_id="174" sentence="9" number="13">marshal</token>
  <token t_id="175" sentence="9" number="14">had</token>
  <token t_id="176" sentence="9" number="15">been</token>
  <token t_id="177" sentence="9" number="16">called</token>
  <token t_id="178" sentence="9" number="17">to</token>
  <token t_id="179" sentence="9" number="18">investigate</token>
  <token t_id="180" sentence="9" number="19">.</token>
  <Markables>
    <ACTION_OCCURRENCE m_id="1" comment="" climaxEvent="FALSE">
      <token_anchor t_id="68"/>
    </ACTION_OCCURRENCE>
    <ACTION_OCCURRENCE m_id="2" comment="" climaxEvent="FALSE">
      <token_anchor t_id="131"/>
    </ACTION_OCCURRENCE>
    <ACTION_OCCURRENCE m_id="3" comment="" climaxEvent="FALSE">
      <token_anchor t_id="133"/>
    </ACTION_OCCURRENCE>
    <ACTION_OCCURRENCE m_id="4" comment="" climaxEvent="FALSE">
      <token_anchor t_id="144"/>
    </ACTION_OCCURRENCE>
    <ACTION_OCCURRENCE m_id="5" climaxEvent="TRUE" comment="">
      <token_anchor t_id="26"/>
      <token_anchor t_id="27"/>
    </ACTION_OCCURRENCE>
    <ACTION_OCCURRENCE m_id="6" comment="" climaxEvent="FALSE">
      <token_anchor t_id="42"/>
    </ACTION_OCCURRENCE>
    <ACTION_OCCURRENCE m_id="7" comment="" climaxEvent="FALSE">
      <token_anchor t_id="45"/>
    </ACTION_OCCURRENCE>
    <ACTION_REPORTING m_id="20">
      <token_anchor t_id="50"/>
      <token_anchor t_id="51"/>
    </ACTION_REPORTING>
    <ACTION_STATE m_id="8" climaxEvent="FALSE" comment="">
      <token_anchor t_id="84"/>
      <token_anchor t_id="85"/>
    </ACTION_STATE>
    <HUMAN_PART_ORG m_id="9">
      <token_anchor t_id="142"/>
      <token_anchor t_id="143"/>
    </HUMAN_PART_ORG>
    <HUMAN_PART_PER m_id="10" comment="">
      <token_anchor t_id="55"/>
      <token_anchor t_id="56"/>
    </HUMAN_PART_PER>
    <HUMAN_PART_PER m_id="11" comment="">
      <token_anchor t_id="65"/>
    </HUMAN_PART_PER>
    <HUMAN_PART_PER m_id="12" comment="">
      <token_anchor t_id="53"/>
    </HUMAN_PART_PER>
    <LOC_GEO m_id="18" comment="">
      <token_anchor t_id="38"/>
      <token_anchor t_id="39"/>
    </LOC_GEO>
    <LOC_GEO m_id="21" comment="">
      <token_anchor t_id="52"/>
    </LOC_GEO>
    <NON_HUMAN_PART m_id="17" comment="">
      <token_anchor t_id="22"/>
      <token_anchor t_id="23"/>
      <token_anchor t_id="24"/>
      <token_anchor t_id="25"/>
    </NON_HUMAN_PART>
    <NON_HUMAN_PART m_id="19" comment="">
      <token_anchor t_id="82"/>
    </NON_HUMAN_PART>
    <NON_HUMAN_PART m_id="22" comment="">
      <token_anchor t_id="34"/>
      <token_anchor t_id="35"/>
      <token_anchor t_id="36"/>
      <token_anchor t_id="37"/>
    </NON_HUMAN_PART>
    <TIME_DATE m_id="13" comment="" DCT="TRUE" value="2012-08-07" anchorTimeID="13">
      <token_anchor t_id="28"/>
      <token_anchor t_id="29"/>
      <token_anchor t_id="30"/>
      <token_anchor t_id="31"/>
    </TIME_DATE>
    <TIME_DATE m_id="16" comment="" DCT="FALSE" value="2012-08-07" anchorTimeID="">
      <token_anchor t_id="46"/>
      <token_anchor t_id="47"/>
      <token_anchor t_id="48"/>
    </TIME_DATE>
    <TIME_OF_THE_DAY m_id="14" value="" anchorTimeID="" DCT="FALSE">
      <token_anchor t_id="134"/>
      <token_anchor t_id="135"/>
      <token_anchor t_id="136"/>
      <token_anchor t_id="137"/>
      <token_anchor t_id="138"/>
    </TIME_OF_THE_DAY>
    <TIME_OF_THE_DAY m_id="15" value="" anchorTimeID="" DCT="FALSE">
      <token_anchor t_id="69"/>
      <token_anchor t_id="70"/>
      <token_anchor t_id="71"/>
      <token_anchor t_id="72"/>
      <token_anchor t_id="73"/>
      <token_anchor t_id="74"/>
      <token_anchor t_id="75"/>
      <token_anchor t_id="76"/>
      <token_anchor t_id="77"/>
      <token_anchor t_id="78"/>
    </TIME_OF_THE_DAY>
    <ACTION_OCCURRENCE m_id="23" RELATED_TO="" TAG_DESCRIPTOR="t13_fire" comment="" climaxEvent="FALSE"/>
    <ACTION_OCCURRENCE m_id="24" RELATED_TO="" TAG_DESCRIPTOR="t13_extinguished" comment="" climaxEvent="FALSE"/>
    <TIME_DATE m_id="25" RELATED_TO="" TAG_DESCRIPTOR="t13_tuesday" value="" anchorTimeID="" DCT="FALSE" comment=""/>
    <NON_HUMAN_PART m_id="26" RELATED_TO="" TAG_DESCRIPTOR="t13_manatuska_creamery_building" comment=""/>
    <ACTION_OCCURRENCE m_id="27" RELATED_TO="" TAG_DESCRIPTOR="t13_fire_destroyed" comment="" climaxEvent="FALSE"/>
    <HUMAN_PART_ORG m_id="28" RELATED_TO="" TAG_DESCRIPTOR="t13_fire_crews"/>
    <LOC_GEO m_id="29" RELATED_TO="" TAG_DESCRIPTOR="t13_palmer" comment=""/>
    <TIME_OF_THE_DAY m_id="30" RELATED_TO="" TAG_DESCRIPTOR="t13_3.33" value="" anchorTimeID="" DCT="FALSE"/>
    <HUMAN_PART_PER m_id="31" RELATED_TO="" TAG_DESCRIPTOR="t13_owen" comment=""/>
    <HUMAN_PART_PER m_id="32" RELATED_TO="" TAG_DESCRIPTOR="t13_officials_announcing_fire" comment=""/>
    <ACTION_REPORTING m_id="33" RELATED_TO="" TAG_DESCRIPTOR="t13_officials_say"/>
  </Markables>
  <Relations>
    <TLINK r_id="95119" contextualModality="" relType="CONTAINS" comment="">
      <source m_id="16"/>
      <target m_id="6"/>
    </TLINK>
    <TLINK r_id="95120" contextualModality="" relType="CONTAINS" comment="">
      <source m_id="16"/>
      <target m_id="7"/>
    </TLINK>
    <TLINK r_id="95122" contextualModality="" relType="OVERLAP" comment="">
      <source m_id="15"/>
      <target m_id="8"/>
    </TLINK>
    <TLINK r_id="95124" contextualModality="" relType="AFTER" comment="">
      <source m_id="14"/>
      <target m_id="2"/>
    </TLINK>
    <TLINK r_id="95125" contextualModality="" relType="AFTER" comment="">
      <source m_id="14"/>
      <target m_id="3"/>
    </TLINK>
    <TLINK r_id="95126" contextualModality="" relType="AFTER" comment="">
      <source m_id="14"/>
      <target m_id="4"/>
    </TLINK>
    <TLINK r_id="95127" contextualModality="" relType="CONTAINS" comment="">
      <source m_id="13"/>
      <target m_id="6"/>
    </TLINK>
    <TLINK r_id="95128" contextualModality="" relType="CONTAINS" comment="">
      <source m_id="13"/>
      <target m_id="7"/>
    </TLINK>
    <TLINK r_id="95129" contextualModality="" relType="CONTAINS" comment="">
      <source m_id="13"/>
      <target m_id="1"/>
    </TLINK>
    <TLINK r_id="95130" contextualModality="" relType="CONTAINS" comment="">
      <source m_id="13"/>
      <target m_id="8"/>
    </TLINK>
    <TLINK r_id="95131" contextualModality="" relType="CONTAINS" comment="">
      <source m_id="13"/>
      <target m_id="2"/>
    </TLINK>
    <TLINK r_id="95132" contextualModality="" relType="CONTAINS" comment="">
      <source m_id="13"/>
      <target m_id="3"/>
    </TLINK>
    <TLINK r_id="95133" contextualModality="" relType="CONTAINS" comment="">
      <source m_id="13"/>
      <target m_id="4"/>
    </TLINK>
    <PLOT_LINK r_id="99551" SIGNAL="" relType="FALLING_ACTION" CAUSES="FALSE" CAUSED_BY="FALSE">
      <source m_id="6"/>
      <target m_id="7"/>
    </PLOT_LINK>
    <PLOT_LINK r_id="99552" SIGNAL="" relType="FALLING_ACTION" CAUSES="FALSE" CAUSED_BY="FALSE">
      <source m_id="1"/>
      <target m_id="8"/>
    </PLOT_LINK>
    <PLOT_LINK r_id="99553" SIGNAL="" relType="PRECONDITION" CAUSES="FALSE" CAUSED_BY="FALSE">
      <source m_id="2"/>
      <target m_id="3"/>
    </PLOT_LINK>
    <PLOT_LINK r_id="99554" SIGNAL="" relType="FALLING_ACTION" CAUSES="FALSE" CAUSED_BY="FALSE">
      <source m_id="3"/>
      <target m_id="4"/>
    </PLOT_LINK>
  </Relations>
</Document>
