<?xml version='1.0' encoding='UTF-8'?>
<Document doc_name="13_9ecbplus.xml">
  <token t_id="1" sentence="0" number="0">http</token>
  <token t_id="2" sentence="0" number="1">:</token>
  <token t_id="3" sentence="0" number="2">/</token>
  <token t_id="4" sentence="0" number="3">/</token>
  <token t_id="5" sentence="0" number="4">www</token>
  <token t_id="6" sentence="0" number="5">.</token>
  <token t_id="7" sentence="0" number="6">alaskapublic</token>
  <token t_id="8" sentence="0" number="7">.</token>
  <token t_id="9" sentence="0" number="8">org</token>
  <token t_id="10" sentence="0" number="9">/</token>
  <token t_id="11" sentence="0" number="10">2012</token>
  <token t_id="12" sentence="0" number="11">/</token>
  <token t_id="13" sentence="0" number="12">08</token>
  <token t_id="14" sentence="0" number="13">/</token>
  <token t_id="15" sentence="0" number="14">07</token>
  <token t_id="16" sentence="0" number="15">/</token>
  <token t_id="17" sentence="0" number="16">matanuska</token>
  <token t_id="18" sentence="0" number="17">-</token>
  <token t_id="19" sentence="0" number="18">maid</token>
  <token t_id="20" sentence="0" number="19">-</token>
  <token t_id="21" sentence="0" number="20">building</token>
  <token t_id="22" sentence="0" number="21">-</token>
  <token t_id="23" sentence="0" number="22">burns</token>
  <token t_id="24" sentence="0" number="23">-</token>
  <token t_id="25" sentence="0" number="24">down</token>
  <token t_id="26" sentence="0" number="25">/</token>
  <token t_id="27" sentence="1" number="0">Matanuska</token>
  <token t_id="28" sentence="1" number="1">Maid</token>
  <token t_id="29" sentence="1" number="2">Building</token>
  <token t_id="30" sentence="1" number="3">Burns</token>
  <token t_id="31" sentence="1" number="4">Down</token>
  <token t_id="32" sentence="2" number="0">August</token>
  <token t_id="33" sentence="2" number="1">7</token>
  <token t_id="34" sentence="2" number="2">,</token>
  <token t_id="35" sentence="2" number="3">2012</token>
  <token t_id="36" sentence="2" number="4">-</token>
  <token t_id="37" sentence="2" number="5">5</token>
  <token t_id="38" sentence="2" number="6">:</token>
  <token t_id="39" sentence="2" number="7">46</token>
  <token t_id="40" sentence="2" number="8">pm</token>
  <token t_id="41" sentence="3" number="0">Alaska</token>
  <token t_id="42" sentence="3" number="1">lost</token>
  <token t_id="43" sentence="3" number="2">part</token>
  <token t_id="44" sentence="3" number="3">of</token>
  <token t_id="45" sentence="3" number="4">its</token>
  <token t_id="46" sentence="3" number="5">history</token>
  <token t_id="47" sentence="3" number="6">on</token>
  <token t_id="48" sentence="3" number="7">Tuesday</token>
  <token t_id="49" sentence="3" number="8">,</token>
  <token t_id="50" sentence="3" number="9">when</token>
  <token t_id="51" sentence="3" number="10">a</token>
  <token t_id="52" sentence="3" number="11">pre</token>
  <token t_id="53" sentence="3" number="12">-</token>
  <token t_id="54" sentence="3" number="13">dawn</token>
  <token t_id="55" sentence="3" number="14">blaze</token>
  <token t_id="56" sentence="3" number="15">demolished</token>
  <token t_id="57" sentence="3" number="16">the</token>
  <token t_id="58" sentence="3" number="17">old</token>
  <token t_id="59" sentence="3" number="18">Matanuska</token>
  <token t_id="60" sentence="3" number="19">Maid</token>
  <token t_id="61" sentence="3" number="20">Dairy</token>
  <token t_id="62" sentence="3" number="21">warehouse</token>
  <token t_id="63" sentence="3" number="22">building</token>
  <token t_id="64" sentence="3" number="23">in</token>
  <token t_id="65" sentence="3" number="24">Palmer</token>
  <token t_id="66" sentence="3" number="25">.</token>
  <token t_id="67" sentence="4" number="0">The</token>
  <token t_id="68" sentence="4" number="1">Matanuska</token>
  <token t_id="69" sentence="4" number="2">Maid</token>
  <token t_id="70" sentence="4" number="3">Dairy</token>
  <token t_id="71" sentence="4" number="4">building</token>
  <token t_id="72" sentence="4" number="5">was</token>
  <token t_id="73" sentence="4" number="6">located</token>
  <token t_id="74" sentence="4" number="7">on</token>
  <token t_id="75" sentence="4" number="8">the</token>
  <token t_id="76" sentence="4" number="9">nine</token>
  <token t_id="77" sentence="4" number="10">acre</token>
  <token t_id="78" sentence="4" number="11">site</token>
  <token t_id="79" sentence="4" number="12">on</token>
  <token t_id="80" sentence="4" number="13">which</token>
  <token t_id="81" sentence="4" number="14">stand</token>
  <token t_id="82" sentence="4" number="15">many</token>
  <token t_id="83" sentence="4" number="16">structures</token>
  <token t_id="84" sentence="4" number="17">dating</token>
  <token t_id="85" sentence="4" number="18">back</token>
  <token t_id="86" sentence="4" number="19">to</token>
  <token t_id="87" sentence="4" number="20">Colony</token>
  <token t_id="88" sentence="4" number="21">days</token>
  <token t_id="89" sentence="4" number="22">.</token>
  <token t_id="90" sentence="5" number="0">In</token>
  <token t_id="91" sentence="5" number="1">the</token>
  <token t_id="92" sentence="5" number="2">afternoon</token>
  <token t_id="93" sentence="5" number="3">sun</token>
  <token t_id="94" sentence="5" number="4">,</token>
  <token t_id="95" sentence="5" number="5">only</token>
  <token t_id="96" sentence="5" number="6">charred</token>
  <token t_id="97" sentence="5" number="7">rubble</token>
  <token t_id="98" sentence="5" number="8">remained</token>
  <token t_id="99" sentence="6" number="0">“</token>
  <token t_id="100" sentence="6" number="1">And</token>
  <token t_id="101" sentence="6" number="2">it</token>
  <token t_id="102" sentence="6" number="3">’</token>
  <token t_id="103" sentence="6" number="4">s</token>
  <token t_id="104" sentence="6" number="5">,</token>
  <token t_id="105" sentence="6" number="6">of</token>
  <token t_id="106" sentence="6" number="7">course</token>
  <token t_id="107" sentence="6" number="8">,</token>
  <token t_id="108" sentence="6" number="9">as</token>
  <token t_id="109" sentence="6" number="10">you</token>
  <token t_id="110" sentence="6" number="11">can</token>
  <token t_id="111" sentence="6" number="12">see</token>
  <token t_id="112" sentence="6" number="13">,</token>
  <token t_id="113" sentence="6" number="14">a</token>
  <token t_id="114" sentence="6" number="15">total</token>
  <token t_id="115" sentence="6" number="16">loss</token>
  <token t_id="116" sentence="6" number="17">,</token>
  <token t_id="117" sentence="6" number="18">”</token>
  <token t_id="118" sentence="6" number="19">Palmer</token>
  <token t_id="119" sentence="6" number="20">Public</token>
  <token t_id="120" sentence="6" number="21">Safety</token>
  <token t_id="121" sentence="6" number="22">Director</token>
  <token t_id="122" sentence="6" number="23">Jon</token>
  <token t_id="123" sentence="6" number="24">Owen</token>
  <token t_id="124" sentence="6" number="25">said</token>
  <token t_id="125" sentence="6" number="26">at</token>
  <token t_id="126" sentence="6" number="27">the</token>
  <token t_id="127" sentence="6" number="28">site</token>
  <token t_id="128" sentence="6" number="29">of</token>
  <token t_id="129" sentence="6" number="30">the</token>
  <token t_id="130" sentence="6" number="31">fire</token>
  <token t_id="131" sentence="6" number="32">Tuesday</token>
  <token t_id="132" sentence="6" number="33">.</token>
  <token t_id="133" sentence="7" number="0">“</token>
  <token t_id="134" sentence="7" number="1">We</token>
  <token t_id="135" sentence="7" number="2">have</token>
  <token t_id="136" sentence="7" number="3">a</token>
  <token t_id="137" sentence="7" number="4">light</token>
  <token t_id="138" sentence="7" number="5">breeze</token>
  <token t_id="139" sentence="7" number="6">,</token>
  <token t_id="140" sentence="7" number="7">as</token>
  <token t_id="141" sentence="7" number="8">you</token>
  <token t_id="142" sentence="7" number="9">’</token>
  <token t_id="143" sentence="7" number="10">ve</token>
  <token t_id="144" sentence="7" number="11">noticed</token>
  <token t_id="145" sentence="7" number="12">,</token>
  <token t_id="146" sentence="7" number="13">has</token>
  <token t_id="147" sentence="7" number="14">picked</token>
  <token t_id="148" sentence="7" number="15">up</token>
  <token t_id="149" sentence="7" number="16">.</token>
  <token t_id="150" sentence="8" number="0">And</token>
  <token t_id="151" sentence="8" number="1">the</token>
  <token t_id="152" sentence="8" number="2">breeze</token>
  <token t_id="153" sentence="8" number="3">has</token>
  <token t_id="154" sentence="8" number="4">ignited</token>
  <token t_id="155" sentence="8" number="5">a</token>
  <token t_id="156" sentence="8" number="6">hot</token>
  <token t_id="157" sentence="8" number="7">spot</token>
  <token t_id="158" sentence="8" number="8">over</token>
  <token t_id="159" sentence="8" number="9">there</token>
  <token t_id="160" sentence="8" number="10">.</token>
  <token t_id="161" sentence="9" number="0">We</token>
  <token t_id="162" sentence="9" number="1">’</token>
  <token t_id="163" sentence="9" number="2">re</token>
  <token t_id="164" sentence="9" number="3">just</token>
  <token t_id="165" sentence="9" number="4">making</token>
  <token t_id="166" sentence="9" number="5">sure</token>
  <token t_id="167" sentence="9" number="6">that</token>
  <token t_id="168" sentence="9" number="7">the</token>
  <token t_id="169" sentence="9" number="8">scene</token>
  <token t_id="170" sentence="9" number="9">is</token>
  <token t_id="171" sentence="9" number="10">safe</token>
  <token t_id="172" sentence="9" number="11">.</token>
  <token t_id="173" sentence="10" number="0">Our</token>
  <token t_id="174" sentence="10" number="1">crews</token>
  <token t_id="175" sentence="10" number="2">are</token>
  <token t_id="176" sentence="10" number="3">going</token>
  <token t_id="177" sentence="10" number="4">to</token>
  <token t_id="178" sentence="10" number="5">be</token>
  <token t_id="179" sentence="10" number="6">out</token>
  <token t_id="180" sentence="10" number="7">here</token>
  <token t_id="181" sentence="10" number="8">all</token>
  <token t_id="182" sentence="10" number="9">day</token>
  <token t_id="183" sentence="10" number="10">.</token>
  <token t_id="184" sentence="10" number="11">”</token>
  <token t_id="185" sentence="11" number="0">Palmer</token>
  <token t_id="186" sentence="11" number="1">firemen</token>
  <token t_id="187" sentence="11" number="2">were</token>
  <token t_id="188" sentence="11" number="3">hosing</token>
  <token t_id="189" sentence="11" number="4">down</token>
  <token t_id="190" sentence="11" number="5">hotspots</token>
  <token t_id="191" sentence="11" number="6">on</token>
  <token t_id="192" sentence="11" number="7">the</token>
  <token t_id="193" sentence="11" number="8">rubble</token>
  <token t_id="194" sentence="11" number="9">of</token>
  <token t_id="195" sentence="11" number="10">the</token>
  <token t_id="196" sentence="11" number="11">old</token>
  <token t_id="197" sentence="11" number="12">Mat</token>
  <token t_id="198" sentence="11" number="13">Maid</token>
  <token t_id="199" sentence="11" number="14">building</token>
  <token t_id="200" sentence="11" number="15">late</token>
  <token t_id="201" sentence="11" number="16">Tuesday</token>
  <token t_id="202" sentence="11" number="17">,</token>
  <token t_id="203" sentence="11" number="18">after</token>
  <token t_id="204" sentence="11" number="19">the</token>
  <token t_id="205" sentence="11" number="20">early</token>
  <token t_id="206" sentence="11" number="21">morning</token>
  <token t_id="207" sentence="11" number="22">fire</token>
  <token t_id="208" sentence="11" number="23">demolished</token>
  <token t_id="209" sentence="11" number="24">the</token>
  <token t_id="210" sentence="11" number="25">antique</token>
  <token t_id="211" sentence="11" number="26">structure</token>
  <token t_id="212" sentence="11" number="27">in</token>
  <token t_id="213" sentence="11" number="28">Palmer</token>
  <token t_id="214" sentence="11" number="29">’</token>
  <token t_id="215" sentence="11" number="30">s</token>
  <token t_id="216" sentence="11" number="31">historic</token>
  <token t_id="217" sentence="11" number="32">district</token>
  <token t_id="218" sentence="11" number="33">.</token>
  <token t_id="219" sentence="12" number="0">Owen</token>
  <token t_id="220" sentence="12" number="1">says</token>
  <token t_id="221" sentence="12" number="2">the</token>
  <token t_id="222" sentence="12" number="3">fire</token>
  <token t_id="223" sentence="12" number="4">call</token>
  <token t_id="224" sentence="12" number="5">came</token>
  <token t_id="225" sentence="12" number="6">in</token>
  <token t_id="226" sentence="12" number="7">at</token>
  <token t_id="227" sentence="12" number="8">3</token>
  <token t_id="228" sentence="12" number="9">:</token>
  <token t_id="229" sentence="12" number="10">30</token>
  <token t_id="230" sentence="12" number="11">a</token>
  <token t_id="231" sentence="12" number="12">.</token>
  <token t_id="232" sentence="12" number="13">m</token>
  <token t_id="233" sentence="12" number="14">.</token>
  <token t_id="234" sentence="13" number="0">“</token>
  <token t_id="235" sentence="13" number="1">The</token>
  <token t_id="236" sentence="13" number="2">Palmer</token>
  <token t_id="237" sentence="13" number="3">fire</token>
  <token t_id="238" sentence="13" number="4">chief</token>
  <token t_id="239" sentence="13" number="5">and</token>
  <token t_id="240" sentence="13" number="6">the</token>
  <token t_id="241" sentence="13" number="7">Palmer</token>
  <token t_id="242" sentence="13" number="8">police</token>
  <token t_id="243" sentence="13" number="9">arrived</token>
  <token t_id="244" sentence="13" number="10">within</token>
  <token t_id="245" sentence="13" number="11">a</token>
  <token t_id="246" sentence="13" number="12">minute</token>
  <token t_id="247" sentence="13" number="13">or</token>
  <token t_id="248" sentence="13" number="14">two</token>
  <token t_id="249" sentence="13" number="15">,</token>
  <token t_id="250" sentence="13" number="16">”</token>
  <token t_id="251" sentence="13" number="17">Owen</token>
  <token t_id="252" sentence="13" number="18">said</token>
  <token t_id="253" sentence="13" number="19">.</token>
  <token t_id="254" sentence="14" number="0">“</token>
  <token t_id="255" sentence="14" number="1">The</token>
  <token t_id="256" sentence="14" number="2">fire</token>
  <token t_id="257" sentence="14" number="3">chief</token>
  <token t_id="258" sentence="14" number="4">drove</token>
  <token t_id="259" sentence="14" number="5">around</token>
  <token t_id="260" sentence="14" number="6">the</token>
  <token t_id="261" sentence="14" number="7">perimeter</token>
  <token t_id="262" sentence="14" number="8">of</token>
  <token t_id="263" sentence="14" number="9">this</token>
  <token t_id="264" sentence="14" number="10">nine</token>
  <token t_id="265" sentence="14" number="11">acre</token>
  <token t_id="266" sentence="14" number="12">city</token>
  <token t_id="267" sentence="14" number="13">block</token>
  <token t_id="268" sentence="14" number="14">and</token>
  <token t_id="269" sentence="14" number="15">saw</token>
  <token t_id="270" sentence="14" number="16">fire</token>
  <token t_id="271" sentence="14" number="17">coming</token>
  <token t_id="272" sentence="14" number="18">out</token>
  <token t_id="273" sentence="14" number="19">from</token>
  <token t_id="274" sentence="14" number="20">under</token>
  <token t_id="275" sentence="14" number="21">the</token>
  <token t_id="276" sentence="14" number="22">eaves</token>
  <token t_id="277" sentence="14" number="23">of</token>
  <token t_id="278" sentence="14" number="24">this</token>
  <token t_id="279" sentence="14" number="25">building</token>
  <token t_id="280" sentence="14" number="26">.</token>
  <token t_id="281" sentence="14" number="27">”</token>
  <token t_id="282" sentence="15" number="0">“</token>
  <token t_id="283" sentence="15" number="1">Within</token>
  <token t_id="284" sentence="15" number="2">a</token>
  <token t_id="285" sentence="15" number="3">moment</token>
  <token t_id="286" sentence="15" number="4">or</token>
  <token t_id="287" sentence="15" number="5">two</token>
  <token t_id="288" sentence="15" number="6">,</token>
  <token t_id="289" sentence="15" number="7">the</token>
  <token t_id="290" sentence="15" number="8">entire</token>
  <token t_id="291" sentence="15" number="9">roof</token>
  <token t_id="292" sentence="15" number="10">was</token>
  <token t_id="293" sentence="15" number="11">engulfed</token>
  <token t_id="294" sentence="15" number="12">in</token>
  <token t_id="295" sentence="15" number="13">flame</token>
  <token t_id="296" sentence="15" number="14">.</token>
  <token t_id="297" sentence="15" number="15">”</token>
  <token t_id="298" sentence="16" number="0">Owen</token>
  <token t_id="299" sentence="16" number="1">says</token>
  <token t_id="300" sentence="16" number="2">Palmer</token>
  <token t_id="301" sentence="16" number="3">and</token>
  <token t_id="302" sentence="16" number="4">Mat</token>
  <token t_id="303" sentence="16" number="5">Su</token>
  <token t_id="304" sentence="16" number="6">Central</token>
  <token t_id="305" sentence="16" number="7">fire</token>
  <token t_id="306" sentence="16" number="8">departments</token>
  <token t_id="307" sentence="16" number="9">responded</token>
  <token t_id="308" sentence="16" number="10">with</token>
  <token t_id="309" sentence="16" number="11">ladder</token>
  <token t_id="310" sentence="16" number="12">trucks</token>
  <token t_id="311" sentence="16" number="13">,</token>
  <token t_id="312" sentence="16" number="14">to</token>
  <token t_id="313" sentence="16" number="15">allow</token>
  <token t_id="314" sentence="16" number="16">firefighters</token>
  <token t_id="315" sentence="16" number="17">to</token>
  <token t_id="316" sentence="16" number="18">attack</token>
  <token t_id="317" sentence="16" number="19">the</token>
  <token t_id="318" sentence="16" number="20">blaze</token>
  <token t_id="319" sentence="16" number="21">from</token>
  <token t_id="320" sentence="16" number="22">above</token>
  <token t_id="321" sentence="16" number="23">.</token>
  <token t_id="322" sentence="17" number="0">He</token>
  <token t_id="323" sentence="17" number="1">says</token>
  <token t_id="324" sentence="17" number="2">the</token>
  <token t_id="325" sentence="17" number="3">firemen</token>
  <token t_id="326" sentence="17" number="4">also</token>
  <token t_id="327" sentence="17" number="5">had</token>
  <token t_id="328" sentence="17" number="6">to</token>
  <token t_id="329" sentence="17" number="7">protect</token>
  <token t_id="330" sentence="17" number="8">nearby</token>
  <token t_id="331" sentence="17" number="9">buildings</token>
  <token t_id="332" sentence="17" number="10">.</token>
  <token t_id="333" sentence="18" number="0">“</token>
  <token t_id="334" sentence="18" number="1">It</token>
  <token t_id="335" sentence="18" number="2">’</token>
  <token t_id="336" sentence="18" number="3">s</token>
  <token t_id="337" sentence="18" number="4">called</token>
  <token t_id="338" sentence="18" number="5">surround</token>
  <token t_id="339" sentence="18" number="6">and</token>
  <token t_id="340" sentence="18" number="7">drown</token>
  <token t_id="341" sentence="18" number="8">,</token>
  <token t_id="342" sentence="18" number="9">when</token>
  <token t_id="343" sentence="18" number="10">you</token>
  <token t_id="344" sentence="18" number="11">are</token>
  <token t_id="345" sentence="18" number="12">fighting</token>
  <token t_id="346" sentence="18" number="13">from</token>
  <token t_id="347" sentence="18" number="14">the</token>
  <token t_id="348" sentence="18" number="15">air</token>
  <token t_id="349" sentence="18" number="16">,</token>
  <token t_id="350" sentence="18" number="17">”</token>
  <token t_id="351" sentence="18" number="18">Owen</token>
  <token t_id="352" sentence="18" number="19">said</token>
  <token t_id="353" sentence="18" number="20">.</token>
  <token t_id="354" sentence="19" number="0">“</token>
  <token t_id="355" sentence="19" number="1">And</token>
  <token t_id="356" sentence="19" number="2">the</token>
  <token t_id="357" sentence="19" number="3">big</token>
  <token t_id="358" sentence="19" number="4">thing</token>
  <token t_id="359" sentence="19" number="5">was</token>
  <token t_id="360" sentence="19" number="6">we</token>
  <token t_id="361" sentence="19" number="7">had</token>
  <token t_id="362" sentence="19" number="8">to</token>
  <token t_id="363" sentence="19" number="9">protect</token>
  <token t_id="364" sentence="19" number="10">Crowley</token>
  <token t_id="365" sentence="19" number="11">Petroleum</token>
  <token t_id="366" sentence="19" number="12">,</token>
  <token t_id="367" sentence="19" number="13">from</token>
  <token t_id="368" sentence="19" number="14">the</token>
  <token t_id="369" sentence="19" number="15">fire</token>
  <token t_id="370" sentence="19" number="16">from</token>
  <token t_id="371" sentence="19" number="17">spreading</token>
  <token t_id="372" sentence="19" number="18">to</token>
  <token t_id="373" sentence="19" number="19">the</token>
  <token t_id="374" sentence="19" number="20">gas</token>
  <token t_id="375" sentence="19" number="21">and</token>
  <token t_id="376" sentence="19" number="22">the</token>
  <token t_id="377" sentence="19" number="23">petroleum</token>
  <token t_id="378" sentence="19" number="24">products</token>
  <token t_id="379" sentence="19" number="25">that</token>
  <token t_id="380" sentence="19" number="26">are</token>
  <token t_id="381" sentence="19" number="27">stored</token>
  <token t_id="382" sentence="19" number="28">at</token>
  <token t_id="383" sentence="19" number="29">Crowley</token>
  <token t_id="384" sentence="19" number="30">Petroleum</token>
  <token t_id="385" sentence="19" number="31">,</token>
  <token t_id="386" sentence="19" number="32">right</token>
  <token t_id="387" sentence="19" number="33">next</token>
  <token t_id="388" sentence="19" number="34">store</token>
  <token t_id="389" sentence="19" number="35">here</token>
  <token t_id="390" sentence="19" number="36">,</token>
  <token t_id="391" sentence="19" number="37">because</token>
  <token t_id="392" sentence="19" number="38">of</token>
  <token t_id="393" sentence="19" number="39">the</token>
  <token t_id="394" sentence="19" number="40">danger</token>
  <token t_id="395" sentence="19" number="41">of</token>
  <token t_id="396" sentence="19" number="42">an</token>
  <token t_id="397" sentence="19" number="43">entire</token>
  <token t_id="398" sentence="19" number="44">conflagration</token>
  <token t_id="399" sentence="19" number="45">.</token>
  <token t_id="400" sentence="19" number="46">”</token>
  <token t_id="401" sentence="20" number="0">State</token>
  <token t_id="402" sentence="20" number="1">Fire</token>
  <token t_id="403" sentence="20" number="2">Marshall</token>
  <token t_id="404" sentence="20" number="3">John</token>
  <token t_id="405" sentence="20" number="4">Bond</token>
  <token t_id="406" sentence="20" number="5">surveyed</token>
  <token t_id="407" sentence="20" number="6">the</token>
  <token t_id="408" sentence="20" number="7">scene</token>
  <token t_id="409" sentence="20" number="8">Tuesday</token>
  <token t_id="410" sentence="20" number="9">afternoon</token>
  <token t_id="411" sentence="20" number="10">to</token>
  <token t_id="412" sentence="20" number="11">help</token>
  <token t_id="413" sentence="20" number="12">determine</token>
  <token t_id="414" sentence="20" number="13">the</token>
  <token t_id="415" sentence="20" number="14">cause</token>
  <token t_id="416" sentence="20" number="15">of</token>
  <token t_id="417" sentence="20" number="16">the</token>
  <token t_id="418" sentence="20" number="17">fire</token>
  <token t_id="419" sentence="20" number="18">.</token>
  <token t_id="420" sentence="21" number="0">Not</token>
  <token t_id="421" sentence="21" number="1">much</token>
  <token t_id="422" sentence="21" number="2">was</token>
  <token t_id="423" sentence="21" number="3">left</token>
  <token t_id="424" sentence="21" number="4">of</token>
  <token t_id="425" sentence="21" number="5">the</token>
  <token t_id="426" sentence="21" number="6">building</token>
  <token t_id="427" sentence="21" number="7">except</token>
  <token t_id="428" sentence="21" number="8">some</token>
  <token t_id="429" sentence="21" number="9">charred</token>
  <token t_id="430" sentence="21" number="10">wooden</token>
  <token t_id="431" sentence="21" number="11">beams</token>
  <token t_id="432" sentence="21" number="12">and</token>
  <token t_id="433" sentence="21" number="13">metal</token>
  <token t_id="434" sentence="21" number="14">remnants</token>
  <token t_id="435" sentence="21" number="15">which</token>
  <token t_id="436" sentence="21" number="16">had</token>
  <token t_id="437" sentence="21" number="17">plunged</token>
  <token t_id="438" sentence="21" number="18">into</token>
  <token t_id="439" sentence="21" number="19">the</token>
  <token t_id="440" sentence="21" number="20">building</token>
  <token t_id="441" sentence="21" number="21">’</token>
  <token t_id="442" sentence="21" number="22">s</token>
  <token t_id="443" sentence="21" number="23">basement</token>
  <token t_id="444" sentence="21" number="24">.</token>
  <token t_id="445" sentence="22" number="0">The</token>
  <token t_id="446" sentence="22" number="1">heat</token>
  <token t_id="447" sentence="22" number="2">of</token>
  <token t_id="448" sentence="22" number="3">the</token>
  <token t_id="449" sentence="22" number="4">blaze</token>
  <token t_id="450" sentence="22" number="5">was</token>
  <token t_id="451" sentence="22" number="6">so</token>
  <token t_id="452" sentence="22" number="7">intense</token>
  <token t_id="453" sentence="22" number="8">it</token>
  <token t_id="454" sentence="22" number="9">melted</token>
  <token t_id="455" sentence="22" number="10">the</token>
  <token t_id="456" sentence="22" number="11">paint</token>
  <token t_id="457" sentence="22" number="12">off</token>
  <token t_id="458" sentence="22" number="13">nearby</token>
  <token t_id="459" sentence="22" number="14">cars</token>
  <token t_id="460" sentence="22" number="15">.</token>
  <token t_id="461" sentence="23" number="0">The</token>
  <token t_id="462" sentence="23" number="1">old</token>
  <token t_id="463" sentence="23" number="2">building</token>
  <token t_id="464" sentence="23" number="3">was</token>
  <token t_id="465" sentence="23" number="4">in</token>
  <token t_id="466" sentence="23" number="5">private</token>
  <token t_id="467" sentence="23" number="6">ownership</token>
  <token t_id="468" sentence="23" number="7">.</token>
  <token t_id="469" sentence="24" number="0">Last</token>
  <token t_id="470" sentence="24" number="1">year</token>
  <token t_id="471" sentence="24" number="2">,</token>
  <token t_id="472" sentence="24" number="3">Palmer</token>
  <token t_id="473" sentence="24" number="4">voters</token>
  <token t_id="474" sentence="24" number="5">approved</token>
  <token t_id="475" sentence="24" number="6">a</token>
  <token t_id="476" sentence="24" number="7">bond</token>
  <token t_id="477" sentence="24" number="8">measure</token>
  <token t_id="478" sentence="24" number="9">allowing</token>
  <token t_id="479" sentence="24" number="10">the</token>
  <token t_id="480" sentence="24" number="11">city</token>
  <token t_id="481" sentence="24" number="12">to</token>
  <token t_id="482" sentence="24" number="13">purchase</token>
  <token t_id="483" sentence="24" number="14">the</token>
  <token t_id="484" sentence="24" number="15">historic</token>
  <token t_id="485" sentence="24" number="16">district</token>
  <token t_id="486" sentence="24" number="17">containing</token>
  <token t_id="487" sentence="24" number="18">the</token>
  <token t_id="488" sentence="24" number="19">Mat</token>
  <token t_id="489" sentence="24" number="20">Maid</token>
  <token t_id="490" sentence="24" number="21">building</token>
  <token t_id="491" sentence="24" number="22">and</token>
  <token t_id="492" sentence="24" number="23">several</token>
  <token t_id="493" sentence="24" number="24">other</token>
  <token t_id="494" sentence="24" number="25">wooden</token>
  <token t_id="495" sentence="24" number="26">structures</token>
  <token t_id="496" sentence="24" number="27">.</token>
  <token t_id="497" sentence="25" number="0">Those</token>
  <token t_id="498" sentence="25" number="1">plans</token>
  <token t_id="499" sentence="25" number="2">have</token>
  <token t_id="500" sentence="25" number="3">not</token>
  <token t_id="501" sentence="25" number="4">been</token>
  <token t_id="502" sentence="25" number="5">finalized</token>
  <token t_id="503" sentence="25" number="6">yet</token>
  <token t_id="504" sentence="25" number="7">.</token>
  <token t_id="505" sentence="26" number="0">Owen</token>
  <token t_id="506" sentence="26" number="1">says</token>
  <token t_id="507" sentence="26" number="2">it</token>
  <token t_id="508" sentence="26" number="3">will</token>
  <token t_id="509" sentence="26" number="4">be</token>
  <token t_id="510" sentence="26" number="5">about</token>
  <token t_id="511" sentence="26" number="6">a</token>
  <token t_id="512" sentence="26" number="7">month</token>
  <token t_id="513" sentence="26" number="8">before</token>
  <token t_id="514" sentence="26" number="9">a</token>
  <token t_id="515" sentence="26" number="10">final</token>
  <token t_id="516" sentence="26" number="11">determination</token>
  <token t_id="517" sentence="26" number="12">as</token>
  <token t_id="518" sentence="26" number="13">to</token>
  <token t_id="519" sentence="26" number="14">the</token>
  <token t_id="520" sentence="26" number="15">cause</token>
  <token t_id="521" sentence="26" number="16">of</token>
  <token t_id="522" sentence="26" number="17">the</token>
  <token t_id="523" sentence="26" number="18">fires</token>
  <token t_id="524" sentence="26" number="19">is</token>
  <token t_id="525" sentence="26" number="20">known</token>
  <token t_id="526" sentence="26" number="21">.</token>
  <token t_id="527" sentence="27" number="0">Director</token>
  <token t_id="528" sentence="27" number="1">Owen</token>
  <token t_id="529" sentence="27" number="2">says</token>
  <token t_id="530" sentence="27" number="3">no</token>
  <token t_id="531" sentence="27" number="4">injuries</token>
  <token t_id="532" sentence="27" number="5">have</token>
  <token t_id="533" sentence="27" number="6">been</token>
  <token t_id="534" sentence="27" number="7">reported</token>
  <token t_id="535" sentence="27" number="8">in</token>
  <token t_id="536" sentence="27" number="9">the</token>
  <token t_id="537" sentence="27" number="10">blaze</token>
  <token t_id="538" sentence="27" number="11">.</token>
  <token t_id="539" sentence="28" number="0">He</token>
  <token t_id="540" sentence="28" number="1">said</token>
  <token t_id="541" sentence="28" number="2">there</token>
  <token t_id="542" sentence="28" number="3">was</token>
  <token t_id="543" sentence="28" number="4">no</token>
  <token t_id="544" sentence="28" number="5">power</token>
  <token t_id="545" sentence="28" number="6">or</token>
  <token t_id="546" sentence="28" number="7">gas</token>
  <token t_id="547" sentence="28" number="8">on</token>
  <token t_id="548" sentence="28" number="9">in</token>
  <token t_id="549" sentence="28" number="10">the</token>
  <token t_id="550" sentence="28" number="11">building</token>
  <token t_id="551" sentence="28" number="12">,</token>
  <token t_id="552" sentence="28" number="13">nor</token>
  <token t_id="553" sentence="28" number="14">was</token>
  <token t_id="554" sentence="28" number="15">lightening</token>
  <token t_id="555" sentence="28" number="16">a</token>
  <token t_id="556" sentence="28" number="17">possible</token>
  <token t_id="557" sentence="28" number="18">cause</token>
  <token t_id="558" sentence="28" number="19">.</token>
  <Markables>
    <ACTION_OCCURRENCE m_id="1" comment="" climaxEvent="FALSE">
      <token_anchor t_id="42"/>
    </ACTION_OCCURRENCE>
    <ACTION_OCCURRENCE m_id="2" comment="" climaxEvent="FALSE">
      <token_anchor t_id="46"/>
    </ACTION_OCCURRENCE>
    <ACTION_OCCURRENCE m_id="3" climaxEvent="TRUE" comment="">
      <token_anchor t_id="30"/>
      <token_anchor t_id="31"/>
    </ACTION_OCCURRENCE>
    <ACTION_OCCURRENCE m_id="4" comment="" climaxEvent="FALSE">
      <token_anchor t_id="55"/>
    </ACTION_OCCURRENCE>
    <ACTION_OCCURRENCE m_id="5" comment="" climaxEvent="FALSE">
      <token_anchor t_id="56"/>
    </ACTION_OCCURRENCE>
    <LOC_GEO m_id="6" comment="">
      <token_anchor t_id="41"/>
    </LOC_GEO>
    <LOC_GEO m_id="10" comment="">
      <token_anchor t_id="64"/>
      <token_anchor t_id="65"/>
    </LOC_GEO>
    <NON_HUMAN_PART m_id="9" comment="">
      <token_anchor t_id="59"/>
      <token_anchor t_id="60"/>
      <token_anchor t_id="61"/>
    </NON_HUMAN_PART>
    <NON_HUMAN_PART m_id="11" comment="">
      <token_anchor t_id="27"/>
      <token_anchor t_id="28"/>
      <token_anchor t_id="29"/>
    </NON_HUMAN_PART>
    <TIME_DATE m_id="7" comment="" DCT="FALSE" value="2012-08-07" anchorTimeID="">
      <token_anchor t_id="47"/>
      <token_anchor t_id="48"/>
    </TIME_DATE>
    <TIME_OF_THE_DAY m_id="8" DCT="TRUE" value="2012-08-07T17:46" anchorTimeID="8">
      <token_anchor t_id="32"/>
      <token_anchor t_id="33"/>
      <token_anchor t_id="34"/>
      <token_anchor t_id="35"/>
      <token_anchor t_id="36"/>
      <token_anchor t_id="37"/>
      <token_anchor t_id="38"/>
      <token_anchor t_id="39"/>
      <token_anchor t_id="40"/>
    </TIME_OF_THE_DAY>
    <ACTION_OCCURRENCE m_id="12" RELATED_TO="" TAG_DESCRIPTOR="t13_fire_destroyed" comment="" climaxEvent="FALSE"/>
    <LOC_GEO m_id="13" RELATED_TO="" TAG_DESCRIPTOR="t13_alaska" comment=""/>
    <ACTION_OCCURRENCE m_id="14" RELATED_TO="" TAG_DESCRIPTOR="t13_history" comment="" climaxEvent="FALSE"/>
    <ACTION_OCCURRENCE m_id="15" RELATED_TO="" TAG_DESCRIPTOR="t13_burned" comment="" climaxEvent="FALSE"/>
    <LOC_GEO m_id="16" RELATED_TO="" TAG_DESCRIPTOR="t13_palmer" comment=""/>
    <ACTION_OCCURRENCE m_id="17" RELATED_TO="" TAG_DESCRIPTOR="t13_fire" comment="" climaxEvent="FALSE"/>
    <NON_HUMAN_PART m_id="18" RELATED_TO="" TAG_DESCRIPTOR="t13_manatuska_creamery_building" comment=""/>
    <TIME_DATE m_id="19" RELATED_TO="" TAG_DESCRIPTOR="t13_tuesday" value="" anchorTimeID="" DCT="FALSE" comment=""/>
  </Markables>
  <Relations>
    <TLINK r_id="95192" contextualModality="" relType="CONTAINS" comment="">
      <source m_id="7"/>
      <target m_id="1"/>
    </TLINK>
    <TLINK r_id="95193" contextualModality="" relType="CONTAINS" comment="">
      <source m_id="7"/>
      <target m_id="4"/>
    </TLINK>
    <TLINK r_id="95194" contextualModality="" relType="CONTAINS" comment="">
      <source m_id="7"/>
      <target m_id="5"/>
    </TLINK>
    <TLINK r_id="95195" contextualModality="" relType="OVERLAP" comment="">
      <source m_id="7"/>
      <target m_id="2"/>
    </TLINK>
    <TLINK r_id="95196" contextualModality="" relType="AFTER" comment="">
      <source m_id="8"/>
      <target m_id="1"/>
    </TLINK>
    <TLINK r_id="95197" contextualModality="" relType="OVERLAP" comment="">
      <source m_id="8"/>
      <target m_id="2"/>
    </TLINK>
    <TLINK r_id="95198" contextualModality="" relType="AFTER" comment="">
      <source m_id="8"/>
      <target m_id="4"/>
    </TLINK>
    <TLINK r_id="95199" contextualModality="" relType="AFTER" comment="">
      <source m_id="8"/>
      <target m_id="5"/>
    </TLINK>
    <PLOT_LINK r_id="99569" SIGNAL="" relType="FALLING_ACTION" CAUSES="FALSE" CAUSED_BY="FALSE">
      <source m_id="1"/>
      <target m_id="4"/>
    </PLOT_LINK>
    <PLOT_LINK r_id="99570" SIGNAL="" relType="FALLING_ACTION" CAUSES="FALSE" CAUSED_BY="FALSE">
      <source m_id="1"/>
      <target m_id="5"/>
    </PLOT_LINK>
    <PLOT_LINK r_id="99571" SIGNAL="" relType="PRECONDITION" CAUSES="FALSE" CAUSED_BY="FALSE">
      <source m_id="4"/>
      <target m_id="5"/>
    </PLOT_LINK>
    <PLOT_LINK r_id="99572" SIGNAL="" relType="FALLING_ACTION" CAUSES="FALSE" CAUSED_BY="FALSE">
      <source m_id="3"/>
      <target m_id="4"/>
    </PLOT_LINK>
  </Relations>
</Document>
