<?xml version='1.0' encoding='UTF-8'?>
<Document doc_name="35_10ecbplus.xml">
  <token t_id="1" sentence="0" number="0">http</token>
  <token t_id="2" sentence="0" number="1">:</token>
  <token t_id="3" sentence="0" number="2">/</token>
  <token t_id="4" sentence="0" number="3">/</token>
  <token t_id="5" sentence="0" number="4">tucsoncitizen</token>
  <token t_id="6" sentence="0" number="5">.</token>
  <token t_id="7" sentence="0" number="6">com</token>
  <token t_id="8" sentence="0" number="7">/</token>
  <token t_id="9" sentence="0" number="8">morgue</token>
  <token t_id="10" sentence="0" number="9">/</token>
  <token t_id="11" sentence="0" number="10">2009</token>
  <token t_id="12" sentence="0" number="11">/</token>
  <token t_id="13" sentence="0" number="12">02</token>
  <token t_id="14" sentence="0" number="13">/</token>
  <token t_id="15" sentence="0" number="14">04</token>
  <token t_id="16" sentence="0" number="15">/</token>
  <token t_id="17" sentence="0" number="16">109301</token>
  <token t_id="18" sentence="0" number="17">-</token>
  <token t_id="19" sentence="0" number="18">san</token>
  <token t_id="20" sentence="0" number="19">-</token>
  <token t_id="21" sentence="0" number="20">diego</token>
  <token t_id="22" sentence="0" number="21">-</token>
  <token t_id="23" sentence="0" number="22">lineman</token>
  <token t_id="24" sentence="0" number="23">-</token>
  <token t_id="25" sentence="0" number="24">arrested</token>
  <token t_id="26" sentence="0" number="25">-</token>
  <token t_id="27" sentence="0" number="26">on</token>
  <token t_id="28" sentence="0" number="27">-</token>
  <token t_id="29" sentence="0" number="28">suspicion</token>
  <token t_id="30" sentence="0" number="29">-</token>
  <token t_id="31" sentence="0" number="30">of</token>
  <token t_id="32" sentence="0" number="31">-</token>
  <token t_id="33" sentence="0" number="32">dui</token>
  <token t_id="34" sentence="0" number="33">/</token>
  <token t_id="35" sentence="1" number="0">San</token>
  <token t_id="36" sentence="1" number="1">Diego</token>
  <token t_id="37" sentence="1" number="2">lineman</token>
  <token t_id="38" sentence="1" number="3">arrested</token>
  <token t_id="39" sentence="1" number="4">on</token>
  <token t_id="40" sentence="1" number="5">suspicion</token>
  <token t_id="41" sentence="1" number="6">of</token>
  <token t_id="42" sentence="1" number="7">DUI</token>
  <token t_id="43" sentence="2" number="0">on</token>
  <token t_id="44" sentence="2" number="1">Feb</token>
  <token t_id="45" sentence="2" number="2">.</token>
  <token t_id="46" sentence="2" number="3">04</token>
  <token t_id="47" sentence="2" number="4">,</token>
  <token t_id="48" sentence="2" number="5">2009</token>
  <token t_id="49" sentence="3" number="0">San</token>
  <token t_id="50" sentence="3" number="1">Diego</token>
  <token t_id="51" sentence="3" number="2">Chargers</token>
  <token t_id="52" sentence="3" number="3">defensive</token>
  <token t_id="53" sentence="3" number="4">tackle</token>
  <token t_id="54" sentence="3" number="5">Jamal</token>
  <token t_id="55" sentence="3" number="6">Williams</token>
  <token t_id="56" sentence="3" number="7">was</token>
  <token t_id="57" sentence="3" number="8">arrested</token>
  <token t_id="58" sentence="3" number="9">on</token>
  <token t_id="59" sentence="3" number="10">suspicion</token>
  <token t_id="60" sentence="3" number="11">of</token>
  <token t_id="61" sentence="3" number="12">drunken</token>
  <token t_id="62" sentence="3" number="13">driving</token>
  <token t_id="63" sentence="3" number="14">,</token>
  <token t_id="64" sentence="3" number="15">the</token>
  <token t_id="65" sentence="3" number="16">team</token>
  <token t_id="66" sentence="3" number="17">’</token>
  <token t_id="67" sentence="3" number="18">s</token>
  <token t_id="68" sentence="3" number="19">second</token>
  <token t_id="69" sentence="3" number="20">such</token>
  <token t_id="70" sentence="3" number="21">arrest</token>
  <token t_id="71" sentence="3" number="22">in</token>
  <token t_id="72" sentence="3" number="23">less</token>
  <token t_id="73" sentence="3" number="24">than</token>
  <token t_id="74" sentence="3" number="25">a</token>
  <token t_id="75" sentence="3" number="26">month</token>
  <token t_id="76" sentence="3" number="27">.</token>
  <token t_id="77" sentence="4" number="0">Williams</token>
  <token t_id="78" sentence="4" number="1">was</token>
  <token t_id="79" sentence="4" number="2">pulled</token>
  <token t_id="80" sentence="4" number="3">over</token>
  <token t_id="81" sentence="4" number="4">for</token>
  <token t_id="82" sentence="4" number="5">speeding</token>
  <token t_id="83" sentence="4" number="6">early</token>
  <token t_id="84" sentence="4" number="7">Sunday</token>
  <token t_id="85" sentence="4" number="8">on</token>
  <token t_id="86" sentence="4" number="9">a</token>
  <token t_id="87" sentence="4" number="10">freeway</token>
  <token t_id="88" sentence="4" number="11">outside</token>
  <token t_id="89" sentence="4" number="12">downtown</token>
  <token t_id="90" sentence="4" number="13">San</token>
  <token t_id="91" sentence="4" number="14">Diego</token>
  <token t_id="92" sentence="4" number="15">,</token>
  <token t_id="93" sentence="4" number="16">the</token>
  <token t_id="94" sentence="4" number="17">California</token>
  <token t_id="95" sentence="4" number="18">Highway</token>
  <token t_id="96" sentence="4" number="19">Patrol</token>
  <token t_id="97" sentence="4" number="20">said</token>
  <token t_id="98" sentence="4" number="21">.</token>
  <token t_id="99" sentence="5" number="0">Williams</token>
  <token t_id="100" sentence="5" number="1">gave</token>
  <token t_id="101" sentence="5" number="2">a</token>
  <token t_id="102" sentence="5" number="3">blood</token>
  <token t_id="103" sentence="5" number="4">sample</token>
  <token t_id="104" sentence="5" number="5">for</token>
  <token t_id="105" sentence="5" number="6">a</token>
  <token t_id="106" sentence="5" number="7">blood</token>
  <token t_id="107" sentence="5" number="8">-</token>
  <token t_id="108" sentence="5" number="9">alcohol</token>
  <token t_id="109" sentence="5" number="10">test</token>
  <token t_id="110" sentence="5" number="11">,</token>
  <token t_id="111" sentence="5" number="12">but</token>
  <token t_id="112" sentence="5" number="13">the</token>
  <token t_id="113" sentence="5" number="14">results</token>
  <token t_id="114" sentence="5" number="15">were</token>
  <token t_id="115" sentence="5" number="16">not</token>
  <token t_id="116" sentence="5" number="17">yet</token>
  <token t_id="117" sentence="5" number="18">known</token>
  <token t_id="118" sentence="5" number="19">.</token>
  <token t_id="119" sentence="6" number="0">Williams</token>
  <token t_id="120" sentence="6" number="1">was</token>
  <token t_id="121" sentence="6" number="2">booked</token>
  <token t_id="122" sentence="6" number="3">into</token>
  <token t_id="123" sentence="6" number="4">county</token>
  <token t_id="124" sentence="6" number="5">jail</token>
  <token t_id="125" sentence="6" number="6">and</token>
  <token t_id="126" sentence="6" number="7">later</token>
  <token t_id="127" sentence="6" number="8">released</token>
  <token t_id="128" sentence="6" number="9">on</token>
  <token t_id="129" sentence="6" number="10">bail</token>
  <token t_id="130" sentence="6" number="11">.</token>
  <token t_id="131" sentence="7" number="0">The</token>
  <token t_id="132" sentence="7" number="1">City</token>
  <token t_id="133" sentence="7" number="2">Attorney</token>
  <token t_id="134" sentence="7" number="3">’</token>
  <token t_id="135" sentence="7" number="4">s</token>
  <token t_id="136" sentence="7" number="5">office</token>
  <token t_id="137" sentence="7" number="6">said</token>
  <token t_id="138" sentence="7" number="7">the</token>
  <token t_id="139" sentence="7" number="8">case</token>
  <token t_id="140" sentence="7" number="9">hadn</token>
  <token t_id="141" sentence="7" number="10">’</token>
  <token t_id="142" sentence="7" number="11">t</token>
  <token t_id="143" sentence="7" number="12">been</token>
  <token t_id="144" sentence="7" number="13">submitted</token>
  <token t_id="145" sentence="7" number="14">as</token>
  <token t_id="146" sentence="7" number="15">of</token>
  <token t_id="147" sentence="7" number="16">Tuesday</token>
  <token t_id="148" sentence="7" number="17">.</token>
  <token t_id="149" sentence="8" number="0">“</token>
  <token t_id="150" sentence="8" number="1">It</token>
  <token t_id="151" sentence="8" number="2">’</token>
  <token t_id="152" sentence="8" number="3">s</token>
  <token t_id="153" sentence="8" number="4">disappointing</token>
  <token t_id="154" sentence="8" number="5">to</token>
  <token t_id="155" sentence="8" number="6">hear</token>
  <token t_id="156" sentence="8" number="7">about</token>
  <token t_id="157" sentence="8" number="8">the</token>
  <token t_id="158" sentence="8" number="9">issue</token>
  <token t_id="159" sentence="8" number="10">involving</token>
  <token t_id="160" sentence="8" number="11">Jamal</token>
  <token t_id="161" sentence="8" number="12">Williams</token>
  <token t_id="162" sentence="8" number="13">,</token>
  <token t_id="163" sentence="8" number="14">”</token>
  <token t_id="164" sentence="8" number="15">general</token>
  <token t_id="165" sentence="8" number="16">manager</token>
  <token t_id="166" sentence="8" number="17">A</token>
  <token t_id="167" sentence="8" number="18">.</token>
  <token t_id="168" sentence="8" number="19">J</token>
  <token t_id="169" sentence="8" number="20">.</token>
  <token t_id="170" sentence="8" number="21">Smith</token>
  <token t_id="171" sentence="8" number="22">said</token>
  <token t_id="172" sentence="8" number="23">in</token>
  <token t_id="173" sentence="8" number="24">a</token>
  <token t_id="174" sentence="8" number="25">statement</token>
  <token t_id="175" sentence="8" number="26">released</token>
  <token t_id="176" sentence="8" number="27">by</token>
  <token t_id="177" sentence="8" number="28">the</token>
  <token t_id="178" sentence="8" number="29">team</token>
  <token t_id="179" sentence="8" number="30">.</token>
  <token t_id="180" sentence="9" number="0">“</token>
  <token t_id="181" sentence="9" number="1">We</token>
  <token t_id="182" sentence="9" number="2">’</token>
  <token t_id="183" sentence="9" number="3">ll</token>
  <token t_id="184" sentence="9" number="4">continue</token>
  <token t_id="185" sentence="9" number="5">to</token>
  <token t_id="186" sentence="9" number="6">monitor</token>
  <token t_id="187" sentence="9" number="7">the</token>
  <token t_id="188" sentence="9" number="8">situation</token>
  <token t_id="189" sentence="9" number="9">and</token>
  <token t_id="190" sentence="9" number="10">let</token>
  <token t_id="191" sentence="9" number="11">the</token>
  <token t_id="192" sentence="9" number="12">legal</token>
  <token t_id="193" sentence="9" number="13">process</token>
  <token t_id="194" sentence="9" number="14">run</token>
  <token t_id="195" sentence="9" number="15">its</token>
  <token t_id="196" sentence="9" number="16">course</token>
  <token t_id="197" sentence="9" number="17">.</token>
  <token t_id="198" sentence="10" number="0">“</token>
  <token t_id="199" sentence="10" number="1">The</token>
  <token t_id="200" sentence="10" number="2">Chargers</token>
  <token t_id="201" sentence="10" number="3">have</token>
  <token t_id="202" sentence="10" number="4">always</token>
  <token t_id="203" sentence="10" number="5">been</token>
  <token t_id="204" sentence="10" number="6">leaders</token>
  <token t_id="205" sentence="10" number="7">and</token>
  <token t_id="206" sentence="10" number="8">positive</token>
  <token t_id="207" sentence="10" number="9">contributors</token>
  <token t_id="208" sentence="10" number="10">to</token>
  <token t_id="209" sentence="10" number="11">our</token>
  <token t_id="210" sentence="10" number="12">community</token>
  <token t_id="211" sentence="10" number="13">,</token>
  <token t_id="212" sentence="10" number="14">”</token>
  <token t_id="213" sentence="10" number="15">Smith</token>
  <token t_id="214" sentence="10" number="16">added</token>
  <token t_id="215" sentence="10" number="17">.</token>
  <token t_id="216" sentence="11" number="0">“</token>
  <token t_id="217" sentence="11" number="1">We</token>
  <token t_id="218" sentence="11" number="2">take</token>
  <token t_id="219" sentence="11" number="3">our</token>
  <token t_id="220" sentence="11" number="4">stature</token>
  <token t_id="221" sentence="11" number="5">in</token>
  <token t_id="222" sentence="11" number="6">the</token>
  <token t_id="223" sentence="11" number="7">community</token>
  <token t_id="224" sentence="11" number="8">very</token>
  <token t_id="225" sentence="11" number="9">seriously</token>
  <token t_id="226" sentence="11" number="10">.</token>
  <token t_id="227" sentence="12" number="0">Through</token>
  <token t_id="228" sentence="12" number="1">the</token>
  <token t_id="229" sentence="12" number="2">Chargers</token>
  <token t_id="230" sentence="12" number="3">and</token>
  <token t_id="231" sentence="12" number="4">the</token>
  <token t_id="232" sentence="12" number="5">NFL</token>
  <token t_id="233" sentence="12" number="6">,</token>
  <token t_id="234" sentence="12" number="7">our</token>
  <token t_id="235" sentence="12" number="8">players</token>
  <token t_id="236" sentence="12" number="9">receive</token>
  <token t_id="237" sentence="12" number="10">one</token>
  <token t_id="238" sentence="12" number="11">of</token>
  <token t_id="239" sentence="12" number="12">the</token>
  <token t_id="240" sentence="12" number="13">most</token>
  <token t_id="241" sentence="12" number="14">comprehensive</token>
  <token t_id="242" sentence="12" number="15">education</token>
  <token t_id="243" sentence="12" number="16">and</token>
  <token t_id="244" sentence="12" number="17">support</token>
  <token t_id="245" sentence="12" number="18">programs</token>
  <token t_id="246" sentence="12" number="19">in</token>
  <token t_id="247" sentence="12" number="20">sports</token>
  <token t_id="248" sentence="12" number="21">to</token>
  <token t_id="249" sentence="12" number="22">help</token>
  <token t_id="250" sentence="12" number="23">them</token>
  <token t_id="251" sentence="12" number="24">deal</token>
  <token t_id="252" sentence="12" number="25">with</token>
  <token t_id="253" sentence="12" number="26">issues</token>
  <token t_id="254" sentence="12" number="27">that</token>
  <token t_id="255" sentence="12" number="28">affect</token>
  <token t_id="256" sentence="12" number="29">all</token>
  <token t_id="257" sentence="12" number="30">segments</token>
  <token t_id="258" sentence="12" number="31">of</token>
  <token t_id="259" sentence="12" number="32">society</token>
  <token t_id="260" sentence="12" number="33">.</token>
  <token t_id="261" sentence="12" number="34">”</token>
  <token t_id="262" sentence="13" number="0">Smith</token>
  <token t_id="263" sentence="13" number="1">didn</token>
  <token t_id="264" sentence="13" number="2">’</token>
  <token t_id="265" sentence="13" number="3">t</token>
  <token t_id="266" sentence="13" number="4">return</token>
  <token t_id="267" sentence="13" number="5">a</token>
  <token t_id="268" sentence="13" number="6">call</token>
  <token t_id="269" sentence="13" number="7">seeking</token>
  <token t_id="270" sentence="13" number="8">further</token>
  <token t_id="271" sentence="13" number="9">comment</token>
  <token t_id="272" sentence="13" number="10">.</token>
  <token t_id="273" sentence="14" number="0">Chargers</token>
  <token t_id="274" sentence="14" number="1">receiver</token>
  <token t_id="275" sentence="14" number="2">Vincent</token>
  <token t_id="276" sentence="14" number="3">Jackson</token>
  <token t_id="277" sentence="14" number="4">was</token>
  <token t_id="278" sentence="14" number="5">arrested</token>
  <token t_id="279" sentence="14" number="6">for</token>
  <token t_id="280" sentence="14" number="7">investigation</token>
  <token t_id="281" sentence="14" number="8">of</token>
  <token t_id="282" sentence="14" number="9">DUI</token>
  <token t_id="283" sentence="14" number="10">on</token>
  <token t_id="284" sentence="14" number="11">Jan</token>
  <token t_id="285" sentence="14" number="12">.</token>
  <token t_id="286" sentence="14" number="13">6</token>
  <token t_id="287" sentence="14" number="14">,</token>
  <token t_id="288" sentence="14" number="15">five</token>
  <token t_id="289" sentence="14" number="16">days</token>
  <token t_id="290" sentence="14" number="17">before</token>
  <token t_id="291" sentence="14" number="18">San</token>
  <token t_id="292" sentence="14" number="19">Diego</token>
  <token t_id="293" sentence="14" number="20">’</token>
  <token t_id="294" sentence="14" number="21">s</token>
  <token t_id="295" sentence="14" number="22">playoff</token>
  <token t_id="296" sentence="14" number="23">loss</token>
  <token t_id="297" sentence="14" number="24">at</token>
  <token t_id="298" sentence="14" number="25">Pittsburgh</token>
  <token t_id="299" sentence="14" number="26">.</token>
  <token t_id="300" sentence="15" number="0">Jackson</token>
  <token t_id="301" sentence="15" number="1">is</token>
  <token t_id="302" sentence="15" number="2">due</token>
  <token t_id="303" sentence="15" number="3">in</token>
  <token t_id="304" sentence="15" number="4">court</token>
  <token t_id="305" sentence="15" number="5">Feb</token>
  <token t_id="306" sentence="15" number="6">.</token>
  <token t_id="307" sentence="15" number="7">17</token>
  <token t_id="308" sentence="15" number="8">.</token>
  <token t_id="309" sentence="16" number="0">He</token>
  <token t_id="310" sentence="16" number="1">was</token>
  <token t_id="311" sentence="16" number="2">on</token>
  <token t_id="312" sentence="16" number="3">probation</token>
  <token t_id="313" sentence="16" number="4">for</token>
  <token t_id="314" sentence="16" number="5">a</token>
  <token t_id="315" sentence="16" number="6">previous</token>
  <token t_id="316" sentence="16" number="7">DUI</token>
  <token t_id="317" sentence="16" number="8">arrest</token>
  <token t_id="318" sentence="16" number="9">,</token>
  <token t_id="319" sentence="16" number="10">the</token>
  <token t_id="320" sentence="16" number="11">CHP</token>
  <token t_id="321" sentence="16" number="12">said</token>
  <token t_id="322" sentence="16" number="13">.</token>
  <token t_id="323" sentence="17" number="0">Williams</token>
  <token t_id="324" sentence="17" number="1">,</token>
  <token t_id="325" sentence="17" number="2">an</token>
  <token t_id="326" sentence="17" number="3">11</token>
  <token t_id="327" sentence="17" number="4">-</token>
  <token t_id="328" sentence="17" number="5">year</token>
  <token t_id="329" sentence="17" number="6">veteran</token>
  <token t_id="330" sentence="17" number="7">,</token>
  <token t_id="331" sentence="17" number="8">shared</token>
  <token t_id="332" sentence="17" number="9">the</token>
  <token t_id="333" sentence="17" number="10">team</token>
  <token t_id="334" sentence="17" number="11">’</token>
  <token t_id="335" sentence="17" number="12">s</token>
  <token t_id="336" sentence="17" number="13">MVP</token>
  <token t_id="337" sentence="17" number="14">Award</token>
  <token t_id="338" sentence="17" number="15">with</token>
  <token t_id="339" sentence="17" number="16">quarterback</token>
  <token t_id="340" sentence="17" number="17">Philip</token>
  <token t_id="341" sentence="17" number="18">Rivers</token>
  <token t_id="342" sentence="17" number="19">this</token>
  <token t_id="343" sentence="17" number="20">season</token>
  <token t_id="344" sentence="17" number="21">.</token>
  <Markables>
    <ACTION_ASPECTUAL m_id="1" comment="">
      <token_anchor t_id="190"/>
    </ACTION_ASPECTUAL>
    <ACTION_ASPECTUAL m_id="2" comment="">
      <token_anchor t_id="184"/>
    </ACTION_ASPECTUAL>
    <ACTION_OCCURRENCE m_id="29" comment="" climaxEvent="FALSE">
      <token_anchor t_id="316"/>
      <token_anchor t_id="317"/>
    </ACTION_OCCURRENCE>
    <ACTION_OCCURRENCE m_id="98" comment="" climaxEvent="FALSE">
      <token_anchor t_id="70"/>
    </ACTION_OCCURRENCE>
    <ACTION_OCCURRENCE m_id="3" comment="" climaxEvent="FALSE">
      <token_anchor t_id="280"/>
    </ACTION_OCCURRENCE>
    <ACTION_OCCURRENCE m_id="4" comment="" climaxEvent="FALSE">
      <token_anchor t_id="278"/>
    </ACTION_OCCURRENCE>
    <ACTION_OCCURRENCE m_id="5" climaxEvent="TRUE" comment="">
      <token_anchor t_id="38"/>
    </ACTION_OCCURRENCE>
    <ACTION_OCCURRENCE m_id="6" comment="" climaxEvent="FALSE">
      <token_anchor t_id="269"/>
    </ACTION_OCCURRENCE>
    <ACTION_OCCURRENCE m_id="7" comment="" climaxEvent="FALSE">
      <token_anchor t_id="42"/>
    </ACTION_OCCURRENCE>
    <ACTION_OCCURRENCE m_id="8" comment="" climaxEvent="FALSE">
      <token_anchor t_id="296"/>
    </ACTION_OCCURRENCE>
    <ACTION_OCCURRENCE m_id="9" comment="" climaxEvent="FALSE">
      <token_anchor t_id="61"/>
      <token_anchor t_id="62"/>
    </ACTION_OCCURRENCE>
    <ACTION_OCCURRENCE m_id="10" comment="" climaxEvent="FALSE">
      <token_anchor t_id="57"/>
    </ACTION_OCCURRENCE>
    <ACTION_OCCURRENCE m_id="11" comment="" climaxEvent="FALSE">
      <token_anchor t_id="268"/>
    </ACTION_OCCURRENCE>
    <ACTION_OCCURRENCE m_id="12" comment="" climaxEvent="FALSE">
      <token_anchor t_id="79"/>
      <token_anchor t_id="80"/>
    </ACTION_OCCURRENCE>
    <ACTION_OCCURRENCE m_id="13" comment="" climaxEvent="FALSE">
      <token_anchor t_id="236"/>
    </ACTION_OCCURRENCE>
    <ACTION_OCCURRENCE m_id="14" comment="" climaxEvent="FALSE">
      <token_anchor t_id="82"/>
    </ACTION_OCCURRENCE>
    <ACTION_OCCURRENCE m_id="15" comment="" climaxEvent="FALSE">
      <token_anchor t_id="255"/>
    </ACTION_OCCURRENCE>
    <ACTION_OCCURRENCE m_id="16" comment="" climaxEvent="FALSE">
      <token_anchor t_id="100"/>
    </ACTION_OCCURRENCE>
    <ACTION_OCCURRENCE m_id="17" comment="" climaxEvent="FALSE">
      <token_anchor t_id="121"/>
      <token_anchor t_id="122"/>
    </ACTION_OCCURRENCE>
    <ACTION_OCCURRENCE m_id="18" comment="" climaxEvent="FALSE">
      <token_anchor t_id="127"/>
    </ACTION_OCCURRENCE>
    <ACTION_OCCURRENCE m_id="19" comment="" climaxEvent="FALSE">
      <token_anchor t_id="192"/>
      <token_anchor t_id="193"/>
    </ACTION_OCCURRENCE>
    <ACTION_OCCURRENCE m_id="20" comment="" climaxEvent="FALSE">
      <token_anchor t_id="129"/>
    </ACTION_OCCURRENCE>
    <ACTION_OCCURRENCE m_id="21" comment="" climaxEvent="FALSE">
      <token_anchor t_id="246"/>
      <token_anchor t_id="247"/>
    </ACTION_OCCURRENCE>
    <ACTION_OCCURRENCE m_id="22" comment="" climaxEvent="FALSE">
      <token_anchor t_id="194"/>
    </ACTION_OCCURRENCE>
    <ACTION_OCCURRENCE m_id="23" comment="" climaxEvent="FALSE">
      <token_anchor t_id="196"/>
    </ACTION_OCCURRENCE>
    <ACTION_OCCURRENCE m_id="24" comment="" climaxEvent="FALSE">
      <token_anchor t_id="174"/>
    </ACTION_OCCURRENCE>
    <ACTION_OCCURRENCE m_id="25" comment="" climaxEvent="FALSE">
      <token_anchor t_id="175"/>
    </ACTION_OCCURRENCE>
    <ACTION_OCCURRENCE m_id="26" comment="" climaxEvent="FALSE">
      <token_anchor t_id="186"/>
    </ACTION_OCCURRENCE>
    <ACTION_OCCURRENCE m_id="27" comment="" climaxEvent="FALSE">
      <token_anchor t_id="251"/>
      <token_anchor t_id="252"/>
    </ACTION_OCCURRENCE>
    <ACTION_OCCURRENCE m_id="28" comment="" climaxEvent="FALSE">
      <token_anchor t_id="282"/>
    </ACTION_OCCURRENCE>
    <ACTION_PERCEPTION m_id="30">
      <token_anchor t_id="155"/>
    </ACTION_PERCEPTION>
    <ACTION_REPORTING m_id="31">
      <token_anchor t_id="271"/>
    </ACTION_REPORTING>
    <ACTION_REPORTING m_id="32">
      <token_anchor t_id="171"/>
    </ACTION_REPORTING>
    <ACTION_REPORTING m_id="33">
      <token_anchor t_id="214"/>
    </ACTION_REPORTING>
    <ACTION_REPORTING m_id="34">
      <token_anchor t_id="137"/>
    </ACTION_REPORTING>
    <ACTION_REPORTING m_id="35">
      <token_anchor t_id="97"/>
    </ACTION_REPORTING>
    <ACTION_REPORTING m_id="36">
      <token_anchor t_id="321"/>
    </ACTION_REPORTING>
    <ACTION_STATE m_id="37" climaxEvent="FALSE" comment="">
      <token_anchor t_id="40"/>
    </ACTION_STATE>
    <ACTION_STATE m_id="38" climaxEvent="FALSE" comment="">
      <token_anchor t_id="302"/>
    </ACTION_STATE>
    <ACTION_STATE m_id="39" climaxEvent="FALSE" comment="">
      <token_anchor t_id="220"/>
    </ACTION_STATE>
    <ACTION_STATE m_id="40" climaxEvent="FALSE" comment="">
      <token_anchor t_id="59"/>
    </ACTION_STATE>
    <ACTION_STATE m_id="41" climaxEvent="FALSE" comment="">
      <token_anchor t_id="153"/>
    </ACTION_STATE>
    <ACTION_STATE m_id="42" climaxEvent="FALSE" comment="">
      <token_anchor t_id="218"/>
    </ACTION_STATE>
    <ACTION_STATE m_id="43" climaxEvent="FALSE" comment="">
      <token_anchor t_id="225"/>
    </ACTION_STATE>
    <ACTION_STATE m_id="44" climaxEvent="FALSE" comment="">
      <token_anchor t_id="188"/>
    </ACTION_STATE>
    <ACTION_STATE m_id="45" climaxEvent="FALSE" comment="">
      <token_anchor t_id="311"/>
      <token_anchor t_id="312"/>
    </ACTION_STATE>
    <HUMAN_PART_MET m_id="46">
      <token_anchor t_id="259"/>
    </HUMAN_PART_MET>
    <HUMAN_PART_MET m_id="47">
      <token_anchor t_id="210"/>
    </HUMAN_PART_MET>
    <HUMAN_PART_MET m_id="48">
      <token_anchor t_id="223"/>
    </HUMAN_PART_MET>
    <HUMAN_PART_ORG m_id="49">
      <token_anchor t_id="320"/>
    </HUMAN_PART_ORG>
    <HUMAN_PART_ORG m_id="50">
      <token_anchor t_id="291"/>
      <token_anchor t_id="292"/>
    </HUMAN_PART_ORG>
    <HUMAN_PART_ORG m_id="51">
      <token_anchor t_id="65"/>
    </HUMAN_PART_ORG>
    <HUMAN_PART_ORG m_id="52">
      <token_anchor t_id="49"/>
      <token_anchor t_id="50"/>
      <token_anchor t_id="51"/>
    </HUMAN_PART_ORG>
    <HUMAN_PART_ORG m_id="53">
      <token_anchor t_id="132"/>
      <token_anchor t_id="133"/>
      <token_anchor t_id="134"/>
      <token_anchor t_id="135"/>
      <token_anchor t_id="136"/>
    </HUMAN_PART_ORG>
    <HUMAN_PART_ORG m_id="54">
      <token_anchor t_id="200"/>
    </HUMAN_PART_ORG>
    <HUMAN_PART_ORG m_id="55">
      <token_anchor t_id="178"/>
    </HUMAN_PART_ORG>
    <HUMAN_PART_ORG m_id="56">
      <token_anchor t_id="181"/>
    </HUMAN_PART_ORG>
    <HUMAN_PART_ORG m_id="57">
      <token_anchor t_id="217"/>
    </HUMAN_PART_ORG>
    <HUMAN_PART_ORG m_id="58">
      <token_anchor t_id="94"/>
      <token_anchor t_id="95"/>
      <token_anchor t_id="96"/>
    </HUMAN_PART_ORG>
    <HUMAN_PART_ORG m_id="59">
      <token_anchor t_id="229"/>
    </HUMAN_PART_ORG>
    <HUMAN_PART_ORG m_id="60">
      <token_anchor t_id="232"/>
    </HUMAN_PART_ORG>
    <HUMAN_PART_PER m_id="61" comment="">
      <token_anchor t_id="262"/>
    </HUMAN_PART_PER>
    <HUMAN_PART_PER m_id="62" comment="">
      <token_anchor t_id="309"/>
    </HUMAN_PART_PER>
    <HUMAN_PART_PER m_id="63" comment="">
      <token_anchor t_id="300"/>
    </HUMAN_PART_PER>
    <HUMAN_PART_PER m_id="64" comment="">
      <token_anchor t_id="204"/>
    </HUMAN_PART_PER>
    <HUMAN_PART_PER m_id="65" comment="">
      <token_anchor t_id="207"/>
    </HUMAN_PART_PER>
    <HUMAN_PART_PER m_id="66" comment="">
      <token_anchor t_id="35"/>
      <token_anchor t_id="36"/>
      <token_anchor t_id="37"/>
    </HUMAN_PART_PER>
    <HUMAN_PART_PER m_id="99" comment="">
      <token_anchor t_id="52"/>
      <token_anchor t_id="53"/>
      <token_anchor t_id="54"/>
      <token_anchor t_id="55"/>
    </HUMAN_PART_PER>
    <HUMAN_PART_PER m_id="67" comment="">
      <token_anchor t_id="77"/>
    </HUMAN_PART_PER>
    <HUMAN_PART_PER m_id="68" comment="">
      <token_anchor t_id="160"/>
      <token_anchor t_id="161"/>
    </HUMAN_PART_PER>
    <HUMAN_PART_PER m_id="69" comment="">
      <token_anchor t_id="99"/>
    </HUMAN_PART_PER>
    <HUMAN_PART_PER m_id="70" comment="">
      <token_anchor t_id="119"/>
    </HUMAN_PART_PER>
    <HUMAN_PART_PER m_id="71" comment="">
      <token_anchor t_id="166"/>
      <token_anchor t_id="167"/>
      <token_anchor t_id="168"/>
      <token_anchor t_id="169"/>
      <token_anchor t_id="170"/>
    </HUMAN_PART_PER>
    <HUMAN_PART_PER m_id="72" comment="">
      <token_anchor t_id="213"/>
    </HUMAN_PART_PER>
    <HUMAN_PART_PER m_id="73" comment="">
      <token_anchor t_id="235"/>
    </HUMAN_PART_PER>
    <HUMAN_PART_PER m_id="74" comment="">
      <token_anchor t_id="275"/>
      <token_anchor t_id="276"/>
    </HUMAN_PART_PER>
    <LOC_FAC m_id="75">
      <token_anchor t_id="303"/>
      <token_anchor t_id="304"/>
    </LOC_FAC>
    <LOC_FAC m_id="76">
      <token_anchor t_id="123"/>
      <token_anchor t_id="124"/>
    </LOC_FAC>
    <LOC_GEO m_id="97" comment="">
      <token_anchor t_id="85"/>
      <token_anchor t_id="86"/>
      <token_anchor t_id="87"/>
      <token_anchor t_id="88"/>
      <token_anchor t_id="89"/>
      <token_anchor t_id="90"/>
      <token_anchor t_id="91"/>
    </LOC_GEO>
    <LOC_GEO m_id="77" comment="">
      <token_anchor t_id="297"/>
      <token_anchor t_id="298"/>
    </LOC_GEO>
    <NEG_ACTION_OCCURRENCE m_id="78" comment="" climaxEvent="FALSE">
      <token_anchor t_id="144"/>
    </NEG_ACTION_OCCURRENCE>
    <NEG_ACTION_OCCURRENCE m_id="79" comment="" climaxEvent="FALSE">
      <token_anchor t_id="266"/>
    </NEG_ACTION_OCCURRENCE>
    <NEG_ACTION_STATE m_id="80" comment="" climaxEvent="FALSE">
      <token_anchor t_id="117"/>
    </NEG_ACTION_STATE>
    <NON_HUMAN_PART m_id="81" comment="">
      <token_anchor t_id="113"/>
    </NON_HUMAN_PART>
    <NON_HUMAN_PART m_id="82" comment="">
      <token_anchor t_id="139"/>
    </NON_HUMAN_PART>
    <NON_HUMAN_PART m_id="83" comment="">
      <token_anchor t_id="158"/>
    </NON_HUMAN_PART>
    <NON_HUMAN_PART m_id="84" comment="">
      <token_anchor t_id="242"/>
      <token_anchor t_id="243"/>
      <token_anchor t_id="244"/>
      <token_anchor t_id="245"/>
    </NON_HUMAN_PART>
    <NON_HUMAN_PART m_id="85" comment="">
      <token_anchor t_id="102"/>
    </NON_HUMAN_PART>
    <NON_HUMAN_PART m_id="86" comment="">
      <token_anchor t_id="103"/>
    </NON_HUMAN_PART>
    <NON_HUMAN_PART m_id="87" comment="">
      <token_anchor t_id="106"/>
    </NON_HUMAN_PART>
    <NON_HUMAN_PART m_id="88" comment="">
      <token_anchor t_id="108"/>
      <token_anchor t_id="109"/>
    </NON_HUMAN_PART>
    <NON_HUMAN_PART_GENERIC m_id="89">
      <token_anchor t_id="253"/>
    </NON_HUMAN_PART_GENERIC>
    <TIME_DATE m_id="93" comment="" DCT="FALSE" value="2009-01-06" anchorTimeID="90">
      <token_anchor t_id="283"/>
      <token_anchor t_id="284"/>
      <token_anchor t_id="285"/>
      <token_anchor t_id="286"/>
    </TIME_DATE>
    <TIME_DATE m_id="90" comment="" DCT="TRUE" value="2009-02-04" anchorTimeID="">
      <token_anchor t_id="43"/>
      <token_anchor t_id="44"/>
      <token_anchor t_id="45"/>
      <token_anchor t_id="46"/>
      <token_anchor t_id="47"/>
      <token_anchor t_id="48"/>
    </TIME_DATE>
    <TIME_DATE m_id="91" comment="" DCT="FALSE" value="2009-02-03" anchorTimeID="90">
      <token_anchor t_id="145"/>
      <token_anchor t_id="146"/>
      <token_anchor t_id="147"/>
    </TIME_DATE>
    <TIME_DATE m_id="92" comment="" DCT="FALSE" value="2009-02-17" anchorTimeID="90">
      <token_anchor t_id="305"/>
      <token_anchor t_id="306"/>
      <token_anchor t_id="307"/>
    </TIME_DATE>
    <TIME_DURATION m_id="94" value="" anchorTimeID="" begin="" endPoint="">
      <token_anchor t_id="72"/>
      <token_anchor t_id="73"/>
      <token_anchor t_id="74"/>
      <token_anchor t_id="75"/>
    </TIME_DURATION>
    <TIME_OF_THE_DAY m_id="95" DCT="FALSE" value="2009-02-01" anchorTimeID="90">
      <token_anchor t_id="83"/>
      <token_anchor t_id="84"/>
    </TIME_OF_THE_DAY>
    <TIME_REPETITION m_id="96" value="" quant="" freq="">
      <token_anchor t_id="68"/>
    </TIME_REPETITION>
    <ACTION_OCCURRENCE m_id="100" RELATED_TO="" TAG_DESCRIPTOR="t35_jamal_wills_arrested" comment="" climaxEvent="FALSE"/>
    <TIME_DURATION m_id="101" RELATED_TO="" TAG_DESCRIPTOR="t35_within_a_month" value="" anchorTimeID="" begin="" endPoint=""/>
    <HUMAN_PART_PER m_id="102" RELATED_TO="" TAG_DESCRIPTOR="t35_jamal_williams" comment=""/>
    <TIME_OF_THE_DAY m_id="103" RELATED_TO="" TAG_DESCRIPTOR="t35_early_sunday" value="" anchorTimeID="" DCT="FALSE"/>
    <ACTION_OCCURRENCE m_id="104" RELATED_TO="" TAG_DESCRIPTOR="t35_jwills_speeding" comment="" climaxEvent="FALSE"/>
    <TIME_REPETITION m_id="105" RELATED_TO="" TAG_DESCRIPTOR="t2_second_time" value="" quant="" freq=""/>
    <ACTION_OCCURRENCE m_id="106" RELATED_TO="" TAG_DESCRIPTOR="t35_jamal_wills_DUI" comment="" climaxEvent="FALSE"/>
    <ACTION_OCCURRENCE m_id="107" RELATED_TO="" TAG_DESCRIPTOR="t35_jwills_pulled_over" comment="" climaxEvent="FALSE"/>
    <ACTION_STATE m_id="108" RELATED_TO="" TAG_DESCRIPTOR="t35_suspicion" climaxEvent="FALSE" comment=""/>
    <ACTION_REPORTING m_id="109" RELATED_TO="" TAG_DESCRIPTOR="t35_patrol_said"/>
    <HUMAN_PART_ORG m_id="110" RELATED_TO="" TAG_DESCRIPTOR="t35_chargers"/>
    <HUMAN_PART_ORG m_id="111" RELATED_TO="" TAG_DESCRIPTOR="t35_calif_highway_patrol"/>
    <LOC_GEO m_id="112" RELATED_TO="" TAG_DESCRIPTOR="t35_san_diego_freeway" comment=""/>
  </Markables>
  <Relations>
    <TLINK r_id="213812" contextualModality="" relType="AFTER" comment="">
      <source m_id="90"/>
      <target m_id="5"/>
    </TLINK>
    <TLINK r_id="213813" contextualModality="" relType="AFTER" comment="">
      <source m_id="90"/>
      <target m_id="37"/>
    </TLINK>
    <TLINK r_id="213814" contextualModality="" relType="AFTER" comment="">
      <source m_id="90"/>
      <target m_id="7"/>
    </TLINK>
    <TLINK r_id="213815" contextualModality="" relType="AFTER" comment="">
      <source m_id="90"/>
      <target m_id="10"/>
    </TLINK>
    <TLINK r_id="213816" contextualModality="" relType="AFTER" comment="">
      <source m_id="90"/>
      <target m_id="9"/>
    </TLINK>
    <TLINK r_id="214103" contextualModality="" relType="AFTER" comment="">
      <source m_id="90"/>
      <target m_id="98"/>
    </TLINK>
    <TLINK r_id="214104" contextualModality="" relType="AFTER" comment="">
      <source m_id="90"/>
      <target m_id="12"/>
    </TLINK>
    <TLINK r_id="214105" contextualModality="" relType="AFTER" comment="">
      <source m_id="90"/>
      <target m_id="14"/>
    </TLINK>
    <TLINK r_id="214106" contextualModality="" relType="AFTER" comment="">
      <source m_id="90"/>
      <target m_id="16"/>
    </TLINK>
    <TLINK r_id="214107" contextualModality="" relType="AFTER" comment="">
      <source m_id="90"/>
      <target m_id="80"/>
    </TLINK>
    <TLINK r_id="214108" contextualModality="" relType="AFTER" comment="">
      <source m_id="90"/>
      <target m_id="17"/>
    </TLINK>
    <TLINK r_id="214109" contextualModality="" relType="AFTER" comment="">
      <source m_id="90"/>
      <target m_id="18"/>
    </TLINK>
    <TLINK r_id="214110" contextualModality="" relType="AFTER" comment="">
      <source m_id="90"/>
      <target m_id="20"/>
    </TLINK>
    <TLINK r_id="214114" contextualModality="" relType="AFTER" comment="">
      <source m_id="90"/>
      <target m_id="78"/>
    </TLINK>
    <TLINK r_id="214115" contextualModality="" relType="AFTER" comment="">
      <source m_id="90"/>
      <target m_id="41"/>
    </TLINK>
    <TLINK r_id="214116" contextualModality="" relType="AFTER" comment="">
      <source m_id="90"/>
      <target m_id="30"/>
    </TLINK>
    <TLINK r_id="214121" contextualModality="" relType="AFTER" comment="">
      <source m_id="90"/>
      <target m_id="24"/>
    </TLINK>
    <TLINK r_id="214122" contextualModality="" relType="AFTER" comment="">
      <source m_id="90"/>
      <target m_id="25"/>
    </TLINK>
    <TLINK r_id="214123" contextualModality="" relType="AFTER" comment="">
      <source m_id="90"/>
      <target m_id="2"/>
    </TLINK>
    <TLINK r_id="214124" contextualModality="" relType="AFTER" comment="">
      <source m_id="90"/>
      <target m_id="26"/>
    </TLINK>
    <TLINK r_id="214125" contextualModality="" relType="AFTER" comment="">
      <source m_id="90"/>
      <target m_id="44"/>
    </TLINK>
    <TLINK r_id="214126" contextualModality="" relType="AFTER" comment="">
      <source m_id="90"/>
      <target m_id="1"/>
    </TLINK>
    <TLINK r_id="214127" contextualModality="" relType="AFTER" comment="">
      <source m_id="90"/>
      <target m_id="19"/>
    </TLINK>
    <TLINK r_id="214128" contextualModality="" relType="AFTER" comment="">
      <source m_id="90"/>
      <target m_id="23"/>
    </TLINK>
    <TLINK r_id="214129" contextualModality="" relType="AFTER" comment="">
      <source m_id="90"/>
      <target m_id="33"/>
    </TLINK>
    <TLINK r_id="214161" contextualModality="" relType="OVERLAP" comment="">
      <source m_id="90"/>
      <target m_id="39"/>
    </TLINK>
    <TLINK r_id="214162" contextualModality="" relType="OVERLAP" comment="">
      <source m_id="90"/>
      <target m_id="43"/>
    </TLINK>
    <TLINK r_id="214166" contextualModality="" relType="AFTER" comment="">
      <source m_id="90"/>
      <target m_id="13"/>
    </TLINK>
    <TLINK r_id="214202" contextualModality="" relType="AFTER" comment="">
      <source m_id="90"/>
      <target m_id="27"/>
    </TLINK>
    <TLINK r_id="214203" contextualModality="" relType="AFTER" comment="">
      <source m_id="90"/>
      <target m_id="15"/>
    </TLINK>
    <TLINK r_id="214204" contextualModality="" relType="AFTER" comment="">
      <source m_id="90"/>
      <target m_id="79"/>
    </TLINK>
    <TLINK r_id="214205" contextualModality="" relType="AFTER" comment="">
      <source m_id="90"/>
      <target m_id="11"/>
    </TLINK>
    <TLINK r_id="214206" contextualModality="" relType="AFTER" comment="">
      <source m_id="90"/>
      <target m_id="6"/>
    </TLINK>
    <TLINK r_id="214207" contextualModality="" relType="AFTER" comment="">
      <source m_id="90"/>
      <target m_id="31"/>
    </TLINK>
    <TLINK r_id="214208" contextualModality="" relType="AFTER" comment="">
      <source m_id="90"/>
      <target m_id="4"/>
    </TLINK>
    <TLINK r_id="214210" contextualModality="" relType="AFTER" comment="">
      <source m_id="90"/>
      <target m_id="3"/>
    </TLINK>
    <TLINK r_id="214211" contextualModality="" relType="AFTER" comment="">
      <source m_id="90"/>
      <target m_id="28"/>
    </TLINK>
    <TLINK r_id="214212" contextualModality="" relType="AFTER" comment="">
      <source m_id="90"/>
      <target m_id="8"/>
    </TLINK>
    <TLINK r_id="214213" contextualModality="" relType="AFTER" comment="">
      <source m_id="90"/>
      <target m_id="45"/>
    </TLINK>
    <TLINK r_id="214214" contextualModality="" relType="AFTER" comment="">
      <source m_id="90"/>
      <target m_id="29"/>
    </TLINK>
    <TLINK r_id="214216" contextualModality="" relType="CONTAINS" comment="">
      <source m_id="95"/>
      <target m_id="5"/>
    </TLINK>
    <TLINK r_id="214217" contextualModality="" relType="CONTAINS" comment="">
      <source m_id="95"/>
      <target m_id="37"/>
    </TLINK>
    <TLINK r_id="214218" contextualModality="" relType="CONTAINS" comment="">
      <source m_id="95"/>
      <target m_id="7"/>
    </TLINK>
    <TLINK r_id="214219" contextualModality="" relType="CONTAINS" comment="">
      <source m_id="95"/>
      <target m_id="10"/>
    </TLINK>
    <TLINK r_id="214220" contextualModality="" relType="CONTAINS" comment="">
      <source m_id="95"/>
      <target m_id="40"/>
    </TLINK>
    <TLINK r_id="214221" contextualModality="" relType="CONTAINS" comment="">
      <source m_id="95"/>
      <target m_id="9"/>
    </TLINK>
    <TLINK r_id="214222" contextualModality="" relType="CONTAINS" comment="">
      <source m_id="95"/>
      <target m_id="98"/>
    </TLINK>
    <TLINK r_id="214223" contextualModality="" relType="CONTAINS" comment="">
      <source m_id="95"/>
      <target m_id="12"/>
    </TLINK>
    <TLINK r_id="214224" contextualModality="" relType="CONTAINS" comment="">
      <source m_id="95"/>
      <target m_id="14"/>
    </TLINK>
    <TLINK r_id="214225" contextualModality="" relType="CONTAINS" comment="">
      <source m_id="95"/>
      <target m_id="16"/>
    </TLINK>
    <TLINK r_id="214226" contextualModality="" relType="CONTAINS" comment="">
      <source m_id="95"/>
      <target m_id="80"/>
    </TLINK>
    <TLINK r_id="214227" contextualModality="" relType="CONTAINS" comment="">
      <source m_id="95"/>
      <target m_id="17"/>
    </TLINK>
    <TLINK r_id="214228" contextualModality="" relType="CONTAINS" comment="">
      <source m_id="95"/>
      <target m_id="18"/>
    </TLINK>
    <TLINK r_id="214229" contextualModality="" relType="CONTAINS" comment="">
      <source m_id="95"/>
      <target m_id="20"/>
    </TLINK>
    <TLINK r_id="214854" contextualModality="" relType="CONTAINS" comment="">
      <source m_id="91"/>
      <target m_id="78"/>
    </TLINK>
    <TLINK r_id="214855" contextualModality="" relType="CONTAINS" comment="">
      <source m_id="91"/>
      <target m_id="41"/>
    </TLINK>
    <TLINK r_id="214856" contextualModality="" relType="CONTAINS" comment="">
      <source m_id="91"/>
      <target m_id="30"/>
    </TLINK>
    <TLINK r_id="214857" contextualModality="" relType="CONTAINS" comment="">
      <source m_id="91"/>
      <target m_id="24"/>
    </TLINK>
    <TLINK r_id="214858" contextualModality="" relType="CONTAINS" comment="">
      <source m_id="91"/>
      <target m_id="25"/>
    </TLINK>
    <TLINK r_id="214859" contextualModality="" relType="CONTAINS" comment="">
      <source m_id="91"/>
      <target m_id="2"/>
    </TLINK>
    <TLINK r_id="214865" contextualModality="" relType="CONTAINS" comment="">
      <source m_id="91"/>
      <target m_id="26"/>
    </TLINK>
    <TLINK r_id="214866" contextualModality="" relType="CONTAINS" comment="">
      <source m_id="91"/>
      <target m_id="44"/>
    </TLINK>
    <TLINK r_id="214867" contextualModality="" relType="CONTAINS" comment="">
      <source m_id="91"/>
      <target m_id="1"/>
    </TLINK>
    <TLINK r_id="214868" contextualModality="" relType="CONTAINS" comment="">
      <source m_id="91"/>
      <target m_id="19"/>
    </TLINK>
    <TLINK r_id="214869" contextualModality="" relType="CONTAINS" comment="">
      <source m_id="91"/>
      <target m_id="23"/>
    </TLINK>
    <TLINK r_id="214870" contextualModality="" relType="CONTAINS" comment="">
      <source m_id="91"/>
      <target m_id="42"/>
    </TLINK>
    <TLINK r_id="214871" contextualModality="" relType="CONTAINS" comment="">
      <source m_id="91"/>
      <target m_id="39"/>
    </TLINK>
    <TLINK r_id="214872" contextualModality="" relType="CONTAINS" comment="">
      <source m_id="91"/>
      <target m_id="43"/>
    </TLINK>
    <TLINK r_id="214873" contextualModality="" relType="AFTER" comment="">
      <source m_id="91"/>
      <target m_id="13"/>
    </TLINK>
    <TLINK r_id="214874" contextualModality="" relType="AFTER" comment="">
      <source m_id="91"/>
      <target m_id="21"/>
    </TLINK>
    <TLINK r_id="214875" contextualModality="" relType="AFTER" comment="">
      <source m_id="91"/>
      <target m_id="15"/>
    </TLINK>
    <TLINK r_id="214876" contextualModality="" relType="AFTER" comment="">
      <source m_id="91"/>
      <target m_id="27"/>
    </TLINK>
    <TLINK r_id="214877" contextualModality="" relType="BEFORE" comment="">
      <source m_id="91"/>
      <target m_id="79"/>
    </TLINK>
    <TLINK r_id="214878" contextualModality="" relType="BEFORE" comment="">
      <source m_id="91"/>
      <target m_id="11"/>
    </TLINK>
    <TLINK r_id="214879" contextualModality="" relType="BEFORE" comment="">
      <source m_id="91"/>
      <target m_id="6"/>
    </TLINK>
    <TLINK r_id="214880" contextualModality="" relType="BEFORE" comment="">
      <source m_id="91"/>
      <target m_id="31"/>
    </TLINK>
    <TLINK r_id="214881" contextualModality="" relType="CONTAINS" comment="">
      <source m_id="93"/>
      <target m_id="4"/>
    </TLINK>
    <TLINK r_id="214882" contextualModality="" relType="CONTAINS" comment="">
      <source m_id="93"/>
      <target m_id="3"/>
    </TLINK>
    <TLINK r_id="214883" contextualModality="" relType="CONTAINS" comment="">
      <source m_id="93"/>
      <target m_id="28"/>
    </TLINK>
    <TLINK r_id="214884" contextualModality="" relType="CONTAINS" comment="">
      <source m_id="93"/>
      <target m_id="8"/>
    </TLINK>
    <TLINK r_id="214885" contextualModality="" relType="CONTAINS" comment="">
      <source m_id="92"/>
      <target m_id="38"/>
    </TLINK>
    <TLINK r_id="214886" contextualModality="" relType="AFTER" comment="">
      <source m_id="92"/>
      <target m_id="45"/>
    </TLINK>
    <TLINK r_id="214887" contextualModality="" relType="AFTER" comment="">
      <source m_id="92"/>
      <target m_id="29"/>
    </TLINK>
    <PLOT_LINK r_id="214888" SIGNAL="" relType="FALLING_ACTION" CAUSES="FALSE" CAUSED_BY="FALSE">
      <source m_id="5"/>
      <target m_id="7"/>
    </PLOT_LINK>
    <PLOT_LINK r_id="214889" SIGNAL="" relType="FALLING_ACTION" CAUSES="FALSE" CAUSED_BY="FALSE">
      <source m_id="10"/>
      <target m_id="9"/>
    </PLOT_LINK>
    <PLOT_LINK r_id="214890" SIGNAL="" relType="FALLING_ACTION" CAUSES="FALSE" CAUSED_BY="FALSE">
      <source m_id="12"/>
      <target m_id="14"/>
    </PLOT_LINK>
    <PLOT_LINK r_id="214891" SIGNAL="" relType="PRECONDITION" CAUSES="FALSE" CAUSED_BY="FALSE">
      <source m_id="17"/>
      <target m_id="18"/>
    </PLOT_LINK>
    <PLOT_LINK r_id="214892" SIGNAL="" relType="PRECONDITION" CAUSES="FALSE" CAUSED_BY="FALSE">
      <source m_id="10"/>
      <target m_id="17"/>
    </PLOT_LINK>
    <PLOT_LINK r_id="214893" SIGNAL="" relType="FALLING_ACTION" CAUSES="FALSE" CAUSED_BY="FALSE">
      <source m_id="18"/>
      <target m_id="20"/>
    </PLOT_LINK>
    <PLOT_LINK r_id="214895" SIGNAL="" relType="FALLING_ACTION" CAUSES="FALSE" CAUSED_BY="FALSE">
      <source m_id="4"/>
      <target m_id="28"/>
    </PLOT_LINK>
    <PLOT_LINK r_id="214896" SIGNAL="" relType="FALLING_ACTION" CAUSES="FALSE" CAUSED_BY="FALSE">
      <source m_id="45"/>
      <target m_id="29"/>
    </PLOT_LINK>
  </Relations>
</Document>
