<?xml version='1.0' encoding='UTF-8'?>
<Document doc_name="35_11ecbplus.xml">
  <token t_id="1" sentence="0" number="0">http</token>
  <token t_id="2" sentence="0" number="1">:</token>
  <token t_id="3" sentence="0" number="2">/</token>
  <token t_id="4" sentence="0" number="3">/</token>
  <token t_id="5" sentence="0" number="4">www</token>
  <token t_id="6" sentence="0" number="5">.</token>
  <token t_id="7" sentence="0" number="6">duianswer</token>
  <token t_id="8" sentence="0" number="7">.</token>
  <token t_id="9" sentence="0" number="8">com</token>
  <token t_id="10" sentence="0" number="9">/</token>
  <token t_id="11" sentence="0" number="10">blog</token>
  <token t_id="12" sentence="0" number="11">/</token>
  <token t_id="13" sentence="0" number="12">san</token>
  <token t_id="14" sentence="0" number="13">-</token>
  <token t_id="15" sentence="0" number="14">diego</token>
  <token t_id="16" sentence="0" number="15">-</token>
  <token t_id="17" sentence="0" number="16">chargers</token>
  <token t_id="18" sentence="0" number="17">-</token>
  <token t_id="19" sentence="0" number="18">defensive</token>
  <token t_id="20" sentence="0" number="19">-</token>
  <token t_id="21" sentence="0" number="20">tackle</token>
  <token t_id="22" sentence="0" number="21">-</token>
  <token t_id="23" sentence="0" number="22">faces</token>
  <token t_id="24" sentence="0" number="23">-</token>
  <token t_id="25" sentence="0" number="24">dui</token>
  <token t_id="26" sentence="0" number="25">-</token>
  <token t_id="27" sentence="0" number="26">charges</token>
  <token t_id="28" sentence="0" number="27">.</token>
  <token t_id="29" sentence="0" number="28">cfm</token>
  <token t_id="30" sentence="1" number="0">San</token>
  <token t_id="31" sentence="1" number="1">Diego</token>
  <token t_id="32" sentence="1" number="2">Chargers</token>
  <token t_id="33" sentence="1" number="3">Defensive</token>
  <token t_id="34" sentence="1" number="4">Tackle</token>
  <token t_id="35" sentence="1" number="5">Faces</token>
  <token t_id="36" sentence="1" number="6">DUI</token>
  <token t_id="37" sentence="1" number="7">Charges</token>
  <token t_id="38" sentence="2" number="0">Jamal</token>
  <token t_id="39" sentence="2" number="1">Williams</token>
  <token t_id="40" sentence="2" number="2">,</token>
  <token t_id="41" sentence="2" number="3">the</token>
  <token t_id="42" sentence="2" number="4">defensive</token>
  <token t_id="43" sentence="2" number="5">tackle</token>
  <token t_id="44" sentence="2" number="6">for</token>
  <token t_id="45" sentence="2" number="7">the</token>
  <token t_id="46" sentence="2" number="8">San</token>
  <token t_id="47" sentence="2" number="9">Diego</token>
  <token t_id="48" sentence="2" number="10">Chargers</token>
  <token t_id="49" sentence="2" number="11">was</token>
  <token t_id="50" sentence="2" number="12">arrested</token>
  <token t_id="51" sentence="2" number="13">on</token>
  <token t_id="52" sentence="2" number="14">suspicion</token>
  <token t_id="53" sentence="2" number="15">of</token>
  <token t_id="54" sentence="2" number="16">drunk</token>
  <token t_id="55" sentence="2" number="17">driving</token>
  <token t_id="56" sentence="2" number="18">early</token>
  <token t_id="57" sentence="2" number="19">morning</token>
  <token t_id="58" sentence="2" number="20">on</token>
  <token t_id="59" sentence="2" number="21">Sunday</token>
  <token t_id="60" sentence="2" number="22">,</token>
  <token t_id="61" sentence="2" number="23">February</token>
  <token t_id="62" sentence="2" number="24">1</token>
  <token t_id="63" sentence="2" number="25">,</token>
  <token t_id="64" sentence="2" number="26">2009</token>
  <token t_id="65" sentence="2" number="27">.</token>
  <token t_id="66" sentence="3" number="0">He</token>
  <token t_id="67" sentence="3" number="1">is</token>
  <token t_id="68" sentence="3" number="2">the</token>
  <token t_id="69" sentence="3" number="3">second</token>
  <token t_id="70" sentence="3" number="4">Chargers</token>
  <token t_id="71" sentence="3" number="5">’</token>
  <token t_id="72" sentence="3" number="6">player</token>
  <token t_id="73" sentence="3" number="7">within</token>
  <token t_id="74" sentence="3" number="8">the</token>
  <token t_id="75" sentence="3" number="9">last</token>
  <token t_id="76" sentence="3" number="10">month</token>
  <token t_id="77" sentence="3" number="11">to</token>
  <token t_id="78" sentence="3" number="12">be</token>
  <token t_id="79" sentence="3" number="13">arrested</token>
  <token t_id="80" sentence="3" number="14">for</token>
  <token t_id="81" sentence="3" number="15">DUI</token>
  <token t_id="82" sentence="3" number="16">.</token>
  <token t_id="83" sentence="4" number="0">Williams</token>
  <token t_id="84" sentence="4" number="1">was</token>
  <token t_id="85" sentence="4" number="2">initially</token>
  <token t_id="86" sentence="4" number="3">pulled</token>
  <token t_id="87" sentence="4" number="4">over</token>
  <token t_id="88" sentence="4" number="5">for</token>
  <token t_id="89" sentence="4" number="6">speeding</token>
  <token t_id="90" sentence="4" number="7">on</token>
  <token t_id="91" sentence="4" number="8">a</token>
  <token t_id="92" sentence="4" number="9">freeway</token>
  <token t_id="93" sentence="4" number="10">outside</token>
  <token t_id="94" sentence="4" number="11">downtown</token>
  <token t_id="95" sentence="4" number="12">.</token>
  <token t_id="96" sentence="5" number="0">He</token>
  <token t_id="97" sentence="5" number="1">submitted</token>
  <token t_id="98" sentence="5" number="2">to</token>
  <token t_id="99" sentence="5" number="3">a</token>
  <token t_id="100" sentence="5" number="4">blood</token>
  <token t_id="101" sentence="5" number="5">-</token>
  <token t_id="102" sentence="5" number="6">alcohol</token>
  <token t_id="103" sentence="5" number="7">test</token>
  <token t_id="104" sentence="5" number="8">,</token>
  <token t_id="105" sentence="5" number="9">but</token>
  <token t_id="106" sentence="5" number="10">it</token>
  <token t_id="107" sentence="5" number="11">will</token>
  <token t_id="108" sentence="5" number="12">take</token>
  <token t_id="109" sentence="5" number="13">a</token>
  <token t_id="110" sentence="5" number="14">few</token>
  <token t_id="111" sentence="5" number="15">weeks</token>
  <token t_id="112" sentence="5" number="16">for</token>
  <token t_id="113" sentence="5" number="17">the</token>
  <token t_id="114" sentence="5" number="18">results</token>
  <token t_id="115" sentence="5" number="19">to</token>
  <token t_id="116" sentence="5" number="20">be</token>
  <token t_id="117" sentence="5" number="21">completed</token>
  <token t_id="118" sentence="5" number="22">.</token>
  <token t_id="119" sentence="6" number="0">Williams</token>
  <token t_id="120" sentence="6" number="1">was</token>
  <token t_id="121" sentence="6" number="2">taken</token>
  <token t_id="122" sentence="6" number="3">to</token>
  <token t_id="123" sentence="6" number="4">a</token>
  <token t_id="124" sentence="6" number="5">county</token>
  <token t_id="125" sentence="6" number="6">jail</token>
  <token t_id="126" sentence="6" number="7">where</token>
  <token t_id="127" sentence="6" number="8">he</token>
  <token t_id="128" sentence="6" number="9">later</token>
  <token t_id="129" sentence="6" number="10">was</token>
  <token t_id="130" sentence="6" number="11">released</token>
  <token t_id="131" sentence="6" number="12">on</token>
  <token t_id="132" sentence="6" number="13">bail</token>
  <token t_id="133" sentence="6" number="14">.</token>
  <token t_id="134" sentence="7" number="0">Williams</token>
  <token t_id="135" sentence="7" number="1">is</token>
  <token t_id="136" sentence="7" number="2">an</token>
  <token t_id="137" sentence="7" number="3">11</token>
  <token t_id="138" sentence="7" number="4">-</token>
  <token t_id="139" sentence="7" number="5">year</token>
  <token t_id="140" sentence="7" number="6">veteran</token>
  <token t_id="141" sentence="7" number="7">and</token>
  <token t_id="142" sentence="7" number="8">recipient</token>
  <token t_id="143" sentence="7" number="9">of</token>
  <token t_id="144" sentence="7" number="10">the</token>
  <token t_id="145" sentence="7" number="11">Chargers</token>
  <token t_id="146" sentence="7" number="12">’</token>
  <token t_id="147" sentence="7" number="13">Most</token>
  <token t_id="148" sentence="7" number="14">Valuable</token>
  <token t_id="149" sentence="7" number="15">Player</token>
  <token t_id="150" sentence="7" number="16">Award</token>
  <token t_id="151" sentence="7" number="17">this</token>
  <token t_id="152" sentence="7" number="18">season</token>
  <token t_id="153" sentence="7" number="19">.</token>
  <token t_id="154" sentence="8" number="0">According</token>
  <token t_id="155" sentence="8" number="1">to</token>
  <token t_id="156" sentence="8" number="2">the</token>
  <token t_id="157" sentence="8" number="3">City</token>
  <token t_id="158" sentence="8" number="4">Attorney</token>
  <token t_id="159" sentence="8" number="5">’</token>
  <token t_id="160" sentence="8" number="6">s</token>
  <token t_id="161" sentence="8" number="7">office</token>
  <token t_id="162" sentence="8" number="8">,</token>
  <token t_id="163" sentence="8" number="9">Williams</token>
  <token t_id="164" sentence="8" number="10">’</token>
  <token t_id="165" sentence="8" number="11">case</token>
  <token t_id="166" sentence="8" number="12">had</token>
  <token t_id="167" sentence="8" number="13">not</token>
  <token t_id="168" sentence="8" number="14">been</token>
  <token t_id="169" sentence="8" number="15">submitted</token>
  <token t_id="170" sentence="8" number="16">as</token>
  <token t_id="171" sentence="8" number="17">of</token>
  <token t_id="172" sentence="8" number="18">Tuesday</token>
  <token t_id="173" sentence="8" number="19">,</token>
  <token t_id="174" sentence="8" number="20">February</token>
  <token t_id="175" sentence="8" number="21">3</token>
  <token t_id="176" sentence="8" number="22">,</token>
  <token t_id="177" sentence="8" number="23">2009</token>
  <token t_id="178" sentence="8" number="24">.</token>
  <token t_id="179" sentence="9" number="0">The</token>
  <token t_id="180" sentence="9" number="1">team</token>
  <token t_id="181" sentence="9" number="2">’</token>
  <token t_id="182" sentence="9" number="3">s</token>
  <token t_id="183" sentence="9" number="4">general</token>
  <token t_id="184" sentence="9" number="5">manager</token>
  <token t_id="185" sentence="9" number="6">,</token>
  <token t_id="186" sentence="9" number="7">A</token>
  <token t_id="187" sentence="9" number="8">.</token>
  <token t_id="188" sentence="9" number="9">J</token>
  <token t_id="189" sentence="9" number="10">.</token>
  <token t_id="190" sentence="9" number="11">Smith</token>
  <token t_id="191" sentence="9" number="12">said</token>
  <token t_id="192" sentence="9" number="13">that</token>
  <token t_id="193" sentence="9" number="14">“</token>
  <token t_id="194" sentence="9" number="15">we</token>
  <token t_id="195" sentence="9" number="16">’</token>
  <token t_id="196" sentence="9" number="17">ll</token>
  <token t_id="197" sentence="9" number="18">continue</token>
  <token t_id="198" sentence="9" number="19">to</token>
  <token t_id="199" sentence="9" number="20">monitor</token>
  <token t_id="200" sentence="9" number="21">the</token>
  <token t_id="201" sentence="9" number="22">situation</token>
  <token t_id="202" sentence="9" number="23">and</token>
  <token t_id="203" sentence="9" number="24">let</token>
  <token t_id="204" sentence="9" number="25">the</token>
  <token t_id="205" sentence="9" number="26">legal</token>
  <token t_id="206" sentence="9" number="27">process</token>
  <token t_id="207" sentence="9" number="28">run</token>
  <token t_id="208" sentence="9" number="29">its</token>
  <token t_id="209" sentence="9" number="30">course</token>
  <token t_id="210" sentence="9" number="31">.</token>
  <token t_id="211" sentence="9" number="32">”</token>
  <token t_id="212" sentence="10" number="0">He</token>
  <token t_id="213" sentence="10" number="1">went</token>
  <token t_id="214" sentence="10" number="2">on</token>
  <token t_id="215" sentence="10" number="3">to</token>
  <token t_id="216" sentence="10" number="4">say</token>
  <token t_id="217" sentence="10" number="5">,</token>
  <token t_id="218" sentence="10" number="6">“</token>
  <token t_id="219" sentence="10" number="7">the</token>
  <token t_id="220" sentence="10" number="8">Chargers</token>
  <token t_id="221" sentence="10" number="9">have</token>
  <token t_id="222" sentence="10" number="10">always</token>
  <token t_id="223" sentence="10" number="11">been</token>
  <token t_id="224" sentence="10" number="12">leaders</token>
  <token t_id="225" sentence="10" number="13">and</token>
  <token t_id="226" sentence="10" number="14">positive</token>
  <token t_id="227" sentence="10" number="15">contributors</token>
  <token t_id="228" sentence="10" number="16">to</token>
  <token t_id="229" sentence="10" number="17">our</token>
  <token t_id="230" sentence="10" number="18">community</token>
  <token t_id="231" sentence="10" number="19">.</token>
  <token t_id="232" sentence="11" number="0">We</token>
  <token t_id="233" sentence="11" number="1">take</token>
  <token t_id="234" sentence="11" number="2">our</token>
  <token t_id="235" sentence="11" number="3">stature</token>
  <token t_id="236" sentence="11" number="4">in</token>
  <token t_id="237" sentence="11" number="5">the</token>
  <token t_id="238" sentence="11" number="6">community</token>
  <token t_id="239" sentence="11" number="7">very</token>
  <token t_id="240" sentence="11" number="8">seriously</token>
  <token t_id="241" sentence="11" number="9">.</token>
  <token t_id="242" sentence="12" number="0">Through</token>
  <token t_id="243" sentence="12" number="1">the</token>
  <token t_id="244" sentence="12" number="2">Chargers</token>
  <token t_id="245" sentence="12" number="3">and</token>
  <token t_id="246" sentence="12" number="4">the</token>
  <token t_id="247" sentence="12" number="5">NFL</token>
  <token t_id="248" sentence="12" number="6">,</token>
  <token t_id="249" sentence="12" number="7">our</token>
  <token t_id="250" sentence="12" number="8">players</token>
  <token t_id="251" sentence="12" number="9">receive</token>
  <token t_id="252" sentence="12" number="10">one</token>
  <token t_id="253" sentence="12" number="11">of</token>
  <token t_id="254" sentence="12" number="12">the</token>
  <token t_id="255" sentence="12" number="13">most</token>
  <token t_id="256" sentence="12" number="14">comprehensive</token>
  <token t_id="257" sentence="12" number="15">education</token>
  <token t_id="258" sentence="12" number="16">and</token>
  <token t_id="259" sentence="12" number="17">support</token>
  <token t_id="260" sentence="12" number="18">programs</token>
  <token t_id="261" sentence="12" number="19">in</token>
  <token t_id="262" sentence="12" number="20">sports</token>
  <token t_id="263" sentence="12" number="21">to</token>
  <token t_id="264" sentence="12" number="22">help</token>
  <token t_id="265" sentence="12" number="23">them</token>
  <token t_id="266" sentence="12" number="24">deal</token>
  <token t_id="267" sentence="12" number="25">with</token>
  <token t_id="268" sentence="12" number="26">issues</token>
  <token t_id="269" sentence="12" number="27">that</token>
  <token t_id="270" sentence="12" number="28">affect</token>
  <token t_id="271" sentence="12" number="29">all</token>
  <token t_id="272" sentence="12" number="30">segments</token>
  <token t_id="273" sentence="12" number="31">of</token>
  <token t_id="274" sentence="12" number="32">society</token>
  <token t_id="275" sentence="12" number="33">.</token>
  <token t_id="276" sentence="12" number="34">”</token>
  <token t_id="277" sentence="13" number="0">Vincent</token>
  <token t_id="278" sentence="13" number="1">Jackson</token>
  <token t_id="279" sentence="13" number="2">,</token>
  <token t_id="280" sentence="13" number="3">the</token>
  <token t_id="281" sentence="13" number="4">Chargers</token>
  <token t_id="282" sentence="13" number="5">receiver</token>
  <token t_id="283" sentence="13" number="6">,</token>
  <token t_id="284" sentence="13" number="7">was</token>
  <token t_id="285" sentence="13" number="8">also</token>
  <token t_id="286" sentence="13" number="9">recently</token>
  <token t_id="287" sentence="13" number="10">arrested</token>
  <token t_id="288" sentence="13" number="11">on</token>
  <token t_id="289" sentence="13" number="12">allegations</token>
  <token t_id="290" sentence="13" number="13">of</token>
  <token t_id="291" sentence="13" number="14">DUI</token>
  <token t_id="292" sentence="13" number="15">.</token>
  <token t_id="293" sentence="14" number="0">His</token>
  <token t_id="294" sentence="14" number="1">DUI</token>
  <token t_id="295" sentence="14" number="2">arrest</token>
  <token t_id="296" sentence="14" number="3">occurred</token>
  <token t_id="297" sentence="14" number="4">five</token>
  <token t_id="298" sentence="14" number="5">days</token>
  <token t_id="299" sentence="14" number="6">before</token>
  <token t_id="300" sentence="14" number="7">San</token>
  <token t_id="301" sentence="14" number="8">Diego</token>
  <token t_id="302" sentence="14" number="9">’</token>
  <token t_id="303" sentence="14" number="10">s</token>
  <token t_id="304" sentence="14" number="11">playoff</token>
  <token t_id="305" sentence="14" number="12">loss</token>
  <token t_id="306" sentence="14" number="13">at</token>
  <token t_id="307" sentence="14" number="14">Pittsburgh</token>
  <token t_id="308" sentence="14" number="15">.</token>
  <token t_id="309" sentence="15" number="0">Jackson</token>
  <token t_id="310" sentence="15" number="1">’</token>
  <token t_id="311" sentence="15" number="2">s</token>
  <token t_id="312" sentence="15" number="3">court</token>
  <token t_id="313" sentence="15" number="4">date</token>
  <token t_id="314" sentence="15" number="5">is</token>
  <token t_id="315" sentence="15" number="6">set</token>
  <token t_id="316" sentence="15" number="7">for</token>
  <token t_id="317" sentence="15" number="8">February</token>
  <token t_id="318" sentence="15" number="9">17</token>
  <token t_id="319" sentence="15" number="10">,</token>
  <token t_id="320" sentence="15" number="11">2009</token>
  <token t_id="321" sentence="15" number="12">.</token>
  <token t_id="322" sentence="16" number="0">When</token>
  <token t_id="323" sentence="16" number="1">he</token>
  <token t_id="324" sentence="16" number="2">was</token>
  <token t_id="325" sentence="16" number="3">arrested</token>
  <token t_id="326" sentence="16" number="4">,</token>
  <token t_id="327" sentence="16" number="5">he</token>
  <token t_id="328" sentence="16" number="6">was</token>
  <token t_id="329" sentence="16" number="7">on</token>
  <token t_id="330" sentence="16" number="8">probation</token>
  <token t_id="331" sentence="16" number="9">for</token>
  <token t_id="332" sentence="16" number="10">a</token>
  <token t_id="333" sentence="16" number="11">previous</token>
  <token t_id="334" sentence="16" number="12">DUI</token>
  <token t_id="335" sentence="16" number="13">arrest</token>
  <token t_id="336" sentence="16" number="14">,</token>
  <token t_id="337" sentence="16" number="15">according</token>
  <token t_id="338" sentence="16" number="16">to</token>
  <token t_id="339" sentence="16" number="17">the</token>
  <token t_id="340" sentence="16" number="18">California</token>
  <token t_id="341" sentence="16" number="19">Highway</token>
  <token t_id="342" sentence="16" number="20">Patrol</token>
  <token t_id="343" sentence="16" number="21">.</token>
  <Markables>
    <ACTION_ASPECTUAL m_id="1" comment="">
      <token_anchor t_id="197"/>
    </ACTION_ASPECTUAL>
    <ACTION_ASPECTUAL m_id="2" comment="">
      <token_anchor t_id="203"/>
    </ACTION_ASPECTUAL>
    <ACTION_ASPECTUAL m_id="3" comment="">
      <token_anchor t_id="117"/>
    </ACTION_ASPECTUAL>
    <ACTION_ASPECTUAL m_id="4" comment="">
      <token_anchor t_id="213"/>
      <token_anchor t_id="214"/>
    </ACTION_ASPECTUAL>
    <ACTION_OCCURRENCE m_id="29" comment="" climaxEvent="FALSE">
      <token_anchor t_id="266"/>
      <token_anchor t_id="267"/>
    </ACTION_OCCURRENCE>
    <ACTION_OCCURRENCE m_id="30" comment="" climaxEvent="FALSE">
      <token_anchor t_id="270"/>
    </ACTION_OCCURRENCE>
    <ACTION_OCCURRENCE m_id="31" comment="" climaxEvent="FALSE">
      <token_anchor t_id="287"/>
    </ACTION_OCCURRENCE>
    <ACTION_OCCURRENCE m_id="32" comment="" climaxEvent="FALSE">
      <token_anchor t_id="289"/>
    </ACTION_OCCURRENCE>
    <ACTION_OCCURRENCE m_id="33" comment="" climaxEvent="FALSE">
      <token_anchor t_id="291"/>
    </ACTION_OCCURRENCE>
    <ACTION_OCCURRENCE m_id="34" comment="" climaxEvent="FALSE">
      <token_anchor t_id="294"/>
      <token_anchor t_id="295"/>
    </ACTION_OCCURRENCE>
    <ACTION_OCCURRENCE m_id="35" comment="" climaxEvent="FALSE">
      <token_anchor t_id="305"/>
    </ACTION_OCCURRENCE>
    <ACTION_OCCURRENCE m_id="5" comment="" climaxEvent="FALSE">
      <token_anchor t_id="325"/>
    </ACTION_OCCURRENCE>
    <ACTION_OCCURRENCE m_id="6" comment="" climaxEvent="FALSE">
      <token_anchor t_id="333"/>
      <token_anchor t_id="334"/>
      <token_anchor t_id="335"/>
    </ACTION_OCCURRENCE>
    <ACTION_OCCURRENCE m_id="7" comment="" climaxEvent="FALSE">
      <token_anchor t_id="35"/>
    </ACTION_OCCURRENCE>
    <ACTION_OCCURRENCE m_id="8" comment="" climaxEvent="FALSE">
      <token_anchor t_id="50"/>
    </ACTION_OCCURRENCE>
    <ACTION_OCCURRENCE m_id="9" comment="" climaxEvent="FALSE">
      <token_anchor t_id="54"/>
      <token_anchor t_id="55"/>
    </ACTION_OCCURRENCE>
    <ACTION_OCCURRENCE m_id="10" comment="" climaxEvent="FALSE">
      <token_anchor t_id="79"/>
    </ACTION_OCCURRENCE>
    <ACTION_OCCURRENCE m_id="11" comment="" climaxEvent="FALSE">
      <token_anchor t_id="81"/>
    </ACTION_OCCURRENCE>
    <ACTION_OCCURRENCE m_id="12" comment="" climaxEvent="FALSE">
      <token_anchor t_id="86"/>
      <token_anchor t_id="87"/>
    </ACTION_OCCURRENCE>
    <ACTION_OCCURRENCE m_id="13" comment="" climaxEvent="FALSE">
      <token_anchor t_id="89"/>
    </ACTION_OCCURRENCE>
    <ACTION_OCCURRENCE m_id="14" comment="" climaxEvent="FALSE">
      <token_anchor t_id="97"/>
    </ACTION_OCCURRENCE>
    <ACTION_OCCURRENCE m_id="15" comment="" climaxEvent="FALSE">
      <token_anchor t_id="108"/>
    </ACTION_OCCURRENCE>
    <ACTION_OCCURRENCE m_id="16" comment="" climaxEvent="FALSE">
      <token_anchor t_id="121"/>
    </ACTION_OCCURRENCE>
    <ACTION_OCCURRENCE m_id="17" comment="" climaxEvent="FALSE">
      <token_anchor t_id="130"/>
    </ACTION_OCCURRENCE>
    <ACTION_OCCURRENCE m_id="18" comment="" climaxEvent="FALSE">
      <token_anchor t_id="131"/>
      <token_anchor t_id="132"/>
    </ACTION_OCCURRENCE>
    <ACTION_OCCURRENCE m_id="19" comment="" climaxEvent="FALSE">
      <token_anchor t_id="199"/>
    </ACTION_OCCURRENCE>
    <ACTION_OCCURRENCE m_id="20" comment="" climaxEvent="FALSE">
      <token_anchor t_id="205"/>
      <token_anchor t_id="206"/>
    </ACTION_OCCURRENCE>
    <ACTION_OCCURRENCE m_id="21" comment="" climaxEvent="FALSE">
      <token_anchor t_id="207"/>
    </ACTION_OCCURRENCE>
    <ACTION_OCCURRENCE m_id="22" comment="" climaxEvent="FALSE">
      <token_anchor t_id="37"/>
    </ACTION_OCCURRENCE>
    <ACTION_OCCURRENCE m_id="23" comment="" climaxEvent="FALSE">
      <token_anchor t_id="209"/>
    </ACTION_OCCURRENCE>
    <ACTION_OCCURRENCE m_id="24" climaxEvent="TRUE" comment="">
      <token_anchor t_id="36"/>
    </ACTION_OCCURRENCE>
    <ACTION_OCCURRENCE m_id="25" climaxEvent="FALSE" comment="BT: annotation error">
      <token_anchor t_id="208"/>
    </ACTION_OCCURRENCE>
    <ACTION_OCCURRENCE m_id="26" comment="" climaxEvent="FALSE">
      <token_anchor t_id="233"/>
    </ACTION_OCCURRENCE>
    <ACTION_OCCURRENCE m_id="27" comment="" climaxEvent="FALSE">
      <token_anchor t_id="251"/>
    </ACTION_OCCURRENCE>
    <ACTION_OCCURRENCE m_id="28" comment="" climaxEvent="FALSE">
      <token_anchor t_id="262"/>
    </ACTION_OCCURRENCE>
    <ACTION_REPORTING m_id="36">
      <token_anchor t_id="191"/>
    </ACTION_REPORTING>
    <ACTION_REPORTING m_id="37">
      <token_anchor t_id="216"/>
    </ACTION_REPORTING>
    <ACTION_REPORTING m_id="38">
      <token_anchor t_id="154"/>
      <token_anchor t_id="155"/>
    </ACTION_REPORTING>
    <ACTION_REPORTING m_id="39">
      <token_anchor t_id="337"/>
      <token_anchor t_id="338"/>
    </ACTION_REPORTING>
    <ACTION_STATE m_id="40" climaxEvent="FALSE" comment="">
      <token_anchor t_id="235"/>
    </ACTION_STATE>
    <ACTION_STATE m_id="41" climaxEvent="FALSE" comment="">
      <token_anchor t_id="201"/>
    </ACTION_STATE>
    <ACTION_STATE m_id="42" climaxEvent="FALSE" comment="">
      <token_anchor t_id="240"/>
    </ACTION_STATE>
    <ACTION_STATE m_id="43" climaxEvent="FALSE" comment="">
      <token_anchor t_id="329"/>
      <token_anchor t_id="330"/>
    </ACTION_STATE>
    <ACTION_STATE m_id="44" climaxEvent="FALSE" comment="">
      <token_anchor t_id="51"/>
      <token_anchor t_id="52"/>
    </ACTION_STATE>
    <HUMAN_PART_GENERIC m_id="45">
      <token_anchor t_id="72"/>
    </HUMAN_PART_GENERIC>
    <HUMAN_PART_MET m_id="46">
      <token_anchor t_id="274"/>
    </HUMAN_PART_MET>
    <HUMAN_PART_MET m_id="47">
      <token_anchor t_id="238"/>
    </HUMAN_PART_MET>
    <HUMAN_PART_MET m_id="48">
      <token_anchor t_id="230"/>
    </HUMAN_PART_MET>
    <HUMAN_PART_ORG m_id="49">
      <token_anchor t_id="300"/>
      <token_anchor t_id="301"/>
    </HUMAN_PART_ORG>
    <HUMAN_PART_ORG m_id="50">
      <token_anchor t_id="46"/>
      <token_anchor t_id="47"/>
      <token_anchor t_id="48"/>
    </HUMAN_PART_ORG>
    <HUMAN_PART_ORG m_id="51">
      <token_anchor t_id="70"/>
    </HUMAN_PART_ORG>
    <HUMAN_PART_ORG m_id="52">
      <token_anchor t_id="157"/>
      <token_anchor t_id="158"/>
      <token_anchor t_id="159"/>
      <token_anchor t_id="160"/>
      <token_anchor t_id="161"/>
    </HUMAN_PART_ORG>
    <HUMAN_PART_ORG m_id="53">
      <token_anchor t_id="145"/>
    </HUMAN_PART_ORG>
    <HUMAN_PART_ORG m_id="54">
      <token_anchor t_id="194"/>
    </HUMAN_PART_ORG>
    <HUMAN_PART_ORG m_id="55">
      <token_anchor t_id="220"/>
    </HUMAN_PART_ORG>
    <HUMAN_PART_ORG m_id="56">
      <token_anchor t_id="232"/>
    </HUMAN_PART_ORG>
    <HUMAN_PART_ORG m_id="57">
      <token_anchor t_id="244"/>
    </HUMAN_PART_ORG>
    <HUMAN_PART_ORG m_id="58">
      <token_anchor t_id="247"/>
    </HUMAN_PART_ORG>
    <HUMAN_PART_ORG m_id="59">
      <token_anchor t_id="30"/>
      <token_anchor t_id="31"/>
      <token_anchor t_id="32"/>
    </HUMAN_PART_ORG>
    <HUMAN_PART_ORG m_id="60">
      <token_anchor t_id="340"/>
      <token_anchor t_id="341"/>
      <token_anchor t_id="342"/>
    </HUMAN_PART_ORG>
    <HUMAN_PART_PER m_id="61" comment="">
      <token_anchor t_id="142"/>
    </HUMAN_PART_PER>
    <HUMAN_PART_PER m_id="62" comment="">
      <token_anchor t_id="186"/>
      <token_anchor t_id="187"/>
      <token_anchor t_id="188"/>
      <token_anchor t_id="189"/>
      <token_anchor t_id="190"/>
    </HUMAN_PART_PER>
    <HUMAN_PART_PER m_id="63" comment="">
      <token_anchor t_id="212"/>
    </HUMAN_PART_PER>
    <HUMAN_PART_PER m_id="64" comment="">
      <token_anchor t_id="250"/>
    </HUMAN_PART_PER>
    <HUMAN_PART_PER m_id="65" comment="">
      <token_anchor t_id="265"/>
    </HUMAN_PART_PER>
    <HUMAN_PART_PER m_id="66" comment="">
      <token_anchor t_id="42"/>
      <token_anchor t_id="43"/>
    </HUMAN_PART_PER>
    <HUMAN_PART_PER m_id="67" comment="">
      <token_anchor t_id="224"/>
    </HUMAN_PART_PER>
    <HUMAN_PART_PER m_id="68" comment="">
      <token_anchor t_id="227"/>
    </HUMAN_PART_PER>
    <HUMAN_PART_PER m_id="69" comment="">
      <token_anchor t_id="277"/>
      <token_anchor t_id="278"/>
    </HUMAN_PART_PER>
    <HUMAN_PART_PER m_id="70" comment="">
      <token_anchor t_id="293"/>
    </HUMAN_PART_PER>
    <HUMAN_PART_PER m_id="71" comment="">
      <token_anchor t_id="323"/>
    </HUMAN_PART_PER>
    <HUMAN_PART_PER m_id="72" comment="">
      <token_anchor t_id="33"/>
      <token_anchor t_id="34"/>
    </HUMAN_PART_PER>
    <HUMAN_PART_PER m_id="73" comment="">
      <token_anchor t_id="327"/>
    </HUMAN_PART_PER>
    <HUMAN_PART_PER m_id="74" comment="">
      <token_anchor t_id="38"/>
      <token_anchor t_id="39"/>
    </HUMAN_PART_PER>
    <HUMAN_PART_PER m_id="75" comment="">
      <token_anchor t_id="66"/>
    </HUMAN_PART_PER>
    <HUMAN_PART_PER m_id="76" comment="">
      <token_anchor t_id="83"/>
    </HUMAN_PART_PER>
    <HUMAN_PART_PER m_id="77" comment="">
      <token_anchor t_id="96"/>
    </HUMAN_PART_PER>
    <HUMAN_PART_PER m_id="78" comment="">
      <token_anchor t_id="69"/>
    </HUMAN_PART_PER>
    <HUMAN_PART_PER m_id="79" comment="">
      <token_anchor t_id="119"/>
    </HUMAN_PART_PER>
    <HUMAN_PART_PER m_id="80" comment="">
      <token_anchor t_id="134"/>
    </HUMAN_PART_PER>
    <HUMAN_PART_PER m_id="81" comment="">
      <token_anchor t_id="127"/>
    </HUMAN_PART_PER>
    <HUMAN_PART_PER m_id="82" comment="">
      <token_anchor t_id="140"/>
    </HUMAN_PART_PER>
    <LOC_FAC m_id="83">
      <token_anchor t_id="122"/>
      <token_anchor t_id="123"/>
      <token_anchor t_id="124"/>
      <token_anchor t_id="125"/>
    </LOC_FAC>
    <LOC_FAC m_id="84">
      <token_anchor t_id="126"/>
    </LOC_FAC>
    <LOC_GEO m_id="100" comment="">
      <token_anchor t_id="90"/>
      <token_anchor t_id="91"/>
      <token_anchor t_id="92"/>
      <token_anchor t_id="93"/>
      <token_anchor t_id="94"/>
    </LOC_GEO>
    <LOC_GEO m_id="85" comment="">
      <token_anchor t_id="306"/>
      <token_anchor t_id="307"/>
    </LOC_GEO>
    <NEG_ACTION_OCCURRENCE m_id="86" comment="" climaxEvent="FALSE">
      <token_anchor t_id="169"/>
    </NEG_ACTION_OCCURRENCE>
    <NON_HUMAN_PART m_id="93" comment="">
      <token_anchor t_id="312"/>
      <token_anchor t_id="313"/>
    </NON_HUMAN_PART>
    <NON_HUMAN_PART m_id="87" comment="">
      <token_anchor t_id="100"/>
    </NON_HUMAN_PART>
    <NON_HUMAN_PART m_id="88" comment="">
      <token_anchor t_id="102"/>
      <token_anchor t_id="103"/>
    </NON_HUMAN_PART>
    <NON_HUMAN_PART m_id="89" comment="">
      <token_anchor t_id="114"/>
    </NON_HUMAN_PART>
    <NON_HUMAN_PART m_id="90" comment="">
      <token_anchor t_id="147"/>
      <token_anchor t_id="148"/>
      <token_anchor t_id="149"/>
      <token_anchor t_id="150"/>
    </NON_HUMAN_PART>
    <NON_HUMAN_PART m_id="91" comment="">
      <token_anchor t_id="165"/>
    </NON_HUMAN_PART>
    <NON_HUMAN_PART m_id="92" comment="">
      <token_anchor t_id="257"/>
      <token_anchor t_id="258"/>
      <token_anchor t_id="259"/>
      <token_anchor t_id="260"/>
    </NON_HUMAN_PART>
    <NON_HUMAN_PART_GENERIC m_id="94">
      <token_anchor t_id="268"/>
    </NON_HUMAN_PART_GENERIC>
    <TIME_DATE m_id="95" comment="" DCT="FALSE" value="2009-02-03" anchorTimeID="">
      <token_anchor t_id="170"/>
      <token_anchor t_id="171"/>
      <token_anchor t_id="172"/>
      <token_anchor t_id="173"/>
      <token_anchor t_id="174"/>
      <token_anchor t_id="175"/>
      <token_anchor t_id="176"/>
      <token_anchor t_id="177"/>
    </TIME_DATE>
    <TIME_DATE m_id="96" comment="" DCT="FALSE" value="2009-02-17" anchorTimeID="">
      <token_anchor t_id="317"/>
      <token_anchor t_id="318"/>
      <token_anchor t_id="319"/>
      <token_anchor t_id="320"/>
    </TIME_DATE>
    <TIME_DURATION m_id="97" value="" anchorTimeID="" begin="" endPoint="">
      <token_anchor t_id="73"/>
      <token_anchor t_id="74"/>
      <token_anchor t_id="75"/>
      <token_anchor t_id="76"/>
    </TIME_DURATION>
    <TIME_DURATION m_id="98" value="" anchorTimeID="" begin="" endPoint="">
      <token_anchor t_id="109"/>
      <token_anchor t_id="110"/>
      <token_anchor t_id="111"/>
    </TIME_DURATION>
    <TIME_OF_THE_DAY m_id="99" DCT="FALSE" value="2009-02-01" anchorTimeID="">
      <token_anchor t_id="56"/>
      <token_anchor t_id="57"/>
      <token_anchor t_id="58"/>
      <token_anchor t_id="59"/>
      <token_anchor t_id="60"/>
      <token_anchor t_id="61"/>
      <token_anchor t_id="62"/>
      <token_anchor t_id="63"/>
      <token_anchor t_id="64"/>
    </TIME_OF_THE_DAY>
    <ACTION_OCCURRENCE m_id="101" RELATED_TO="" TAG_DESCRIPTOR="t35_faces_charges" comment="" climaxEvent="FALSE"/>
    <HUMAN_PART_ORG m_id="102" RELATED_TO="" TAG_DESCRIPTOR="t35_chargers"/>
    <HUMAN_PART_GENERIC m_id="103" RELATED_TO="" TAG_DESCRIPTOR="t35_chargers_player"/>
    <ACTION_OCCURRENCE m_id="104" RELATED_TO="" TAG_DESCRIPTOR="t35_jamal_wills_arrested" comment="" climaxEvent="FALSE"/>
    <TIME_OF_THE_DAY m_id="105" RELATED_TO="" TAG_DESCRIPTOR="t35_early_sunday" value="" anchorTimeID="" DCT="FALSE"/>
    <LOC_GEO m_id="106" RELATED_TO="" TAG_DESCRIPTOR="t35_san_diego_freeway" comment=""/>
    <HUMAN_PART_PER m_id="107" RELATED_TO="" TAG_DESCRIPTOR="t35_jamal_williams" comment=""/>
    <ACTION_OCCURRENCE m_id="108" RELATED_TO="" TAG_DESCRIPTOR="t35_jwills_speeding" comment="" climaxEvent="FALSE"/>
    <ACTION_OCCURRENCE m_id="109" RELATED_TO="" TAG_DESCRIPTOR="t35_jwills_charges" comment="" climaxEvent="FALSE"/>
    <ACTION_OCCURRENCE m_id="110" RELATED_TO="" TAG_DESCRIPTOR="t35_jamal_wills_DUI" comment="" climaxEvent="FALSE"/>
    <ACTION_STATE m_id="111" RELATED_TO="" TAG_DESCRIPTOR="t35_suspicion" climaxEvent="FALSE" comment=""/>
    <ACTION_OCCURRENCE m_id="112" RELATED_TO="" TAG_DESCRIPTOR="t35_jwills_pulled_over" comment="" climaxEvent="FALSE"/>
    <TIME_DATE m_id="113" RELATED_TO="" TAG_DESCRIPTOR="t_2009-02-04" comment="" DCT="TRUE" value="2009-02-04" anchorTimeID=""/>
  </Markables>
  <Relations>
    <TLINK r_id="214898" contextualModality="" relType="BEFORE" comment="">
      <source m_id="99"/>
      <target m_id="24"/>
    </TLINK>
    <TLINK r_id="214899" contextualModality="" relType="BEFORE" comment="">
      <source m_id="99"/>
      <target m_id="22"/>
    </TLINK>
    <TLINK r_id="214900" contextualModality="" relType="CONTAINS" comment="">
      <source m_id="99"/>
      <target m_id="8"/>
    </TLINK>
    <TLINK r_id="214901" contextualModality="" relType="CONTAINS" comment="">
      <source m_id="99"/>
      <target m_id="44"/>
    </TLINK>
    <TLINK r_id="214902" contextualModality="" relType="CONTAINS" comment="">
      <source m_id="99"/>
      <target m_id="9"/>
    </TLINK>
    <TLINK r_id="214903" contextualModality="" relType="CONTAINS" comment="">
      <source m_id="99"/>
      <target m_id="10"/>
    </TLINK>
    <TLINK r_id="214904" contextualModality="" relType="CONTAINS" comment="">
      <source m_id="99"/>
      <target m_id="11"/>
    </TLINK>
    <TLINK r_id="214905" contextualModality="" relType="CONTAINS" comment="">
      <source m_id="99"/>
      <target m_id="12"/>
    </TLINK>
    <TLINK r_id="214906" contextualModality="" relType="CONTAINS" comment="">
      <source m_id="99"/>
      <target m_id="13"/>
    </TLINK>
    <TLINK r_id="214907" contextualModality="" relType="CONTAINS" comment="">
      <source m_id="99"/>
      <target m_id="14"/>
    </TLINK>
    <TLINK r_id="214908" contextualModality="" relType="BEFORE" comment="">
      <source m_id="99"/>
      <target m_id="3"/>
    </TLINK>
    <TLINK r_id="214909" contextualModality="" relType="CONTAINS" comment="">
      <source m_id="99"/>
      <target m_id="16"/>
    </TLINK>
    <TLINK r_id="214910" contextualModality="" relType="BEFORE" comment="">
      <source m_id="99"/>
      <target m_id="17"/>
    </TLINK>
    <TLINK r_id="214911" contextualModality="" relType="BEFORE" comment="">
      <source m_id="99"/>
      <target m_id="18"/>
    </TLINK>
    <TLINK r_id="214912" contextualModality="" relType="CONTAINS" comment="">
      <source m_id="95"/>
      <target m_id="86"/>
    </TLINK>
    <TLINK r_id="214913" contextualModality="" relType="CONTAINS" comment="">
      <source m_id="95"/>
      <target m_id="1"/>
    </TLINK>
    <TLINK r_id="214914" contextualModality="" relType="CONTAINS" comment="">
      <source m_id="95"/>
      <target m_id="19"/>
    </TLINK>
    <TLINK r_id="214915" contextualModality="" relType="CONTAINS" comment="">
      <source m_id="95"/>
      <target m_id="41"/>
    </TLINK>
    <TLINK r_id="214916" contextualModality="" relType="CONTAINS" comment="">
      <source m_id="95"/>
      <target m_id="2"/>
    </TLINK>
    <TLINK r_id="214917" contextualModality="" relType="CONTAINS" comment="">
      <source m_id="95"/>
      <target m_id="20"/>
    </TLINK>
    <TLINK r_id="214918" contextualModality="" relType="CONTAINS" comment="">
      <source m_id="95"/>
      <target m_id="21"/>
    </TLINK>
    <TLINK r_id="214919" contextualModality="" relType="CONTAINS" comment="">
      <source m_id="95"/>
      <target m_id="23"/>
    </TLINK>
    <TLINK r_id="214920" contextualModality="" relType="CONTAINS" comment="">
      <source m_id="95"/>
      <target m_id="4"/>
    </TLINK>
    <TLINK r_id="214921" contextualModality="" relType="OVERLAP" comment="">
      <source m_id="95"/>
      <target m_id="40"/>
    </TLINK>
    <TLINK r_id="214922" contextualModality="" relType="OVERLAP" comment="">
      <source m_id="95"/>
      <target m_id="42"/>
    </TLINK>
    <TLINK r_id="214923" contextualModality="" relType="AFTER" comment="">
      <source m_id="95"/>
      <target m_id="27"/>
    </TLINK>
    <TLINK r_id="214924" contextualModality="" relType="AFTER" comment="">
      <source m_id="95"/>
      <target m_id="28"/>
    </TLINK>
    <TLINK r_id="214925" contextualModality="" relType="AFTER" comment="">
      <source m_id="95"/>
      <target m_id="29"/>
    </TLINK>
    <TLINK r_id="214926" contextualModality="" relType="AFTER" comment="">
      <source m_id="95"/>
      <target m_id="30"/>
    </TLINK>
    <TLINK r_id="214927" contextualModality="" relType="AFTER" comment="">
      <source m_id="95"/>
      <target m_id="31"/>
    </TLINK>
    <TLINK r_id="214928" contextualModality="" relType="AFTER" comment="">
      <source m_id="95"/>
      <target m_id="32"/>
    </TLINK>
    <TLINK r_id="214929" contextualModality="" relType="AFTER" comment="">
      <source m_id="95"/>
      <target m_id="33"/>
    </TLINK>
    <TLINK r_id="214930" contextualModality="" relType="AFTER" comment="">
      <source m_id="95"/>
      <target m_id="34"/>
    </TLINK>
    <TLINK r_id="214931" contextualModality="" relType="AFTER" comment="">
      <source m_id="95"/>
      <target m_id="35"/>
    </TLINK>
    <TLINK r_id="214932" contextualModality="" relType="AFTER" comment="">
      <source m_id="95"/>
      <target m_id="5"/>
    </TLINK>
    <TLINK r_id="214933" contextualModality="" relType="AFTER" comment="">
      <source m_id="95"/>
      <target m_id="43"/>
    </TLINK>
    <TLINK r_id="214934" contextualModality="" relType="AFTER" comment="">
      <source m_id="95"/>
      <target m_id="6"/>
    </TLINK>
    <TLINK r_id="214935" contextualModality="" relType="CONTAINS" comment="">
      <source m_id="113"/>
      <target m_id="7"/>
    </TLINK>
    <TLINK r_id="214936" contextualModality="" relType="CONTAINS" comment="">
      <source m_id="113"/>
      <target m_id="24"/>
    </TLINK>
    <TLINK r_id="214937" contextualModality="" relType="CONTAINS" comment="">
      <source m_id="113"/>
      <target m_id="22"/>
    </TLINK>
    <TLINK r_id="214938" contextualModality="" relType="AFTER" comment="">
      <source m_id="113"/>
      <target m_id="44"/>
    </TLINK>
    <TLINK r_id="214939" contextualModality="" relType="AFTER" comment="">
      <source m_id="113"/>
      <target m_id="8"/>
    </TLINK>
    <TLINK r_id="214940" contextualModality="" relType="AFTER" comment="">
      <source m_id="113"/>
      <target m_id="11"/>
    </TLINK>
    <TLINK r_id="214941" contextualModality="" relType="AFTER" comment="">
      <source m_id="113"/>
      <target m_id="10"/>
    </TLINK>
    <TLINK r_id="214942" contextualModality="" relType="AFTER" comment="">
      <source m_id="113"/>
      <target m_id="9"/>
    </TLINK>
    <TLINK r_id="214943" contextualModality="" relType="AFTER" comment="">
      <source m_id="113"/>
      <target m_id="12"/>
    </TLINK>
    <TLINK r_id="214944" contextualModality="" relType="AFTER" comment="">
      <source m_id="113"/>
      <target m_id="13"/>
    </TLINK>
    <TLINK r_id="214945" contextualModality="" relType="AFTER" comment="">
      <source m_id="113"/>
      <target m_id="14"/>
    </TLINK>
    <TLINK r_id="214946" contextualModality="" relType="BEFORE" comment="">
      <source m_id="113"/>
      <target m_id="3"/>
    </TLINK>
    <TLINK r_id="214947" contextualModality="" relType="AFTER" comment="">
      <source m_id="113"/>
      <target m_id="16"/>
    </TLINK>
    <TLINK r_id="214948" contextualModality="" relType="AFTER" comment="">
      <source m_id="113"/>
      <target m_id="17"/>
    </TLINK>
    <TLINK r_id="214949" contextualModality="" relType="AFTER" comment="">
      <source m_id="113"/>
      <target m_id="18"/>
    </TLINK>
    <TLINK r_id="214950" contextualModality="" relType="AFTER" comment="">
      <source m_id="113"/>
      <target m_id="86"/>
    </TLINK>
    <TLINK r_id="214952" contextualModality="" relType="AFTER" comment="">
      <source m_id="113"/>
      <target m_id="1"/>
    </TLINK>
    <TLINK r_id="214953" contextualModality="" relType="AFTER" comment="">
      <source m_id="113"/>
      <target m_id="19"/>
    </TLINK>
    <TLINK r_id="214954" contextualModality="" relType="AFTER" comment="">
      <source m_id="113"/>
      <target m_id="41"/>
    </TLINK>
    <TLINK r_id="214955" contextualModality="" relType="AFTER" comment="">
      <source m_id="113"/>
      <target m_id="2"/>
    </TLINK>
    <TLINK r_id="214956" contextualModality="" relType="AFTER" comment="">
      <source m_id="113"/>
      <target m_id="20"/>
    </TLINK>
    <TLINK r_id="214958" contextualModality="" relType="AFTER" comment="">
      <source m_id="113"/>
      <target m_id="21"/>
    </TLINK>
    <TLINK r_id="214959" contextualModality="" relType="AFTER" comment="">
      <source m_id="113"/>
      <target m_id="23"/>
    </TLINK>
    <TLINK r_id="214960" contextualModality="" relType="AFTER" comment="">
      <source m_id="113"/>
      <target m_id="4"/>
    </TLINK>
    <TLINK r_id="214962" contextualModality="" relType="OVERLAP" comment="">
      <source m_id="113"/>
      <target m_id="40"/>
    </TLINK>
    <TLINK r_id="214963" contextualModality="" relType="OVERLAP" comment="">
      <source m_id="113"/>
      <target m_id="42"/>
    </TLINK>
    <TLINK r_id="214964" contextualModality="" relType="OVERLAP" comment="">
      <source m_id="113"/>
      <target m_id="27"/>
    </TLINK>
    <TLINK r_id="214966" contextualModality="" relType="OVERLAP" comment="">
      <source m_id="113"/>
      <target m_id="28"/>
    </TLINK>
    <TLINK r_id="214967" contextualModality="" relType="OVERLAP" comment="">
      <source m_id="113"/>
      <target m_id="29"/>
    </TLINK>
    <TLINK r_id="214969" contextualModality="" relType="OVERLAP" comment="">
      <source m_id="113"/>
      <target m_id="30"/>
    </TLINK>
    <TLINK r_id="214970" contextualModality="" relType="AFTER" comment="">
      <source m_id="113"/>
      <target m_id="31"/>
    </TLINK>
    <TLINK r_id="214971" contextualModality="" relType="AFTER" comment="">
      <source m_id="113"/>
      <target m_id="32"/>
    </TLINK>
    <TLINK r_id="214972" contextualModality="" relType="AFTER" comment="">
      <source m_id="113"/>
      <target m_id="33"/>
    </TLINK>
    <TLINK r_id="214973" contextualModality="" relType="AFTER" comment="">
      <source m_id="113"/>
      <target m_id="34"/>
    </TLINK>
    <TLINK r_id="214974" contextualModality="" relType="AFTER" comment="">
      <source m_id="113"/>
      <target m_id="35"/>
    </TLINK>
    <TLINK r_id="214975" contextualModality="" relType="AFTER" comment="">
      <source m_id="113"/>
      <target m_id="5"/>
    </TLINK>
    <TLINK r_id="214976" contextualModality="" relType="AFTER" comment="">
      <source m_id="113"/>
      <target m_id="43"/>
    </TLINK>
    <TLINK r_id="214977" contextualModality="" relType="AFTER" comment="">
      <source m_id="113"/>
      <target m_id="6"/>
    </TLINK>
    <TLINK r_id="214978" contextualModality="" relType="AFTER" comment="">
      <source m_id="113"/>
      <target m_id="39"/>
    </TLINK>
    <PLOT_LINK r_id="214979" SIGNAL="" relType="FALLING_ACTION" CAUSES="FALSE" CAUSED_BY="FALSE">
      <source m_id="8"/>
      <target m_id="9"/>
    </PLOT_LINK>
    <PLOT_LINK r_id="214980" SIGNAL="" relType="FALLING_ACTION" CAUSES="FALSE" CAUSED_BY="FALSE">
      <source m_id="22"/>
      <target m_id="8"/>
    </PLOT_LINK>
    <PLOT_LINK r_id="214981" SIGNAL="" relType="FALLING_ACTION" CAUSES="FALSE" CAUSED_BY="FALSE">
      <source m_id="10"/>
      <target m_id="11"/>
    </PLOT_LINK>
    <PLOT_LINK r_id="214982" SIGNAL="" relType="FALLING_ACTION" CAUSES="FALSE" CAUSED_BY="FALSE">
      <source m_id="22"/>
      <target m_id="10"/>
    </PLOT_LINK>
    <PLOT_LINK r_id="214983" SIGNAL="" relType="FALLING_ACTION" CAUSES="FALSE" CAUSED_BY="FALSE">
      <source m_id="12"/>
      <target m_id="13"/>
    </PLOT_LINK>
    <PLOT_LINK r_id="214984" SIGNAL="" relType="PRECONDITION" CAUSES="FALSE" CAUSED_BY="FALSE">
      <source m_id="10"/>
      <target m_id="16"/>
    </PLOT_LINK>
    <PLOT_LINK r_id="214985" SIGNAL="" relType="PRECONDITION" CAUSES="FALSE" CAUSED_BY="FALSE">
      <source m_id="8"/>
      <target m_id="16"/>
    </PLOT_LINK>
    <PLOT_LINK r_id="214986" SIGNAL="" relType="PRECONDITION" CAUSES="FALSE" CAUSED_BY="FALSE">
      <source m_id="16"/>
      <target m_id="17"/>
    </PLOT_LINK>
    <PLOT_LINK r_id="214987" SIGNAL="" relType="FALLING_ACTION" CAUSES="FALSE" CAUSED_BY="FALSE">
      <source m_id="17"/>
      <target m_id="18"/>
    </PLOT_LINK>
    <PLOT_LINK r_id="214988" SIGNAL="" relType="FALLING_ACTION" CAUSES="FALSE" CAUSED_BY="FALSE">
      <source m_id="31"/>
      <target m_id="33"/>
    </PLOT_LINK>
    <PLOT_LINK r_id="214989" SIGNAL="" relType="FALLING_ACTION" CAUSES="FALSE" CAUSED_BY="FALSE">
      <source m_id="43"/>
      <target m_id="6"/>
    </PLOT_LINK>
  </Relations>
</Document>
