<?xml version='1.0' encoding='UTF-8'?>
<Document doc_name="35_1ecbplus.xml">
  <token t_id="1" sentence="0" number="0">http</token>
  <token t_id="2" sentence="0" number="1">:</token>
  <token t_id="3" sentence="0" number="2">/</token>
  <token t_id="4" sentence="0" number="3">/</token>
  <token t_id="5" sentence="0" number="4">usatoday30</token>
  <token t_id="6" sentence="0" number="5">.</token>
  <token t_id="7" sentence="0" number="6">usatoday</token>
  <token t_id="8" sentence="0" number="7">.</token>
  <token t_id="9" sentence="0" number="8">com</token>
  <token t_id="10" sentence="0" number="9">/</token>
  <token t_id="11" sentence="0" number="10">sports</token>
  <token t_id="12" sentence="0" number="11">/</token>
  <token t_id="13" sentence="0" number="12">football</token>
  <token t_id="14" sentence="0" number="13">/</token>
  <token t_id="15" sentence="0" number="14">nfl</token>
  <token t_id="16" sentence="0" number="15">/</token>
  <token t_id="17" sentence="0" number="16">chargers</token>
  <token t_id="18" sentence="0" number="17">/</token>
  <token t_id="19" sentence="0" number="18">2009</token>
  <token t_id="20" sentence="0" number="19">-</token>
  <token t_id="21" sentence="0" number="20">02</token>
  <token t_id="22" sentence="0" number="21">-</token>
  <token t_id="23" sentence="0" number="22">03</token>
  <token t_id="24" sentence="0" number="23">-</token>
  <token t_id="25" sentence="0" number="24">williams</token>
  <token t_id="26" sentence="0" number="25">-</token>
  <token t_id="27" sentence="0" number="26">arrested</token>
  <token t_id="28" sentence="0" number="27">_</token>
  <token t_id="29" sentence="0" number="28">N</token>
  <token t_id="30" sentence="0" number="29">.</token>
  <token t_id="31" sentence="0" number="30">htm</token>
  <token t_id="32" sentence="1" number="0">Chargers'</token>
  <token t_id="33" sentence="1" number="1">Jamal</token>
  <token t_id="34" sentence="1" number="2">Williams</token>
  <token t_id="35" sentence="1" number="3">arrested</token>
  <token t_id="36" sentence="1" number="4">on</token>
  <token t_id="37" sentence="1" number="5">DUI</token>
  <token t_id="38" sentence="1" number="6">suspicion</token>
  <token t_id="39" sentence="2" number="0">Posted</token>
  <token t_id="40" sentence="2" number="1">2</token>
  <token t_id="41" sentence="2" number="2">/</token>
  <token t_id="42" sentence="2" number="3">3</token>
  <token t_id="43" sentence="2" number="4">/</token>
  <token t_id="44" sentence="2" number="5">2009</token>
  <token t_id="45" sentence="2" number="6">11</token>
  <token t_id="46" sentence="2" number="7">:</token>
  <token t_id="47" sentence="2" number="8">11</token>
  <token t_id="48" sentence="2" number="9">PM</token>
  <token t_id="49" sentence="3" number="0">Chargers</token>
  <token t_id="50" sentence="3" number="1">defensive</token>
  <token t_id="51" sentence="3" number="2">tackle</token>
  <token t_id="52" sentence="3" number="3">Jamal</token>
  <token t_id="53" sentence="3" number="4">Williams</token>
  <token t_id="54" sentence="3" number="5">was</token>
  <token t_id="55" sentence="3" number="6">arrested</token>
  <token t_id="56" sentence="3" number="7">on</token>
  <token t_id="57" sentence="3" number="8">suspicion</token>
  <token t_id="58" sentence="3" number="9">of</token>
  <token t_id="59" sentence="3" number="10">drunken</token>
  <token t_id="60" sentence="3" number="11">driving</token>
  <token t_id="61" sentence="3" number="12">,</token>
  <token t_id="62" sentence="3" number="13">the</token>
  <token t_id="63" sentence="3" number="14">team's</token>
  <token t_id="64" sentence="3" number="15">second</token>
  <token t_id="65" sentence="3" number="16">such</token>
  <token t_id="66" sentence="3" number="17">arrest</token>
  <token t_id="67" sentence="3" number="18">in</token>
  <token t_id="68" sentence="3" number="19">less</token>
  <token t_id="69" sentence="3" number="20">than</token>
  <token t_id="70" sentence="3" number="21">a</token>
  <token t_id="71" sentence="3" number="22">month</token>
  <token t_id="72" sentence="3" number="23">.</token>
  <token t_id="73" sentence="4" number="0">Williams</token>
  <token t_id="74" sentence="4" number="1">was</token>
  <token t_id="75" sentence="4" number="2">pulled</token>
  <token t_id="76" sentence="4" number="3">over</token>
  <token t_id="77" sentence="4" number="4">for</token>
  <token t_id="78" sentence="4" number="5">speeding</token>
  <token t_id="79" sentence="4" number="6">early</token>
  <token t_id="80" sentence="4" number="7">Sunday</token>
  <token t_id="81" sentence="4" number="8">on</token>
  <token t_id="82" sentence="4" number="9">a</token>
  <token t_id="83" sentence="4" number="10">freeway</token>
  <token t_id="84" sentence="4" number="11">outside</token>
  <token t_id="85" sentence="4" number="12">downtown</token>
  <token t_id="86" sentence="4" number="13">,</token>
  <token t_id="87" sentence="4" number="14">the</token>
  <token t_id="88" sentence="4" number="15">California</token>
  <token t_id="89" sentence="4" number="16">Highway</token>
  <token t_id="90" sentence="4" number="17">Patrol</token>
  <token t_id="91" sentence="4" number="18">said</token>
  <token t_id="92" sentence="4" number="19">.</token>
  <token t_id="93" sentence="5" number="0">Williams</token>
  <token t_id="94" sentence="5" number="1">gave</token>
  <token t_id="95" sentence="5" number="2">a</token>
  <token t_id="96" sentence="5" number="3">blood</token>
  <token t_id="97" sentence="5" number="4">sample</token>
  <token t_id="98" sentence="5" number="5">for</token>
  <token t_id="99" sentence="5" number="6">a</token>
  <token t_id="100" sentence="5" number="7">blood</token>
  <token t_id="101" sentence="5" number="8">-</token>
  <token t_id="102" sentence="5" number="9">alcohol</token>
  <token t_id="103" sentence="5" number="10">test</token>
  <token t_id="104" sentence="5" number="11">,</token>
  <token t_id="105" sentence="5" number="12">but</token>
  <token t_id="106" sentence="5" number="13">the</token>
  <token t_id="107" sentence="5" number="14">results</token>
  <token t_id="108" sentence="5" number="15">won't</token>
  <token t_id="109" sentence="5" number="16">be</token>
  <token t_id="110" sentence="5" number="17">known</token>
  <token t_id="111" sentence="5" number="18">for</token>
  <token t_id="112" sentence="5" number="19">a</token>
  <token t_id="113" sentence="5" number="20">few</token>
  <token t_id="114" sentence="5" number="21">weeks</token>
  <token t_id="115" sentence="5" number="22">.</token>
  <token t_id="116" sentence="6" number="0">Williams</token>
  <token t_id="117" sentence="6" number="1">was</token>
  <token t_id="118" sentence="6" number="2">booked</token>
  <token t_id="119" sentence="6" number="3">into</token>
  <token t_id="120" sentence="6" number="4">county</token>
  <token t_id="121" sentence="6" number="5">jail</token>
  <token t_id="122" sentence="6" number="6">and</token>
  <token t_id="123" sentence="6" number="7">later</token>
  <token t_id="124" sentence="6" number="8">released</token>
  <token t_id="125" sentence="6" number="9">on</token>
  <token t_id="126" sentence="6" number="10">bail</token>
  <token t_id="127" sentence="6" number="11">.</token>
  <token t_id="128" sentence="7" number="0">The</token>
  <token t_id="129" sentence="7" number="1">City</token>
  <token t_id="130" sentence="7" number="2">Attorney's</token>
  <token t_id="131" sentence="7" number="3">office</token>
  <token t_id="132" sentence="7" number="4">said</token>
  <token t_id="133" sentence="7" number="5">the</token>
  <token t_id="134" sentence="7" number="6">case</token>
  <token t_id="135" sentence="7" number="7">hadn't</token>
  <token t_id="136" sentence="7" number="8">been</token>
  <token t_id="137" sentence="7" number="9">submitted</token>
  <token t_id="138" sentence="7" number="10">as</token>
  <token t_id="139" sentence="7" number="11">of</token>
  <token t_id="140" sentence="7" number="12">Tuesday</token>
  <token t_id="141" sentence="7" number="13">.</token>
  <token t_id="142" sentence="8" number="0">"It's</token>
  <token t_id="143" sentence="8" number="1">disappointing</token>
  <token t_id="144" sentence="8" number="2">to</token>
  <token t_id="145" sentence="8" number="3">hear</token>
  <token t_id="146" sentence="8" number="4">about</token>
  <token t_id="147" sentence="8" number="5">the</token>
  <token t_id="148" sentence="8" number="6">issue</token>
  <token t_id="149" sentence="8" number="7">involving</token>
  <token t_id="150" sentence="8" number="8">Jamal</token>
  <token t_id="151" sentence="8" number="9">Williams</token>
  <token t_id="152" sentence="8" number="10">,</token>
  <token t_id="153" sentence="8" number="11">"</token>
  <token t_id="154" sentence="8" number="12">general</token>
  <token t_id="155" sentence="8" number="13">manager</token>
  <token t_id="156" sentence="8" number="14">A</token>
  <token t_id="157" sentence="8" number="15">.</token>
  <token t_id="158" sentence="8" number="16">J</token>
  <token t_id="159" sentence="8" number="17">.</token>
  <token t_id="160" sentence="8" number="18">Smith</token>
  <token t_id="161" sentence="8" number="19">said</token>
  <token t_id="162" sentence="8" number="20">in</token>
  <token t_id="163" sentence="8" number="21">a</token>
  <token t_id="164" sentence="8" number="22">statement</token>
  <token t_id="165" sentence="8" number="23">released</token>
  <token t_id="166" sentence="8" number="24">by</token>
  <token t_id="167" sentence="8" number="25">the</token>
  <token t_id="168" sentence="8" number="26">team</token>
  <token t_id="169" sentence="8" number="27">.</token>
  <token t_id="170" sentence="9" number="0">"We'll</token>
  <token t_id="171" sentence="9" number="1">continue</token>
  <token t_id="172" sentence="9" number="2">to</token>
  <token t_id="173" sentence="9" number="3">monitor</token>
  <token t_id="174" sentence="9" number="4">the</token>
  <token t_id="175" sentence="9" number="5">situation</token>
  <token t_id="176" sentence="9" number="6">and</token>
  <token t_id="177" sentence="9" number="7">let</token>
  <token t_id="178" sentence="9" number="8">the</token>
  <token t_id="179" sentence="9" number="9">legal</token>
  <token t_id="180" sentence="9" number="10">process</token>
  <token t_id="181" sentence="9" number="11">run</token>
  <token t_id="182" sentence="9" number="12">its</token>
  <token t_id="183" sentence="9" number="13">course</token>
  <token t_id="184" sentence="9" number="14">.</token>
  <token t_id="185" sentence="10" number="0">"The</token>
  <token t_id="186" sentence="10" number="1">Chargers</token>
  <token t_id="187" sentence="10" number="2">have</token>
  <token t_id="188" sentence="10" number="3">always</token>
  <token t_id="189" sentence="10" number="4">been</token>
  <token t_id="190" sentence="10" number="5">leaders</token>
  <token t_id="191" sentence="10" number="6">and</token>
  <token t_id="192" sentence="10" number="7">positive</token>
  <token t_id="193" sentence="10" number="8">contributors</token>
  <token t_id="194" sentence="10" number="9">to</token>
  <token t_id="195" sentence="10" number="10">our</token>
  <token t_id="196" sentence="10" number="11">community</token>
  <token t_id="197" sentence="10" number="12">,</token>
  <token t_id="198" sentence="10" number="13">"</token>
  <token t_id="199" sentence="10" number="14">Smith</token>
  <token t_id="200" sentence="10" number="15">added</token>
  <token t_id="201" sentence="10" number="16">.</token>
  <token t_id="202" sentence="11" number="0">"We</token>
  <token t_id="203" sentence="11" number="1">take</token>
  <token t_id="204" sentence="11" number="2">our</token>
  <token t_id="205" sentence="11" number="3">stature</token>
  <token t_id="206" sentence="11" number="4">in</token>
  <token t_id="207" sentence="11" number="5">the</token>
  <token t_id="208" sentence="11" number="6">community</token>
  <token t_id="209" sentence="11" number="7">very</token>
  <token t_id="210" sentence="11" number="8">seriously</token>
  <token t_id="211" sentence="11" number="9">.</token>
  <token t_id="212" sentence="12" number="0">Through</token>
  <token t_id="213" sentence="12" number="1">the</token>
  <token t_id="214" sentence="12" number="2">Chargers</token>
  <token t_id="215" sentence="12" number="3">and</token>
  <token t_id="216" sentence="12" number="4">the</token>
  <token t_id="217" sentence="12" number="5">NFL</token>
  <token t_id="218" sentence="12" number="6">,</token>
  <token t_id="219" sentence="12" number="7">our</token>
  <token t_id="220" sentence="12" number="8">players</token>
  <token t_id="221" sentence="12" number="9">receive</token>
  <token t_id="222" sentence="12" number="10">one</token>
  <token t_id="223" sentence="12" number="11">of</token>
  <token t_id="224" sentence="12" number="12">the</token>
  <token t_id="225" sentence="12" number="13">most</token>
  <token t_id="226" sentence="12" number="14">comprehensive</token>
  <token t_id="227" sentence="12" number="15">education</token>
  <token t_id="228" sentence="12" number="16">and</token>
  <token t_id="229" sentence="12" number="17">support</token>
  <token t_id="230" sentence="12" number="18">programs</token>
  <token t_id="231" sentence="12" number="19">in</token>
  <token t_id="232" sentence="12" number="20">sports</token>
  <token t_id="233" sentence="12" number="21">to</token>
  <token t_id="234" sentence="12" number="22">help</token>
  <token t_id="235" sentence="12" number="23">them</token>
  <token t_id="236" sentence="12" number="24">deal</token>
  <token t_id="237" sentence="12" number="25">with</token>
  <token t_id="238" sentence="12" number="26">issues</token>
  <token t_id="239" sentence="12" number="27">that</token>
  <token t_id="240" sentence="12" number="28">affect</token>
  <token t_id="241" sentence="12" number="29">all</token>
  <token t_id="242" sentence="12" number="30">segments</token>
  <token t_id="243" sentence="12" number="31">of</token>
  <token t_id="244" sentence="12" number="32">society</token>
  <token t_id="245" sentence="12" number="33">.</token>
  <token t_id="246" sentence="12" number="34">"</token>
  <token t_id="247" sentence="13" number="0">Smith</token>
  <token t_id="248" sentence="13" number="1">didn't</token>
  <token t_id="249" sentence="13" number="2">return</token>
  <token t_id="250" sentence="13" number="3">a</token>
  <token t_id="251" sentence="13" number="4">call</token>
  <token t_id="252" sentence="13" number="5">seeking</token>
  <token t_id="253" sentence="13" number="6">further</token>
  <token t_id="254" sentence="13" number="7">comment</token>
  <token t_id="255" sentence="13" number="8">.</token>
  <token t_id="256" sentence="14" number="0">Chargers</token>
  <token t_id="257" sentence="14" number="1">receiver</token>
  <token t_id="258" sentence="14" number="2">Vincent</token>
  <token t_id="259" sentence="14" number="3">Jackson</token>
  <token t_id="260" sentence="14" number="4">was</token>
  <token t_id="261" sentence="14" number="5">arrested</token>
  <token t_id="262" sentence="14" number="6">for</token>
  <token t_id="263" sentence="14" number="7">investigation</token>
  <token t_id="264" sentence="14" number="8">of</token>
  <token t_id="265" sentence="14" number="9">DUI</token>
  <token t_id="266" sentence="14" number="10">on</token>
  <token t_id="267" sentence="14" number="11">Jan</token>
  <token t_id="268" sentence="14" number="12">.</token>
  <token t_id="269" sentence="14" number="13">6</token>
  <token t_id="270" sentence="14" number="14">,</token>
  <token t_id="271" sentence="14" number="15">five</token>
  <token t_id="272" sentence="14" number="16">days</token>
  <token t_id="273" sentence="14" number="17">before</token>
  <token t_id="274" sentence="14" number="18">San</token>
  <token t_id="275" sentence="14" number="19">Diego's</token>
  <token t_id="276" sentence="14" number="20">playoff</token>
  <token t_id="277" sentence="14" number="21">loss</token>
  <token t_id="278" sentence="14" number="22">at</token>
  <token t_id="279" sentence="14" number="23">Pittsburgh</token>
  <token t_id="280" sentence="14" number="24">.</token>
  <token t_id="281" sentence="15" number="0">Jackson</token>
  <token t_id="282" sentence="15" number="1">is</token>
  <token t_id="283" sentence="15" number="2">due</token>
  <token t_id="284" sentence="15" number="3">in</token>
  <token t_id="285" sentence="15" number="4">court</token>
  <token t_id="286" sentence="15" number="5">Feb</token>
  <token t_id="287" sentence="15" number="6">.</token>
  <token t_id="288" sentence="15" number="7">17</token>
  <token t_id="289" sentence="15" number="8">.</token>
  <token t_id="290" sentence="16" number="0">He</token>
  <token t_id="291" sentence="16" number="1">was</token>
  <token t_id="292" sentence="16" number="2">on</token>
  <token t_id="293" sentence="16" number="3">probation</token>
  <token t_id="294" sentence="16" number="4">for</token>
  <token t_id="295" sentence="16" number="5">a</token>
  <token t_id="296" sentence="16" number="6">previous</token>
  <token t_id="297" sentence="16" number="7">DUI</token>
  <token t_id="298" sentence="16" number="8">arrest</token>
  <token t_id="299" sentence="16" number="9">,</token>
  <token t_id="300" sentence="16" number="10">the</token>
  <token t_id="301" sentence="16" number="11">CHP</token>
  <token t_id="302" sentence="16" number="12">said</token>
  <token t_id="303" sentence="16" number="13">.</token>
  <token t_id="304" sentence="17" number="0">Williams</token>
  <token t_id="305" sentence="17" number="1">,</token>
  <token t_id="306" sentence="17" number="2">an</token>
  <token t_id="307" sentence="17" number="3">11</token>
  <token t_id="308" sentence="17" number="4">-</token>
  <token t_id="309" sentence="17" number="5">year</token>
  <token t_id="310" sentence="17" number="6">veteran</token>
  <token t_id="311" sentence="17" number="7">,</token>
  <token t_id="312" sentence="17" number="8">shared</token>
  <token t_id="313" sentence="17" number="9">the</token>
  <token t_id="314" sentence="17" number="10">team's</token>
  <token t_id="315" sentence="17" number="11">Most</token>
  <token t_id="316" sentence="17" number="12">Valuable</token>
  <token t_id="317" sentence="17" number="13">Player</token>
  <token t_id="318" sentence="17" number="14">Award</token>
  <token t_id="319" sentence="17" number="15">with</token>
  <token t_id="320" sentence="17" number="16">quarterback</token>
  <token t_id="321" sentence="17" number="17">Philip</token>
  <token t_id="322" sentence="17" number="18">Rivers</token>
  <token t_id="323" sentence="17" number="19">this</token>
  <token t_id="324" sentence="17" number="20">season</token>
  <token t_id="325" sentence="17" number="21">.</token>
  <token t_id="326" sentence="18" number="0">The</token>
  <token t_id="327" sentence="18" number="1">Chargers</token>
  <token t_id="328" sentence="18" number="2">reached</token>
  <token t_id="329" sentence="18" number="3">the</token>
  <token t_id="330" sentence="18" number="4">playoffs</token>
  <token t_id="331" sentence="18" number="5">with</token>
  <token t_id="332" sentence="18" number="6">an</token>
  <token t_id="333" sentence="18" number="7">8</token>
  <token t_id="334" sentence="18" number="8">-</token>
  <token t_id="335" sentence="18" number="9">8</token>
  <token t_id="336" sentence="18" number="10">record</token>
  <token t_id="337" sentence="18" number="11">.</token>
  <token t_id="338" sentence="19" number="0">Coincidentally</token>
  <token t_id="339" sentence="19" number="1">,</token>
  <token t_id="340" sentence="19" number="2">the</token>
  <token t_id="341" sentence="19" number="3">Chargers</token>
  <token t_id="342" sentence="19" number="4">were</token>
  <token t_id="343" sentence="19" number="5">the</token>
  <token t_id="344" sentence="19" number="6">first</token>
  <token t_id="345" sentence="19" number="7">NFL</token>
  <token t_id="346" sentence="19" number="8">team</token>
  <token t_id="347" sentence="19" number="9">to</token>
  <token t_id="348" sentence="19" number="10">implement</token>
  <token t_id="349" sentence="19" number="11">Safe</token>
  <token t_id="350" sentence="19" number="12">Ride</token>
  <token t_id="351" sentence="19" number="13">Solutions</token>
  <token t_id="352" sentence="19" number="14">,</token>
  <token t_id="353" sentence="19" number="15">a</token>
  <token t_id="354" sentence="19" number="16">program</token>
  <token t_id="355" sentence="19" number="17">in</token>
  <token t_id="356" sentence="19" number="18">which</token>
  <token t_id="357" sentence="19" number="19">pro</token>
  <token t_id="358" sentence="19" number="20">athletes</token>
  <token t_id="359" sentence="19" number="21">who've</token>
  <token t_id="360" sentence="19" number="22">had</token>
  <token t_id="361" sentence="19" number="23">too</token>
  <token t_id="362" sentence="19" number="24">much</token>
  <token t_id="363" sentence="19" number="25">to</token>
  <token t_id="364" sentence="19" number="26">drink</token>
  <token t_id="365" sentence="19" number="27">can</token>
  <token t_id="366" sentence="19" number="28">call</token>
  <token t_id="367" sentence="19" number="29">a</token>
  <token t_id="368" sentence="19" number="30">toll</token>
  <token t_id="369" sentence="19" number="31">-</token>
  <token t_id="370" sentence="19" number="32">free</token>
  <token t_id="371" sentence="19" number="33">number</token>
  <token t_id="372" sentence="19" number="34">and</token>
  <token t_id="373" sentence="19" number="35">request</token>
  <token t_id="374" sentence="19" number="36">a</token>
  <token t_id="375" sentence="19" number="37">ride</token>
  <token t_id="376" sentence="19" number="38">from</token>
  <token t_id="377" sentence="19" number="39">an</token>
  <token t_id="378" sentence="19" number="40">off</token>
  <token t_id="379" sentence="19" number="41">-</token>
  <token t_id="380" sentence="19" number="42">duty</token>
  <token t_id="381" sentence="19" number="43">police</token>
  <token t_id="382" sentence="19" number="44">officer</token>
  <token t_id="383" sentence="19" number="45">.</token>
  <token t_id="384" sentence="20" number="0">For</token>
  <token t_id="385" sentence="20" number="1">implementing</token>
  <token t_id="386" sentence="20" number="2">the</token>
  <token t_id="387" sentence="20" number="3">program</token>
  <token t_id="388" sentence="20" number="4">,</token>
  <token t_id="389" sentence="20" number="5">the</token>
  <token t_id="390" sentence="20" number="6">Chargers</token>
  <token t_id="391" sentence="20" number="7">were</token>
  <token t_id="392" sentence="20" number="8">awarded</token>
  <token t_id="393" sentence="20" number="9">the</token>
  <token t_id="394" sentence="20" number="10">NFL's</token>
  <token t_id="395" sentence="20" number="11">Winston</token>
  <token t_id="396" sentence="20" number="12">-</token>
  <token t_id="397" sentence="20" number="13">Shell</token>
  <token t_id="398" sentence="20" number="14">Award</token>
  <token t_id="399" sentence="20" number="15">for</token>
  <token t_id="400" sentence="20" number="16">demonstrating</token>
  <token t_id="401" sentence="20" number="17">commitment</token>
  <token t_id="402" sentence="20" number="18">and</token>
  <token t_id="403" sentence="20" number="19">dedication</token>
  <token t_id="404" sentence="20" number="20">to</token>
  <token t_id="405" sentence="20" number="21">developing</token>
  <token t_id="406" sentence="20" number="22">unique</token>
  <token t_id="407" sentence="20" number="23">and</token>
  <token t_id="408" sentence="20" number="24">innovative</token>
  <token t_id="409" sentence="20" number="25">ideas</token>
  <token t_id="410" sentence="20" number="26">and</token>
  <token t_id="411" sentence="20" number="27">solutions</token>
  <token t_id="412" sentence="20" number="28">.</token>
  <token t_id="413" sentence="21" number="0">Smith</token>
  <token t_id="414" sentence="21" number="1">often</token>
  <token t_id="415" sentence="21" number="2">speaks</token>
  <token t_id="416" sentence="21" number="3">of</token>
  <token t_id="417" sentence="21" number="4">signing</token>
  <token t_id="418" sentence="21" number="5">"character"</token>
  <token t_id="419" sentence="21" number="6">players</token>
  <token t_id="420" sentence="21" number="7">,</token>
  <token t_id="421" sentence="21" number="8">yet</token>
  <token t_id="422" sentence="21" number="9">the</token>
  <token t_id="423" sentence="21" number="10">Chargers</token>
  <token t_id="424" sentence="21" number="11">have</token>
  <token t_id="425" sentence="21" number="12">had</token>
  <token t_id="426" sentence="21" number="13">their</token>
  <token t_id="427" sentence="21" number="14">share</token>
  <token t_id="428" sentence="21" number="15">of</token>
  <token t_id="429" sentence="21" number="16">off</token>
  <token t_id="430" sentence="21" number="17">-</token>
  <token t_id="431" sentence="21" number="18">field</token>
  <token t_id="432" sentence="21" number="19">problems</token>
  <token t_id="433" sentence="21" number="20">in</token>
  <token t_id="434" sentence="21" number="21">recent</token>
  <token t_id="435" sentence="21" number="22">seasons</token>
  <token t_id="436" sentence="21" number="23">.</token>
  <token t_id="437" sentence="22" number="0">In</token>
  <token t_id="438" sentence="22" number="1">2006</token>
  <token t_id="439" sentence="22" number="2">,</token>
  <token t_id="440" sentence="22" number="3">there</token>
  <token t_id="441" sentence="22" number="4">were</token>
  <token t_id="442" sentence="22" number="5">seven</token>
  <token t_id="443" sentence="22" number="6">run</token>
  <token t_id="444" sentence="22" number="7">-</token>
  <token t_id="445" sentence="22" number="8">ins</token>
  <token t_id="446" sentence="22" number="9">with</token>
  <token t_id="447" sentence="22" number="10">the</token>
  <token t_id="448" sentence="22" number="11">law</token>
  <token t_id="449" sentence="22" number="12">by</token>
  <token t_id="450" sentence="22" number="13">Chargers</token>
  <token t_id="451" sentence="22" number="14">players</token>
  <token t_id="452" sentence="22" number="15">,</token>
  <token t_id="453" sentence="22" number="16">including</token>
  <token t_id="454" sentence="22" number="17">linebacker</token>
  <token t_id="455" sentence="22" number="18">Steve</token>
  <token t_id="456" sentence="22" number="19">Foley's</token>
  <token t_id="457" sentence="22" number="20">shooting</token>
  <token t_id="458" sentence="22" number="21">by</token>
  <token t_id="459" sentence="22" number="22">an</token>
  <token t_id="460" sentence="22" number="23">off</token>
  <token t_id="461" sentence="22" number="24">-</token>
  <token t_id="462" sentence="22" number="25">duty</token>
  <token t_id="463" sentence="22" number="26">Coronado</token>
  <token t_id="464" sentence="22" number="27">police</token>
  <token t_id="465" sentence="22" number="28">officer</token>
  <token t_id="466" sentence="22" number="29">who</token>
  <token t_id="467" sentence="22" number="30">suspected</token>
  <token t_id="468" sentence="22" number="31">him</token>
  <token t_id="469" sentence="22" number="32">of</token>
  <token t_id="470" sentence="22" number="33">drunken</token>
  <token t_id="471" sentence="22" number="34">driving</token>
  <token t_id="472" sentence="22" number="35">,</token>
  <token t_id="473" sentence="22" number="36">and</token>
  <token t_id="474" sentence="22" number="37">two</token>
  <token t_id="475" sentence="22" number="38">other</token>
  <token t_id="476" sentence="22" number="39">players</token>
  <token t_id="477" sentence="22" number="40">who</token>
  <token t_id="478" sentence="22" number="41">were</token>
  <token t_id="479" sentence="22" number="42">arrested</token>
  <token t_id="480" sentence="22" number="43">for</token>
  <token t_id="481" sentence="22" number="44">investigation</token>
  <token t_id="482" sentence="22" number="45">of</token>
  <token t_id="483" sentence="22" number="46">DUI</token>
  <token t_id="484" sentence="22" number="47">.</token>
  <token t_id="485" sentence="23" number="0">Besides</token>
  <token t_id="486" sentence="23" number="1">the</token>
  <token t_id="487" sentence="23" number="2">arrests</token>
  <token t_id="488" sentence="23" number="3">,</token>
  <token t_id="489" sentence="23" number="4">linebacker</token>
  <token t_id="490" sentence="23" number="5">Shawne</token>
  <token t_id="491" sentence="23" number="6">Merriman</token>
  <token t_id="492" sentence="23" number="7">was</token>
  <token t_id="493" sentence="23" number="8">suspended</token>
  <token t_id="494" sentence="23" number="9">four</token>
  <token t_id="495" sentence="23" number="10">games</token>
  <token t_id="496" sentence="23" number="11">for</token>
  <token t_id="497" sentence="23" number="12">testing</token>
  <token t_id="498" sentence="23" number="13">positive</token>
  <token t_id="499" sentence="23" number="14">for</token>
  <token t_id="500" sentence="23" number="15">steroids</token>
  <token t_id="501" sentence="23" number="16">in</token>
  <token t_id="502" sentence="23" number="17">2006</token>
  <token t_id="503" sentence="23" number="18">,</token>
  <token t_id="504" sentence="23" number="19">and</token>
  <token t_id="505" sentence="23" number="20">linebacker</token>
  <token t_id="506" sentence="23" number="21">Stephen</token>
  <token t_id="507" sentence="23" number="22">Cooper</token>
  <token t_id="508" sentence="23" number="23">was</token>
  <token t_id="509" sentence="23" number="24">suspended</token>
  <token t_id="510" sentence="23" number="25">by</token>
  <token t_id="511" sentence="23" number="26">the</token>
  <token t_id="512" sentence="23" number="27">NFL</token>
  <token t_id="513" sentence="23" number="28">for</token>
  <token t_id="514" sentence="23" number="29">the</token>
  <token t_id="515" sentence="23" number="30">first</token>
  <token t_id="516" sentence="23" number="31">four</token>
  <token t_id="517" sentence="23" number="32">games</token>
  <token t_id="518" sentence="23" number="33">of</token>
  <token t_id="519" sentence="23" number="34">the</token>
  <token t_id="520" sentence="23" number="35">2008</token>
  <token t_id="521" sentence="23" number="36">season</token>
  <token t_id="522" sentence="23" number="37">after</token>
  <token t_id="523" sentence="23" number="38">testing</token>
  <token t_id="524" sentence="23" number="39">positive</token>
  <token t_id="525" sentence="23" number="40">for</token>
  <token t_id="526" sentence="23" number="41">a</token>
  <token t_id="527" sentence="23" number="42">banned</token>
  <token t_id="528" sentence="23" number="43">stimulant</token>
  <token t_id="529" sentence="23" number="44">.</token>
  <Markables>
    <ACTION_ASPECTUAL m_id="1" comment="">
      <token_anchor t_id="171"/>
    </ACTION_ASPECTUAL>
    <ACTION_ASPECTUAL m_id="2" comment="">
      <token_anchor t_id="177"/>
    </ACTION_ASPECTUAL>
    <ACTION_GENERIC m_id="3">
      <token_anchor t_id="232"/>
    </ACTION_GENERIC>
    <ACTION_OCCURRENCE m_id="29" comment="" climaxEvent="FALSE">
      <token_anchor t_id="312"/>
    </ACTION_OCCURRENCE>
    <ACTION_OCCURRENCE m_id="30" comment="" climaxEvent="FALSE">
      <token_anchor t_id="296"/>
      <token_anchor t_id="297"/>
      <token_anchor t_id="298"/>
    </ACTION_OCCURRENCE>
    <ACTION_OCCURRENCE m_id="31" comment="" climaxEvent="FALSE">
      <token_anchor t_id="261"/>
    </ACTION_OCCURRENCE>
    <ACTION_OCCURRENCE m_id="32" comment="" climaxEvent="FALSE">
      <token_anchor t_id="263"/>
    </ACTION_OCCURRENCE>
    <ACTION_OCCURRENCE m_id="4" comment="" climaxEvent="FALSE">
      <token_anchor t_id="265"/>
    </ACTION_OCCURRENCE>
    <ACTION_OCCURRENCE m_id="5" comment="" climaxEvent="FALSE">
      <token_anchor t_id="277"/>
    </ACTION_OCCURRENCE>
    <ACTION_OCCURRENCE m_id="6" climaxEvent="TRUE" comment="">
      <token_anchor t_id="35"/>
    </ACTION_OCCURRENCE>
    <ACTION_OCCURRENCE m_id="7" comment="" climaxEvent="FALSE">
      <token_anchor t_id="125"/>
      <token_anchor t_id="126"/>
    </ACTION_OCCURRENCE>
    <ACTION_OCCURRENCE m_id="8" comment="" climaxEvent="FALSE">
      <token_anchor t_id="55"/>
    </ACTION_OCCURRENCE>
    <ACTION_OCCURRENCE m_id="9" comment="" climaxEvent="FALSE">
      <token_anchor t_id="59"/>
      <token_anchor t_id="60"/>
    </ACTION_OCCURRENCE>
    <ACTION_OCCURRENCE m_id="10" comment="" climaxEvent="FALSE">
      <token_anchor t_id="75"/>
      <token_anchor t_id="76"/>
    </ACTION_OCCURRENCE>
    <ACTION_OCCURRENCE m_id="106" comment="" climaxEvent="FALSE">
      <token_anchor t_id="66"/>
    </ACTION_OCCURRENCE>
    <ACTION_OCCURRENCE m_id="11" comment="" climaxEvent="FALSE">
      <token_anchor t_id="78"/>
    </ACTION_OCCURRENCE>
    <ACTION_OCCURRENCE m_id="12" comment="" climaxEvent="FALSE">
      <token_anchor t_id="253"/>
      <token_anchor t_id="254"/>
    </ACTION_OCCURRENCE>
    <ACTION_OCCURRENCE m_id="13" comment="" climaxEvent="FALSE">
      <token_anchor t_id="94"/>
    </ACTION_OCCURRENCE>
    <ACTION_OCCURRENCE m_id="14" comment="" climaxEvent="FALSE">
      <token_anchor t_id="118"/>
      <token_anchor t_id="119"/>
    </ACTION_OCCURRENCE>
    <ACTION_OCCURRENCE m_id="15" comment="" climaxEvent="FALSE">
      <token_anchor t_id="124"/>
    </ACTION_OCCURRENCE>
    <ACTION_OCCURRENCE m_id="16" comment="" climaxEvent="FALSE">
      <token_anchor t_id="165"/>
    </ACTION_OCCURRENCE>
    <ACTION_OCCURRENCE m_id="17" comment="" climaxEvent="FALSE">
      <token_anchor t_id="173"/>
    </ACTION_OCCURRENCE>
    <ACTION_OCCURRENCE m_id="18" comment="" climaxEvent="FALSE">
      <token_anchor t_id="179"/>
      <token_anchor t_id="180"/>
    </ACTION_OCCURRENCE>
    <ACTION_OCCURRENCE m_id="19" comment="" climaxEvent="FALSE">
      <token_anchor t_id="181"/>
    </ACTION_OCCURRENCE>
    <ACTION_OCCURRENCE m_id="20" climaxEvent="FALSE" comment="BT: annotation error">
      <token_anchor t_id="182"/>
    </ACTION_OCCURRENCE>
    <ACTION_OCCURRENCE m_id="21" comment="" climaxEvent="FALSE">
      <token_anchor t_id="183"/>
    </ACTION_OCCURRENCE>
    <ACTION_OCCURRENCE m_id="22" comment="" climaxEvent="FALSE">
      <token_anchor t_id="203"/>
    </ACTION_OCCURRENCE>
    <ACTION_OCCURRENCE m_id="23" comment="" climaxEvent="FALSE">
      <token_anchor t_id="221"/>
    </ACTION_OCCURRENCE>
    <ACTION_OCCURRENCE m_id="24" comment="" climaxEvent="FALSE">
      <token_anchor t_id="251"/>
    </ACTION_OCCURRENCE>
    <ACTION_OCCURRENCE m_id="25" comment="" climaxEvent="FALSE">
      <token_anchor t_id="236"/>
      <token_anchor t_id="237"/>
    </ACTION_OCCURRENCE>
    <ACTION_OCCURRENCE m_id="26" comment="" climaxEvent="FALSE">
      <token_anchor t_id="240"/>
    </ACTION_OCCURRENCE>
    <ACTION_OCCURRENCE m_id="27" comment="" climaxEvent="FALSE">
      <token_anchor t_id="252"/>
    </ACTION_OCCURRENCE>
    <ACTION_OCCURRENCE m_id="28" comment="" climaxEvent="FALSE">
      <token_anchor t_id="37"/>
    </ACTION_OCCURRENCE>
    <ACTION_PERCEPTION m_id="33">
      <token_anchor t_id="145"/>
    </ACTION_PERCEPTION>
    <ACTION_REPORTING m_id="34">
      <token_anchor t_id="91"/>
    </ACTION_REPORTING>
    <ACTION_REPORTING m_id="35">
      <token_anchor t_id="164"/>
    </ACTION_REPORTING>
    <ACTION_REPORTING m_id="36">
      <token_anchor t_id="161"/>
    </ACTION_REPORTING>
    <ACTION_REPORTING m_id="37">
      <token_anchor t_id="200"/>
    </ACTION_REPORTING>
    <ACTION_REPORTING m_id="38">
      <token_anchor t_id="302"/>
    </ACTION_REPORTING>
    <ACTION_STATE m_id="39" climaxEvent="FALSE" comment="">
      <token_anchor t_id="56"/>
      <token_anchor t_id="57"/>
    </ACTION_STATE>
    <ACTION_STATE m_id="40" climaxEvent="FALSE" comment="">
      <token_anchor t_id="205"/>
    </ACTION_STATE>
    <ACTION_STATE m_id="41" climaxEvent="FALSE" comment="">
      <token_anchor t_id="210"/>
    </ACTION_STATE>
    <ACTION_STATE m_id="42" climaxEvent="FALSE" comment="">
      <token_anchor t_id="283"/>
    </ACTION_STATE>
    <ACTION_STATE m_id="43" climaxEvent="FALSE" comment="">
      <token_anchor t_id="292"/>
      <token_anchor t_id="293"/>
    </ACTION_STATE>
    <ACTION_STATE m_id="44" climaxEvent="FALSE" comment="">
      <token_anchor t_id="175"/>
    </ACTION_STATE>
    <ACTION_STATE m_id="45" climaxEvent="FALSE" comment="">
      <token_anchor t_id="143"/>
    </ACTION_STATE>
    <ACTION_STATE m_id="46" climaxEvent="FALSE" comment="">
      <token_anchor t_id="38"/>
    </ACTION_STATE>
    <HUMAN_PART_MET m_id="47">
      <token_anchor t_id="196"/>
    </HUMAN_PART_MET>
    <HUMAN_PART_MET m_id="48">
      <token_anchor t_id="208"/>
    </HUMAN_PART_MET>
    <HUMAN_PART_MET m_id="49">
      <token_anchor t_id="244"/>
    </HUMAN_PART_MET>
    <HUMAN_PART_ORG m_id="61">
      <token_anchor t_id="32"/>
    </HUMAN_PART_ORG>
    <HUMAN_PART_ORG m_id="62">
      <token_anchor t_id="49"/>
    </HUMAN_PART_ORG>
    <HUMAN_PART_ORG m_id="50">
      <token_anchor t_id="274"/>
      <token_anchor t_id="275"/>
    </HUMAN_PART_ORG>
    <HUMAN_PART_ORG m_id="51">
      <token_anchor t_id="301"/>
    </HUMAN_PART_ORG>
    <HUMAN_PART_ORG m_id="52">
      <token_anchor t_id="214"/>
    </HUMAN_PART_ORG>
    <HUMAN_PART_ORG m_id="53">
      <token_anchor t_id="217"/>
    </HUMAN_PART_ORG>
    <HUMAN_PART_ORG m_id="54">
      <token_anchor t_id="202"/>
    </HUMAN_PART_ORG>
    <HUMAN_PART_ORG m_id="55">
      <token_anchor t_id="186"/>
    </HUMAN_PART_ORG>
    <HUMAN_PART_ORG m_id="56">
      <token_anchor t_id="170"/>
    </HUMAN_PART_ORG>
    <HUMAN_PART_ORG m_id="57">
      <token_anchor t_id="168"/>
    </HUMAN_PART_ORG>
    <HUMAN_PART_ORG m_id="58">
      <token_anchor t_id="129"/>
      <token_anchor t_id="130"/>
      <token_anchor t_id="131"/>
    </HUMAN_PART_ORG>
    <HUMAN_PART_ORG m_id="59">
      <token_anchor t_id="88"/>
      <token_anchor t_id="89"/>
      <token_anchor t_id="90"/>
    </HUMAN_PART_ORG>
    <HUMAN_PART_ORG m_id="60">
      <token_anchor t_id="63"/>
    </HUMAN_PART_ORG>
    <HUMAN_PART_PER m_id="63" comment="">
      <token_anchor t_id="220"/>
    </HUMAN_PART_PER>
    <HUMAN_PART_PER m_id="64" comment="">
      <token_anchor t_id="235"/>
    </HUMAN_PART_PER>
    <HUMAN_PART_PER m_id="65" comment="">
      <token_anchor t_id="247"/>
    </HUMAN_PART_PER>
    <HUMAN_PART_PER m_id="66" comment="">
      <token_anchor t_id="304"/>
    </HUMAN_PART_PER>
    <HUMAN_PART_PER m_id="67" comment="">
      <token_anchor t_id="310"/>
    </HUMAN_PART_PER>
    <HUMAN_PART_PER m_id="68" comment="">
      <token_anchor t_id="321"/>
      <token_anchor t_id="322"/>
    </HUMAN_PART_PER>
    <HUMAN_PART_PER m_id="69" comment="">
      <token_anchor t_id="290"/>
    </HUMAN_PART_PER>
    <HUMAN_PART_PER m_id="70" comment="">
      <token_anchor t_id="281"/>
    </HUMAN_PART_PER>
    <HUMAN_PART_PER m_id="71" comment="">
      <token_anchor t_id="190"/>
    </HUMAN_PART_PER>
    <HUMAN_PART_PER m_id="72" comment="">
      <token_anchor t_id="258"/>
      <token_anchor t_id="259"/>
    </HUMAN_PART_PER>
    <HUMAN_PART_PER m_id="73" comment="">
      <token_anchor t_id="193"/>
    </HUMAN_PART_PER>
    <HUMAN_PART_PER m_id="74" comment="">
      <token_anchor t_id="73"/>
    </HUMAN_PART_PER>
    <HUMAN_PART_PER m_id="107" comment="">
      <token_anchor t_id="50"/>
      <token_anchor t_id="51"/>
      <token_anchor t_id="52"/>
      <token_anchor t_id="53"/>
    </HUMAN_PART_PER>
    <HUMAN_PART_PER m_id="75" comment="">
      <token_anchor t_id="33"/>
      <token_anchor t_id="34"/>
    </HUMAN_PART_PER>
    <HUMAN_PART_PER m_id="76" comment="">
      <token_anchor t_id="93"/>
    </HUMAN_PART_PER>
    <HUMAN_PART_PER m_id="77" comment="">
      <token_anchor t_id="116"/>
    </HUMAN_PART_PER>
    <HUMAN_PART_PER m_id="78" comment="">
      <token_anchor t_id="150"/>
      <token_anchor t_id="151"/>
    </HUMAN_PART_PER>
    <HUMAN_PART_PER m_id="79" comment="">
      <token_anchor t_id="156"/>
      <token_anchor t_id="157"/>
      <token_anchor t_id="158"/>
      <token_anchor t_id="159"/>
      <token_anchor t_id="160"/>
    </HUMAN_PART_PER>
    <HUMAN_PART_PER m_id="80" comment="">
      <token_anchor t_id="199"/>
    </HUMAN_PART_PER>
    <LOC_FAC m_id="81">
      <token_anchor t_id="120"/>
      <token_anchor t_id="121"/>
    </LOC_FAC>
    <LOC_FAC m_id="82">
      <token_anchor t_id="284"/>
      <token_anchor t_id="285"/>
    </LOC_FAC>
    <LOC_GEO m_id="105" comment="">
      <token_anchor t_id="81"/>
      <token_anchor t_id="82"/>
      <token_anchor t_id="83"/>
      <token_anchor t_id="84"/>
      <token_anchor t_id="85"/>
    </LOC_GEO>
    <LOC_GEO m_id="83" comment="">
      <token_anchor t_id="278"/>
      <token_anchor t_id="279"/>
    </LOC_GEO>
    <NEG_ACTION_OCCURRENCE m_id="84" comment="" climaxEvent="FALSE">
      <token_anchor t_id="110"/>
    </NEG_ACTION_OCCURRENCE>
    <NEG_ACTION_OCCURRENCE m_id="85" comment="" climaxEvent="FALSE">
      <token_anchor t_id="249"/>
    </NEG_ACTION_OCCURRENCE>
    <NEG_ACTION_OCCURRENCE m_id="86" comment="" climaxEvent="FALSE">
      <token_anchor t_id="137"/>
    </NEG_ACTION_OCCURRENCE>
    <NON_HUMAN_PART m_id="93" comment="">
      <token_anchor t_id="107"/>
    </NON_HUMAN_PART>
    <NON_HUMAN_PART m_id="94" comment="">
      <token_anchor t_id="134"/>
    </NON_HUMAN_PART>
    <NON_HUMAN_PART m_id="95" comment="">
      <token_anchor t_id="148"/>
    </NON_HUMAN_PART>
    <NON_HUMAN_PART m_id="96" comment="">
      <token_anchor t_id="315"/>
      <token_anchor t_id="316"/>
      <token_anchor t_id="317"/>
      <token_anchor t_id="318"/>
    </NON_HUMAN_PART>
    <NON_HUMAN_PART m_id="97" comment="">
      <token_anchor t_id="238"/>
    </NON_HUMAN_PART>
    <NON_HUMAN_PART m_id="87" comment="">
      <token_anchor t_id="100"/>
    </NON_HUMAN_PART>
    <NON_HUMAN_PART m_id="88" comment="">
      <token_anchor t_id="96"/>
    </NON_HUMAN_PART>
    <NON_HUMAN_PART m_id="89" comment="">
      <token_anchor t_id="97"/>
    </NON_HUMAN_PART>
    <NON_HUMAN_PART m_id="90" comment="">
      <token_anchor t_id="227"/>
    </NON_HUMAN_PART>
    <NON_HUMAN_PART m_id="91" comment="">
      <token_anchor t_id="102"/>
      <token_anchor t_id="103"/>
    </NON_HUMAN_PART>
    <NON_HUMAN_PART m_id="92" comment="">
      <token_anchor t_id="229"/>
      <token_anchor t_id="230"/>
    </NON_HUMAN_PART>
    <TIME_DATE m_id="98" comment="" DCT="FALSE" value="2009-02-17" anchorTimeID="103">
      <token_anchor t_id="286"/>
      <token_anchor t_id="287"/>
      <token_anchor t_id="288"/>
    </TIME_DATE>
    <TIME_DATE m_id="99" comment="" DCT="FALSE" value="2009-01-06" anchorTimeID="103">
      <token_anchor t_id="266"/>
      <token_anchor t_id="267"/>
      <token_anchor t_id="268"/>
      <token_anchor t_id="269"/>
    </TIME_DATE>
    <TIME_DATE m_id="100" comment="" DCT="FALSE" value="2009-02-03" anchorTimeID="103">
      <token_anchor t_id="138"/>
      <token_anchor t_id="139"/>
      <token_anchor t_id="140"/>
    </TIME_DATE>
    <TIME_DURATION m_id="101" value="" anchorTimeID="" begin="" endPoint="">
      <token_anchor t_id="112"/>
      <token_anchor t_id="113"/>
      <token_anchor t_id="114"/>
    </TIME_DURATION>
    <TIME_DURATION m_id="102" value="" anchorTimeID="" begin="" endPoint="">
      <token_anchor t_id="68"/>
      <token_anchor t_id="69"/>
      <token_anchor t_id="70"/>
      <token_anchor t_id="71"/>
    </TIME_DURATION>
    <TIME_OF_THE_DAY m_id="103" DCT="TRUE" value="2009-02-03T23:11" anchorTimeID="">
      <token_anchor t_id="40"/>
      <token_anchor t_id="41"/>
      <token_anchor t_id="42"/>
      <token_anchor t_id="43"/>
      <token_anchor t_id="44"/>
      <token_anchor t_id="45"/>
      <token_anchor t_id="46"/>
      <token_anchor t_id="47"/>
      <token_anchor t_id="48"/>
    </TIME_OF_THE_DAY>
    <TIME_OF_THE_DAY m_id="104" DCT="FALSE" value="2009-02-01" anchorTimeID="103">
      <token_anchor t_id="79"/>
      <token_anchor t_id="80"/>
    </TIME_OF_THE_DAY>
    <TIME_REPETITION m_id="108" value="" quant="" freq="">
      <token_anchor t_id="64"/>
    </TIME_REPETITION>
    <ACTION_OCCURRENCE m_id="109" RELATED_TO="" TAG_DESCRIPTOR="t35_jwills_pulled_over" comment="" climaxEvent="FALSE"/>
    <TIME_REPETITION m_id="110" RELATED_TO="" TAG_DESCRIPTOR="t35_second_time" value="" quant="" freq=""/>
    <HUMAN_PART_ORG m_id="111" RELATED_TO="" TAG_DESCRIPTOR="t35_calif_highway_patrol"/>
    <HUMAN_PART_ORG m_id="112" RELATED_TO="" TAG_DESCRIPTOR="t35_chargers"/>
    <LOC_GEO m_id="113" RELATED_TO="" TAG_DESCRIPTOR="t35_san_diego_freeway" comment=""/>
    <ACTION_OCCURRENCE m_id="114" RELATED_TO="" TAG_DESCRIPTOR="t35_jamal_wills_arrested" comment="" climaxEvent="FALSE"/>
    <TIME_DURATION m_id="115" RELATED_TO="" TAG_DESCRIPTOR="t35_within_a_month" value="" anchorTimeID="" begin="" endPoint=""/>
    <HUMAN_PART_PER m_id="116" RELATED_TO="" TAG_DESCRIPTOR="t35_jamal_williams" comment=""/>
    <TIME_OF_THE_DAY m_id="117" RELATED_TO="" TAG_DESCRIPTOR="t35_early_sunday" value="" anchorTimeID="" DCT="FALSE"/>
    <ACTION_OCCURRENCE m_id="118" RELATED_TO="" TAG_DESCRIPTOR="t35_jwills_speeding" comment="" climaxEvent="FALSE"/>
    <ACTION_OCCURRENCE m_id="119" RELATED_TO="" TAG_DESCRIPTOR="t35_jamal_wills_DUI" comment="" climaxEvent="FALSE"/>
    <ACTION_STATE m_id="120" RELATED_TO="" TAG_DESCRIPTOR="t35_suspicion" climaxEvent="FALSE" comment=""/>
    <ACTION_REPORTING m_id="121" RELATED_TO="" TAG_DESCRIPTOR="t35_patrol_said"/>
  </Markables>
  <Relations>
    <TLINK r_id="214990" contextualModality="" relType="AFTER" comment="">
      <source m_id="103"/>
      <target m_id="6"/>
    </TLINK>
    <TLINK r_id="214991" contextualModality="" relType="AFTER" comment="">
      <source m_id="103"/>
      <target m_id="28"/>
    </TLINK>
    <TLINK r_id="214992" contextualModality="" relType="AFTER" comment="">
      <source m_id="103"/>
      <target m_id="46"/>
    </TLINK>
    <TLINK r_id="214993" contextualModality="" relType="AFTER" comment="">
      <source m_id="103"/>
      <target m_id="8"/>
    </TLINK>
    <TLINK r_id="214994" contextualModality="" relType="AFTER" comment="">
      <source m_id="103"/>
      <target m_id="39"/>
    </TLINK>
    <TLINK r_id="214995" contextualModality="" relType="AFTER" comment="">
      <source m_id="103"/>
      <target m_id="9"/>
    </TLINK>
    <TLINK r_id="214996" contextualModality="" relType="AFTER" comment="">
      <source m_id="103"/>
      <target m_id="106"/>
    </TLINK>
    <TLINK r_id="214997" contextualModality="" relType="AFTER" comment="">
      <source m_id="103"/>
      <target m_id="10"/>
    </TLINK>
    <TLINK r_id="214998" contextualModality="" relType="AFTER" comment="">
      <source m_id="103"/>
      <target m_id="11"/>
    </TLINK>
    <TLINK r_id="214999" contextualModality="" relType="AFTER" comment="">
      <source m_id="103"/>
      <target m_id="13"/>
    </TLINK>
    <TLINK r_id="215000" contextualModality="" relType="BEFORE" comment="">
      <source m_id="103"/>
      <target m_id="84"/>
    </TLINK>
    <TLINK r_id="215001" contextualModality="" relType="AFTER" comment="">
      <source m_id="103"/>
      <target m_id="14"/>
    </TLINK>
    <TLINK r_id="215002" contextualModality="" relType="AFTER" comment="">
      <source m_id="103"/>
      <target m_id="15"/>
    </TLINK>
    <TLINK r_id="215003" contextualModality="" relType="AFTER" comment="">
      <source m_id="103"/>
      <target m_id="7"/>
    </TLINK>
    <TLINK r_id="215004" contextualModality="" relType="AFTER" comment="">
      <source m_id="103"/>
      <target m_id="86"/>
    </TLINK>
    <TLINK r_id="215005" contextualModality="" relType="AFTER" comment="">
      <source m_id="103"/>
      <target m_id="45"/>
    </TLINK>
    <TLINK r_id="215006" contextualModality="" relType="AFTER" comment="">
      <source m_id="103"/>
      <target m_id="33"/>
    </TLINK>
    <TLINK r_id="215007" contextualModality="" relType="AFTER" comment="">
      <source m_id="103"/>
      <target m_id="35"/>
    </TLINK>
    <TLINK r_id="215008" contextualModality="" relType="AFTER" comment="">
      <source m_id="103"/>
      <target m_id="16"/>
    </TLINK>
    <TLINK r_id="215009" contextualModality="" relType="AFTER" comment="">
      <source m_id="103"/>
      <target m_id="1"/>
    </TLINK>
    <TLINK r_id="215010" contextualModality="" relType="AFTER" comment="">
      <source m_id="103"/>
      <target m_id="17"/>
    </TLINK>
    <TLINK r_id="215011" contextualModality="" relType="AFTER" comment="">
      <source m_id="103"/>
      <target m_id="44"/>
    </TLINK>
    <TLINK r_id="215012" contextualModality="" relType="AFTER" comment="">
      <source m_id="103"/>
      <target m_id="2"/>
    </TLINK>
    <TLINK r_id="215013" contextualModality="" relType="AFTER" comment="">
      <source m_id="103"/>
      <target m_id="18"/>
    </TLINK>
    <TLINK r_id="215015" contextualModality="" relType="AFTER" comment="">
      <source m_id="103"/>
      <target m_id="21"/>
    </TLINK>
    <TLINK r_id="215016" contextualModality="" relType="AFTER" comment="">
      <source m_id="103"/>
      <target m_id="40"/>
    </TLINK>
    <TLINK r_id="215017" contextualModality="" relType="AFTER" comment="">
      <source m_id="103"/>
      <target m_id="41"/>
    </TLINK>
    <TLINK r_id="215022" contextualModality="" relType="AFTER" comment="">
      <source m_id="103"/>
      <target m_id="23"/>
    </TLINK>
    <TLINK r_id="215023" contextualModality="" relType="AFTER" comment="">
      <source m_id="103"/>
      <target m_id="3"/>
    </TLINK>
    <TLINK r_id="215024" contextualModality="" relType="AFTER" comment="">
      <source m_id="103"/>
      <target m_id="25"/>
    </TLINK>
    <TLINK r_id="215025" contextualModality="" relType="AFTER" comment="">
      <source m_id="103"/>
      <target m_id="26"/>
    </TLINK>
    <TLINK r_id="215026" contextualModality="" relType="AFTER" comment="">
      <source m_id="103"/>
      <target m_id="85"/>
    </TLINK>
    <TLINK r_id="215027" contextualModality="" relType="AFTER" comment="">
      <source m_id="103"/>
      <target m_id="24"/>
    </TLINK>
    <TLINK r_id="215028" contextualModality="" relType="AFTER" comment="">
      <source m_id="103"/>
      <target m_id="27"/>
    </TLINK>
    <TLINK r_id="215029" contextualModality="" relType="AFTER" comment="">
      <source m_id="103"/>
      <target m_id="12"/>
    </TLINK>
    <TLINK r_id="215030" contextualModality="" relType="AFTER" comment="">
      <source m_id="103"/>
      <target m_id="31"/>
    </TLINK>
    <TLINK r_id="215031" contextualModality="" relType="AFTER" comment="">
      <source m_id="103"/>
      <target m_id="32"/>
    </TLINK>
    <TLINK r_id="215032" contextualModality="" relType="AFTER" comment="">
      <source m_id="103"/>
      <target m_id="4"/>
    </TLINK>
    <TLINK r_id="215033" contextualModality="" relType="AFTER" comment="">
      <source m_id="103"/>
      <target m_id="5"/>
    </TLINK>
    <TLINK r_id="215034" contextualModality="" relType="AFTER" comment="">
      <source m_id="103"/>
      <target m_id="42"/>
    </TLINK>
    <TLINK r_id="215035" contextualModality="" relType="AFTER" comment="">
      <source m_id="103"/>
      <target m_id="43"/>
    </TLINK>
    <TLINK r_id="215036" contextualModality="" relType="AFTER" comment="">
      <source m_id="103"/>
      <target m_id="30"/>
    </TLINK>
    <TLINK r_id="215037" contextualModality="" relType="AFTER" comment="">
      <source m_id="103"/>
      <target m_id="29"/>
    </TLINK>
    <TLINK r_id="215038" contextualModality="" relType="CONTAINS" comment="">
      <source m_id="104"/>
      <target m_id="6"/>
    </TLINK>
    <TLINK r_id="215039" contextualModality="" relType="CONTAINS" comment="">
      <source m_id="104"/>
      <target m_id="28"/>
    </TLINK>
    <TLINK r_id="215040" contextualModality="" relType="CONTAINS" comment="">
      <source m_id="104"/>
      <target m_id="46"/>
    </TLINK>
    <TLINK r_id="215041" contextualModality="" relType="CONTAINS" comment="">
      <source m_id="104"/>
      <target m_id="8"/>
    </TLINK>
    <TLINK r_id="215042" contextualModality="" relType="CONTAINS" comment="">
      <source m_id="104"/>
      <target m_id="39"/>
    </TLINK>
    <TLINK r_id="215043" contextualModality="" relType="CONTAINS" comment="">
      <source m_id="104"/>
      <target m_id="9"/>
    </TLINK>
    <TLINK r_id="215044" contextualModality="" relType="CONTAINS" comment="">
      <source m_id="104"/>
      <target m_id="106"/>
    </TLINK>
    <TLINK r_id="215045" contextualModality="" relType="CONTAINS" comment="">
      <source m_id="104"/>
      <target m_id="10"/>
    </TLINK>
    <TLINK r_id="215046" contextualModality="" relType="CONTAINS" comment="">
      <source m_id="104"/>
      <target m_id="11"/>
    </TLINK>
    <TLINK r_id="215047" contextualModality="" relType="CONTAINS" comment="">
      <source m_id="104"/>
      <target m_id="13"/>
    </TLINK>
    <TLINK r_id="215048" contextualModality="" relType="BEFORE" comment="">
      <source m_id="104"/>
      <target m_id="84"/>
    </TLINK>
    <TLINK r_id="215049" contextualModality="" relType="CONTAINS" comment="">
      <source m_id="104"/>
      <target m_id="14"/>
    </TLINK>
    <TLINK r_id="215050" contextualModality="" relType="CONTAINS" comment="">
      <source m_id="104"/>
      <target m_id="15"/>
    </TLINK>
    <TLINK r_id="215051" contextualModality="" relType="CONTAINS" comment="">
      <source m_id="104"/>
      <target m_id="7"/>
    </TLINK>
    <TLINK r_id="215052" contextualModality="" relType="CONTAINS" comment="">
      <source m_id="100"/>
      <target m_id="86"/>
    </TLINK>
    <TLINK r_id="215053" contextualModality="" relType="AFTER" comment="">
      <source m_id="100"/>
      <target m_id="33"/>
    </TLINK>
    <TLINK r_id="215054" contextualModality="" relType="AFTER" comment="">
      <source m_id="100"/>
      <target m_id="35"/>
    </TLINK>
    <TLINK r_id="215055" contextualModality="" relType="AFTER" comment="">
      <source m_id="100"/>
      <target m_id="16"/>
    </TLINK>
    <TLINK r_id="215056" contextualModality="" relType="AFTER" comment="">
      <source m_id="100"/>
      <target m_id="45"/>
    </TLINK>
    <TLINK r_id="215057" contextualModality="" relType="AFTER" comment="">
      <source m_id="100"/>
      <target m_id="1"/>
    </TLINK>
    <TLINK r_id="215058" contextualModality="" relType="AFTER" comment="">
      <source m_id="100"/>
      <target m_id="17"/>
    </TLINK>
    <TLINK r_id="215059" contextualModality="" relType="AFTER" comment="">
      <source m_id="100"/>
      <target m_id="44"/>
    </TLINK>
    <TLINK r_id="215060" contextualModality="" relType="AFTER" comment="">
      <source m_id="100"/>
      <target m_id="2"/>
    </TLINK>
    <TLINK r_id="215061" contextualModality="" relType="AFTER" comment="">
      <source m_id="100"/>
      <target m_id="18"/>
    </TLINK>
    <TLINK r_id="215062" contextualModality="" relType="AFTER" comment="">
      <source m_id="100"/>
      <target m_id="19"/>
    </TLINK>
    <TLINK r_id="215063" contextualModality="" relType="AFTER" comment="">
      <source m_id="100"/>
      <target m_id="21"/>
    </TLINK>
    <TLINK r_id="215064" contextualModality="" relType="AFTER" comment="">
      <source m_id="100"/>
      <target m_id="22"/>
    </TLINK>
    <TLINK r_id="215065" contextualModality="" relType="AFTER" comment="">
      <source m_id="100"/>
      <target m_id="40"/>
    </TLINK>
    <TLINK r_id="215066" contextualModality="" relType="AFTER" comment="">
      <source m_id="100"/>
      <target m_id="41"/>
    </TLINK>
    <TLINK r_id="215067" contextualModality="" relType="AFTER" comment="">
      <source m_id="100"/>
      <target m_id="23"/>
    </TLINK>
    <TLINK r_id="215068" contextualModality="" relType="AFTER" comment="">
      <source m_id="100"/>
      <target m_id="3"/>
    </TLINK>
    <TLINK r_id="215069" contextualModality="" relType="AFTER" comment="">
      <source m_id="100"/>
      <target m_id="25"/>
    </TLINK>
    <TLINK r_id="215070" contextualModality="" relType="AFTER" comment="">
      <source m_id="100"/>
      <target m_id="26"/>
    </TLINK>
    <TLINK r_id="215071" contextualModality="" relType="AFTER" comment="">
      <source m_id="100"/>
      <target m_id="85"/>
    </TLINK>
    <TLINK r_id="215072" contextualModality="" relType="AFTER" comment="">
      <source m_id="100"/>
      <target m_id="24"/>
    </TLINK>
    <TLINK r_id="215073" contextualModality="" relType="AFTER" comment="">
      <source m_id="100"/>
      <target m_id="27"/>
    </TLINK>
    <TLINK r_id="215074" contextualModality="" relType="AFTER" comment="">
      <source m_id="100"/>
      <target m_id="12"/>
    </TLINK>
    <TLINK r_id="215075" contextualModality="" relType="CONTAINS" comment="">
      <source m_id="99"/>
      <target m_id="31"/>
    </TLINK>
    <TLINK r_id="215076" contextualModality="" relType="CONTAINS" comment="">
      <source m_id="99"/>
      <target m_id="32"/>
    </TLINK>
    <TLINK r_id="215077" contextualModality="" relType="CONTAINS" comment="">
      <source m_id="99"/>
      <target m_id="4"/>
    </TLINK>
    <TLINK r_id="215078" contextualModality="" relType="CONTAINS" comment="">
      <source m_id="99"/>
      <target m_id="5"/>
    </TLINK>
    <TLINK r_id="215079" contextualModality="" relType="CONTAINS" comment="">
      <source m_id="98"/>
      <target m_id="42"/>
    </TLINK>
    <TLINK r_id="215080" contextualModality="" relType="AFTER" comment="">
      <source m_id="98"/>
      <target m_id="43"/>
    </TLINK>
    <TLINK r_id="215081" contextualModality="" relType="AFTER" comment="">
      <source m_id="98"/>
      <target m_id="29"/>
    </TLINK>
    <TLINK r_id="215082" contextualModality="" relType="AFTER" comment="">
      <source m_id="98"/>
      <target m_id="30"/>
    </TLINK>
    <PLOT_LINK r_id="215084" SIGNAL="" relType="FALLING_ACTION" CAUSES="FALSE" CAUSED_BY="FALSE">
      <source m_id="6"/>
      <target m_id="28"/>
    </PLOT_LINK>
    <PLOT_LINK r_id="215085" SIGNAL="" relType="FALLING_ACTION" CAUSES="FALSE" CAUSED_BY="FALSE">
      <source m_id="8"/>
      <target m_id="9"/>
    </PLOT_LINK>
    <PLOT_LINK r_id="215086" SIGNAL="" relType="FALLING_ACTION" CAUSES="FALSE" CAUSED_BY="FALSE">
      <source m_id="10"/>
      <target m_id="11"/>
    </PLOT_LINK>
    <PLOT_LINK r_id="215088" SIGNAL="" relType="PRECONDITION" CAUSES="FALSE" CAUSED_BY="FALSE">
      <source m_id="8"/>
      <target m_id="13"/>
    </PLOT_LINK>
    <PLOT_LINK r_id="215089" SIGNAL="" relType="PRECONDITION" CAUSES="FALSE" CAUSED_BY="FALSE">
      <source m_id="8"/>
      <target m_id="14"/>
    </PLOT_LINK>
    <PLOT_LINK r_id="215090" SIGNAL="" relType="PRECONDITION" CAUSES="FALSE" CAUSED_BY="FALSE">
      <source m_id="14"/>
      <target m_id="15"/>
    </PLOT_LINK>
    <PLOT_LINK r_id="215091" SIGNAL="" relType="FALLING_ACTION" CAUSES="FALSE" CAUSED_BY="FALSE">
      <source m_id="15"/>
      <target m_id="7"/>
    </PLOT_LINK>
    <PLOT_LINK r_id="215092" SIGNAL="" relType="FALLING_ACTION" CAUSES="FALSE" CAUSED_BY="FALSE">
      <source m_id="31"/>
      <target m_id="4"/>
    </PLOT_LINK>
    <PLOT_LINK r_id="215093" SIGNAL="" relType="PRECONDITION" CAUSES="FALSE" CAUSED_BY="FALSE">
      <source m_id="31"/>
      <target m_id="42"/>
    </PLOT_LINK>
    <PLOT_LINK r_id="215094" SIGNAL="" relType="FALLING_ACTION" CAUSES="FALSE" CAUSED_BY="FALSE">
      <source m_id="43"/>
      <target m_id="30"/>
    </PLOT_LINK>
  </Relations>
</Document>
