<?xml version='1.0' encoding='UTF-8'?>
<Document doc_name="35_2ecbplus.xml">
  <token t_id="1" sentence="0" number="0">http</token>
  <token t_id="2" sentence="0" number="1">:</token>
  <token t_id="3" sentence="0" number="2">/</token>
  <token t_id="4" sentence="0" number="3">/</token>
  <token t_id="5" sentence="0" number="4">www</token>
  <token t_id="6" sentence="0" number="5">.</token>
  <token t_id="7" sentence="0" number="6">utsandiego</token>
  <token t_id="8" sentence="0" number="7">.</token>
  <token t_id="9" sentence="0" number="8">com</token>
  <token t_id="10" sentence="0" number="9">/</token>
  <token t_id="11" sentence="0" number="10">news</token>
  <token t_id="12" sentence="0" number="11">/</token>
  <token t_id="13" sentence="0" number="12">2009</token>
  <token t_id="14" sentence="0" number="13">/</token>
  <token t_id="15" sentence="0" number="14">Feb</token>
  <token t_id="16" sentence="0" number="15">/</token>
  <token t_id="17" sentence="0" number="16">02</token>
  <token t_id="18" sentence="0" number="17">/</token>
  <token t_id="19" sentence="0" number="18">bn02jamal225516</token>
  <token t_id="20" sentence="0" number="19">-</token>
  <token t_id="21" sentence="0" number="20">no</token>
  <token t_id="22" sentence="0" number="21">-</token>
  <token t_id="23" sentence="0" number="22">headline</token>
  <token t_id="24" sentence="0" number="23">/</token>
  <token t_id="25" sentence="1" number="0">Chargers</token>
  <token t_id="26" sentence="1" number="1">lineman</token>
  <token t_id="27" sentence="1" number="2">Jamal</token>
  <token t_id="28" sentence="1" number="3">Williams</token>
  <token t_id="29" sentence="1" number="4">faces</token>
  <token t_id="30" sentence="1" number="5">DUI</token>
  <token t_id="31" sentence="1" number="6">charges</token>
  <token t_id="32" sentence="2" number="0">10</token>
  <token t_id="33" sentence="2" number="1">:</token>
  <token t_id="34" sentence="2" number="2">55</token>
  <token t_id="35" sentence="2" number="3">P</token>
  <token t_id="36" sentence="2" number="4">.</token>
  <token t_id="37" sentence="2" number="5">M</token>
  <token t_id="38" sentence="2" number="6">.</token>
  <token t_id="39" sentence="2" number="7">FEB</token>
  <token t_id="40" sentence="2" number="8">.</token>
  <token t_id="41" sentence="2" number="9">2</token>
  <token t_id="42" sentence="2" number="10">,</token>
  <token t_id="43" sentence="2" number="11">2009</token>
  <token t_id="44" sentence="3" number="0">Chargers</token>
  <token t_id="45" sentence="3" number="1">defensive</token>
  <token t_id="46" sentence="3" number="2">lineman</token>
  <token t_id="47" sentence="3" number="3">Jamal</token>
  <token t_id="48" sentence="3" number="4">Williams</token>
  <token t_id="49" sentence="3" number="5">was</token>
  <token t_id="50" sentence="3" number="6">arrested</token>
  <token t_id="51" sentence="3" number="7">early</token>
  <token t_id="52" sentence="3" number="8">Sunday</token>
  <token t_id="53" sentence="3" number="9">on</token>
  <token t_id="54" sentence="3" number="10">suspicion</token>
  <token t_id="55" sentence="3" number="11">of</token>
  <token t_id="56" sentence="3" number="12">drunken</token>
  <token t_id="57" sentence="3" number="13">driving</token>
  <token t_id="58" sentence="3" number="14">after</token>
  <token t_id="59" sentence="3" number="15">he</token>
  <token t_id="60" sentence="3" number="16">was</token>
  <token t_id="61" sentence="3" number="17">speeding</token>
  <token t_id="62" sentence="3" number="18">down</token>
  <token t_id="63" sentence="3" number="19">state</token>
  <token t_id="64" sentence="3" number="20">Route</token>
  <token t_id="65" sentence="3" number="21">94</token>
  <token t_id="66" sentence="3" number="22">,</token>
  <token t_id="67" sentence="3" number="23">the</token>
  <token t_id="68" sentence="3" number="24">California</token>
  <token t_id="69" sentence="3" number="25">Highway</token>
  <token t_id="70" sentence="3" number="26">Patrol</token>
  <token t_id="71" sentence="3" number="27">said</token>
  <token t_id="72" sentence="3" number="28">.</token>
  <token t_id="73" sentence="4" number="0">Williams</token>
  <token t_id="74" sentence="4" number="1">,</token>
  <token t_id="75" sentence="4" number="2">32</token>
  <token t_id="76" sentence="4" number="3">,</token>
  <token t_id="77" sentence="4" number="4">was</token>
  <token t_id="78" sentence="4" number="5">going</token>
  <token t_id="79" sentence="4" number="6">west</token>
  <token t_id="80" sentence="4" number="7">in</token>
  <token t_id="81" sentence="4" number="8">his</token>
  <token t_id="82" sentence="4" number="9">2008</token>
  <token t_id="83" sentence="4" number="10">Bentley</token>
  <token t_id="84" sentence="4" number="11">about</token>
  <token t_id="85" sentence="4" number="12">1</token>
  <token t_id="86" sentence="4" number="13">:</token>
  <token t_id="87" sentence="4" number="14">30</token>
  <token t_id="88" sentence="4" number="15">a</token>
  <token t_id="89" sentence="4" number="16">.</token>
  <token t_id="90" sentence="4" number="17">m</token>
  <token t_id="91" sentence="4" number="18">.</token>
  <token t_id="92" sentence="4" number="19">,</token>
  <token t_id="93" sentence="4" number="20">CHP</token>
  <token t_id="94" sentence="4" number="21">Officer</token>
  <token t_id="95" sentence="4" number="22">Brian</token>
  <token t_id="96" sentence="4" number="23">Pennings</token>
  <token t_id="97" sentence="4" number="24">said</token>
  <token t_id="98" sentence="4" number="25">.</token>
  <token t_id="99" sentence="5" number="0">He</token>
  <token t_id="100" sentence="5" number="1">said</token>
  <token t_id="101" sentence="5" number="2">he</token>
  <token t_id="102" sentence="5" number="3">did</token>
  <token t_id="103" sentence="5" number="4">not</token>
  <token t_id="104" sentence="5" number="5">know</token>
  <token t_id="105" sentence="5" number="6">how</token>
  <token t_id="106" sentence="5" number="7">fast</token>
  <token t_id="107" sentence="5" number="8">Williams</token>
  <token t_id="108" sentence="5" number="9">was</token>
  <token t_id="109" sentence="5" number="10">going</token>
  <token t_id="110" sentence="5" number="11">.</token>
  <token t_id="111" sentence="6" number="0">A</token>
  <token t_id="112" sentence="6" number="1">CHP</token>
  <token t_id="113" sentence="6" number="2">officer</token>
  <token t_id="114" sentence="6" number="3">pulled</token>
  <token t_id="115" sentence="6" number="4">Williams</token>
  <token t_id="116" sentence="6" number="5">over</token>
  <token t_id="117" sentence="6" number="6">near</token>
  <token t_id="118" sentence="6" number="7">Home</token>
  <token t_id="119" sentence="6" number="8">Avenue</token>
  <token t_id="120" sentence="6" number="9">east</token>
  <token t_id="121" sentence="6" number="10">of</token>
  <token t_id="122" sentence="6" number="11">downtown</token>
  <token t_id="123" sentence="6" number="12">,</token>
  <token t_id="124" sentence="6" number="13">in</token>
  <token t_id="125" sentence="6" number="14">the</token>
  <token t_id="126" sentence="6" number="15">Ridgeview</token>
  <token t_id="127" sentence="6" number="16">/</token>
  <token t_id="128" sentence="6" number="17">Webster</token>
  <token t_id="129" sentence="6" number="18">area</token>
  <token t_id="130" sentence="6" number="19">.</token>
  <token t_id="131" sentence="7" number="0">Pennings</token>
  <token t_id="132" sentence="7" number="1">said</token>
  <token t_id="133" sentence="7" number="2">Williams</token>
  <token t_id="134" sentence="7" number="3">gave</token>
  <token t_id="135" sentence="7" number="4">a</token>
  <token t_id="136" sentence="7" number="5">blood</token>
  <token t_id="137" sentence="7" number="6">sample</token>
  <token t_id="138" sentence="7" number="7">for</token>
  <token t_id="139" sentence="7" number="8">a</token>
  <token t_id="140" sentence="7" number="9">blood</token>
  <token t_id="141" sentence="7" number="10">-</token>
  <token t_id="142" sentence="7" number="11">alcohol</token>
  <token t_id="143" sentence="7" number="12">test</token>
  <token t_id="144" sentence="7" number="13">,</token>
  <token t_id="145" sentence="7" number="14">but</token>
  <token t_id="146" sentence="7" number="15">the</token>
  <token t_id="147" sentence="7" number="16">results</token>
  <token t_id="148" sentence="7" number="17">are</token>
  <token t_id="149" sentence="7" number="18">not</token>
  <token t_id="150" sentence="7" number="19">yet</token>
  <token t_id="151" sentence="7" number="20">known</token>
  <token t_id="152" sentence="7" number="21">.</token>
  <token t_id="153" sentence="8" number="0">Williams</token>
  <token t_id="154" sentence="8" number="1">was</token>
  <token t_id="155" sentence="8" number="2">booked</token>
  <token t_id="156" sentence="8" number="3">into</token>
  <token t_id="157" sentence="8" number="4">county</token>
  <token t_id="158" sentence="8" number="5">jail</token>
  <token t_id="159" sentence="8" number="6">and</token>
  <token t_id="160" sentence="8" number="7">later</token>
  <token t_id="161" sentence="8" number="8">was</token>
  <token t_id="162" sentence="8" number="9">released</token>
  <token t_id="163" sentence="8" number="10">on</token>
  <token t_id="164" sentence="8" number="11">bail</token>
  <token t_id="165" sentence="8" number="12">.</token>
  <token t_id="166" sentence="9" number="0">Another</token>
  <token t_id="167" sentence="9" number="1">Charger</token>
  <token t_id="168" sentence="9" number="2">,</token>
  <token t_id="169" sentence="9" number="3">receiver</token>
  <token t_id="170" sentence="9" number="4">Vincent</token>
  <token t_id="171" sentence="9" number="5">Jackson</token>
  <token t_id="172" sentence="9" number="6">,</token>
  <token t_id="173" sentence="9" number="7">was</token>
  <token t_id="174" sentence="9" number="8">arrested</token>
  <token t_id="175" sentence="9" number="9">early</token>
  <token t_id="176" sentence="9" number="10">Jan</token>
  <token t_id="177" sentence="9" number="11">.</token>
  <token t_id="178" sentence="9" number="12">6</token>
  <token t_id="179" sentence="9" number="13">on</token>
  <token t_id="180" sentence="9" number="14">suspicion</token>
  <token t_id="181" sentence="9" number="15">of</token>
  <token t_id="182" sentence="9" number="16">driving</token>
  <token t_id="183" sentence="9" number="17">under</token>
  <token t_id="184" sentence="9" number="18">the</token>
  <token t_id="185" sentence="9" number="19">influence</token>
  <token t_id="186" sentence="9" number="20">on</token>
  <token t_id="187" sentence="9" number="21">state</token>
  <token t_id="188" sentence="9" number="22">Route</token>
  <token t_id="189" sentence="9" number="23">52</token>
  <token t_id="190" sentence="9" number="24">near</token>
  <token t_id="191" sentence="9" number="25">Interstate</token>
  <token t_id="192" sentence="9" number="26">805</token>
  <token t_id="193" sentence="9" number="27">.</token>
  <token t_id="194" sentence="10" number="0">Jackson</token>
  <token t_id="195" sentence="10" number="1">said</token>
  <token t_id="196" sentence="10" number="2">in</token>
  <token t_id="197" sentence="10" number="3">a</token>
  <token t_id="198" sentence="10" number="4">statement</token>
  <token t_id="199" sentence="10" number="5">at</token>
  <token t_id="200" sentence="10" number="6">the</token>
  <token t_id="201" sentence="10" number="7">time</token>
  <token t_id="202" sentence="10" number="8">that</token>
  <token t_id="203" sentence="10" number="9">he</token>
  <token t_id="204" sentence="10" number="10">looked</token>
  <token t_id="205" sentence="10" number="11">forward</token>
  <token t_id="206" sentence="10" number="12">to</token>
  <token t_id="207" sentence="10" number="13">proving</token>
  <token t_id="208" sentence="10" number="14">his</token>
  <token t_id="209" sentence="10" number="15">innocence</token>
  <token t_id="210" sentence="10" number="16">.</token>
  <Markables>
    <ACTION_OCCURRENCE m_id="1" comment="" climaxEvent="FALSE">
      <token_anchor t_id="29"/>
    </ACTION_OCCURRENCE>
    <ACTION_OCCURRENCE m_id="2" climaxEvent="TRUE" comment="">
      <token_anchor t_id="31"/>
    </ACTION_OCCURRENCE>
    <ACTION_OCCURRENCE m_id="3" comment="" climaxEvent="FALSE">
      <token_anchor t_id="50"/>
    </ACTION_OCCURRENCE>
    <ACTION_OCCURRENCE m_id="4" comment="" climaxEvent="FALSE">
      <token_anchor t_id="56"/>
      <token_anchor t_id="57"/>
    </ACTION_OCCURRENCE>
    <ACTION_OCCURRENCE m_id="5" comment="" climaxEvent="FALSE">
      <token_anchor t_id="61"/>
    </ACTION_OCCURRENCE>
    <ACTION_OCCURRENCE m_id="6" comment="" climaxEvent="FALSE">
      <token_anchor t_id="78"/>
    </ACTION_OCCURRENCE>
    <ACTION_OCCURRENCE m_id="7" comment="" climaxEvent="FALSE">
      <token_anchor t_id="163"/>
      <token_anchor t_id="164"/>
    </ACTION_OCCURRENCE>
    <ACTION_OCCURRENCE m_id="8" comment="" climaxEvent="FALSE">
      <token_anchor t_id="109"/>
    </ACTION_OCCURRENCE>
    <ACTION_OCCURRENCE m_id="9" comment="" climaxEvent="FALSE">
      <token_anchor t_id="114"/>
      <token_anchor t_id="116"/>
    </ACTION_OCCURRENCE>
    <ACTION_OCCURRENCE m_id="10" comment="" climaxEvent="FALSE">
      <token_anchor t_id="134"/>
    </ACTION_OCCURRENCE>
    <ACTION_OCCURRENCE m_id="11" comment="" climaxEvent="FALSE">
      <token_anchor t_id="155"/>
      <token_anchor t_id="156"/>
    </ACTION_OCCURRENCE>
    <ACTION_OCCURRENCE m_id="12" comment="" climaxEvent="FALSE">
      <token_anchor t_id="162"/>
    </ACTION_OCCURRENCE>
    <ACTION_OCCURRENCE m_id="13" comment="" climaxEvent="FALSE">
      <token_anchor t_id="174"/>
    </ACTION_OCCURRENCE>
    <ACTION_OCCURRENCE m_id="14" comment="" climaxEvent="FALSE">
      <token_anchor t_id="182"/>
      <token_anchor t_id="183"/>
      <token_anchor t_id="184"/>
      <token_anchor t_id="185"/>
    </ACTION_OCCURRENCE>
    <ACTION_OCCURRENCE m_id="15" comment="" climaxEvent="FALSE">
      <token_anchor t_id="204"/>
      <token_anchor t_id="205"/>
      <token_anchor t_id="206"/>
    </ACTION_OCCURRENCE>
    <ACTION_OCCURRENCE m_id="16" comment="" climaxEvent="FALSE">
      <token_anchor t_id="207"/>
    </ACTION_OCCURRENCE>
    <ACTION_OCCURRENCE m_id="17" climaxEvent="FALSE" comment="">
      <token_anchor t_id="30"/>
    </ACTION_OCCURRENCE>
    <ACTION_REPORTING m_id="18">
      <token_anchor t_id="100"/>
    </ACTION_REPORTING>
    <ACTION_REPORTING m_id="19">
      <token_anchor t_id="97"/>
    </ACTION_REPORTING>
    <ACTION_REPORTING m_id="20">
      <token_anchor t_id="71"/>
    </ACTION_REPORTING>
    <ACTION_REPORTING m_id="21">
      <token_anchor t_id="198"/>
    </ACTION_REPORTING>
    <ACTION_REPORTING m_id="22">
      <token_anchor t_id="195"/>
    </ACTION_REPORTING>
    <ACTION_REPORTING m_id="23">
      <token_anchor t_id="132"/>
    </ACTION_REPORTING>
    <ACTION_STATE m_id="24" climaxEvent="FALSE" comment="">
      <token_anchor t_id="53"/>
      <token_anchor t_id="54"/>
    </ACTION_STATE>
    <ACTION_STATE m_id="25" climaxEvent="FALSE" comment="">
      <token_anchor t_id="79"/>
    </ACTION_STATE>
    <ACTION_STATE m_id="26" climaxEvent="FALSE" comment="">
      <token_anchor t_id="105"/>
      <token_anchor t_id="106"/>
    </ACTION_STATE>
    <ACTION_STATE m_id="27" climaxEvent="FALSE" comment="">
      <token_anchor t_id="179"/>
      <token_anchor t_id="180"/>
    </ACTION_STATE>
    <ACTION_STATE m_id="28" climaxEvent="FALSE" comment="">
      <token_anchor t_id="209"/>
    </ACTION_STATE>
    <HUMAN_PART_ORG m_id="29">
      <token_anchor t_id="44"/>
    </HUMAN_PART_ORG>
    <HUMAN_PART_ORG m_id="30">
      <token_anchor t_id="25"/>
    </HUMAN_PART_ORG>
    <HUMAN_PART_ORG m_id="31">
      <token_anchor t_id="68"/>
      <token_anchor t_id="69"/>
      <token_anchor t_id="70"/>
    </HUMAN_PART_ORG>
    <HUMAN_PART_PER m_id="63" comment="">
      <token_anchor t_id="45"/>
      <token_anchor t_id="46"/>
      <token_anchor t_id="47"/>
      <token_anchor t_id="48"/>
    </HUMAN_PART_PER>
    <HUMAN_PART_PER m_id="32" comment="">
      <token_anchor t_id="115"/>
    </HUMAN_PART_PER>
    <HUMAN_PART_PER m_id="64" comment="">
      <token_anchor t_id="26"/>
      <token_anchor t_id="27"/>
      <token_anchor t_id="28"/>
    </HUMAN_PART_PER>
    <HUMAN_PART_PER m_id="33" comment="">
      <token_anchor t_id="112"/>
      <token_anchor t_id="113"/>
    </HUMAN_PART_PER>
    <HUMAN_PART_PER m_id="34" comment="">
      <token_anchor t_id="131"/>
    </HUMAN_PART_PER>
    <HUMAN_PART_PER m_id="35" comment="">
      <token_anchor t_id="133"/>
    </HUMAN_PART_PER>
    <HUMAN_PART_PER m_id="36" comment="">
      <token_anchor t_id="170"/>
      <token_anchor t_id="171"/>
    </HUMAN_PART_PER>
    <HUMAN_PART_PER m_id="37" comment="">
      <token_anchor t_id="194"/>
    </HUMAN_PART_PER>
    <HUMAN_PART_PER m_id="38" comment="">
      <token_anchor t_id="153"/>
    </HUMAN_PART_PER>
    <HUMAN_PART_PER m_id="39" comment="">
      <token_anchor t_id="167"/>
    </HUMAN_PART_PER>
    <HUMAN_PART_PER m_id="40" comment="">
      <token_anchor t_id="59"/>
    </HUMAN_PART_PER>
    <HUMAN_PART_PER m_id="41" comment="">
      <token_anchor t_id="73"/>
    </HUMAN_PART_PER>
    <HUMAN_PART_PER m_id="42" comment="">
      <token_anchor t_id="95"/>
      <token_anchor t_id="96"/>
    </HUMAN_PART_PER>
    <HUMAN_PART_PER m_id="43" comment="">
      <token_anchor t_id="99"/>
    </HUMAN_PART_PER>
    <HUMAN_PART_PER m_id="44" comment="">
      <token_anchor t_id="101"/>
    </HUMAN_PART_PER>
    <HUMAN_PART_PER m_id="45" comment="">
      <token_anchor t_id="107"/>
    </HUMAN_PART_PER>
    <LOC_FAC m_id="46">
      <token_anchor t_id="157"/>
      <token_anchor t_id="158"/>
    </LOC_FAC>
    <LOC_GEO m_id="47" comment="">
      <token_anchor t_id="62"/>
      <token_anchor t_id="63"/>
      <token_anchor t_id="64"/>
      <token_anchor t_id="65"/>
    </LOC_GEO>
    <LOC_GEO m_id="48" comment="">
      <token_anchor t_id="186"/>
      <token_anchor t_id="187"/>
      <token_anchor t_id="188"/>
      <token_anchor t_id="189"/>
      <token_anchor t_id="190"/>
      <token_anchor t_id="191"/>
      <token_anchor t_id="192"/>
    </LOC_GEO>
    <LOC_GEO m_id="49" comment="">
      <token_anchor t_id="117"/>
      <token_anchor t_id="118"/>
      <token_anchor t_id="119"/>
      <token_anchor t_id="120"/>
      <token_anchor t_id="121"/>
      <token_anchor t_id="122"/>
      <token_anchor t_id="123"/>
      <token_anchor t_id="124"/>
      <token_anchor t_id="125"/>
      <token_anchor t_id="126"/>
      <token_anchor t_id="127"/>
      <token_anchor t_id="128"/>
      <token_anchor t_id="129"/>
    </LOC_GEO>
    <NEG_ACTION_OCCURRENCE m_id="50" comment="" climaxEvent="FALSE">
      <token_anchor t_id="104"/>
    </NEG_ACTION_OCCURRENCE>
    <NEG_ACTION_OCCURRENCE m_id="51" comment="" climaxEvent="FALSE">
      <token_anchor t_id="151"/>
    </NEG_ACTION_OCCURRENCE>
    <NON_HUMAN_PART m_id="52" comment="">
      <token_anchor t_id="147"/>
    </NON_HUMAN_PART>
    <NON_HUMAN_PART m_id="53" comment="">
      <token_anchor t_id="82"/>
      <token_anchor t_id="83"/>
    </NON_HUMAN_PART>
    <NON_HUMAN_PART m_id="54" comment="">
      <token_anchor t_id="136"/>
    </NON_HUMAN_PART>
    <NON_HUMAN_PART m_id="55" comment="">
      <token_anchor t_id="137"/>
    </NON_HUMAN_PART>
    <NON_HUMAN_PART m_id="56" comment="">
      <token_anchor t_id="140"/>
    </NON_HUMAN_PART>
    <NON_HUMAN_PART m_id="57" comment="">
      <token_anchor t_id="142"/>
      <token_anchor t_id="143"/>
    </NON_HUMAN_PART>
    <TIME_OF_THE_DAY m_id="61" DCT="FALSE" value="2009-01-06" anchorTimeID="58">
      <token_anchor t_id="175"/>
      <token_anchor t_id="176"/>
      <token_anchor t_id="177"/>
      <token_anchor t_id="178"/>
    </TIME_OF_THE_DAY>
    <TIME_OF_THE_DAY m_id="62" DCT="FALSE" value="2009-01-06" anchorTimeID="58">
      <token_anchor t_id="199"/>
      <token_anchor t_id="200"/>
      <token_anchor t_id="201"/>
    </TIME_OF_THE_DAY>
    <TIME_OF_THE_DAY m_id="58" DCT="TRUE" value="2009-02-02T22:55" anchorTimeID="">
      <token_anchor t_id="32"/>
      <token_anchor t_id="33"/>
      <token_anchor t_id="34"/>
      <token_anchor t_id="35"/>
      <token_anchor t_id="36"/>
      <token_anchor t_id="37"/>
      <token_anchor t_id="38"/>
      <token_anchor t_id="39"/>
      <token_anchor t_id="40"/>
      <token_anchor t_id="41"/>
      <token_anchor t_id="42"/>
      <token_anchor t_id="43"/>
    </TIME_OF_THE_DAY>
    <TIME_OF_THE_DAY m_id="59" DCT="FALSE" value="2009-02-01" anchorTimeID="58">
      <token_anchor t_id="51"/>
      <token_anchor t_id="52"/>
    </TIME_OF_THE_DAY>
    <TIME_OF_THE_DAY m_id="60" DCT="FALSE" value="2009-02-01T01:30" anchorTimeID="58">
      <token_anchor t_id="84"/>
      <token_anchor t_id="85"/>
      <token_anchor t_id="86"/>
      <token_anchor t_id="87"/>
      <token_anchor t_id="88"/>
      <token_anchor t_id="89"/>
      <token_anchor t_id="90"/>
    </TIME_OF_THE_DAY>
    <ACTION_OCCURRENCE m_id="65" RELATED_TO="" TAG_DESCRIPTOR="t35_faces_charges" comment="" climaxEvent="FALSE"/>
    <HUMAN_PART_ORG m_id="66" RELATED_TO="" TAG_DESCRIPTOR="t35_chargers"/>
    <HUMAN_PART_ORG m_id="67" RELATED_TO="" TAG_DESCRIPTOR="t35_calif_highway_patrol"/>
    <TIME_OF_THE_DAY m_id="68" RELATED_TO="" TAG_DESCRIPTOR="t35_early_sunday" value="" anchorTimeID="" DCT="FALSE"/>
    <ACTION_OCCURRENCE m_id="69" RELATED_TO="" TAG_DESCRIPTOR="t35_jamal_wills_arrested" comment="" climaxEvent="FALSE"/>
    <LOC_GEO m_id="70" RELATED_TO="" TAG_DESCRIPTOR="t35_san_diego_freeway" comment=""/>
    <ACTION_OCCURRENCE m_id="71" RELATED_TO="" TAG_DESCRIPTOR="t35_jwills_speeding" comment="" climaxEvent="FALSE"/>
    <HUMAN_PART_PER m_id="72" RELATED_TO="" TAG_DESCRIPTOR="t35_jamal_williams" comment=""/>
    <ACTION_OCCURRENCE m_id="73" RELATED_TO="" TAG_DESCRIPTOR="t35_jwills_charges" comment="" climaxEvent="FALSE"/>
    <ACTION_OCCURRENCE m_id="74" RELATED_TO="" TAG_DESCRIPTOR="t35_jamal_wills_DUI" comment="" climaxEvent="FALSE"/>
    <ACTION_STATE m_id="75" RELATED_TO="" TAG_DESCRIPTOR="t35_suspicion" climaxEvent="FALSE" comment=""/>
    <ACTION_REPORTING m_id="76" RELATED_TO="" TAG_DESCRIPTOR="t35_patrol_said"/>
  </Markables>
  <Relations>
    <TLINK r_id="215230" contextualModality="" relType="OVERLAP" comment="">
      <source m_id="58"/>
      <target m_id="1"/>
    </TLINK>
    <TLINK r_id="215231" contextualModality="" relType="OVERLAP" comment="">
      <source m_id="58"/>
      <target m_id="17"/>
    </TLINK>
    <TLINK r_id="215232" contextualModality="" relType="OVERLAP" comment="">
      <source m_id="58"/>
      <target m_id="2"/>
    </TLINK>
    <TLINK r_id="215233" contextualModality="" relType="AFTER" comment="">
      <source m_id="58"/>
      <target m_id="3"/>
    </TLINK>
    <TLINK r_id="215234" contextualModality="" relType="AFTER" comment="">
      <source m_id="58"/>
      <target m_id="24"/>
    </TLINK>
    <TLINK r_id="215235" contextualModality="" relType="AFTER" comment="">
      <source m_id="58"/>
      <target m_id="4"/>
    </TLINK>
    <TLINK r_id="215236" contextualModality="" relType="AFTER" comment="">
      <source m_id="58"/>
      <target m_id="5"/>
    </TLINK>
    <TLINK r_id="215237" contextualModality="" relType="AFTER" comment="">
      <source m_id="58"/>
      <target m_id="6"/>
    </TLINK>
    <TLINK r_id="215239" contextualModality="" relType="AFTER" comment="">
      <source m_id="58"/>
      <target m_id="50"/>
    </TLINK>
    <TLINK r_id="215240" contextualModality="" relType="AFTER" comment="">
      <source m_id="58"/>
      <target m_id="26"/>
    </TLINK>
    <TLINK r_id="215241" contextualModality="" relType="AFTER" comment="">
      <source m_id="58"/>
      <target m_id="8"/>
    </TLINK>
    <TLINK r_id="215242" contextualModality="" relType="AFTER" comment="">
      <source m_id="58"/>
      <target m_id="9"/>
    </TLINK>
    <TLINK r_id="215243" contextualModality="" relType="AFTER" comment="">
      <source m_id="58"/>
      <target m_id="10"/>
    </TLINK>
    <TLINK r_id="215244" contextualModality="" relType="AFTER" comment="">
      <source m_id="58"/>
      <target m_id="51"/>
    </TLINK>
    <TLINK r_id="215245" contextualModality="" relType="AFTER" comment="">
      <source m_id="58"/>
      <target m_id="11"/>
    </TLINK>
    <TLINK r_id="215246" contextualModality="" relType="AFTER" comment="">
      <source m_id="58"/>
      <target m_id="12"/>
    </TLINK>
    <TLINK r_id="215247" contextualModality="" relType="AFTER" comment="">
      <source m_id="58"/>
      <target m_id="7"/>
    </TLINK>
    <TLINK r_id="215248" contextualModality="" relType="AFTER" comment="">
      <source m_id="58"/>
      <target m_id="13"/>
    </TLINK>
    <TLINK r_id="215249" contextualModality="" relType="AFTER" comment="">
      <source m_id="58"/>
      <target m_id="27"/>
    </TLINK>
    <TLINK r_id="215250" contextualModality="" relType="AFTER" comment="">
      <source m_id="58"/>
      <target m_id="14"/>
    </TLINK>
    <TLINK r_id="215251" contextualModality="" relType="AFTER" comment="">
      <source m_id="58"/>
      <target m_id="21"/>
    </TLINK>
    <TLINK r_id="215252" contextualModality="" relType="AFTER" comment="">
      <source m_id="58"/>
      <target m_id="15"/>
    </TLINK>
    <TLINK r_id="215253" contextualModality="" relType="AFTER" comment="">
      <source m_id="58"/>
      <target m_id="16"/>
    </TLINK>
    <TLINK r_id="215254" contextualModality="" relType="AFTER" comment="">
      <source m_id="58"/>
      <target m_id="28"/>
    </TLINK>
    <TLINK r_id="215255" contextualModality="" relType="BEFORE" comment="">
      <source m_id="59"/>
      <target m_id="1"/>
    </TLINK>
    <TLINK r_id="215256" contextualModality="" relType="BEFORE" comment="">
      <source m_id="59"/>
      <target m_id="17"/>
    </TLINK>
    <TLINK r_id="215257" contextualModality="" relType="BEFORE" comment="">
      <source m_id="59"/>
      <target m_id="2"/>
    </TLINK>
    <TLINK r_id="215260" contextualModality="" relType="CONTAINS" comment="">
      <source m_id="59"/>
      <target m_id="4"/>
    </TLINK>
    <TLINK r_id="215261" contextualModality="" relType="CONTAINS" comment="">
      <source m_id="59"/>
      <target m_id="5"/>
    </TLINK>
    <TLINK r_id="215264" contextualModality="" relType="CONTAINS" comment="">
      <source m_id="60"/>
      <target m_id="6"/>
    </TLINK>
    <TLINK r_id="215265" contextualModality="" relType="CONTAINS" comment="">
      <source m_id="60"/>
      <target m_id="50"/>
    </TLINK>
    <TLINK r_id="215266" contextualModality="" relType="CONTAINS" comment="">
      <source m_id="60"/>
      <target m_id="26"/>
    </TLINK>
    <TLINK r_id="215267" contextualModality="" relType="CONTAINS" comment="">
      <source m_id="60"/>
      <target m_id="8"/>
    </TLINK>
    <TLINK r_id="215268" contextualModality="" relType="CONTAINS" comment="">
      <source m_id="60"/>
      <target m_id="9"/>
    </TLINK>
    <TLINK r_id="215269" contextualModality="" relType="BEFORE" comment="">
      <source m_id="60"/>
      <target m_id="10"/>
    </TLINK>
    <TLINK r_id="215270" contextualModality="" relType="BEFORE" comment="">
      <source m_id="60"/>
      <target m_id="51"/>
    </TLINK>
    <TLINK r_id="215271" contextualModality="" relType="BEFORE" comment="">
      <source m_id="60"/>
      <target m_id="11"/>
    </TLINK>
    <TLINK r_id="215272" contextualModality="" relType="BEFORE" comment="">
      <source m_id="60"/>
      <target m_id="12"/>
    </TLINK>
    <TLINK r_id="215273" contextualModality="" relType="BEFORE" comment="">
      <source m_id="60"/>
      <target m_id="7"/>
    </TLINK>
    <TLINK r_id="215274" contextualModality="" relType="CONTAINS" comment="">
      <source m_id="61"/>
      <target m_id="13"/>
    </TLINK>
    <TLINK r_id="215275" contextualModality="" relType="CONTAINS" comment="">
      <source m_id="61"/>
      <target m_id="27"/>
    </TLINK>
    <TLINK r_id="215276" contextualModality="" relType="CONTAINS" comment="">
      <source m_id="61"/>
      <target m_id="14"/>
    </TLINK>
    <TLINK r_id="215277" contextualModality="" relType="CONTAINS" comment="">
      <source m_id="62"/>
      <target m_id="21"/>
    </TLINK>
    <TLINK r_id="215278" contextualModality="" relType="CONTAINS" comment="">
      <source m_id="62"/>
      <target m_id="15"/>
    </TLINK>
    <TLINK r_id="215279" contextualModality="" relType="CONTAINS" comment="">
      <source m_id="62"/>
      <target m_id="16"/>
    </TLINK>
    <TLINK r_id="215280" contextualModality="" relType="CONTAINS" comment="">
      <source m_id="62"/>
      <target m_id="28"/>
    </TLINK>
    <PLOT_LINK r_id="215281" SIGNAL="" relType="FALLING_ACTION" CAUSES="FALSE" CAUSED_BY="FALSE">
      <source m_id="3"/>
      <target m_id="4"/>
    </PLOT_LINK>
    <PLOT_LINK r_id="215282" SIGNAL="" relType="FALLING_ACTION" CAUSES="FALSE" CAUSED_BY="FALSE">
      <source m_id="2"/>
      <target m_id="3"/>
    </PLOT_LINK>
    <PLOT_LINK r_id="215283" SIGNAL="" relType="FALLING_ACTION" CAUSES="FALSE" CAUSED_BY="FALSE">
      <source m_id="3"/>
      <target m_id="5"/>
    </PLOT_LINK>
    <PLOT_LINK r_id="215284" SIGNAL="" relType="PRECONDITION" CAUSES="FALSE" CAUSED_BY="FALSE">
      <source m_id="5"/>
      <target m_id="9"/>
    </PLOT_LINK>
    <PLOT_LINK r_id="215285" SIGNAL="" relType="PRECONDITION" CAUSES="FALSE" CAUSED_BY="FALSE">
      <source m_id="3"/>
      <target m_id="11"/>
    </PLOT_LINK>
    <PLOT_LINK r_id="215286" SIGNAL="" relType="PRECONDITION" CAUSES="FALSE" CAUSED_BY="FALSE">
      <source m_id="11"/>
      <target m_id="12"/>
    </PLOT_LINK>
    <PLOT_LINK r_id="215287" SIGNAL="" relType="FALLING_ACTION" CAUSES="FALSE" CAUSED_BY="FALSE">
      <source m_id="12"/>
      <target m_id="7"/>
    </PLOT_LINK>
    <PLOT_LINK r_id="215288" SIGNAL="" relType="FALLING_ACTION" CAUSES="FALSE" CAUSED_BY="FALSE">
      <source m_id="13"/>
      <target m_id="14"/>
    </PLOT_LINK>
    <PLOT_LINK r_id="215289" SIGNAL="" relType="PRECONDITION" CAUSES="FALSE" CAUSED_BY="FALSE">
      <source m_id="13"/>
      <target m_id="16"/>
    </PLOT_LINK>
  </Relations>
</Document>
