<?xml version='1.0' encoding='UTF-8'?>
<Document doc_name="35_4ecbplus.xml">
  <token t_id="1" sentence="0" number="0">http</token>
  <token t_id="2" sentence="0" number="1">:</token>
  <token t_id="3" sentence="0" number="2">/</token>
  <token t_id="4" sentence="0" number="3">/</token>
  <token t_id="5" sentence="0" number="4">www</token>
  <token t_id="6" sentence="0" number="5">.</token>
  <token t_id="7" sentence="0" number="6">examiner</token>
  <token t_id="8" sentence="0" number="7">.</token>
  <token t_id="9" sentence="0" number="8">com</token>
  <token t_id="10" sentence="0" number="9">/</token>
  <token t_id="11" sentence="0" number="10">article</token>
  <token t_id="12" sentence="0" number="11">/</token>
  <token t_id="13" sentence="0" number="12">charger</token>
  <token t_id="14" sentence="0" number="13">-</token>
  <token t_id="15" sentence="0" number="14">jamal</token>
  <token t_id="16" sentence="0" number="15">-</token>
  <token t_id="17" sentence="0" number="16">williams</token>
  <token t_id="18" sentence="0" number="17">-</token>
  <token t_id="19" sentence="0" number="18">arrested</token>
  <token t_id="20" sentence="0" number="19">-</token>
  <token t_id="21" sentence="0" number="20">on</token>
  <token t_id="22" sentence="0" number="21">-</token>
  <token t_id="23" sentence="0" number="22">suspicion</token>
  <token t_id="24" sentence="0" number="23">-</token>
  <token t_id="25" sentence="0" number="24">of</token>
  <token t_id="26" sentence="0" number="25">-</token>
  <token t_id="27" sentence="0" number="26">dui</token>
  <token t_id="28" sentence="1" number="0">Charger</token>
  <token t_id="29" sentence="1" number="1">Jamal</token>
  <token t_id="30" sentence="1" number="2">Williams</token>
  <token t_id="31" sentence="1" number="3">arrested</token>
  <token t_id="32" sentence="1" number="4">on</token>
  <token t_id="33" sentence="1" number="5">suspicion</token>
  <token t_id="34" sentence="1" number="6">of</token>
  <token t_id="35" sentence="1" number="7">DUI</token>
  <token t_id="36" sentence="2" number="0">February</token>
  <token t_id="37" sentence="2" number="1">5</token>
  <token t_id="38" sentence="2" number="2">,</token>
  <token t_id="39" sentence="2" number="3">2009</token>
  <token t_id="40" sentence="3" number="0">For</token>
  <token t_id="41" sentence="3" number="1">the</token>
  <token t_id="42" sentence="3" number="2">second</token>
  <token t_id="43" sentence="3" number="3">time</token>
  <token t_id="44" sentence="3" number="4">in</token>
  <token t_id="45" sentence="3" number="5">less</token>
  <token t_id="46" sentence="3" number="6">than</token>
  <token t_id="47" sentence="3" number="7">a</token>
  <token t_id="48" sentence="3" number="8">month</token>
  <token t_id="49" sentence="3" number="9">,</token>
  <token t_id="50" sentence="3" number="10">a</token>
  <token t_id="51" sentence="3" number="11">member</token>
  <token t_id="52" sentence="3" number="12">of</token>
  <token t_id="53" sentence="3" number="13">the</token>
  <token t_id="54" sentence="3" number="14">San</token>
  <token t_id="55" sentence="3" number="15">Diego</token>
  <token t_id="56" sentence="3" number="16">Chargers</token>
  <token t_id="57" sentence="3" number="17">has</token>
  <token t_id="58" sentence="3" number="18">been</token>
  <token t_id="59" sentence="3" number="19">arrested</token>
  <token t_id="60" sentence="3" number="20">on</token>
  <token t_id="61" sentence="3" number="21">suspicion</token>
  <token t_id="62" sentence="3" number="22">of</token>
  <token t_id="63" sentence="3" number="23">drunk</token>
  <token t_id="64" sentence="3" number="24">driving</token>
  <token t_id="65" sentence="3" number="25">.</token>
  <token t_id="66" sentence="4" number="0">According</token>
  <token t_id="67" sentence="4" number="1">to</token>
  <token t_id="68" sentence="4" number="2">the</token>
  <token t_id="69" sentence="4" number="3">California</token>
  <token t_id="70" sentence="4" number="4">Highway</token>
  <token t_id="71" sentence="4" number="5">Patrol</token>
  <token t_id="72" sentence="4" number="6">,</token>
  <token t_id="73" sentence="4" number="7">defensive</token>
  <token t_id="74" sentence="4" number="8">tackle</token>
  <token t_id="75" sentence="4" number="9">Jamal</token>
  <token t_id="76" sentence="4" number="10">Williams</token>
  <token t_id="77" sentence="4" number="11">was</token>
  <token t_id="78" sentence="4" number="12">arrested</token>
  <token t_id="79" sentence="4" number="13">on</token>
  <token t_id="80" sentence="4" number="14">suspicion</token>
  <token t_id="81" sentence="4" number="15">of</token>
  <token t_id="82" sentence="4" number="16">drunken</token>
  <token t_id="83" sentence="4" number="17">driving</token>
  <token t_id="84" sentence="4" number="18">last</token>
  <token t_id="85" sentence="4" number="19">weekend</token>
  <token t_id="86" sentence="4" number="20">on</token>
  <token t_id="87" sentence="4" number="21">a</token>
  <token t_id="88" sentence="4" number="22">freeway</token>
  <token t_id="89" sentence="4" number="23">outside</token>
  <token t_id="90" sentence="4" number="24">downtown</token>
  <token t_id="91" sentence="4" number="25">.</token>
  <token t_id="92" sentence="5" number="0">Williams</token>
  <token t_id="93" sentence="5" number="1">,</token>
  <token t_id="94" sentence="5" number="2">who</token>
  <token t_id="95" sentence="5" number="3">was</token>
  <token t_id="96" sentence="5" number="4">booked</token>
  <token t_id="97" sentence="5" number="5">into</token>
  <token t_id="98" sentence="5" number="6">county</token>
  <token t_id="99" sentence="5" number="7">jail</token>
  <token t_id="100" sentence="5" number="8">and</token>
  <token t_id="101" sentence="5" number="9">later</token>
  <token t_id="102" sentence="5" number="10">released</token>
  <token t_id="103" sentence="5" number="11">on</token>
  <token t_id="104" sentence="5" number="12">bail</token>
  <token t_id="105" sentence="5" number="13">,</token>
  <token t_id="106" sentence="5" number="14">did</token>
  <token t_id="107" sentence="5" number="15">give</token>
  <token t_id="108" sentence="5" number="16">a</token>
  <token t_id="109" sentence="5" number="17">blood</token>
  <token t_id="110" sentence="5" number="18">sample</token>
  <token t_id="111" sentence="5" number="19">for</token>
  <token t_id="112" sentence="5" number="20">a</token>
  <token t_id="113" sentence="5" number="21">blood</token>
  <token t_id="114" sentence="5" number="22">-</token>
  <token t_id="115" sentence="5" number="23">alcohol</token>
  <token t_id="116" sentence="5" number="24">test</token>
  <token t_id="117" sentence="5" number="25">.</token>
  <token t_id="118" sentence="6" number="0">However</token>
  <token t_id="119" sentence="6" number="1">the</token>
  <token t_id="120" sentence="6" number="2">results</token>
  <token t_id="121" sentence="6" number="3">have</token>
  <token t_id="122" sentence="6" number="4">not</token>
  <token t_id="123" sentence="6" number="5">yet</token>
  <token t_id="124" sentence="6" number="6">been</token>
  <token t_id="125" sentence="6" number="7">divulged</token>
  <token t_id="126" sentence="6" number="8">.</token>
  <token t_id="127" sentence="7" number="0">Just</token>
  <token t_id="128" sentence="7" number="1">last</token>
  <token t_id="129" sentence="7" number="2">month</token>
  <token t_id="130" sentence="7" number="3">,</token>
  <token t_id="131" sentence="7" number="4">wide</token>
  <token t_id="132" sentence="7" number="5">receiver</token>
  <token t_id="133" sentence="7" number="6">Vincent</token>
  <token t_id="134" sentence="7" number="7">Jackson</token>
  <token t_id="135" sentence="7" number="8">,</token>
  <token t_id="136" sentence="7" number="9">who</token>
  <token t_id="137" sentence="7" number="10">was</token>
  <token t_id="138" sentence="7" number="11">on</token>
  <token t_id="139" sentence="7" number="12">probation</token>
  <token t_id="140" sentence="7" number="13">for</token>
  <token t_id="141" sentence="7" number="14">a</token>
  <token t_id="142" sentence="7" number="15">previous</token>
  <token t_id="143" sentence="7" number="16">DUI</token>
  <token t_id="144" sentence="7" number="17">arrest</token>
  <token t_id="145" sentence="7" number="18">,</token>
  <token t_id="146" sentence="7" number="19">was</token>
  <token t_id="147" sentence="7" number="20">pulled</token>
  <token t_id="148" sentence="7" number="21">over</token>
  <token t_id="149" sentence="7" number="22">for</token>
  <token t_id="150" sentence="7" number="23">investigation</token>
  <token t_id="151" sentence="7" number="24">of</token>
  <token t_id="152" sentence="7" number="25">DUI</token>
  <token t_id="153" sentence="7" number="26">.</token>
  <token t_id="154" sentence="8" number="0">That</token>
  <token t_id="155" sentence="8" number="1">arrest</token>
  <token t_id="156" sentence="8" number="2">was</token>
  <token t_id="157" sentence="8" number="3">just</token>
  <token t_id="158" sentence="8" number="4">five</token>
  <token t_id="159" sentence="8" number="5">days</token>
  <token t_id="160" sentence="8" number="6">prior</token>
  <token t_id="161" sentence="8" number="7">to</token>
  <token t_id="162" sentence="8" number="8">the</token>
  <token t_id="163" sentence="8" number="9">team's</token>
  <token t_id="164" sentence="8" number="10">second</token>
  <token t_id="165" sentence="8" number="11">-</token>
  <token t_id="166" sentence="8" number="12">round</token>
  <token t_id="167" sentence="8" number="13">playoff</token>
  <token t_id="168" sentence="8" number="14">loss</token>
  <token t_id="169" sentence="8" number="15">at</token>
  <token t_id="170" sentence="8" number="16">Pittsburgh</token>
  <token t_id="171" sentence="8" number="17">.</token>
  <token t_id="172" sentence="9" number="0">In</token>
  <token t_id="173" sentence="9" number="1">a</token>
  <token t_id="174" sentence="9" number="2">statement</token>
  <token t_id="175" sentence="9" number="3">released</token>
  <token t_id="176" sentence="9" number="4">by</token>
  <token t_id="177" sentence="9" number="5">the</token>
  <token t_id="178" sentence="9" number="6">team</token>
  <token t_id="179" sentence="9" number="7">,</token>
  <token t_id="180" sentence="9" number="8">General</token>
  <token t_id="181" sentence="9" number="9">Manager</token>
  <token t_id="182" sentence="9" number="10">A</token>
  <token t_id="183" sentence="9" number="11">.</token>
  <token t_id="184" sentence="9" number="12">J</token>
  <token t_id="185" sentence="9" number="13">.</token>
  <token t_id="186" sentence="9" number="14">Smith</token>
  <token t_id="187" sentence="9" number="15">noted</token>
  <token t_id="188" sentence="9" number="16">,</token>
  <token t_id="189" sentence="9" number="17">"It's</token>
  <token t_id="190" sentence="9" number="18">disappointing</token>
  <token t_id="191" sentence="9" number="19">to</token>
  <token t_id="192" sentence="9" number="20">hear</token>
  <token t_id="193" sentence="9" number="21">about</token>
  <token t_id="194" sentence="9" number="22">the</token>
  <token t_id="195" sentence="9" number="23">issue</token>
  <token t_id="196" sentence="9" number="24">involving</token>
  <token t_id="197" sentence="9" number="25">Jamal</token>
  <token t_id="198" sentence="9" number="26">Williams</token>
  <token t_id="199" sentence="9" number="27">.</token>
  <token t_id="200" sentence="10" number="0">We'll</token>
  <token t_id="201" sentence="10" number="1">continue</token>
  <token t_id="202" sentence="10" number="2">to</token>
  <token t_id="203" sentence="10" number="3">monitor</token>
  <token t_id="204" sentence="10" number="4">the</token>
  <token t_id="205" sentence="10" number="5">situation</token>
  <token t_id="206" sentence="10" number="6">and</token>
  <token t_id="207" sentence="10" number="7">let</token>
  <token t_id="208" sentence="10" number="8">the</token>
  <token t_id="209" sentence="10" number="9">legal</token>
  <token t_id="210" sentence="10" number="10">process</token>
  <token t_id="211" sentence="10" number="11">run</token>
  <token t_id="212" sentence="10" number="12">its</token>
  <token t_id="213" sentence="10" number="13">course</token>
  <token t_id="214" sentence="10" number="14">.</token>
  <token t_id="215" sentence="11" number="0">The</token>
  <token t_id="216" sentence="11" number="1">Chargers</token>
  <token t_id="217" sentence="11" number="2">have</token>
  <token t_id="218" sentence="11" number="3">always</token>
  <token t_id="219" sentence="11" number="4">been</token>
  <token t_id="220" sentence="11" number="5">leaders</token>
  <token t_id="221" sentence="11" number="6">and</token>
  <token t_id="222" sentence="11" number="7">positive</token>
  <token t_id="223" sentence="11" number="8">contributors</token>
  <token t_id="224" sentence="11" number="9">to</token>
  <token t_id="225" sentence="11" number="10">our</token>
  <token t_id="226" sentence="11" number="11">community</token>
  <token t_id="227" sentence="11" number="12">.</token>
  <token t_id="228" sentence="12" number="0">We</token>
  <token t_id="229" sentence="12" number="1">take</token>
  <token t_id="230" sentence="12" number="2">our</token>
  <token t_id="231" sentence="12" number="3">stature</token>
  <token t_id="232" sentence="12" number="4">in</token>
  <token t_id="233" sentence="12" number="5">the</token>
  <token t_id="234" sentence="12" number="6">community</token>
  <token t_id="235" sentence="12" number="7">very</token>
  <token t_id="236" sentence="12" number="8">seriously</token>
  <token t_id="237" sentence="12" number="9">.</token>
  <token t_id="238" sentence="12" number="10">"</token>
  <token t_id="239" sentence="13" number="0">While</token>
  <token t_id="240" sentence="13" number="1">everyone</token>
  <token t_id="241" sentence="13" number="2">is</token>
  <token t_id="242" sentence="13" number="3">human</token>
  <token t_id="243" sentence="13" number="4">,</token>
  <token t_id="244" sentence="13" number="5">this</token>
  <token t_id="245" sentence="13" number="6">appears</token>
  <token t_id="246" sentence="13" number="7">to</token>
  <token t_id="247" sentence="13" number="8">be</token>
  <token t_id="248" sentence="13" number="9">yet</token>
  <token t_id="249" sentence="13" number="10">another</token>
  <token t_id="250" sentence="13" number="11">case</token>
  <token t_id="251" sentence="13" number="12">of</token>
  <token t_id="252" sentence="13" number="13">a</token>
  <token t_id="253" sentence="13" number="14">professional</token>
  <token t_id="254" sentence="13" number="15">athlete</token>
  <token t_id="255" sentence="13" number="16">not</token>
  <token t_id="256" sentence="13" number="17">using</token>
  <token t_id="257" sentence="13" number="18">the</token>
  <token t_id="258" sentence="13" number="19">matter</token>
  <token t_id="259" sentence="13" number="20">that</token>
  <token t_id="260" sentence="13" number="21">is</token>
  <token t_id="261" sentence="13" number="22">provided</token>
  <token t_id="262" sentence="13" number="23">to</token>
  <token t_id="263" sentence="13" number="24">all</token>
  <token t_id="264" sentence="13" number="25">of</token>
  <token t_id="265" sentence="13" number="26">us</token>
  <token t_id="266" sentence="13" number="27">between</token>
  <token t_id="267" sentence="13" number="28">our</token>
  <token t_id="268" sentence="13" number="29">ears</token>
  <token t_id="269" sentence="13" number="30">.</token>
  <token t_id="270" sentence="14" number="0">With</token>
  <token t_id="271" sentence="14" number="1">more</token>
  <token t_id="272" sentence="14" number="2">and</token>
  <token t_id="273" sentence="14" number="3">more</token>
  <token t_id="274" sentence="14" number="4">professional</token>
  <token t_id="275" sentence="14" number="5">athletes</token>
  <token t_id="276" sentence="14" number="6">making</token>
  <token t_id="277" sentence="14" number="7">news</token>
  <token t_id="278" sentence="14" number="8">these</token>
  <token t_id="279" sentence="14" number="9">days</token>
  <token t_id="280" sentence="14" number="10">,</token>
  <token t_id="281" sentence="14" number="11">and</token>
  <token t_id="282" sentence="14" number="12">oftentimes</token>
  <token t_id="283" sentence="14" number="13">not</token>
  <token t_id="284" sentence="14" number="14">for</token>
  <token t_id="285" sentence="14" number="15">the</token>
  <token t_id="286" sentence="14" number="16">right</token>
  <token t_id="287" sentence="14" number="17">reasons</token>
  <token t_id="288" sentence="14" number="18">,</token>
  <token t_id="289" sentence="14" number="19">it</token>
  <token t_id="290" sentence="14" number="20">is</token>
  <token t_id="291" sentence="14" number="21">no</token>
  <token t_id="292" sentence="14" number="22">wonder</token>
  <token t_id="293" sentence="14" number="23">many</token>
  <token t_id="294" sentence="14" number="24">people</token>
  <token t_id="295" sentence="14" number="25">have</token>
  <token t_id="296" sentence="14" number="26">trouble</token>
  <token t_id="297" sentence="14" number="27">relating</token>
  <token t_id="298" sentence="14" number="28">with</token>
  <token t_id="299" sentence="14" number="29">the</token>
  <token t_id="300" sentence="14" number="30">pros</token>
  <token t_id="301" sentence="14" number="31">.</token>
  <token t_id="302" sentence="15" number="0">Salaries</token>
  <token t_id="303" sentence="15" number="1">that</token>
  <token t_id="304" sentence="15" number="2">the</token>
  <token t_id="305" sentence="15" number="3">common</token>
  <token t_id="306" sentence="15" number="4">man</token>
  <token t_id="307" sentence="15" number="5">generally</token>
  <token t_id="308" sentence="15" number="6">doesn't</token>
  <token t_id="309" sentence="15" number="7">see</token>
  <token t_id="310" sentence="15" number="8">and</token>
  <token t_id="311" sentence="15" number="9">an</token>
  <token t_id="312" sentence="15" number="10">attitude</token>
  <token t_id="313" sentence="15" number="11">of</token>
  <token t_id="314" sentence="15" number="12">not</token>
  <token t_id="315" sentence="15" number="13">caring</token>
  <token t_id="316" sentence="15" number="14">in</token>
  <token t_id="317" sentence="15" number="15">many</token>
  <token t_id="318" sentence="15" number="16">cases</token>
  <token t_id="319" sentence="15" number="17">is</token>
  <token t_id="320" sentence="15" number="18">just</token>
  <token t_id="321" sentence="15" number="19">part</token>
  <token t_id="322" sentence="15" number="20">of</token>
  <token t_id="323" sentence="15" number="21">the</token>
  <token t_id="324" sentence="15" number="22">problem</token>
  <token t_id="325" sentence="15" number="23">.</token>
  <token t_id="326" sentence="16" number="0">While</token>
  <token t_id="327" sentence="16" number="1">Williams</token>
  <token t_id="328" sentence="16" number="2">and</token>
  <token t_id="329" sentence="16" number="3">Jackson</token>
  <token t_id="330" sentence="16" number="4">are</token>
  <token t_id="331" sentence="16" number="5">presumed</token>
  <token t_id="332" sentence="16" number="6">innocent</token>
  <token t_id="333" sentence="16" number="7">,</token>
  <token t_id="334" sentence="16" number="8">hopefully</token>
  <token t_id="335" sentence="16" number="9">both</token>
  <token t_id="336" sentence="16" number="10">of</token>
  <token t_id="337" sentence="16" number="11">them</token>
  <token t_id="338" sentence="16" number="12">learn</token>
  <token t_id="339" sentence="16" number="13">a</token>
  <token t_id="340" sentence="16" number="14">lesson</token>
  <token t_id="341" sentence="16" number="15">.</token>
  <token t_id="342" sentence="17" number="0">At</token>
  <token t_id="343" sentence="17" number="1">the</token>
  <token t_id="344" sentence="17" number="2">end</token>
  <token t_id="345" sentence="17" number="3">of</token>
  <token t_id="346" sentence="17" number="4">the</token>
  <token t_id="347" sentence="17" number="5">day</token>
  <token t_id="348" sentence="17" number="6">,</token>
  <token t_id="349" sentence="17" number="7">their</token>
  <token t_id="350" sentence="17" number="8">alleged</token>
  <token t_id="351" sentence="17" number="9">actions</token>
  <token t_id="352" sentence="17" number="10">not</token>
  <token t_id="353" sentence="17" number="11">only</token>
  <token t_id="354" sentence="17" number="12">impact</token>
  <token t_id="355" sentence="17" number="13">them</token>
  <token t_id="356" sentence="17" number="14">,</token>
  <token t_id="357" sentence="17" number="15">but</token>
  <token t_id="358" sentence="17" number="16">that</token>
  <token t_id="359" sentence="17" number="17">family</token>
  <token t_id="360" sentence="17" number="18">of</token>
  <token t_id="361" sentence="17" number="19">four</token>
  <token t_id="362" sentence="17" number="20">,</token>
  <token t_id="363" sentence="17" number="21">the</token>
  <token t_id="364" sentence="17" number="22">couple</token>
  <token t_id="365" sentence="17" number="23">out</token>
  <token t_id="366" sentence="17" number="24">on</token>
  <token t_id="367" sentence="17" number="25">a</token>
  <token t_id="368" sentence="17" number="26">date</token>
  <token t_id="369" sentence="17" number="27">,</token>
  <token t_id="370" sentence="17" number="28">or</token>
  <token t_id="371" sentence="17" number="29">the</token>
  <token t_id="372" sentence="17" number="30">guy</token>
  <token t_id="373" sentence="17" number="31">returning</token>
  <token t_id="374" sentence="17" number="32">home</token>
  <token t_id="375" sentence="17" number="33">from</token>
  <token t_id="376" sentence="17" number="34">his</token>
  <token t_id="377" sentence="17" number="35">work</token>
  <token t_id="378" sentence="17" number="36">shift</token>
  <token t_id="379" sentence="17" number="37">.</token>
  <token t_id="380" sentence="18" number="0">When</token>
  <token t_id="381" sentence="18" number="1">you</token>
  <token t_id="382" sentence="18" number="2">get</token>
  <token t_id="383" sentence="18" number="3">behind</token>
  <token t_id="384" sentence="18" number="4">the</token>
  <token t_id="385" sentence="18" number="5">wheel</token>
  <token t_id="386" sentence="18" number="6">of</token>
  <token t_id="387" sentence="18" number="7">your</token>
  <token t_id="388" sentence="18" number="8">car</token>
  <token t_id="389" sentence="18" number="9">drunk</token>
  <token t_id="390" sentence="18" number="10">,</token>
  <token t_id="391" sentence="18" number="11">you</token>
  <token t_id="392" sentence="18" number="12">could</token>
  <token t_id="393" sentence="18" number="13">ruin</token>
  <token t_id="394" sentence="18" number="14">more</token>
  <token t_id="395" sentence="18" number="15">than</token>
  <token t_id="396" sentence="18" number="16">just</token>
  <token t_id="397" sentence="18" number="17">your</token>
  <token t_id="398" sentence="18" number="18">life</token>
  <token t_id="399" sentence="18" number="19">.</token>
  <Markables>
    <ACTION_ASPECTUAL m_id="1" comment="">
      <token_anchor t_id="201"/>
    </ACTION_ASPECTUAL>
    <ACTION_ASPECTUAL m_id="2" comment="">
      <token_anchor t_id="207"/>
    </ACTION_ASPECTUAL>
    <ACTION_GENERIC m_id="3">
      <token_anchor t_id="43"/>
    </ACTION_GENERIC>
    <ACTION_OCCURRENCE m_id="4" comment="" climaxEvent="FALSE">
      <token_anchor t_id="59"/>
    </ACTION_OCCURRENCE>
    <ACTION_OCCURRENCE m_id="5" comment="" climaxEvent="FALSE">
      <token_anchor t_id="63"/>
      <token_anchor t_id="64"/>
    </ACTION_OCCURRENCE>
    <ACTION_OCCURRENCE m_id="6" comment="" climaxEvent="FALSE">
      <token_anchor t_id="78"/>
    </ACTION_OCCURRENCE>
    <ACTION_OCCURRENCE m_id="7" comment="" climaxEvent="FALSE">
      <token_anchor t_id="82"/>
      <token_anchor t_id="83"/>
    </ACTION_OCCURRENCE>
    <ACTION_OCCURRENCE m_id="8" comment="" climaxEvent="FALSE">
      <token_anchor t_id="96"/>
      <token_anchor t_id="97"/>
    </ACTION_OCCURRENCE>
    <ACTION_OCCURRENCE m_id="9" comment="" climaxEvent="FALSE">
      <token_anchor t_id="102"/>
    </ACTION_OCCURRENCE>
    <ACTION_OCCURRENCE m_id="10" comment="" climaxEvent="FALSE">
      <token_anchor t_id="103"/>
      <token_anchor t_id="104"/>
    </ACTION_OCCURRENCE>
    <ACTION_OCCURRENCE m_id="11" comment="" climaxEvent="FALSE">
      <token_anchor t_id="107"/>
    </ACTION_OCCURRENCE>
    <ACTION_OCCURRENCE m_id="12" comment="" climaxEvent="FALSE">
      <token_anchor t_id="142"/>
      <token_anchor t_id="143"/>
      <token_anchor t_id="144"/>
    </ACTION_OCCURRENCE>
    <ACTION_OCCURRENCE m_id="13" comment="" climaxEvent="FALSE">
      <token_anchor t_id="147"/>
      <token_anchor t_id="148"/>
    </ACTION_OCCURRENCE>
    <ACTION_OCCURRENCE m_id="14" comment="" climaxEvent="FALSE">
      <token_anchor t_id="150"/>
    </ACTION_OCCURRENCE>
    <ACTION_OCCURRENCE m_id="15" comment="" climaxEvent="FALSE">
      <token_anchor t_id="152"/>
    </ACTION_OCCURRENCE>
    <ACTION_OCCURRENCE m_id="16" comment="" climaxEvent="FALSE">
      <token_anchor t_id="168"/>
    </ACTION_OCCURRENCE>
    <ACTION_OCCURRENCE m_id="17" comment="" climaxEvent="FALSE">
      <token_anchor t_id="155"/>
    </ACTION_OCCURRENCE>
    <ACTION_OCCURRENCE m_id="18" comment="" climaxEvent="FALSE">
      <token_anchor t_id="175"/>
    </ACTION_OCCURRENCE>
    <ACTION_OCCURRENCE m_id="19" comment="" climaxEvent="FALSE">
      <token_anchor t_id="203"/>
    </ACTION_OCCURRENCE>
    <ACTION_OCCURRENCE m_id="20" comment="" climaxEvent="FALSE">
      <token_anchor t_id="211"/>
    </ACTION_OCCURRENCE>
    <ACTION_OCCURRENCE m_id="21" comment="" climaxEvent="FALSE">
      <token_anchor t_id="209"/>
      <token_anchor t_id="210"/>
    </ACTION_OCCURRENCE>
    <ACTION_OCCURRENCE m_id="22" comment="" climaxEvent="FALSE">
      <token_anchor t_id="212"/>
    </ACTION_OCCURRENCE>
    <ACTION_OCCURRENCE m_id="23" comment="" climaxEvent="FALSE">
      <token_anchor t_id="213"/>
    </ACTION_OCCURRENCE>
    <ACTION_OCCURRENCE m_id="24" comment="" climaxEvent="FALSE">
      <token_anchor t_id="229"/>
    </ACTION_OCCURRENCE>
    <ACTION_OCCURRENCE m_id="25" comment="" climaxEvent="FALSE">
      <token_anchor t_id="35"/>
    </ACTION_OCCURRENCE>
    <ACTION_OCCURRENCE m_id="26" climaxEvent="TRUE" comment="">
      <token_anchor t_id="31"/>
    </ACTION_OCCURRENCE>
    <ACTION_PERCEPTION m_id="27">
      <token_anchor t_id="192"/>
    </ACTION_PERCEPTION>
    <ACTION_REPORTING m_id="29">
      <token_anchor t_id="174"/>
    </ACTION_REPORTING>
    <ACTION_REPORTING m_id="30">
      <token_anchor t_id="187"/>
    </ACTION_REPORTING>
    <ACTION_REPORTING m_id="28">
      <token_anchor t_id="66"/>
      <token_anchor t_id="67"/>
    </ACTION_REPORTING>
    <ACTION_STATE m_id="31" climaxEvent="FALSE" comment="">
      <token_anchor t_id="205"/>
    </ACTION_STATE>
    <ACTION_STATE m_id="32" climaxEvent="FALSE" comment="">
      <token_anchor t_id="32"/>
      <token_anchor t_id="33"/>
    </ACTION_STATE>
    <ACTION_STATE m_id="33" climaxEvent="FALSE" comment="">
      <token_anchor t_id="60"/>
      <token_anchor t_id="61"/>
    </ACTION_STATE>
    <ACTION_STATE m_id="34" climaxEvent="FALSE" comment="">
      <token_anchor t_id="79"/>
      <token_anchor t_id="80"/>
    </ACTION_STATE>
    <ACTION_STATE m_id="35" climaxEvent="FALSE" comment="">
      <token_anchor t_id="138"/>
      <token_anchor t_id="139"/>
    </ACTION_STATE>
    <ACTION_STATE m_id="36" climaxEvent="FALSE" comment="">
      <token_anchor t_id="160"/>
    </ACTION_STATE>
    <ACTION_STATE m_id="37" climaxEvent="FALSE" comment="">
      <token_anchor t_id="236"/>
    </ACTION_STATE>
    <ACTION_STATE m_id="38" climaxEvent="FALSE" comment="">
      <token_anchor t_id="190"/>
    </ACTION_STATE>
    <ACTION_STATE m_id="39" climaxEvent="FALSE" comment="">
      <token_anchor t_id="231"/>
    </ACTION_STATE>
    <HUMAN_PART_GENERIC m_id="40">
      <token_anchor t_id="51"/>
    </HUMAN_PART_GENERIC>
    <HUMAN_PART_MET m_id="41">
      <token_anchor t_id="234"/>
    </HUMAN_PART_MET>
    <HUMAN_PART_MET m_id="42">
      <token_anchor t_id="226"/>
    </HUMAN_PART_MET>
    <HUMAN_PART_ORG m_id="43">
      <token_anchor t_id="216"/>
    </HUMAN_PART_ORG>
    <HUMAN_PART_ORG m_id="44">
      <token_anchor t_id="163"/>
    </HUMAN_PART_ORG>
    <HUMAN_PART_ORG m_id="45">
      <token_anchor t_id="69"/>
      <token_anchor t_id="70"/>
      <token_anchor t_id="71"/>
    </HUMAN_PART_ORG>
    <HUMAN_PART_ORG m_id="46">
      <token_anchor t_id="54"/>
      <token_anchor t_id="55"/>
      <token_anchor t_id="56"/>
    </HUMAN_PART_ORG>
    <HUMAN_PART_ORG m_id="47">
      <token_anchor t_id="178"/>
    </HUMAN_PART_ORG>
    <HUMAN_PART_PER m_id="68" comment="">
      <token_anchor t_id="28"/>
      <token_anchor t_id="29"/>
      <token_anchor t_id="30"/>
    </HUMAN_PART_PER>
    <HUMAN_PART_PER m_id="70" comment="">
      <token_anchor t_id="73"/>
      <token_anchor t_id="74"/>
      <token_anchor t_id="75"/>
      <token_anchor t_id="76"/>
    </HUMAN_PART_PER>
    <HUMAN_PART_PER m_id="48" comment="">
      <token_anchor t_id="220"/>
    </HUMAN_PART_PER>
    <HUMAN_PART_PER m_id="49" comment="">
      <token_anchor t_id="223"/>
    </HUMAN_PART_PER>
    <HUMAN_PART_PER m_id="50" comment="">
      <token_anchor t_id="133"/>
      <token_anchor t_id="134"/>
    </HUMAN_PART_PER>
    <HUMAN_PART_PER m_id="51" comment="">
      <token_anchor t_id="92"/>
    </HUMAN_PART_PER>
    <HUMAN_PART_PER m_id="52" comment="">
      <token_anchor t_id="94"/>
    </HUMAN_PART_PER>
    <HUMAN_PART_PER m_id="53" comment="">
      <token_anchor t_id="182"/>
      <token_anchor t_id="183"/>
      <token_anchor t_id="184"/>
      <token_anchor t_id="185"/>
      <token_anchor t_id="186"/>
    </HUMAN_PART_PER>
    <HUMAN_PART_PER m_id="54" comment="">
      <token_anchor t_id="197"/>
      <token_anchor t_id="198"/>
    </HUMAN_PART_PER>
    <LOC_FAC m_id="55">
      <token_anchor t_id="98"/>
      <token_anchor t_id="99"/>
    </LOC_FAC>
    <LOC_GEO m_id="69" comment="">
      <token_anchor t_id="86"/>
      <token_anchor t_id="87"/>
      <token_anchor t_id="88"/>
      <token_anchor t_id="89"/>
      <token_anchor t_id="90"/>
    </LOC_GEO>
    <LOC_GEO m_id="56" comment="">
      <token_anchor t_id="169"/>
      <token_anchor t_id="170"/>
    </LOC_GEO>
    <NEG_ACTION_REPORTING m_id="57">
      <token_anchor t_id="125"/>
    </NEG_ACTION_REPORTING>
    <NON_HUMAN_PART m_id="61" comment="">
      <token_anchor t_id="109"/>
    </NON_HUMAN_PART>
    <NON_HUMAN_PART m_id="62" comment="">
      <token_anchor t_id="110"/>
    </NON_HUMAN_PART>
    <NON_HUMAN_PART m_id="63" comment="">
      <token_anchor t_id="113"/>
    </NON_HUMAN_PART>
    <NON_HUMAN_PART m_id="58" comment="">
      <token_anchor t_id="115"/>
      <token_anchor t_id="116"/>
    </NON_HUMAN_PART>
    <NON_HUMAN_PART m_id="59" comment="">
      <token_anchor t_id="195"/>
    </NON_HUMAN_PART>
    <NON_HUMAN_PART m_id="60" comment="">
      <token_anchor t_id="120"/>
    </NON_HUMAN_PART>
    <TIME_DATE m_id="64" comment="" DCT="TRUE" value="2009-02-05" anchorTimeID="">
      <token_anchor t_id="36"/>
      <token_anchor t_id="37"/>
      <token_anchor t_id="38"/>
      <token_anchor t_id="39"/>
    </TIME_DATE>
    <TIME_DATE m_id="65" comment="" DCT="FALSE" value="2009-01" anchorTimeID="64">
      <token_anchor t_id="128"/>
      <token_anchor t_id="129"/>
    </TIME_DATE>
    <TIME_DURATION m_id="66" value="" anchorTimeID="" begin="" endPoint="">
      <token_anchor t_id="45"/>
      <token_anchor t_id="46"/>
      <token_anchor t_id="47"/>
      <token_anchor t_id="48"/>
    </TIME_DURATION>
    <TIME_OF_THE_DAY m_id="71" DCT="FALSE" value="2009-01-31/2009-02-01" anchorTimeID="64">
      <token_anchor t_id="84"/>
      <token_anchor t_id="85"/>
    </TIME_OF_THE_DAY>
    <TIME_REPETITION m_id="67" value="" quant="" freq="">
      <token_anchor t_id="42"/>
    </TIME_REPETITION>
    <HUMAN_PART_ORG m_id="72" RELATED_TO="" TAG_DESCRIPTOR="t35_calif_highway_patrol"/>
    <HUMAN_PART_GENERIC m_id="73" RELATED_TO="" TAG_DESCRIPTOR="t35_chargers_player"/>
    <ACTION_OCCURRENCE m_id="74" RELATED_TO="" TAG_DESCRIPTOR="t35_jamal_wills_arrested" comment="" climaxEvent="FALSE"/>
    <TIME_OF_THE_DAY m_id="75" RELATED_TO="" TAG_DESCRIPTOR="t35_early_sunday" value="" anchorTimeID="" DCT="FALSE"/>
    <LOC_GEO m_id="76" RELATED_TO="" TAG_DESCRIPTOR="t35_san_diego_freeway" comment=""/>
    <HUMAN_PART_PER m_id="77" RELATED_TO="" TAG_DESCRIPTOR="t35_jamal_williams" comment=""/>
    <TIME_REPETITION m_id="78" RELATED_TO="" TAG_DESCRIPTOR="t2_second_time" value="" quant="" freq=""/>
    <ACTION_OCCURRENCE m_id="79" RELATED_TO="" TAG_DESCRIPTOR="t35_jamal_wills_DUI" comment="" climaxEvent="FALSE"/>
    <ACTION_REPORTING m_id="80" RELATED_TO="" TAG_DESCRIPTOR="t35_patrol_said"/>
    <ACTION_STATE m_id="81" RELATED_TO="" TAG_DESCRIPTOR="t35_suspicion" climaxEvent="FALSE" comment=""/>
    <ACTION_OCCURRENCE m_id="82" RELATED_TO="" TAG_DESCRIPTOR="t35_second_arrest" comment="" climaxEvent="FALSE"/>
    <HUMAN_PART_ORG m_id="83" RELATED_TO="" TAG_DESCRIPTOR="t35_chargers"/>
  </Markables>
  <Relations>
    <TLINK r_id="215389" contextualModality="" relType="AFTER" comment="">
      <source m_id="64"/>
      <target m_id="26"/>
    </TLINK>
    <TLINK r_id="215390" contextualModality="" relType="AFTER" comment="">
      <source m_id="64"/>
      <target m_id="32"/>
    </TLINK>
    <TLINK r_id="215391" contextualModality="" relType="AFTER" comment="">
      <source m_id="64"/>
      <target m_id="25"/>
    </TLINK>
    <TLINK r_id="215392" contextualModality="" relType="AFTER" comment="">
      <source m_id="64"/>
      <target m_id="4"/>
    </TLINK>
    <TLINK r_id="215393" contextualModality="" relType="AFTER" comment="">
      <source m_id="64"/>
      <target m_id="33"/>
    </TLINK>
    <TLINK r_id="215394" contextualModality="" relType="AFTER" comment="">
      <source m_id="64"/>
      <target m_id="5"/>
    </TLINK>
    <TLINK r_id="215396" contextualModality="" relType="AFTER" comment="">
      <source m_id="64"/>
      <target m_id="6"/>
    </TLINK>
    <TLINK r_id="215397" contextualModality="" relType="AFTER" comment="">
      <source m_id="64"/>
      <target m_id="34"/>
    </TLINK>
    <TLINK r_id="215398" contextualModality="" relType="AFTER" comment="">
      <source m_id="64"/>
      <target m_id="7"/>
    </TLINK>
    <TLINK r_id="215399" contextualModality="" relType="AFTER" comment="">
      <source m_id="64"/>
      <target m_id="8"/>
    </TLINK>
    <TLINK r_id="215400" contextualModality="" relType="AFTER" comment="">
      <source m_id="64"/>
      <target m_id="9"/>
    </TLINK>
    <TLINK r_id="215401" contextualModality="" relType="AFTER" comment="">
      <source m_id="64"/>
      <target m_id="10"/>
    </TLINK>
    <TLINK r_id="215402" contextualModality="" relType="AFTER" comment="">
      <source m_id="64"/>
      <target m_id="11"/>
    </TLINK>
    <TLINK r_id="215403" contextualModality="" relType="AFTER" comment="">
      <source m_id="64"/>
      <target m_id="57"/>
    </TLINK>
    <TLINK r_id="215404" contextualModality="" relType="AFTER" comment="">
      <source m_id="64"/>
      <target m_id="35"/>
    </TLINK>
    <TLINK r_id="215405" contextualModality="" relType="AFTER" comment="">
      <source m_id="64"/>
      <target m_id="12"/>
    </TLINK>
    <TLINK r_id="215406" contextualModality="" relType="AFTER" comment="">
      <source m_id="64"/>
      <target m_id="13"/>
    </TLINK>
    <TLINK r_id="215407" contextualModality="" relType="AFTER" comment="">
      <source m_id="64"/>
      <target m_id="14"/>
    </TLINK>
    <TLINK r_id="215408" contextualModality="" relType="AFTER" comment="">
      <source m_id="64"/>
      <target m_id="15"/>
    </TLINK>
    <TLINK r_id="215409" contextualModality="" relType="AFTER" comment="">
      <source m_id="64"/>
      <target m_id="17"/>
    </TLINK>
    <TLINK r_id="215411" contextualModality="" relType="AFTER" comment="">
      <source m_id="64"/>
      <target m_id="16"/>
    </TLINK>
    <TLINK r_id="215412" contextualModality="" relType="AFTER" comment="">
      <source m_id="64"/>
      <target m_id="29"/>
    </TLINK>
    <TLINK r_id="215413" contextualModality="" relType="AFTER" comment="">
      <source m_id="64"/>
      <target m_id="38"/>
    </TLINK>
    <TLINK r_id="215414" contextualModality="" relType="AFTER" comment="">
      <source m_id="64"/>
      <target m_id="27"/>
    </TLINK>
    <TLINK r_id="215415" contextualModality="" relType="AFTER" comment="">
      <source m_id="64"/>
      <target m_id="1"/>
    </TLINK>
    <TLINK r_id="215416" contextualModality="" relType="AFTER" comment="">
      <source m_id="64"/>
      <target m_id="19"/>
    </TLINK>
    <TLINK r_id="215417" contextualModality="" relType="AFTER" comment="">
      <source m_id="64"/>
      <target m_id="31"/>
    </TLINK>
    <TLINK r_id="215421" contextualModality="" relType="AFTER" comment="">
      <source m_id="64"/>
      <target m_id="23"/>
    </TLINK>
    <TLINK r_id="215422" contextualModality="" relType="AFTER" comment="">
      <source m_id="64"/>
      <target m_id="24"/>
    </TLINK>
    <TLINK r_id="215423" contextualModality="" relType="AFTER" comment="">
      <source m_id="64"/>
      <target m_id="39"/>
    </TLINK>
    <TLINK r_id="215424" contextualModality="" relType="AFTER" comment="">
      <source m_id="64"/>
      <target m_id="37"/>
    </TLINK>
    <TLINK r_id="215426" contextualModality="" relType="CONTAINS" comment="">
      <source m_id="71"/>
      <target m_id="26"/>
    </TLINK>
    <TLINK r_id="215427" contextualModality="" relType="CONTAINS" comment="">
      <source m_id="71"/>
      <target m_id="32"/>
    </TLINK>
    <TLINK r_id="215428" contextualModality="" relType="CONTAINS" comment="">
      <source m_id="71"/>
      <target m_id="25"/>
    </TLINK>
    <TLINK r_id="215429" contextualModality="" relType="CONTAINS" comment="">
      <source m_id="71"/>
      <target m_id="4"/>
    </TLINK>
    <TLINK r_id="215430" contextualModality="" relType="CONTAINS" comment="">
      <source m_id="71"/>
      <target m_id="33"/>
    </TLINK>
    <TLINK r_id="215431" contextualModality="" relType="CONTAINS" comment="">
      <source m_id="71"/>
      <target m_id="5"/>
    </TLINK>
    <TLINK r_id="215432" contextualModality="" relType="CONTAINS" comment="">
      <source m_id="71"/>
      <target m_id="6"/>
    </TLINK>
    <TLINK r_id="215433" contextualModality="" relType="CONTAINS" comment="">
      <source m_id="71"/>
      <target m_id="34"/>
    </TLINK>
    <TLINK r_id="215434" contextualModality="" relType="CONTAINS" comment="">
      <source m_id="71"/>
      <target m_id="7"/>
    </TLINK>
    <TLINK r_id="215435" contextualModality="" relType="CONTAINS" comment="">
      <source m_id="71"/>
      <target m_id="8"/>
    </TLINK>
    <TLINK r_id="215436" contextualModality="" relType="CONTAINS" comment="">
      <source m_id="71"/>
      <target m_id="9"/>
    </TLINK>
    <TLINK r_id="215437" contextualModality="" relType="CONTAINS" comment="">
      <source m_id="71"/>
      <target m_id="10"/>
    </TLINK>
    <TLINK r_id="215438" contextualModality="" relType="CONTAINS" comment="">
      <source m_id="71"/>
      <target m_id="11"/>
    </TLINK>
    <TLINK r_id="215439" contextualModality="" relType="CONTAINS" comment="">
      <source m_id="71"/>
      <target m_id="57"/>
    </TLINK>
    <TLINK r_id="215440" contextualModality="" relType="CONTAINS" comment="">
      <source m_id="65"/>
      <target m_id="35"/>
    </TLINK>
    <TLINK r_id="215441" contextualModality="" relType="CONTAINS" comment="">
      <source m_id="65"/>
      <target m_id="12"/>
    </TLINK>
    <TLINK r_id="215442" contextualModality="" relType="CONTAINS" comment="">
      <source m_id="65"/>
      <target m_id="13"/>
    </TLINK>
    <TLINK r_id="215443" contextualModality="" relType="CONTAINS" comment="">
      <source m_id="65"/>
      <target m_id="14"/>
    </TLINK>
    <TLINK r_id="215444" contextualModality="" relType="CONTAINS" comment="">
      <source m_id="65"/>
      <target m_id="15"/>
    </TLINK>
    <TLINK r_id="215445" contextualModality="" relType="CONTAINS" comment="">
      <source m_id="65"/>
      <target m_id="17"/>
    </TLINK>
    <TLINK r_id="215446" contextualModality="" relType="CONTAINS" comment="">
      <source m_id="65"/>
      <target m_id="16"/>
    </TLINK>
    <TLINK r_id="215447" contextualModality="" relType="CONTAINS" comment="">
      <source m_id="65"/>
      <target m_id="29"/>
    </TLINK>
    <TLINK r_id="215448" contextualModality="" relType="CONTAINS" comment="">
      <source m_id="65"/>
      <target m_id="38"/>
    </TLINK>
    <TLINK r_id="215449" contextualModality="" relType="CONTAINS" comment="">
      <source m_id="65"/>
      <target m_id="27"/>
    </TLINK>
    <TLINK r_id="215450" contextualModality="" relType="CONTAINS" comment="">
      <source m_id="65"/>
      <target m_id="1"/>
    </TLINK>
    <TLINK r_id="215451" contextualModality="" relType="CONTAINS" comment="">
      <source m_id="65"/>
      <target m_id="19"/>
    </TLINK>
    <TLINK r_id="215452" contextualModality="" relType="CONTAINS" comment="">
      <source m_id="65"/>
      <target m_id="31"/>
    </TLINK>
    <TLINK r_id="215453" contextualModality="" relType="CONTAINS" comment="">
      <source m_id="65"/>
      <target m_id="2"/>
    </TLINK>
    <TLINK r_id="215454" contextualModality="" relType="CONTAINS" comment="">
      <source m_id="65"/>
      <target m_id="21"/>
    </TLINK>
    <TLINK r_id="215455" contextualModality="" relType="CONTAINS" comment="">
      <source m_id="65"/>
      <target m_id="20"/>
    </TLINK>
    <TLINK r_id="215456" contextualModality="" relType="CONTAINS" comment="">
      <source m_id="65"/>
      <target m_id="23"/>
    </TLINK>
    <TLINK r_id="215457" contextualModality="" relType="CONTAINS" comment="">
      <source m_id="65"/>
      <target m_id="24"/>
    </TLINK>
    <TLINK r_id="215458" contextualModality="" relType="CONTAINS" comment="">
      <source m_id="65"/>
      <target m_id="39"/>
    </TLINK>
    <TLINK r_id="215459" contextualModality="" relType="CONTAINS" comment="">
      <source m_id="65"/>
      <target m_id="37"/>
    </TLINK>
    <PLOT_LINK r_id="215460" SIGNAL="" relType="PRECONDITION" CAUSES="FALSE" CAUSED_BY="FALSE">
      <source m_id="26"/>
      <target m_id="25"/>
    </PLOT_LINK>
    <PLOT_LINK r_id="215461" SIGNAL="" relType="PRECONDITION" CAUSES="FALSE" CAUSED_BY="FALSE">
      <source m_id="4"/>
      <target m_id="5"/>
    </PLOT_LINK>
    <PLOT_LINK r_id="215462" SIGNAL="" relType="PRECONDITION" CAUSES="FALSE" CAUSED_BY="FALSE">
      <source m_id="6"/>
      <target m_id="7"/>
    </PLOT_LINK>
    <PLOT_LINK r_id="215463" SIGNAL="" relType="PRECONDITION" CAUSES="FALSE" CAUSED_BY="FALSE">
      <source m_id="26"/>
      <target m_id="8"/>
    </PLOT_LINK>
    <PLOT_LINK r_id="215464" SIGNAL="" relType="PRECONDITION" CAUSES="FALSE" CAUSED_BY="FALSE">
      <source m_id="4"/>
      <target m_id="8"/>
    </PLOT_LINK>
    <PLOT_LINK r_id="215465" SIGNAL="" relType="PRECONDITION" CAUSES="FALSE" CAUSED_BY="FALSE">
      <source m_id="6"/>
      <target m_id="8"/>
    </PLOT_LINK>
    <PLOT_LINK r_id="215466" SIGNAL="" relType="PRECONDITION" CAUSES="FALSE" CAUSED_BY="FALSE">
      <source m_id="8"/>
      <target m_id="9"/>
    </PLOT_LINK>
    <PLOT_LINK r_id="215467" SIGNAL="" relType="FALLING_ACTION" CAUSES="FALSE" CAUSED_BY="FALSE">
      <source m_id="9"/>
      <target m_id="10"/>
    </PLOT_LINK>
    <PLOT_LINK r_id="215468" SIGNAL="" relType="PRECONDITION" CAUSES="FALSE" CAUSED_BY="FALSE">
      <source m_id="35"/>
      <target m_id="12"/>
    </PLOT_LINK>
    <PLOT_LINK r_id="215469">
      <source m_id="13"/>
      <target m_id="15"/>
    </PLOT_LINK>
    <PLOT_LINK r_id="215470" SIGNAL="" relType="PRECONDITION" CAUSES="FALSE" CAUSED_BY="FALSE">
      <source m_id="15"/>
      <target m_id="17"/>
    </PLOT_LINK>
  </Relations>
</Document>
