<?xml version='1.0' encoding='UTF-8'?>
<Document doc_name="35_6ecbplus.xml">
  <token t_id="1" sentence="0" number="0">http</token>
  <token t_id="2" sentence="0" number="1">:</token>
  <token t_id="3" sentence="0" number="2">/</token>
  <token t_id="4" sentence="0" number="3">/</token>
  <token t_id="5" sentence="0" number="4">www</token>
  <token t_id="6" sentence="0" number="5">.</token>
  <token t_id="7" sentence="0" number="6">cbs8</token>
  <token t_id="8" sentence="0" number="7">.</token>
  <token t_id="9" sentence="0" number="8">com</token>
  <token t_id="10" sentence="0" number="9">/</token>
  <token t_id="11" sentence="0" number="10">story</token>
  <token t_id="12" sentence="0" number="11">/</token>
  <token t_id="13" sentence="0" number="12">10120887</token>
  <token t_id="14" sentence="0" number="13">/</token>
  <token t_id="15" sentence="0" number="14">city</token>
  <token t_id="16" sentence="0" number="15">-</token>
  <token t_id="17" sentence="0" number="16">attorney</token>
  <token t_id="18" sentence="0" number="17">-</token>
  <token t_id="19" sentence="0" number="18">weighs</token>
  <token t_id="20" sentence="0" number="19">-</token>
  <token t_id="21" sentence="0" number="20">filing</token>
  <token t_id="22" sentence="0" number="21">-</token>
  <token t_id="23" sentence="0" number="22">dui</token>
  <token t_id="24" sentence="0" number="23">-</token>
  <token t_id="25" sentence="0" number="24">charges</token>
  <token t_id="26" sentence="0" number="25">-</token>
  <token t_id="27" sentence="0" number="26">against</token>
  <token t_id="28" sentence="0" number="27">-</token>
  <token t_id="29" sentence="0" number="28">chargers</token>
  <token t_id="30" sentence="0" number="29">-</token>
  <token t_id="31" sentence="0" number="30">jamal</token>
  <token t_id="32" sentence="0" number="31">-</token>
  <token t_id="33" sentence="0" number="32">williams</token>
  <token t_id="34" sentence="0" number="33">?</token>
  <token t_id="35" sentence="0" number="34">redirected=true</token>
  <token t_id="36" sentence="1" number="0">City</token>
  <token t_id="37" sentence="1" number="1">Attorney</token>
  <token t_id="38" sentence="1" number="2">Weighs</token>
  <token t_id="39" sentence="1" number="3">Filing</token>
  <token t_id="40" sentence="1" number="4">DUI</token>
  <token t_id="41" sentence="1" number="5">Charges</token>
  <token t_id="42" sentence="1" number="6">Against</token>
  <token t_id="43" sentence="1" number="7">Chargers'</token>
  <token t_id="44" sentence="1" number="8">Jamal</token>
  <token t_id="45" sentence="1" number="9">Williams</token>
  <token t_id="46" sentence="2" number="0">Posted</token>
  <token t_id="47" sentence="2" number="1">:</token>
  <token t_id="48" sentence="2" number="2">Apr</token>
  <token t_id="49" sentence="2" number="3">02</token>
  <token t_id="50" sentence="2" number="4">,</token>
  <token t_id="51" sentence="2" number="5">2009</token>
  <token t_id="52" sentence="2" number="6">11</token>
  <token t_id="53" sentence="2" number="7">:</token>
  <token t_id="54" sentence="2" number="8">06</token>
  <token t_id="55" sentence="2" number="9">PM</token>
  <token t_id="56" sentence="2" number="10">CEST</token>
  <token t_id="57" sentence="3" number="0">Updated</token>
  <token t_id="58" sentence="3" number="1">:</token>
  <token t_id="59" sentence="3" number="2">Apr</token>
  <token t_id="60" sentence="3" number="3">02</token>
  <token t_id="61" sentence="3" number="4">,</token>
  <token t_id="62" sentence="3" number="5">2009</token>
  <token t_id="63" sentence="3" number="6">11</token>
  <token t_id="64" sentence="3" number="7">:</token>
  <token t_id="65" sentence="3" number="8">06</token>
  <token t_id="66" sentence="3" number="9">PM</token>
  <token t_id="67" sentence="3" number="10">CEST</token>
  <token t_id="68" sentence="4" number="0">The</token>
  <token t_id="69" sentence="4" number="1">City</token>
  <token t_id="70" sentence="4" number="2">Attorney's</token>
  <token t_id="71" sentence="4" number="3">Office</token>
  <token t_id="72" sentence="4" number="4">was</token>
  <token t_id="73" sentence="4" number="5">considering</token>
  <token t_id="74" sentence="4" number="6">today</token>
  <token t_id="75" sentence="4" number="7">whether</token>
  <token t_id="76" sentence="4" number="8">to</token>
  <token t_id="77" sentence="4" number="9">file</token>
  <token t_id="78" sentence="4" number="10">misdemeanor</token>
  <token t_id="79" sentence="4" number="11">drunken</token>
  <token t_id="80" sentence="4" number="12">-</token>
  <token t_id="81" sentence="4" number="13">driving</token>
  <token t_id="82" sentence="4" number="14">charges</token>
  <token t_id="83" sentence="4" number="15">against</token>
  <token t_id="84" sentence="4" number="16">Chargers</token>
  <token t_id="85" sentence="4" number="17">defensive</token>
  <token t_id="86" sentence="4" number="18">lineman</token>
  <token t_id="87" sentence="4" number="19">Jamal</token>
  <token t_id="88" sentence="4" number="20">Williams</token>
  <token t_id="89" sentence="4" number="21">.</token>
  <token t_id="90" sentence="5" number="0">Williams</token>
  <token t_id="91" sentence="5" number="1">,</token>
  <token t_id="92" sentence="5" number="2">32</token>
  <token t_id="93" sentence="5" number="3">,</token>
  <token t_id="94" sentence="5" number="4">was</token>
  <token t_id="95" sentence="5" number="5">arrested</token>
  <token t_id="96" sentence="5" number="6">around</token>
  <token t_id="97" sentence="5" number="7">1</token>
  <token t_id="98" sentence="5" number="8">:</token>
  <token t_id="99" sentence="5" number="9">30</token>
  <token t_id="100" sentence="5" number="10">a</token>
  <token t_id="101" sentence="5" number="11">.</token>
  <token t_id="102" sentence="5" number="12">m</token>
  <token t_id="103" sentence="5" number="13">.</token>
  <token t_id="104" sentence="5" number="14">Feb</token>
  <token t_id="105" sentence="5" number="15">.</token>
  <token t_id="106" sentence="5" number="16">1</token>
  <token t_id="107" sentence="5" number="17">on</token>
  <token t_id="108" sentence="5" number="18">state</token>
  <token t_id="109" sentence="5" number="19">Route</token>
  <token t_id="110" sentence="5" number="20">94</token>
  <token t_id="111" sentence="5" number="21">on</token>
  <token t_id="112" sentence="5" number="22">suspicion</token>
  <token t_id="113" sentence="5" number="23">of</token>
  <token t_id="114" sentence="5" number="24">drunken</token>
  <token t_id="115" sentence="5" number="25">driving</token>
  <token t_id="116" sentence="5" number="26">.</token>
  <token t_id="117" sentence="6" number="0">Results</token>
  <token t_id="118" sentence="6" number="1">from</token>
  <token t_id="119" sentence="6" number="2">a</token>
  <token t_id="120" sentence="6" number="3">blood</token>
  <token t_id="121" sentence="6" number="4">-</token>
  <token t_id="122" sentence="6" number="5">alcohol</token>
  <token t_id="123" sentence="6" number="6">test</token>
  <token t_id="124" sentence="6" number="7">administered</token>
  <token t_id="125" sentence="6" number="8">when</token>
  <token t_id="126" sentence="6" number="9">Williams</token>
  <token t_id="127" sentence="6" number="10">was</token>
  <token t_id="128" sentence="6" number="11">arrested</token>
  <token t_id="129" sentence="6" number="12">were</token>
  <token t_id="130" sentence="6" number="13">released</token>
  <token t_id="131" sentence="6" number="14">Wednesday</token>
  <token t_id="132" sentence="6" number="15">,</token>
  <token t_id="133" sentence="6" number="16">showing</token>
  <token t_id="134" sentence="6" number="17">a</token>
  <token t_id="135" sentence="6" number="18">level</token>
  <token t_id="136" sentence="6" number="19">of</token>
  <token t_id="137" sentence="6" number="20">0</token>
  <token t_id="138" sentence="6" number="21">.</token>
  <token t_id="139" sentence="6" number="22">07</token>
  <token t_id="140" sentence="6" number="23">percent</token>
  <token t_id="141" sentence="6" number="24">-</token>
  <token t_id="142" sentence="6" number="25">-</token>
  <token t_id="143" sentence="6" number="26">just</token>
  <token t_id="144" sentence="6" number="27">under</token>
  <token t_id="145" sentence="6" number="28">the</token>
  <token t_id="146" sentence="6" number="29">state</token>
  <token t_id="147" sentence="6" number="30">legal</token>
  <token t_id="148" sentence="6" number="31">limit</token>
  <token t_id="149" sentence="6" number="32">of</token>
  <token t_id="150" sentence="6" number="33">0</token>
  <token t_id="151" sentence="6" number="34">.</token>
  <token t_id="152" sentence="6" number="35">08</token>
  <token t_id="153" sentence="6" number="36">percent</token>
  <token t_id="154" sentence="6" number="37">,</token>
  <token t_id="155" sentence="6" number="38">California</token>
  <token t_id="156" sentence="6" number="39">Highway</token>
  <token t_id="157" sentence="6" number="40">Patrol</token>
  <token t_id="158" sentence="6" number="41">Officer</token>
  <token t_id="159" sentence="6" number="42">Brian</token>
  <token t_id="160" sentence="6" number="43">Pennings</token>
  <token t_id="161" sentence="6" number="44">told</token>
  <token t_id="162" sentence="6" number="45">The</token>
  <token t_id="163" sentence="6" number="46">San</token>
  <token t_id="164" sentence="6" number="47">Diego</token>
  <token t_id="165" sentence="6" number="48">Union</token>
  <token t_id="166" sentence="6" number="49">-</token>
  <token t_id="167" sentence="6" number="50">Tribune</token>
  <token t_id="168" sentence="6" number="51">.</token>
  <token t_id="169" sentence="7" number="0">He</token>
  <token t_id="170" sentence="7" number="1">said</token>
  <token t_id="171" sentence="7" number="2">the</token>
  <token t_id="172" sentence="7" number="3">blood</token>
  <token t_id="173" sentence="7" number="4">was</token>
  <token t_id="174" sentence="7" number="5">drawn</token>
  <token t_id="175" sentence="7" number="6">well</token>
  <token t_id="176" sentence="7" number="7">after</token>
  <token t_id="177" sentence="7" number="8">Williams'</token>
  <token t_id="178" sentence="7" number="9">arrest</token>
  <token t_id="179" sentence="7" number="10">,</token>
  <token t_id="180" sentence="7" number="11">meaning</token>
  <token t_id="181" sentence="7" number="12">he</token>
  <token t_id="182" sentence="7" number="13">could</token>
  <token t_id="183" sentence="7" number="14">have</token>
  <token t_id="184" sentence="7" number="15">been</token>
  <token t_id="185" sentence="7" number="16">intoxicated</token>
  <token t_id="186" sentence="7" number="17">when</token>
  <token t_id="187" sentence="7" number="18">when</token>
  <token t_id="188" sentence="7" number="19">officers</token>
  <token t_id="189" sentence="7" number="20">pulled</token>
  <token t_id="190" sentence="7" number="21">him</token>
  <token t_id="191" sentence="7" number="22">over</token>
  <token t_id="192" sentence="7" number="23">for</token>
  <token t_id="193" sentence="7" number="24">speeding</token>
  <token t_id="194" sentence="7" number="25">in</token>
  <token t_id="195" sentence="7" number="26">his</token>
  <token t_id="196" sentence="7" number="27">2008</token>
  <token t_id="197" sentence="7" number="28">Bentley</token>
  <token t_id="198" sentence="7" number="29">.</token>
  <token t_id="199" sentence="8" number="0">City</token>
  <token t_id="200" sentence="8" number="1">Attorney</token>
  <token t_id="201" sentence="8" number="2">spokeswoman</token>
  <token t_id="202" sentence="8" number="3">Gina</token>
  <token t_id="203" sentence="8" number="4">Coburn</token>
  <token t_id="204" sentence="8" number="5">told</token>
  <token t_id="205" sentence="8" number="6">the</token>
  <token t_id="206" sentence="8" number="7">Union</token>
  <token t_id="207" sentence="8" number="8">-</token>
  <token t_id="208" sentence="8" number="9">Tribune</token>
  <token t_id="209" sentence="8" number="10">the</token>
  <token t_id="210" sentence="8" number="11">case</token>
  <token t_id="211" sentence="8" number="12">remains</token>
  <token t_id="212" sentence="8" number="13">under</token>
  <token t_id="213" sentence="8" number="14">review</token>
  <token t_id="214" sentence="8" number="15">and</token>
  <token t_id="215" sentence="8" number="16">is</token>
  <token t_id="216" sentence="8" number="17">being</token>
  <token t_id="217" sentence="8" number="18">investigated</token>
  <token t_id="218" sentence="8" number="19">further</token>
  <token t_id="219" sentence="8" number="20">.</token>
  <Markables>
    <ACTION_ASPECTUAL m_id="1" comment="">
      <token_anchor t_id="211"/>
    </ACTION_ASPECTUAL>
    <ACTION_OCCURRENCE m_id="2" comment="" climaxEvent="FALSE">
      <token_anchor t_id="39"/>
    </ACTION_OCCURRENCE>
    <ACTION_OCCURRENCE m_id="3" comment="" climaxEvent="FALSE">
      <token_anchor t_id="73"/>
    </ACTION_OCCURRENCE>
    <ACTION_OCCURRENCE m_id="4" comment="" climaxEvent="FALSE">
      <token_anchor t_id="77"/>
    </ACTION_OCCURRENCE>
    <ACTION_OCCURRENCE m_id="5" comment="" climaxEvent="FALSE">
      <token_anchor t_id="38"/>
    </ACTION_OCCURRENCE>
    <ACTION_OCCURRENCE m_id="6" comment="" climaxEvent="FALSE">
      <token_anchor t_id="95"/>
    </ACTION_OCCURRENCE>
    <ACTION_OCCURRENCE m_id="7" comment="" climaxEvent="FALSE">
      <token_anchor t_id="114"/>
      <token_anchor t_id="115"/>
    </ACTION_OCCURRENCE>
    <ACTION_OCCURRENCE m_id="8" comment="" climaxEvent="FALSE">
      <token_anchor t_id="40"/>
    </ACTION_OCCURRENCE>
    <ACTION_OCCURRENCE m_id="9" comment="" climaxEvent="FALSE">
      <token_anchor t_id="124"/>
    </ACTION_OCCURRENCE>
    <ACTION_OCCURRENCE m_id="10" climaxEvent="TRUE" comment="">
      <token_anchor t_id="41"/>
    </ACTION_OCCURRENCE>
    <ACTION_OCCURRENCE m_id="11" comment="" climaxEvent="FALSE">
      <token_anchor t_id="128"/>
    </ACTION_OCCURRENCE>
    <ACTION_OCCURRENCE m_id="12" comment="" climaxEvent="FALSE">
      <token_anchor t_id="130"/>
    </ACTION_OCCURRENCE>
    <ACTION_OCCURRENCE m_id="13" comment="" climaxEvent="FALSE">
      <token_anchor t_id="82"/>
    </ACTION_OCCURRENCE>
    <ACTION_OCCURRENCE m_id="14" comment="" climaxEvent="FALSE">
      <token_anchor t_id="133"/>
    </ACTION_OCCURRENCE>
    <ACTION_OCCURRENCE m_id="15" comment="" climaxEvent="FALSE">
      <token_anchor t_id="174"/>
    </ACTION_OCCURRENCE>
    <ACTION_OCCURRENCE m_id="16" comment="" climaxEvent="FALSE">
      <token_anchor t_id="189"/>
      <token_anchor t_id="191"/>
    </ACTION_OCCURRENCE>
    <ACTION_OCCURRENCE m_id="17" comment="" climaxEvent="FALSE">
      <token_anchor t_id="193"/>
    </ACTION_OCCURRENCE>
    <ACTION_OCCURRENCE m_id="18" comment="" climaxEvent="FALSE">
      <token_anchor t_id="217"/>
    </ACTION_OCCURRENCE>
    <ACTION_OCCURRENCE m_id="19" comment="" climaxEvent="FALSE">
      <token_anchor t_id="178"/>
    </ACTION_OCCURRENCE>
    <ACTION_OCCURRENCE m_id="60" comment="" climaxEvent="FALSE">
      <token_anchor t_id="78"/>
      <token_anchor t_id="79"/>
      <token_anchor t_id="80"/>
      <token_anchor t_id="81"/>
    </ACTION_OCCURRENCE>
    <ACTION_REPORTING m_id="20">
      <token_anchor t_id="204"/>
    </ACTION_REPORTING>
    <ACTION_REPORTING m_id="21">
      <token_anchor t_id="161"/>
    </ACTION_REPORTING>
    <ACTION_REPORTING m_id="22">
      <token_anchor t_id="170"/>
    </ACTION_REPORTING>
    <ACTION_STATE m_id="23" climaxEvent="FALSE" comment="">
      <token_anchor t_id="218"/>
    </ACTION_STATE>
    <ACTION_STATE m_id="24" climaxEvent="FALSE" comment="">
      <token_anchor t_id="212"/>
      <token_anchor t_id="213"/>
    </ACTION_STATE>
    <ACTION_STATE m_id="25" climaxEvent="FALSE" comment="BT:annotation error">
      <token_anchor t_id="176"/>
    </ACTION_STATE>
    <ACTION_STATE m_id="26" climaxEvent="FALSE" comment="">
      <token_anchor t_id="185"/>
    </ACTION_STATE>
    <ACTION_STATE m_id="27" climaxEvent="FALSE" comment="">
      <token_anchor t_id="144"/>
    </ACTION_STATE>
    <ACTION_STATE m_id="28" climaxEvent="FALSE" comment="">
      <token_anchor t_id="111"/>
      <token_anchor t_id="112"/>
    </ACTION_STATE>
    <HUMAN_PART_MET m_id="58">
      <token_anchor t_id="36"/>
      <token_anchor t_id="37"/>
    </HUMAN_PART_MET>
    <HUMAN_PART_MET m_id="59">
      <token_anchor t_id="69"/>
      <token_anchor t_id="70"/>
      <token_anchor t_id="71"/>
    </HUMAN_PART_MET>
    <HUMAN_PART_ORG m_id="29">
      <token_anchor t_id="43"/>
    </HUMAN_PART_ORG>
    <HUMAN_PART_ORG m_id="30">
      <token_anchor t_id="84"/>
    </HUMAN_PART_ORG>
    <HUMAN_PART_ORG m_id="31">
      <token_anchor t_id="162"/>
      <token_anchor t_id="163"/>
      <token_anchor t_id="164"/>
      <token_anchor t_id="165"/>
      <token_anchor t_id="166"/>
      <token_anchor t_id="167"/>
    </HUMAN_PART_ORG>
    <HUMAN_PART_ORG m_id="32">
      <token_anchor t_id="206"/>
      <token_anchor t_id="207"/>
      <token_anchor t_id="208"/>
    </HUMAN_PART_ORG>
    <HUMAN_PART_ORG m_id="33">
      <token_anchor t_id="199"/>
      <token_anchor t_id="200"/>
    </HUMAN_PART_ORG>
    <HUMAN_PART_PER m_id="61" comment="">
      <token_anchor t_id="85"/>
      <token_anchor t_id="86"/>
      <token_anchor t_id="87"/>
      <token_anchor t_id="88"/>
    </HUMAN_PART_PER>
    <HUMAN_PART_PER m_id="34" comment="">
      <token_anchor t_id="181"/>
    </HUMAN_PART_PER>
    <HUMAN_PART_PER m_id="35" comment="">
      <token_anchor t_id="202"/>
      <token_anchor t_id="203"/>
    </HUMAN_PART_PER>
    <HUMAN_PART_PER m_id="36" comment="">
      <token_anchor t_id="188"/>
    </HUMAN_PART_PER>
    <HUMAN_PART_PER m_id="37" comment="">
      <token_anchor t_id="201"/>
    </HUMAN_PART_PER>
    <HUMAN_PART_PER m_id="38" comment="">
      <token_anchor t_id="44"/>
      <token_anchor t_id="45"/>
    </HUMAN_PART_PER>
    <HUMAN_PART_PER m_id="39" comment="">
      <token_anchor t_id="90"/>
    </HUMAN_PART_PER>
    <HUMAN_PART_PER m_id="40" comment="">
      <token_anchor t_id="126"/>
    </HUMAN_PART_PER>
    <HUMAN_PART_PER m_id="41" comment="">
      <token_anchor t_id="159"/>
      <token_anchor t_id="160"/>
    </HUMAN_PART_PER>
    <HUMAN_PART_PER m_id="42" comment="">
      <token_anchor t_id="169"/>
    </HUMAN_PART_PER>
    <HUMAN_PART_PER m_id="43" comment="">
      <token_anchor t_id="177"/>
    </HUMAN_PART_PER>
    <HUMAN_PART_PER m_id="44" comment="">
      <token_anchor t_id="190"/>
    </HUMAN_PART_PER>
    <LOC_GEO m_id="45" comment="">
      <token_anchor t_id="107"/>
      <token_anchor t_id="108"/>
      <token_anchor t_id="109"/>
      <token_anchor t_id="110"/>
    </LOC_GEO>
    <NON_HUMAN_PART m_id="46" comment="">
      <token_anchor t_id="117"/>
    </NON_HUMAN_PART>
    <NON_HUMAN_PART m_id="47" comment="">
      <token_anchor t_id="146"/>
      <token_anchor t_id="147"/>
      <token_anchor t_id="148"/>
    </NON_HUMAN_PART>
    <NON_HUMAN_PART m_id="48" comment="">
      <token_anchor t_id="172"/>
    </NON_HUMAN_PART>
    <NON_HUMAN_PART m_id="49" comment="">
      <token_anchor t_id="196"/>
      <token_anchor t_id="197"/>
    </NON_HUMAN_PART>
    <NON_HUMAN_PART m_id="50" comment="">
      <token_anchor t_id="210"/>
    </NON_HUMAN_PART>
    <NON_HUMAN_PART m_id="51" comment="">
      <token_anchor t_id="120"/>
    </NON_HUMAN_PART>
    <NON_HUMAN_PART m_id="52" comment="">
      <token_anchor t_id="122"/>
      <token_anchor t_id="123"/>
    </NON_HUMAN_PART>
    <TIME_DATE m_id="53" comment="" DCT="FALSE" value="2009-04-02" anchorTimeID="56">
      <token_anchor t_id="74"/>
    </TIME_DATE>
    <TIME_DATE m_id="54" comment="" DCT="FALSE" value="2009-04-01" anchorTimeID="56">
      <token_anchor t_id="131"/>
    </TIME_DATE>
    <TIME_OF_THE_DAY m_id="55" DCT="FALSE" value="2009-02-01T01:30" anchorTimeID="56">
      <token_anchor t_id="96"/>
      <token_anchor t_id="97"/>
      <token_anchor t_id="98"/>
      <token_anchor t_id="99"/>
      <token_anchor t_id="100"/>
      <token_anchor t_id="101"/>
      <token_anchor t_id="102"/>
      <token_anchor t_id="103"/>
      <token_anchor t_id="104"/>
      <token_anchor t_id="105"/>
      <token_anchor t_id="106"/>
    </TIME_OF_THE_DAY>
    <TIME_OF_THE_DAY m_id="56" DCT="TRUE" value="2009-04-02T23:06" anchorTimeID="">
      <token_anchor t_id="48"/>
      <token_anchor t_id="49"/>
      <token_anchor t_id="50"/>
      <token_anchor t_id="51"/>
      <token_anchor t_id="52"/>
      <token_anchor t_id="53"/>
      <token_anchor t_id="54"/>
      <token_anchor t_id="55"/>
      <token_anchor t_id="56"/>
    </TIME_OF_THE_DAY>
    <TIME_OF_THE_DAY m_id="57" value="" anchorTimeID="" DCT="FALSE">
      <token_anchor t_id="59"/>
      <token_anchor t_id="60"/>
      <token_anchor t_id="61"/>
      <token_anchor t_id="62"/>
      <token_anchor t_id="63"/>
      <token_anchor t_id="64"/>
      <token_anchor t_id="65"/>
      <token_anchor t_id="66"/>
      <token_anchor t_id="67"/>
    </TIME_OF_THE_DAY>
    <HUMAN_PART_PER m_id="62" RELATED_TO="" TAG_DESCRIPTOR="t35_jamal_williams" comment=""/>
    <ACTION_OCCURRENCE m_id="63" RELATED_TO="" TAG_DESCRIPTOR="t35_jwills_charges" comment="" climaxEvent="FALSE"/>
    <ACTION_OCCURRENCE m_id="64" RELATED_TO="" TAG_DESCRIPTOR="t35_jamal_wills_DUI" comment="" climaxEvent="FALSE"/>
    <HUMAN_PART_MET m_id="65" RELATED_TO="" TAG_DESCRIPTOR="t35_city_attorney_office"/>
    <ACTION_STATE m_id="66" RELATED_TO="" TAG_DESCRIPTOR="t35_suspicion" climaxEvent="FALSE" comment=""/>
    <HUMAN_PART_ORG m_id="67" RELATED_TO="" TAG_DESCRIPTOR="t35_chargers"/>
    <ACTION_OCCURRENCE m_id="68" RELATED_TO="" TAG_DESCRIPTOR="t35_jamal_wills_arrested" comment="" climaxEvent="FALSE"/>
    <ACTION_OCCURRENCE m_id="69" RELATED_TO="" TAG_DESCRIPTOR="t35_file_charges" comment="" climaxEvent="FALSE"/>
    <TIME_OF_THE_DAY m_id="70" RELATED_TO="" TAG_DESCRIPTOR="t35_early_sunday" value="" anchorTimeID="" DCT="FALSE"/>
    <ACTION_OCCURRENCE m_id="71" RELATED_TO="" TAG_DESCRIPTOR="t35_deciding_whether" comment="" climaxEvent="FALSE"/>
    <LOC_GEO m_id="72" RELATED_TO="" TAG_DESCRIPTOR="t35_san_diego_freeway" comment=""/>
  </Markables>
  <Relations>
    <TLINK r_id="215544" contextualModality="" relType="AFTER" comment="">
      <source m_id="56"/>
      <target m_id="5"/>
    </TLINK>
    <TLINK r_id="215545" contextualModality="" relType="AFTER" comment="">
      <source m_id="56"/>
      <target m_id="2"/>
    </TLINK>
    <TLINK r_id="215546" contextualModality="" relType="AFTER" comment="">
      <source m_id="56"/>
      <target m_id="8"/>
    </TLINK>
    <TLINK r_id="215547" contextualModality="" relType="AFTER" comment="">
      <source m_id="56"/>
      <target m_id="10"/>
    </TLINK>
    <TLINK r_id="215548" contextualModality="" relType="AFTER" comment="">
      <source m_id="56"/>
      <target m_id="3"/>
    </TLINK>
    <TLINK r_id="215549" contextualModality="" relType="AFTER" comment="">
      <source m_id="56"/>
      <target m_id="4"/>
    </TLINK>
    <TLINK r_id="215550" contextualModality="" relType="AFTER" comment="">
      <source m_id="56"/>
      <target m_id="60"/>
    </TLINK>
    <TLINK r_id="215551" contextualModality="" relType="AFTER" comment="">
      <source m_id="56"/>
      <target m_id="13"/>
    </TLINK>
    <TLINK r_id="215552" contextualModality="" relType="AFTER" comment="">
      <source m_id="56"/>
      <target m_id="6"/>
    </TLINK>
    <TLINK r_id="215553" contextualModality="" relType="AFTER" comment="">
      <source m_id="56"/>
      <target m_id="28"/>
    </TLINK>
    <TLINK r_id="215554" contextualModality="" relType="AFTER" comment="">
      <source m_id="56"/>
      <target m_id="7"/>
    </TLINK>
    <TLINK r_id="215555" contextualModality="" relType="AFTER" comment="">
      <source m_id="56"/>
      <target m_id="9"/>
    </TLINK>
    <TLINK r_id="215556" contextualModality="" relType="AFTER" comment="">
      <source m_id="56"/>
      <target m_id="11"/>
    </TLINK>
    <TLINK r_id="215557" contextualModality="" relType="AFTER" comment="">
      <source m_id="56"/>
      <target m_id="12"/>
    </TLINK>
    <TLINK r_id="215558" contextualModality="" relType="AFTER" comment="">
      <source m_id="56"/>
      <target m_id="14"/>
    </TLINK>
    <TLINK r_id="215559" contextualModality="" relType="AFTER" comment="">
      <source m_id="56"/>
      <target m_id="15"/>
    </TLINK>
    <TLINK r_id="215560" contextualModality="" relType="AFTER" comment="">
      <source m_id="56"/>
      <target m_id="19"/>
    </TLINK>
    <TLINK r_id="215561" contextualModality="" relType="AFTER" comment="">
      <source m_id="56"/>
      <target m_id="26"/>
    </TLINK>
    <TLINK r_id="215562" contextualModality="" relType="AFTER" comment="">
      <source m_id="56"/>
      <target m_id="16"/>
    </TLINK>
    <TLINK r_id="215563" contextualModality="" relType="AFTER" comment="">
      <source m_id="56"/>
      <target m_id="1"/>
    </TLINK>
    <TLINK r_id="215564" contextualModality="" relType="AFTER" comment="">
      <source m_id="56"/>
      <target m_id="24"/>
    </TLINK>
    <TLINK r_id="215565" contextualModality="" relType="AFTER" comment="">
      <source m_id="56"/>
      <target m_id="18"/>
    </TLINK>
    <TLINK r_id="215566" contextualModality="" relType="CONTAINS" comment="">
      <source m_id="53"/>
      <target m_id="5"/>
    </TLINK>
    <TLINK r_id="215567" contextualModality="" relType="CONTAINS" comment="">
      <source m_id="53"/>
      <target m_id="2"/>
    </TLINK>
    <TLINK r_id="215568" contextualModality="" relType="CONTAINS" comment="">
      <source m_id="53"/>
      <target m_id="8"/>
    </TLINK>
    <TLINK r_id="215569" contextualModality="" relType="CONTAINS" comment="">
      <source m_id="53"/>
      <target m_id="10"/>
    </TLINK>
    <TLINK r_id="215570" contextualModality="" relType="CONTAINS" comment="">
      <source m_id="53"/>
      <target m_id="3"/>
    </TLINK>
    <TLINK r_id="215571" contextualModality="" relType="CONTAINS" comment="">
      <source m_id="53"/>
      <target m_id="4"/>
    </TLINK>
    <TLINK r_id="215572" contextualModality="" relType="CONTAINS" comment="">
      <source m_id="53"/>
      <target m_id="60"/>
    </TLINK>
    <TLINK r_id="215573" contextualModality="" relType="CONTAINS" comment="">
      <source m_id="53"/>
      <target m_id="13"/>
    </TLINK>
    <TLINK r_id="215574" contextualModality="" relType="CONTAINS" comment="">
      <source m_id="55"/>
      <target m_id="6"/>
    </TLINK>
    <TLINK r_id="215575" contextualModality="" relType="CONTAINS" comment="">
      <source m_id="55"/>
      <target m_id="28"/>
    </TLINK>
    <TLINK r_id="215576" contextualModality="" relType="CONTAINS" comment="">
      <source m_id="55"/>
      <target m_id="7"/>
    </TLINK>
    <TLINK r_id="215577" contextualModality="" relType="CONTAINS" comment="">
      <source m_id="55"/>
      <target m_id="9"/>
    </TLINK>
    <TLINK r_id="215578" contextualModality="" relType="CONTAINS" comment="">
      <source m_id="55"/>
      <target m_id="11"/>
    </TLINK>
    <TLINK r_id="215579" contextualModality="" relType="CONTAINS" comment="">
      <source m_id="54"/>
      <target m_id="12"/>
    </TLINK>
    <TLINK r_id="215580" contextualModality="" relType="CONTAINS" comment="">
      <source m_id="54"/>
      <target m_id="14"/>
    </TLINK>
    <TLINK r_id="215581" contextualModality="" relType="AFTER" comment="">
      <source m_id="54"/>
      <target m_id="15"/>
    </TLINK>
    <TLINK r_id="215582" contextualModality="" relType="AFTER" comment="">
      <source m_id="54"/>
      <target m_id="19"/>
    </TLINK>
    <TLINK r_id="215583" contextualModality="" relType="AFTER" comment="">
      <source m_id="54"/>
      <target m_id="26"/>
    </TLINK>
    <TLINK r_id="215584" contextualModality="" relType="AFTER" comment="">
      <source m_id="54"/>
      <target m_id="16"/>
    </TLINK>
    <TLINK r_id="215585" contextualModality="" relType="AFTER" comment="">
      <source m_id="54"/>
      <target m_id="17"/>
    </TLINK>
    <TLINK r_id="215586" contextualModality="" relType="OVERLAP" comment="">
      <source m_id="54"/>
      <target m_id="1"/>
    </TLINK>
    <TLINK r_id="215587" contextualModality="" relType="OVERLAP" comment="">
      <source m_id="54"/>
      <target m_id="24"/>
    </TLINK>
    <TLINK r_id="215588" contextualModality="" relType="OVERLAP" comment="">
      <source m_id="54"/>
      <target m_id="18"/>
    </TLINK>
    <PLOT_LINK r_id="215589" SIGNAL="" relType="FALLING_ACTION" CAUSES="FALSE" CAUSED_BY="FALSE">
      <source m_id="6"/>
      <target m_id="7"/>
    </PLOT_LINK>
    <PLOT_LINK r_id="215592" SIGNAL="" relType="PRECONDITION" CAUSES="FALSE" CAUSED_BY="FALSE">
      <source m_id="8"/>
      <target m_id="10"/>
    </PLOT_LINK>
    <PLOT_LINK r_id="215593" SIGNAL="" relType="PRECONDITION" CAUSES="FALSE" CAUSED_BY="FALSE">
      <source m_id="60"/>
      <target m_id="13"/>
    </PLOT_LINK>
    <PLOT_LINK r_id="215595" SIGNAL="" relType="FALLING_ACTION" CAUSES="FALSE" CAUSED_BY="FALSE">
      <source m_id="15"/>
      <target m_id="19"/>
    </PLOT_LINK>
    <PLOT_LINK r_id="215596" SIGNAL="" relType="FALLING_ACTION" CAUSES="FALSE" CAUSED_BY="FALSE">
      <source m_id="16"/>
      <target m_id="17"/>
    </PLOT_LINK>
    <PLOT_LINK r_id="215736" SIGNAL="" relType="PRECONDITION" CAUSES="FALSE" CAUSED_BY="FALSE">
      <source m_id="26"/>
      <target m_id="1"/>
    </PLOT_LINK>
    <PLOT_LINK r_id="215737" SIGNAL="" relType="PRECONDITION" CAUSES="FALSE" CAUSED_BY="FALSE">
      <source m_id="1"/>
      <target m_id="18"/>
    </PLOT_LINK>
  </Relations>
</Document>
