<?xml version='1.0' encoding='UTF-8'?>
<Document doc_name="20_3ecbplus.xml">
  <token t_id="1" sentence="0" number="0">http</token>
  <token t_id="2" sentence="0" number="1">:</token>
  <token t_id="3" sentence="0" number="2">/</token>
  <token t_id="4" sentence="0" number="3">/</token>
  <token t_id="5" sentence="0" number="4">usatoday30</token>
  <token t_id="6" sentence="0" number="5">.</token>
  <token t_id="7" sentence="0" number="6">usatoday</token>
  <token t_id="8" sentence="0" number="7">.</token>
  <token t_id="9" sentence="0" number="8">com</token>
  <token t_id="10" sentence="0" number="9">/</token>
  <token t_id="11" sentence="0" number="10">news</token>
  <token t_id="12" sentence="0" number="11">/</token>
  <token t_id="13" sentence="0" number="12">world</token>
  <token t_id="14" sentence="0" number="13">/</token>
  <token t_id="15" sentence="0" number="14">2005</token>
  <token t_id="16" sentence="0" number="15">-</token>
  <token t_id="17" sentence="0" number="16">11</token>
  <token t_id="18" sentence="0" number="17">-</token>
  <token t_id="19" sentence="0" number="18">27</token>
  <token t_id="20" sentence="0" number="19">-</token>
  <token t_id="21" sentence="0" number="20">iran</token>
  <token t_id="22" sentence="0" number="21">-</token>
  <token t_id="23" sentence="0" number="22">quake</token>
  <token t_id="24" sentence="0" number="23">_</token>
  <token t_id="25" sentence="0" number="24">x</token>
  <token t_id="26" sentence="0" number="25">.</token>
  <token t_id="27" sentence="0" number="26">htm</token>
  <token t_id="28" sentence="1" number="0">Posted</token>
  <token t_id="29" sentence="1" number="1">11</token>
  <token t_id="30" sentence="1" number="2">/</token>
  <token t_id="31" sentence="1" number="3">27</token>
  <token t_id="32" sentence="1" number="4">/</token>
  <token t_id="33" sentence="1" number="5">2005</token>
  <token t_id="34" sentence="1" number="6">7</token>
  <token t_id="35" sentence="1" number="7">:</token>
  <token t_id="36" sentence="1" number="8">21</token>
  <token t_id="37" sentence="1" number="9">AM</token>
  <token t_id="38" sentence="2" number="0">Updated</token>
  <token t_id="39" sentence="2" number="1">11</token>
  <token t_id="40" sentence="2" number="2">/</token>
  <token t_id="41" sentence="2" number="3">27</token>
  <token t_id="42" sentence="2" number="4">/</token>
  <token t_id="43" sentence="2" number="5">2005</token>
  <token t_id="44" sentence="2" number="6">3</token>
  <token t_id="45" sentence="2" number="7">:</token>
  <token t_id="46" sentence="2" number="8">41</token>
  <token t_id="47" sentence="2" number="9">PM</token>
  <token t_id="48" sentence="3" number="0">Strong</token>
  <token t_id="49" sentence="3" number="1">earthquake</token>
  <token t_id="50" sentence="3" number="2">jolts</token>
  <token t_id="51" sentence="3" number="3">southern</token>
  <token t_id="52" sentence="3" number="4">Iran</token>
  <token t_id="53" sentence="3" number="5">,</token>
  <token t_id="54" sentence="3" number="6">felt</token>
  <token t_id="55" sentence="3" number="7">in</token>
  <token t_id="56" sentence="3" number="8">Oman</token>
  <token t_id="57" sentence="4" number="0">An</token>
  <token t_id="58" sentence="4" number="1">earthquake</token>
  <token t_id="59" sentence="4" number="2">measuring</token>
  <token t_id="60" sentence="4" number="3">at</token>
  <token t_id="61" sentence="4" number="4">least</token>
  <token t_id="62" sentence="4" number="5">magnitude</token>
  <token t_id="63" sentence="4" number="6">-</token>
  <token t_id="64" sentence="4" number="7">5</token>
  <token t_id="65" sentence="4" number="8">.</token>
  <token t_id="66" sentence="4" number="9">9</token>
  <token t_id="67" sentence="4" number="10">shook</token>
  <token t_id="68" sentence="4" number="11">a</token>
  <token t_id="69" sentence="4" number="12">sparsely</token>
  <token t_id="70" sentence="4" number="13">populated</token>
  <token t_id="71" sentence="4" number="14">area</token>
  <token t_id="72" sentence="4" number="15">of</token>
  <token t_id="73" sentence="4" number="16">southern</token>
  <token t_id="74" sentence="4" number="17">Iran</token>
  <token t_id="75" sentence="4" number="18">on</token>
  <token t_id="76" sentence="4" number="19">Sunday</token>
  <token t_id="77" sentence="4" number="20">,</token>
  <token t_id="78" sentence="4" number="21">flattening</token>
  <token t_id="79" sentence="4" number="22">seven</token>
  <token t_id="80" sentence="4" number="23">villages</token>
  <token t_id="81" sentence="4" number="24">and</token>
  <token t_id="82" sentence="4" number="25">killing</token>
  <token t_id="83" sentence="4" number="26">10</token>
  <token t_id="84" sentence="4" number="27">people</token>
  <token t_id="85" sentence="4" number="28">,</token>
  <token t_id="86" sentence="4" number="29">officials</token>
  <token t_id="87" sentence="4" number="30">said</token>
  <token t_id="88" sentence="4" number="31">.</token>
  <token t_id="89" sentence="5" number="0">The</token>
  <token t_id="90" sentence="5" number="1">temblor</token>
  <token t_id="91" sentence="5" number="2">was</token>
  <token t_id="92" sentence="5" number="3">felt</token>
  <token t_id="93" sentence="5" number="4">as</token>
  <token t_id="94" sentence="5" number="5">far</token>
  <token t_id="95" sentence="5" number="6">away</token>
  <token t_id="96" sentence="5" number="7">as</token>
  <token t_id="97" sentence="5" number="8">Oman</token>
  <token t_id="98" sentence="5" number="9">and</token>
  <token t_id="99" sentence="5" number="10">the</token>
  <token t_id="100" sentence="5" number="11">United</token>
  <token t_id="101" sentence="5" number="12">Arab</token>
  <token t_id="102" sentence="5" number="13">Emirates</token>
  <token t_id="103" sentence="5" number="14">.</token>
  <token t_id="104" sentence="6" number="0">Heidar</token>
  <token t_id="105" sentence="6" number="1">Alishvandi</token>
  <token t_id="106" sentence="6" number="2">,</token>
  <token t_id="107" sentence="6" number="3">the</token>
  <token t_id="108" sentence="6" number="4">governor</token>
  <token t_id="109" sentence="6" number="5">of</token>
  <token t_id="110" sentence="6" number="6">Qeshm</token>
  <token t_id="111" sentence="6" number="7">,</token>
  <token t_id="112" sentence="6" number="8">was</token>
  <token t_id="113" sentence="6" number="9">quoted</token>
  <token t_id="114" sentence="6" number="10">by</token>
  <token t_id="115" sentence="6" number="11">state</token>
  <token t_id="116" sentence="6" number="12">-</token>
  <token t_id="117" sentence="6" number="13">run</token>
  <token t_id="118" sentence="6" number="14">television</token>
  <token t_id="119" sentence="6" number="15">as</token>
  <token t_id="120" sentence="6" number="16">saying</token>
  <token t_id="121" sentence="6" number="17">rescue</token>
  <token t_id="122" sentence="6" number="18">teams</token>
  <token t_id="123" sentence="6" number="19">were</token>
  <token t_id="124" sentence="6" number="20">deployed</token>
  <token t_id="125" sentence="6" number="21">to</token>
  <token t_id="126" sentence="6" number="22">the</token>
  <token t_id="127" sentence="6" number="23">affected</token>
  <token t_id="128" sentence="6" number="24">area</token>
  <token t_id="129" sentence="6" number="25">and</token>
  <token t_id="130" sentence="6" number="26">people</token>
  <token t_id="131" sentence="6" number="27">in</token>
  <token t_id="132" sentence="6" number="28">the</token>
  <token t_id="133" sentence="6" number="29">wrecked</token>
  <token t_id="134" sentence="6" number="30">villages</token>
  <token t_id="135" sentence="6" number="31">moved</token>
  <token t_id="136" sentence="6" number="32">quickly</token>
  <token t_id="137" sentence="6" number="33">to</token>
  <token t_id="138" sentence="6" number="34">safely</token>
  <token t_id="139" sentence="6" number="35">.</token>
  <token t_id="140" sentence="7" number="0">Another</token>
  <token t_id="141" sentence="7" number="1">provincial</token>
  <token t_id="142" sentence="7" number="2">official</token>
  <token t_id="143" sentence="7" number="3">,</token>
  <token t_id="144" sentence="7" number="4">Ghasem</token>
  <token t_id="145" sentence="7" number="5">Karami</token>
  <token t_id="146" sentence="7" number="6">,</token>
  <token t_id="147" sentence="7" number="7">told</token>
  <token t_id="148" sentence="7" number="8">The</token>
  <token t_id="149" sentence="7" number="9">Associated</token>
  <token t_id="150" sentence="7" number="10">Press</token>
  <token t_id="151" sentence="7" number="11">that</token>
  <token t_id="152" sentence="7" number="12">high</token>
  <token t_id="153" sentence="7" number="13">casualties</token>
  <token t_id="154" sentence="7" number="14">were</token>
  <token t_id="155" sentence="7" number="15">not</token>
  <token t_id="156" sentence="7" number="16">expected</token>
  <token t_id="157" sentence="7" number="17">because</token>
  <token t_id="158" sentence="7" number="18">the</token>
  <token t_id="159" sentence="7" number="19">area</token>
  <token t_id="160" sentence="7" number="20">was</token>
  <token t_id="161" sentence="7" number="21">not</token>
  <token t_id="162" sentence="7" number="22">heavily</token>
  <token t_id="163" sentence="7" number="23">developed</token>
  <token t_id="164" sentence="7" number="24">.</token>
  <token t_id="165" sentence="8" number="0">Tehran's</token>
  <token t_id="166" sentence="8" number="1">seismologic</token>
  <token t_id="167" sentence="8" number="2">center</token>
  <token t_id="168" sentence="8" number="3">said</token>
  <token t_id="169" sentence="8" number="4">the</token>
  <token t_id="170" sentence="8" number="5">quake</token>
  <token t_id="171" sentence="8" number="6">measured</token>
  <token t_id="172" sentence="8" number="7">magnitude</token>
  <token t_id="173" sentence="8" number="8">-</token>
  <token t_id="174" sentence="8" number="9">5</token>
  <token t_id="175" sentence="8" number="10">.</token>
  <token t_id="176" sentence="8" number="11">9</token>
  <token t_id="177" sentence="8" number="12">,</token>
  <token t_id="178" sentence="8" number="13">but</token>
  <token t_id="179" sentence="8" number="14">the</token>
  <token t_id="180" sentence="8" number="15">U</token>
  <token t_id="181" sentence="8" number="16">.</token>
  <token t_id="182" sentence="8" number="17">S</token>
  <token t_id="183" sentence="8" number="18">.</token>
  <token t_id="184" sentence="8" number="19">Geological</token>
  <token t_id="185" sentence="8" number="20">Survey</token>
  <token t_id="186" sentence="8" number="21">in</token>
  <token t_id="187" sentence="8" number="22">Golden</token>
  <token t_id="188" sentence="8" number="23">,</token>
  <token t_id="189" sentence="8" number="24">Colo</token>
  <token t_id="190" sentence="8" number="25">.</token>
  <token t_id="191" sentence="8" number="26">,</token>
  <token t_id="192" sentence="8" number="27">said</token>
  <token t_id="193" sentence="8" number="28">it</token>
  <token t_id="194" sentence="8" number="29">was</token>
  <token t_id="195" sentence="8" number="30">a</token>
  <token t_id="196" sentence="8" number="31">magnitude</token>
  <token t_id="197" sentence="8" number="32">-</token>
  <token t_id="198" sentence="8" number="33">6</token>
  <token t_id="199" sentence="8" number="34">.</token>
  <token t_id="200" sentence="8" number="35">1</token>
  <token t_id="201" sentence="8" number="36">temblor</token>
  <token t_id="202" sentence="8" number="37">.</token>
  <token t_id="203" sentence="9" number="0">A</token>
  <token t_id="204" sentence="9" number="1">magnitude</token>
  <token t_id="205" sentence="9" number="2">-</token>
  <token t_id="206" sentence="9" number="3">6</token>
  <token t_id="207" sentence="9" number="4">.</token>
  <token t_id="208" sentence="9" number="5">0</token>
  <token t_id="209" sentence="9" number="6">quake</token>
  <token t_id="210" sentence="9" number="7">can</token>
  <token t_id="211" sentence="9" number="8">cause</token>
  <token t_id="212" sentence="9" number="9">severe</token>
  <token t_id="213" sentence="9" number="10">damage</token>
  <token t_id="214" sentence="9" number="11">.</token>
  <token t_id="215" sentence="10" number="0">Iran's</token>
  <token t_id="216" sentence="10" number="1">seismologic</token>
  <token t_id="217" sentence="10" number="2">center</token>
  <token t_id="218" sentence="10" number="3">said</token>
  <token t_id="219" sentence="10" number="4">the</token>
  <token t_id="220" sentence="10" number="5">epicenter</token>
  <token t_id="221" sentence="10" number="6">was</token>
  <token t_id="222" sentence="10" number="7">in</token>
  <token t_id="223" sentence="10" number="8">the</token>
  <token t_id="224" sentence="10" number="9">waters</token>
  <token t_id="225" sentence="10" number="10">of</token>
  <token t_id="226" sentence="10" number="11">the</token>
  <token t_id="227" sentence="10" number="12">Persian</token>
  <token t_id="228" sentence="10" number="13">Gulf</token>
  <token t_id="229" sentence="10" number="14">between</token>
  <token t_id="230" sentence="10" number="15">the</token>
  <token t_id="231" sentence="10" number="16">port</token>
  <token t_id="232" sentence="10" number="17">city</token>
  <token t_id="233" sentence="10" number="18">of</token>
  <token t_id="234" sentence="10" number="19">Bandar</token>
  <token t_id="235" sentence="10" number="20">Abbas</token>
  <token t_id="236" sentence="10" number="21">and</token>
  <token t_id="237" sentence="10" number="22">Qeshm</token>
  <token t_id="238" sentence="10" number="23">Island</token>
  <token t_id="239" sentence="10" number="24">.</token>
  <token t_id="240" sentence="11" number="0">The</token>
  <token t_id="241" sentence="11" number="1">USGS</token>
  <token t_id="242" sentence="11" number="2">said</token>
  <token t_id="243" sentence="11" number="3">the</token>
  <token t_id="244" sentence="11" number="4">quake</token>
  <token t_id="245" sentence="11" number="5">was</token>
  <token t_id="246" sentence="11" number="6">35</token>
  <token t_id="247" sentence="11" number="7">miles</token>
  <token t_id="248" sentence="11" number="8">southwest</token>
  <token t_id="249" sentence="11" number="9">of</token>
  <token t_id="250" sentence="11" number="10">Bandar</token>
  <token t_id="251" sentence="11" number="11">Abbas</token>
  <token t_id="252" sentence="11" number="12">.</token>
  <token t_id="253" sentence="12" number="0">Masoud</token>
  <token t_id="254" sentence="12" number="1">Dalman</token>
  <token t_id="255" sentence="12" number="2">,</token>
  <token t_id="256" sentence="12" number="3">head</token>
  <token t_id="257" sentence="12" number="4">of</token>
  <token t_id="258" sentence="12" number="5">Hormozgan</token>
  <token t_id="259" sentence="12" number="6">province's</token>
  <token t_id="260" sentence="12" number="7">emergency</token>
  <token t_id="261" sentence="12" number="8">affairs</token>
  <token t_id="262" sentence="12" number="9">,</token>
  <token t_id="263" sentence="12" number="10">said</token>
  <token t_id="264" sentence="12" number="11">several</token>
  <token t_id="265" sentence="12" number="12">buildings</token>
  <token t_id="266" sentence="12" number="13">on</token>
  <token t_id="267" sentence="12" number="14">Qeshm</token>
  <token t_id="268" sentence="12" number="15">Island</token>
  <token t_id="269" sentence="12" number="16">were</token>
  <token t_id="270" sentence="12" number="17">damaged</token>
  <token t_id="271" sentence="12" number="18">.</token>
  <token t_id="272" sentence="13" number="0">The</token>
  <token t_id="273" sentence="13" number="1">island</token>
  <token t_id="274" sentence="13" number="2">,</token>
  <token t_id="275" sentence="13" number="3">which</token>
  <token t_id="276" sentence="13" number="4">has</token>
  <token t_id="277" sentence="13" number="5">about</token>
  <token t_id="278" sentence="13" number="6">200</token>
  <token t_id="279" sentence="13" number="7">,</token>
  <token t_id="280" sentence="13" number="8">000</token>
  <token t_id="281" sentence="13" number="9">residents</token>
  <token t_id="282" sentence="13" number="10">,</token>
  <token t_id="283" sentence="13" number="11">is</token>
  <token t_id="284" sentence="13" number="12">about</token>
  <token t_id="285" sentence="13" number="13">940</token>
  <token t_id="286" sentence="13" number="14">miles</token>
  <token t_id="287" sentence="13" number="15">south</token>
  <token t_id="288" sentence="13" number="16">of</token>
  <token t_id="289" sentence="13" number="17">Tehran</token>
  <token t_id="290" sentence="13" number="18">,</token>
  <token t_id="291" sentence="13" number="19">the</token>
  <token t_id="292" sentence="13" number="20">capital</token>
  <token t_id="293" sentence="13" number="21">.</token>
  <token t_id="294" sentence="14" number="0">Shahram</token>
  <token t_id="295" sentence="14" number="1">Alamdari</token>
  <token t_id="296" sentence="14" number="2">,</token>
  <token t_id="297" sentence="14" number="3">head</token>
  <token t_id="298" sentence="14" number="4">of</token>
  <token t_id="299" sentence="14" number="5">the</token>
  <token t_id="300" sentence="14" number="6">rescue</token>
  <token t_id="301" sentence="14" number="7">unit</token>
  <token t_id="302" sentence="14" number="8">for</token>
  <token t_id="303" sentence="14" number="9">the</token>
  <token t_id="304" sentence="14" number="10">Iranian</token>
  <token t_id="305" sentence="14" number="11">Red</token>
  <token t_id="306" sentence="14" number="12">Crescent</token>
  <token t_id="307" sentence="14" number="13">,</token>
  <token t_id="308" sentence="14" number="14">said</token>
  <token t_id="309" sentence="14" number="15">two</token>
  <token t_id="310" sentence="14" number="16">helicopters</token>
  <token t_id="311" sentence="14" number="17">were</token>
  <token t_id="312" sentence="14" number="18">evacuating</token>
  <token t_id="313" sentence="14" number="19">injured</token>
  <token t_id="314" sentence="14" number="20">from</token>
  <token t_id="315" sentence="14" number="21">Qeshm</token>
  <token t_id="316" sentence="14" number="22">to</token>
  <token t_id="317" sentence="14" number="23">Bandar</token>
  <token t_id="318" sentence="14" number="24">Abbas</token>
  <token t_id="319" sentence="14" number="25">,</token>
  <token t_id="320" sentence="14" number="26">a</token>
  <token t_id="321" sentence="14" number="27">city</token>
  <token t_id="322" sentence="14" number="28">of</token>
  <token t_id="323" sentence="14" number="29">500</token>
  <token t_id="324" sentence="14" number="30">,</token>
  <token t_id="325" sentence="14" number="31">000</token>
  <token t_id="326" sentence="14" number="32">people</token>
  <token t_id="327" sentence="14" number="33">that</token>
  <token t_id="328" sentence="14" number="34">also</token>
  <token t_id="329" sentence="14" number="35">was</token>
  <token t_id="330" sentence="14" number="36">jolted</token>
  <token t_id="331" sentence="14" number="37">by</token>
  <token t_id="332" sentence="14" number="38">the</token>
  <token t_id="333" sentence="14" number="39">quake</token>
  <token t_id="334" sentence="14" number="40">.</token>
  <token t_id="335" sentence="15" number="0">Iranian</token>
  <token t_id="336" sentence="15" number="1">television</token>
  <token t_id="337" sentence="15" number="2">ran</token>
  <token t_id="338" sentence="15" number="3">video</token>
  <token t_id="339" sentence="15" number="4">from</token>
  <token t_id="340" sentence="15" number="5">Qeshm</token>
  <token t_id="341" sentence="15" number="6">showing</token>
  <token t_id="342" sentence="15" number="7">minor</token>
  <token t_id="343" sentence="15" number="8">damages</token>
  <token t_id="344" sentence="15" number="9">to</token>
  <token t_id="345" sentence="15" number="10">some</token>
  <token t_id="346" sentence="15" number="11">buildings</token>
  <token t_id="347" sentence="15" number="12">and</token>
  <token t_id="348" sentence="15" number="13">a</token>
  <token t_id="349" sentence="15" number="14">few</token>
  <token t_id="350" sentence="15" number="15">injured</token>
  <token t_id="351" sentence="15" number="16">being</token>
  <token t_id="352" sentence="15" number="17">taken</token>
  <token t_id="353" sentence="15" number="18">to</token>
  <token t_id="354" sentence="15" number="19">hospitals</token>
  <token t_id="355" sentence="15" number="20">.</token>
  <token t_id="356" sentence="16" number="0">The</token>
  <token t_id="357" sentence="16" number="1">report</token>
  <token t_id="358" sentence="16" number="2">said</token>
  <token t_id="359" sentence="16" number="3">the</token>
  <token t_id="360" sentence="16" number="4">villages</token>
  <token t_id="361" sentence="16" number="5">of</token>
  <token t_id="362" sentence="16" number="6">Karavan</token>
  <token t_id="363" sentence="16" number="7">and</token>
  <token t_id="364" sentence="16" number="8">Kousheh</token>
  <token t_id="365" sentence="16" number="9">were</token>
  <token t_id="366" sentence="16" number="10">worst</token>
  <token t_id="367" sentence="16" number="11">hit</token>
  <token t_id="368" sentence="16" number="12">,</token>
  <token t_id="369" sentence="16" number="13">but</token>
  <token t_id="370" sentence="16" number="14">no</token>
  <token t_id="371" sentence="16" number="15">footage</token>
  <token t_id="372" sentence="16" number="16">was</token>
  <token t_id="373" sentence="16" number="17">shown</token>
  <token t_id="374" sentence="16" number="18">from</token>
  <token t_id="375" sentence="16" number="19">those</token>
  <token t_id="376" sentence="16" number="20">sites</token>
  <token t_id="377" sentence="16" number="21">.</token>
  <token t_id="378" sentence="17" number="0">The</token>
  <token t_id="379" sentence="17" number="1">quake</token>
  <token t_id="380" sentence="17" number="2">cut</token>
  <token t_id="381" sentence="17" number="3">telephone</token>
  <token t_id="382" sentence="17" number="4">links</token>
  <token t_id="383" sentence="17" number="5">between</token>
  <token t_id="384" sentence="17" number="6">Qeshm</token>
  <token t_id="385" sentence="17" number="7">Island</token>
  <token t_id="386" sentence="17" number="8">and</token>
  <token t_id="387" sentence="17" number="9">the</token>
  <token t_id="388" sentence="17" number="10">mainland</token>
  <token t_id="389" sentence="17" number="11">,</token>
  <token t_id="390" sentence="17" number="12">the</token>
  <token t_id="391" sentence="17" number="13">report</token>
  <token t_id="392" sentence="17" number="14">said</token>
  <token t_id="393" sentence="17" number="15">.</token>
  <token t_id="394" sentence="18" number="0">In</token>
  <token t_id="395" sentence="18" number="1">Oman</token>
  <token t_id="396" sentence="18" number="2">and</token>
  <token t_id="397" sentence="18" number="3">the</token>
  <token t_id="398" sentence="18" number="4">United</token>
  <token t_id="399" sentence="18" number="5">Arab</token>
  <token t_id="400" sentence="18" number="6">Emirates</token>
  <token t_id="401" sentence="18" number="7">,</token>
  <token t_id="402" sentence="18" number="8">buildings</token>
  <token t_id="403" sentence="18" number="9">were</token>
  <token t_id="404" sentence="18" number="10">evacuated</token>
  <token t_id="405" sentence="18" number="11">and</token>
  <token t_id="406" sentence="18" number="12">people</token>
  <token t_id="407" sentence="18" number="13">fled</token>
  <token t_id="408" sentence="18" number="14">into</token>
  <token t_id="409" sentence="18" number="15">the</token>
  <token t_id="410" sentence="18" number="16">streets</token>
  <token t_id="411" sentence="18" number="17">.</token>
  <token t_id="412" sentence="19" number="0">"Power</token>
  <token t_id="413" sentence="19" number="1">and</token>
  <token t_id="414" sentence="19" number="2">water</token>
  <token t_id="415" sentence="19" number="3">supplies</token>
  <token t_id="416" sentence="19" number="4">were</token>
  <token t_id="417" sentence="19" number="5">not</token>
  <token t_id="418" sentence="19" number="6">affected</token>
  <token t_id="419" sentence="19" number="7">,</token>
  <token t_id="420" sentence="19" number="8">"</token>
  <token t_id="421" sentence="19" number="9">said</token>
  <token t_id="422" sentence="19" number="10">Alireza</token>
  <token t_id="423" sentence="19" number="11">Khorshidzadeh</token>
  <token t_id="424" sentence="19" number="12">,</token>
  <token t_id="425" sentence="19" number="13">a</token>
  <token t_id="426" sentence="19" number="14">local</token>
  <token t_id="427" sentence="19" number="15">journalist</token>
  <token t_id="428" sentence="19" number="16">.</token>
  <token t_id="429" sentence="20" number="0">"People</token>
  <token t_id="430" sentence="20" number="1">poured</token>
  <token t_id="431" sentence="20" number="2">into</token>
  <token t_id="432" sentence="20" number="3">the</token>
  <token t_id="433" sentence="20" number="4">streets</token>
  <token t_id="434" sentence="20" number="5">,</token>
  <token t_id="435" sentence="20" number="6">fearing</token>
  <token t_id="436" sentence="20" number="7">aftershocks</token>
  <token t_id="437" sentence="20" number="8">.</token>
  <token t_id="438" sentence="20" number="9">"</token>
  <token t_id="439" sentence="21" number="0">In</token>
  <token t_id="440" sentence="21" number="1">Dubai</token>
  <token t_id="441" sentence="21" number="2">,</token>
  <token t_id="442" sentence="21" number="3">one</token>
  <token t_id="443" sentence="21" number="4">of</token>
  <token t_id="444" sentence="21" number="5">the</token>
  <token t_id="445" sentence="21" number="6">seven</token>
  <token t_id="446" sentence="21" number="7">emirates</token>
  <token t_id="447" sentence="21" number="8">of</token>
  <token t_id="448" sentence="21" number="9">the</token>
  <token t_id="449" sentence="21" number="10">UAE</token>
  <token t_id="450" sentence="21" number="11">,</token>
  <token t_id="451" sentence="21" number="12">several</token>
  <token t_id="452" sentence="21" number="13">buildings</token>
  <token t_id="453" sentence="21" number="14">in</token>
  <token t_id="454" sentence="21" number="15">the</token>
  <token t_id="455" sentence="21" number="16">skyscraper</token>
  <token t_id="456" sentence="21" number="17">-</token>
  <token t_id="457" sentence="21" number="18">lined</token>
  <token t_id="458" sentence="21" number="19">central</token>
  <token t_id="459" sentence="21" number="20">business</token>
  <token t_id="460" sentence="21" number="21">district</token>
  <token t_id="461" sentence="21" number="22">were</token>
  <token t_id="462" sentence="21" number="23">evacuated</token>
  <token t_id="463" sentence="21" number="24">.</token>
  <token t_id="464" sentence="22" number="0">They</token>
  <token t_id="465" sentence="22" number="1">included</token>
  <token t_id="466" sentence="22" number="2">the</token>
  <token t_id="467" sentence="22" number="3">twin</token>
  <token t_id="468" sentence="22" number="4">Emirates</token>
  <token t_id="469" sentence="22" number="5">Towers</token>
  <token t_id="470" sentence="22" number="6">,</token>
  <token t_id="471" sentence="22" number="7">the</token>
  <token t_id="472" sentence="22" number="8">highest</token>
  <token t_id="473" sentence="22" number="9">buildings</token>
  <token t_id="474" sentence="22" number="10">on</token>
  <token t_id="475" sentence="22" number="11">the</token>
  <token t_id="476" sentence="22" number="12">main</token>
  <token t_id="477" sentence="22" number="13">street</token>
  <token t_id="478" sentence="22" number="14">,</token>
  <token t_id="479" sentence="22" number="15">where</token>
  <token t_id="480" sentence="22" number="16">many</token>
  <token t_id="481" sentence="22" number="17">international</token>
  <token t_id="482" sentence="22" number="18">corporations</token>
  <token t_id="483" sentence="22" number="19">and</token>
  <token t_id="484" sentence="22" number="20">Dubai</token>
  <token t_id="485" sentence="22" number="21">government</token>
  <token t_id="486" sentence="22" number="22">institutions</token>
  <token t_id="487" sentence="22" number="23">have</token>
  <token t_id="488" sentence="22" number="24">offices</token>
  <token t_id="489" sentence="22" number="25">.</token>
  <token t_id="490" sentence="23" number="0">"It</token>
  <token t_id="491" sentence="23" number="1">lasted</token>
  <token t_id="492" sentence="23" number="2">around</token>
  <token t_id="493" sentence="23" number="3">30</token>
  <token t_id="494" sentence="23" number="4">seconds</token>
  <token t_id="495" sentence="23" number="5">or</token>
  <token t_id="496" sentence="23" number="6">so</token>
  <token t_id="497" sentence="23" number="7">—</token>
  <token t_id="498" sentence="23" number="8">you</token>
  <token t_id="499" sentence="23" number="9">could</token>
  <token t_id="500" sentence="23" number="10">feel</token>
  <token t_id="501" sentence="23" number="11">the</token>
  <token t_id="502" sentence="23" number="12">building</token>
  <token t_id="503" sentence="23" number="13">moving</token>
  <token t_id="504" sentence="23" number="14">and</token>
  <token t_id="505" sentence="23" number="15">the</token>
  <token t_id="506" sentence="23" number="16">coffee</token>
  <token t_id="507" sentence="23" number="17">cups</token>
  <token t_id="508" sentence="23" number="18">shaking</token>
  <token t_id="509" sentence="23" number="19">,</token>
  <token t_id="510" sentence="23" number="20">"</token>
  <token t_id="511" sentence="23" number="21">said</token>
  <token t_id="512" sentence="23" number="22">public</token>
  <token t_id="513" sentence="23" number="23">relations</token>
  <token t_id="514" sentence="23" number="24">executive</token>
  <token t_id="515" sentence="23" number="25">Bina</token>
  <token t_id="516" sentence="23" number="26">Mathews</token>
  <token t_id="517" sentence="23" number="27">.</token>
  <token t_id="518" sentence="24" number="0">Iran</token>
  <token t_id="519" sentence="24" number="1">is</token>
  <token t_id="520" sentence="24" number="2">located</token>
  <token t_id="521" sentence="24" number="3">on</token>
  <token t_id="522" sentence="24" number="4">a</token>
  <token t_id="523" sentence="24" number="5">number</token>
  <token t_id="524" sentence="24" number="6">of</token>
  <token t_id="525" sentence="24" number="7">seismic</token>
  <token t_id="526" sentence="24" number="8">fault</token>
  <token t_id="527" sentence="24" number="9">lines</token>
  <token t_id="528" sentence="24" number="10">and</token>
  <token t_id="529" sentence="24" number="11">,</token>
  <token t_id="530" sentence="24" number="12">on</token>
  <token t_id="531" sentence="24" number="13">average</token>
  <token t_id="532" sentence="24" number="14">,</token>
  <token t_id="533" sentence="24" number="15">experiences</token>
  <token t_id="534" sentence="24" number="16">at</token>
  <token t_id="535" sentence="24" number="17">least</token>
  <token t_id="536" sentence="24" number="18">one</token>
  <token t_id="537" sentence="24" number="19">slight</token>
  <token t_id="538" sentence="24" number="20">quake</token>
  <token t_id="539" sentence="24" number="21">every</token>
  <token t_id="540" sentence="24" number="22">day</token>
  <token t_id="541" sentence="24" number="23">.</token>
  <token t_id="542" sentence="25" number="0">The</token>
  <token t_id="543" sentence="25" number="1">last</token>
  <token t_id="544" sentence="25" number="2">major</token>
  <token t_id="545" sentence="25" number="3">quake</token>
  <token t_id="546" sentence="25" number="4">to</token>
  <token t_id="547" sentence="25" number="5">hit</token>
  <token t_id="548" sentence="25" number="6">southern</token>
  <token t_id="549" sentence="25" number="7">Iran</token>
  <token t_id="550" sentence="25" number="8">was</token>
  <token t_id="551" sentence="25" number="9">in</token>
  <token t_id="552" sentence="25" number="10">February</token>
  <token t_id="553" sentence="25" number="11">,</token>
  <token t_id="554" sentence="25" number="12">when</token>
  <token t_id="555" sentence="25" number="13">a</token>
  <token t_id="556" sentence="25" number="14">magnitude</token>
  <token t_id="557" sentence="25" number="15">-</token>
  <token t_id="558" sentence="25" number="16">6</token>
  <token t_id="559" sentence="25" number="17">.</token>
  <token t_id="560" sentence="25" number="18">4</token>
  <token t_id="561" sentence="25" number="19">temblor</token>
  <token t_id="562" sentence="25" number="20">rocked</token>
  <token t_id="563" sentence="25" number="21">Zarand</token>
  <token t_id="564" sentence="25" number="22">,</token>
  <token t_id="565" sentence="25" number="23">a</token>
  <token t_id="566" sentence="25" number="24">town</token>
  <token t_id="567" sentence="25" number="25">of</token>
  <token t_id="568" sentence="25" number="26">about</token>
  <token t_id="569" sentence="25" number="27">15</token>
  <token t_id="570" sentence="25" number="28">,</token>
  <token t_id="571" sentence="25" number="29">000</token>
  <token t_id="572" sentence="25" number="30">people</token>
  <token t_id="573" sentence="25" number="31">in</token>
  <token t_id="574" sentence="25" number="32">Kerman</token>
  <token t_id="575" sentence="25" number="33">province</token>
  <token t_id="576" sentence="25" number="34">602</token>
  <token t_id="577" sentence="25" number="35">miles</token>
  <token t_id="578" sentence="25" number="36">southeast</token>
  <token t_id="579" sentence="25" number="37">of</token>
  <token t_id="580" sentence="25" number="38">Tehran</token>
  <token t_id="581" sentence="25" number="39">.</token>
  <token t_id="582" sentence="26" number="0">It</token>
  <token t_id="583" sentence="26" number="1">killed</token>
  <token t_id="584" sentence="26" number="2">612</token>
  <token t_id="585" sentence="26" number="3">people</token>
  <token t_id="586" sentence="26" number="4">and</token>
  <token t_id="587" sentence="26" number="5">injured</token>
  <token t_id="588" sentence="26" number="6">more</token>
  <token t_id="589" sentence="26" number="7">than</token>
  <token t_id="590" sentence="26" number="8">1</token>
  <token t_id="591" sentence="26" number="9">,</token>
  <token t_id="592" sentence="26" number="10">400</token>
  <token t_id="593" sentence="26" number="11">,</token>
  <token t_id="594" sentence="26" number="12">leveling</token>
  <token t_id="595" sentence="26" number="13">several</token>
  <token t_id="596" sentence="26" number="14">villages</token>
  <token t_id="597" sentence="26" number="15">and</token>
  <token t_id="598" sentence="26" number="16">leaving</token>
  <token t_id="599" sentence="26" number="17">thousands</token>
  <token t_id="600" sentence="26" number="18">of</token>
  <token t_id="601" sentence="26" number="19">people</token>
  <token t_id="602" sentence="26" number="20">homeless</token>
  <token t_id="603" sentence="26" number="21">.</token>
  <Markables>
    <ACTION_CAUSATIVE m_id="1">
      <token_anchor t_id="211"/>
    </ACTION_CAUSATIVE>
    <ACTION_OCCURRENCE m_id="2" comment="" climaxEvent="FALSE">
      <token_anchor t_id="59"/>
    </ACTION_OCCURRENCE>
    <ACTION_OCCURRENCE m_id="3" comment="" climaxEvent="FALSE">
      <token_anchor t_id="67"/>
    </ACTION_OCCURRENCE>
    <ACTION_OCCURRENCE m_id="4" comment="" climaxEvent="FALSE">
      <token_anchor t_id="78"/>
    </ACTION_OCCURRENCE>
    <ACTION_OCCURRENCE m_id="5" comment="" climaxEvent="FALSE">
      <token_anchor t_id="261"/>
    </ACTION_OCCURRENCE>
    <ACTION_OCCURRENCE m_id="6" comment="" climaxEvent="FALSE">
      <token_anchor t_id="82"/>
    </ACTION_OCCURRENCE>
    <ACTION_OCCURRENCE m_id="7" comment="" climaxEvent="FALSE">
      <token_anchor t_id="170"/>
    </ACTION_OCCURRENCE>
    <ACTION_OCCURRENCE m_id="8" comment="" climaxEvent="FALSE">
      <token_anchor t_id="171"/>
    </ACTION_OCCURRENCE>
    <ACTION_OCCURRENCE m_id="9" comment="" climaxEvent="FALSE">
      <token_anchor t_id="201"/>
    </ACTION_OCCURRENCE>
    <ACTION_OCCURRENCE m_id="10" comment="" climaxEvent="FALSE">
      <token_anchor t_id="209"/>
    </ACTION_OCCURRENCE>
    <ACTION_OCCURRENCE m_id="11" climaxEvent="TRUE" comment="">
      <token_anchor t_id="49"/>
    </ACTION_OCCURRENCE>
    <ACTION_OCCURRENCE m_id="12" comment="" climaxEvent="FALSE">
      <token_anchor t_id="270"/>
    </ACTION_OCCURRENCE>
    <ACTION_OCCURRENCE m_id="13" comment="" climaxEvent="FALSE">
      <token_anchor t_id="50"/>
    </ACTION_OCCURRENCE>
    <ACTION_OCCURRENCE m_id="14" comment="" climaxEvent="FALSE">
      <token_anchor t_id="54"/>
    </ACTION_OCCURRENCE>
    <ACTION_OCCURRENCE m_id="15" comment="" climaxEvent="FALSE">
      <token_anchor t_id="244"/>
    </ACTION_OCCURRENCE>
    <ACTION_OCCURRENCE m_id="16" comment="" climaxEvent="FALSE">
      <token_anchor t_id="58"/>
    </ACTION_OCCURRENCE>
    <ACTION_REPORTING m_id="17">
      <token_anchor t_id="87"/>
    </ACTION_REPORTING>
    <ACTION_REPORTING m_id="18">
      <token_anchor t_id="168"/>
    </ACTION_REPORTING>
    <ACTION_REPORTING m_id="19">
      <token_anchor t_id="192"/>
    </ACTION_REPORTING>
    <ACTION_REPORTING m_id="20">
      <token_anchor t_id="263"/>
    </ACTION_REPORTING>
    <ACTION_REPORTING m_id="21">
      <token_anchor t_id="242"/>
    </ACTION_REPORTING>
    <ACTION_STATE m_id="22" climaxEvent="FALSE" comment="">
      <token_anchor t_id="213"/>
    </ACTION_STATE>
    <ACTION_STATE m_id="23" climaxEvent="FALSE" comment="">
      <token_anchor t_id="205"/>
      <token_anchor t_id="206"/>
      <token_anchor t_id="207"/>
      <token_anchor t_id="208"/>
    </ACTION_STATE>
    <ACTION_STATE m_id="24" climaxEvent="FALSE" comment="">
      <token_anchor t_id="197"/>
      <token_anchor t_id="198"/>
      <token_anchor t_id="199"/>
      <token_anchor t_id="200"/>
    </ACTION_STATE>
    <HUMAN_PART_ORG m_id="25">
      <token_anchor t_id="166"/>
      <token_anchor t_id="167"/>
    </HUMAN_PART_ORG>
    <HUMAN_PART_ORG m_id="26">
      <token_anchor t_id="180"/>
      <token_anchor t_id="181"/>
      <token_anchor t_id="182"/>
      <token_anchor t_id="183"/>
      <token_anchor t_id="184"/>
      <token_anchor t_id="185"/>
    </HUMAN_PART_ORG>
    <HUMAN_PART_ORG m_id="27">
      <token_anchor t_id="241"/>
    </HUMAN_PART_ORG>
    <HUMAN_PART_PER m_id="29" comment="">
      <token_anchor t_id="84"/>
    </HUMAN_PART_PER>
    <HUMAN_PART_PER m_id="30" comment="">
      <token_anchor t_id="86"/>
    </HUMAN_PART_PER>
    <HUMAN_PART_PER m_id="31" comment="">
      <token_anchor t_id="253"/>
      <token_anchor t_id="254"/>
    </HUMAN_PART_PER>
    <HUMAN_PART_PER m_id="28" comment="">
      <token_anchor t_id="256"/>
    </HUMAN_PART_PER>
    <LOC_GEO m_id="32" comment="">
      <token_anchor t_id="266"/>
      <token_anchor t_id="267"/>
      <token_anchor t_id="268"/>
    </LOC_GEO>
    <LOC_GEO m_id="33" comment="">
      <token_anchor t_id="258"/>
      <token_anchor t_id="259"/>
    </LOC_GEO>
    <LOC_GEO m_id="34" comment="">
      <token_anchor t_id="68"/>
      <token_anchor t_id="69"/>
      <token_anchor t_id="70"/>
      <token_anchor t_id="71"/>
      <token_anchor t_id="72"/>
      <token_anchor t_id="73"/>
      <token_anchor t_id="74"/>
    </LOC_GEO>
    <LOC_GEO m_id="35" comment="">
      <token_anchor t_id="186"/>
      <token_anchor t_id="187"/>
      <token_anchor t_id="188"/>
      <token_anchor t_id="189"/>
      <token_anchor t_id="190"/>
    </LOC_GEO>
    <LOC_GEO m_id="36" comment="">
      <token_anchor t_id="246"/>
      <token_anchor t_id="247"/>
      <token_anchor t_id="248"/>
      <token_anchor t_id="249"/>
      <token_anchor t_id="250"/>
      <token_anchor t_id="251"/>
    </LOC_GEO>
    <LOC_GEO m_id="37" comment="">
      <token_anchor t_id="51"/>
      <token_anchor t_id="52"/>
    </LOC_GEO>
    <LOC_GEO m_id="38" comment="">
      <token_anchor t_id="55"/>
      <token_anchor t_id="56"/>
    </LOC_GEO>
    <NON_HUMAN_PART m_id="39" comment="">
      <token_anchor t_id="80"/>
    </NON_HUMAN_PART>
    <NON_HUMAN_PART m_id="40" comment="">
      <token_anchor t_id="265"/>
    </NON_HUMAN_PART>
    <NON_HUMAN_PART m_id="44" comment="">
      <token_anchor t_id="63"/>
      <token_anchor t_id="64"/>
      <token_anchor t_id="65"/>
      <token_anchor t_id="66"/>
    </NON_HUMAN_PART>
    <NON_HUMAN_PART m_id="45" comment="">
      <token_anchor t_id="173"/>
      <token_anchor t_id="174"/>
      <token_anchor t_id="175"/>
      <token_anchor t_id="176"/>
    </NON_HUMAN_PART>
    <TIME_DATE m_id="41" comment="" DCT="FALSE" value="2005-11-27" anchorTimeID="42">
      <token_anchor t_id="75"/>
      <token_anchor t_id="76"/>
    </TIME_DATE>
    <TIME_OF_THE_DAY m_id="42" DCT="TRUE" value="2005-11-27T07:21" anchorTimeID="42">
      <token_anchor t_id="29"/>
      <token_anchor t_id="30"/>
      <token_anchor t_id="31"/>
      <token_anchor t_id="32"/>
      <token_anchor t_id="33"/>
      <token_anchor t_id="34"/>
      <token_anchor t_id="35"/>
      <token_anchor t_id="36"/>
      <token_anchor t_id="37"/>
    </TIME_OF_THE_DAY>
    <TIME_OF_THE_DAY m_id="43" value="" anchorTimeID="" DCT="FALSE">
      <token_anchor t_id="39"/>
      <token_anchor t_id="40"/>
      <token_anchor t_id="41"/>
      <token_anchor t_id="42"/>
      <token_anchor t_id="43"/>
      <token_anchor t_id="44"/>
      <token_anchor t_id="45"/>
      <token_anchor t_id="46"/>
      <token_anchor t_id="47"/>
    </TIME_OF_THE_DAY>
    <LOC_GEO m_id="46" RELATED_TO="" TAG_DESCRIPTOR="t20_hormozgan" comment=""/>
    <ACTION_OCCURRENCE m_id="47" RELATED_TO="" TAG_DESCRIPTOR="t20_damage" comment="" climaxEvent="FALSE"/>
    <HUMAN_PART_PER m_id="48" RELATED_TO="" TAG_DESCRIPTOR="t20_officials" comment=""/>
    <LOC_GEO m_id="49" RELATED_TO="" TAG_DESCRIPTOR="t20_southern_iran" comment=""/>
    <HUMAN_PART_PER m_id="50" RELATED_TO="" TAG_DESCRIPTOR="t20_people_killed" comment=""/>
    <ACTION_REPORTING m_id="51" RELATED_TO="" TAG_DESCRIPTOR="t20_officials_said"/>
    <ACTION_OCCURRENCE m_id="52" RELATED_TO="" TAG_DESCRIPTOR="t20_destroyed_villages" comment="" climaxEvent="FALSE"/>
    <HUMAN_PART_ORG m_id="53" RELATED_TO="" TAG_DESCRIPTOR="usgs"/>
    <HUMAN_PART_PER m_id="54" RELATED_TO="" TAG_DESCRIPTOR="dalman" comment=""/>
    <ACTION_OCCURRENCE m_id="55" RELATED_TO="" TAG_DESCRIPTOR="t20_earthquake" comment="" climaxEvent="FALSE"/>
    <NON_HUMAN_PART m_id="56" RELATED_TO="" TAG_DESCRIPTOR="t20_villages" comment=""/>
    <ACTION_OCCURRENCE m_id="57" RELATED_TO="" TAG_DESCRIPTOR="t20_struck" comment="" climaxEvent="FALSE"/>
    <ACTION_OCCURRENCE m_id="58" RELATED_TO="" TAG_DESCRIPTOR="t20_killed" comment="" climaxEvent="FALSE"/>
    <ACTION_OCCURRENCE m_id="59" RELATED_TO="" TAG_DESCRIPTOR="t20_felt" comment="" climaxEvent="FALSE"/>
    <TIME_DATE m_id="60" RELATED_TO="" TAG_DESCRIPTOR="t20_sunday" value="" anchorTimeID="" DCT="FALSE" comment=""/>
    <NON_HUMAN_PART m_id="61" RELATED_TO="" TAG_DESCRIPTOR="t20_magnitude_5_9" comment=""/>
  </Markables>
  <Relations>
    <TLINK r_id="104907" contextualModality="" relType="CONTAINS" comment="">
      <source m_id="42"/>
      <target m_id="11"/>
    </TLINK>
    <TLINK r_id="104908" contextualModality="" relType="CONTAINS" comment="">
      <source m_id="42"/>
      <target m_id="13"/>
    </TLINK>
    <TLINK r_id="104909" contextualModality="" relType="CONTAINS" comment="">
      <source m_id="42"/>
      <target m_id="14"/>
    </TLINK>
    <TLINK r_id="104910" contextualModality="" relType="CONTAINS" comment="">
      <source m_id="42"/>
      <target m_id="16"/>
    </TLINK>
    <TLINK r_id="104911" contextualModality="" relType="CONTAINS" comment="">
      <source m_id="42"/>
      <target m_id="3"/>
    </TLINK>
    <TLINK r_id="104912" contextualModality="" relType="CONTAINS" comment="">
      <source m_id="42"/>
      <target m_id="4"/>
    </TLINK>
    <TLINK r_id="104913" contextualModality="" relType="CONTAINS" comment="">
      <source m_id="42"/>
      <target m_id="6"/>
    </TLINK>
    <TLINK r_id="104914" contextualModality="" relType="CONTAINS" comment="">
      <source m_id="42"/>
      <target m_id="7"/>
    </TLINK>
    <TLINK r_id="104915" contextualModality="" relType="CONTAINS" comment="">
      <source m_id="42"/>
      <target m_id="9"/>
    </TLINK>
    <TLINK r_id="104916" contextualModality="" relType="CONTAINS" comment="">
      <source m_id="42"/>
      <target m_id="10"/>
    </TLINK>
    <TLINK r_id="104917" contextualModality="" relType="CONTAINS" comment="">
      <source m_id="42"/>
      <target m_id="22"/>
    </TLINK>
    <TLINK r_id="104920" contextualModality="" relType="CONTAINS" comment="">
      <source m_id="42"/>
      <target m_id="12"/>
    </TLINK>
    <TLINK r_id="104921" contextualModality="" relType="CONTAINS" comment="">
      <source m_id="41"/>
      <target m_id="11"/>
    </TLINK>
    <TLINK r_id="104922" contextualModality="" relType="CONTAINS" comment="">
      <source m_id="41"/>
      <target m_id="13"/>
    </TLINK>
    <TLINK r_id="104923" contextualModality="" relType="CONTAINS" comment="">
      <source m_id="41"/>
      <target m_id="14"/>
    </TLINK>
    <TLINK r_id="104924" contextualModality="" relType="CONTAINS" comment="">
      <source m_id="41"/>
      <target m_id="16"/>
    </TLINK>
    <TLINK r_id="104926" contextualModality="" relType="CONTAINS" comment="">
      <source m_id="41"/>
      <target m_id="3"/>
    </TLINK>
    <TLINK r_id="104927" contextualModality="" relType="CONTAINS" comment="">
      <source m_id="41"/>
      <target m_id="4"/>
    </TLINK>
    <TLINK r_id="104928" contextualModality="" relType="CONTAINS" comment="">
      <source m_id="41"/>
      <target m_id="6"/>
    </TLINK>
    <TLINK r_id="104929" contextualModality="" relType="CONTAINS" comment="">
      <source m_id="41"/>
      <target m_id="7"/>
    </TLINK>
    <TLINK r_id="104930" contextualModality="" relType="CONTAINS" comment="">
      <source m_id="41"/>
      <target m_id="9"/>
    </TLINK>
    <TLINK r_id="104932" contextualModality="" relType="CONTAINS" comment="">
      <source m_id="41"/>
      <target m_id="22"/>
    </TLINK>
    <TLINK r_id="104933" contextualModality="" relType="CONTAINS" comment="">
      <source m_id="41"/>
      <target m_id="15"/>
    </TLINK>
    <TLINK r_id="104935" contextualModality="" relType="CONTAINS" comment="">
      <source m_id="41"/>
      <target m_id="12"/>
    </TLINK>
    <PLOT_LINK r_id="104936" SIGNAL="" relType="PRECONDITION" CAUSES="FALSE" CAUSED_BY="FALSE">
      <source m_id="11"/>
      <target m_id="14"/>
    </PLOT_LINK>
    <PLOT_LINK r_id="104937" SIGNAL="" relType="PRECONDITION" CAUSES="FALSE" CAUSED_BY="FALSE">
      <source m_id="16"/>
      <target m_id="3"/>
    </PLOT_LINK>
    <PLOT_LINK r_id="104938" SIGNAL="" relType="PRECONDITION" CAUSES="FALSE" CAUSED_BY="FALSE">
      <source m_id="16"/>
      <target m_id="4"/>
    </PLOT_LINK>
    <PLOT_LINK r_id="104939" SIGNAL="" relType="PRECONDITION" CAUSES="FALSE" CAUSED_BY="FALSE">
      <source m_id="16"/>
      <target m_id="6"/>
    </PLOT_LINK>
    <PLOT_LINK r_id="104940" SIGNAL="1" relType="PRECONDITION" CAUSES="TRUE" CAUSED_BY="FALSE">
      <source m_id="10"/>
      <target m_id="22"/>
    </PLOT_LINK>
    <PLOT_LINK r_id="104941" SIGNAL="" relType="PRECONDITION" CAUSES="FALSE" CAUSED_BY="FALSE">
      <source m_id="9"/>
      <target m_id="22"/>
    </PLOT_LINK>
    <PLOT_LINK r_id="104942" SIGNAL="" relType="PRECONDITION" CAUSES="FALSE" CAUSED_BY="FALSE">
      <source m_id="15"/>
      <target m_id="12"/>
    </PLOT_LINK>
  </Relations>
</Document>
