<?xml version='1.0' encoding='UTF-8'?>
<Document doc_name="33_1ecbplus.xml">
  <token t_id="1" sentence="0" number="0">http</token>
  <token t_id="2" sentence="0" number="1">:</token>
  <token t_id="3" sentence="0" number="2">/</token>
  <token t_id="4" sentence="0" number="3">/</token>
  <token t_id="5" sentence="0" number="4">newsone</token>
  <token t_id="6" sentence="0" number="5">.</token>
  <token t_id="7" sentence="0" number="6">com</token>
  <token t_id="8" sentence="0" number="7">/</token>
  <token t_id="9" sentence="0" number="8">2376991</token>
  <token t_id="10" sentence="0" number="9">/</token>
  <token t_id="11" sentence="0" number="10">zurana</token>
  <token t_id="12" sentence="0" number="11">-</token>
  <token t_id="13" sentence="0" number="12">hurton</token>
  <token t_id="14" sentence="0" number="13">-</token>
  <token t_id="15" sentence="0" number="14">13</token>
  <token t_id="16" sentence="0" number="15">-</token>
  <token t_id="17" sentence="0" number="16">children</token>
  <token t_id="18" sentence="0" number="17">/</token>
  <token t_id="19" sentence="1" number="0">Footage</token>
  <token t_id="20" sentence="1" number="1">Of</token>
  <token t_id="21" sentence="1" number="2">Brooklyn</token>
  <token t_id="22" sentence="1" number="3">Mother's</token>
  <token t_id="23" sentence="1" number="4">Fatal</token>
  <token t_id="24" sentence="1" number="5">Shooting</token>
  <token t_id="25" sentence="1" number="6">Released</token>
  <token t_id="26" sentence="1" number="7">During</token>
  <token t_id="27" sentence="1" number="8">Trial</token>
  <token t_id="28" sentence="2" number="0">Apr</token>
  <token t_id="29" sentence="2" number="1">12</token>
  <token t_id="30" sentence="2" number="2">,</token>
  <token t_id="31" sentence="2" number="3">2013</token>
  <token t_id="32" sentence="3" number="0">Video</token>
  <token t_id="33" sentence="3" number="1">of</token>
  <token t_id="34" sentence="3" number="2">Brooklyn</token>
  <token t_id="35" sentence="3" number="3">Mother</token>
  <token t_id="36" sentence="3" number="4">of</token>
  <token t_id="37" sentence="3" number="5">13</token>
  <token t_id="38" sentence="3" number="6">Zurana</token>
  <token t_id="39" sentence="3" number="7">Horton</token>
  <token t_id="40" sentence="3" number="8">shot</token>
  <token t_id="41" sentence="3" number="9">and</token>
  <token t_id="42" sentence="3" number="10">killed</token>
  <token t_id="43" sentence="3" number="11">in</token>
  <token t_id="44" sentence="3" number="12">a</token>
  <token t_id="45" sentence="3" number="13">gang</token>
  <token t_id="46" sentence="3" number="14">shooting</token>
  <token t_id="47" sentence="3" number="15">was</token>
  <token t_id="48" sentence="3" number="16">revealed</token>
  <token t_id="49" sentence="3" number="17">Thursday</token>
  <token t_id="50" sentence="3" number="18">,</token>
  <token t_id="51" sentence="3" number="19">according</token>
  <token t_id="52" sentence="3" number="20">to</token>
  <token t_id="53" sentence="3" number="21">the</token>
  <token t_id="54" sentence="3" number="22">N</token>
  <token t_id="55" sentence="3" number="23">.</token>
  <token t_id="56" sentence="3" number="24">Y</token>
  <token t_id="57" sentence="3" number="25">.</token>
  <token t_id="58" sentence="3" number="26">Daily</token>
  <token t_id="59" sentence="3" number="27">News</token>
  <token t_id="60" sentence="3" number="28">.</token>
  <token t_id="61" sentence="4" number="0">The</token>
  <token t_id="62" sentence="4" number="1">footage</token>
  <token t_id="63" sentence="4" number="2">shows</token>
  <token t_id="64" sentence="4" number="3">34</token>
  <token t_id="65" sentence="4" number="4">-</token>
  <token t_id="66" sentence="4" number="5">year</token>
  <token t_id="67" sentence="4" number="6">-</token>
  <token t_id="68" sentence="4" number="7">old</token>
  <token t_id="69" sentence="4" number="8">Horton</token>
  <token t_id="70" sentence="4" number="9">(</token>
  <token t_id="71" sentence="4" number="10">pictured</token>
  <token t_id="72" sentence="4" number="11">)</token>
  <token t_id="73" sentence="4" number="12">picking</token>
  <token t_id="74" sentence="4" number="13">up</token>
  <token t_id="75" sentence="4" number="14">her</token>
  <token t_id="76" sentence="4" number="15">daughter</token>
  <token t_id="77" sentence="4" number="16">from</token>
  <token t_id="78" sentence="4" number="17">school</token>
  <token t_id="79" sentence="4" number="18">on</token>
  <token t_id="80" sentence="4" number="19">October</token>
  <token t_id="81" sentence="4" number="20">21</token>
  <token t_id="82" sentence="4" number="21">,</token>
  <token t_id="83" sentence="4" number="22">2011</token>
  <token t_id="84" sentence="4" number="23">,</token>
  <token t_id="85" sentence="4" number="24">in</token>
  <token t_id="86" sentence="4" number="25">Brooklyn's</token>
  <token t_id="87" sentence="4" number="26">Brownsville</token>
  <token t_id="88" sentence="4" number="27">section</token>
  <token t_id="89" sentence="4" number="28">.</token>
  <token t_id="90" sentence="5" number="0">Around</token>
  <token t_id="91" sentence="5" number="1">2</token>
  <token t_id="92" sentence="5" number="2">:</token>
  <token t_id="93" sentence="5" number="3">18</token>
  <token t_id="94" sentence="5" number="4">p</token>
  <token t_id="95" sentence="5" number="5">.</token>
  <token t_id="96" sentence="5" number="6">m</token>
  <token t_id="97" sentence="5" number="7">.</token>
  <token t_id="98" sentence="5" number="8">,</token>
  <token t_id="99" sentence="5" number="9">Horton</token>
  <token t_id="100" sentence="5" number="10">and</token>
  <token t_id="101" sentence="5" number="11">two</token>
  <token t_id="102" sentence="5" number="12">other</token>
  <token t_id="103" sentence="5" number="13">Moms</token>
  <token t_id="104" sentence="5" number="14">are</token>
  <token t_id="105" sentence="5" number="15">seen</token>
  <token t_id="106" sentence="5" number="16">waiting</token>
  <token t_id="107" sentence="5" number="17">at</token>
  <token t_id="108" sentence="5" number="18">an</token>
  <token t_id="109" sentence="5" number="19">intersection</token>
  <token t_id="110" sentence="5" number="20">as</token>
  <token t_id="111" sentence="5" number="21">a</token>
  <token t_id="112" sentence="5" number="22">yellow</token>
  <token t_id="113" sentence="5" number="23">bus</token>
  <token t_id="114" sentence="5" number="24">pulls</token>
  <token t_id="115" sentence="5" number="25">up</token>
  <token t_id="116" sentence="5" number="26">to</token>
  <token t_id="117" sentence="5" number="27">the</token>
  <token t_id="118" sentence="5" number="28">curb</token>
  <token t_id="119" sentence="5" number="29">.</token>
  <token t_id="120" sentence="6" number="0">The</token>
  <token t_id="121" sentence="6" number="1">shooting</token>
  <token t_id="122" sentence="6" number="2">then</token>
  <token t_id="123" sentence="6" number="3">breaks</token>
  <token t_id="124" sentence="6" number="4">out</token>
  <token t_id="125" sentence="6" number="5">,</token>
  <token t_id="126" sentence="6" number="6">with</token>
  <token t_id="127" sentence="6" number="7">Horton</token>
  <token t_id="128" sentence="6" number="8">pushing</token>
  <token t_id="129" sentence="6" number="9">a</token>
  <token t_id="130" sentence="6" number="10">child</token>
  <token t_id="131" sentence="6" number="11">out</token>
  <token t_id="132" sentence="6" number="12">of</token>
  <token t_id="133" sentence="6" number="13">the</token>
  <token t_id="134" sentence="6" number="14">way</token>
  <token t_id="135" sentence="6" number="15">to</token>
  <token t_id="136" sentence="6" number="16">take</token>
  <token t_id="137" sentence="6" number="17">a</token>
  <token t_id="138" sentence="6" number="18">bullet</token>
  <token t_id="139" sentence="6" number="19">.</token>
  <token t_id="140" sentence="7" number="0">She</token>
  <token t_id="141" sentence="7" number="1">then</token>
  <token t_id="142" sentence="7" number="2">grips</token>
  <token t_id="143" sentence="7" number="3">her</token>
  <token t_id="144" sentence="7" number="4">chest</token>
  <token t_id="145" sentence="7" number="5">and</token>
  <token t_id="146" sentence="7" number="6">collapses</token>
  <token t_id="147" sentence="7" number="7">to</token>
  <token t_id="148" sentence="7" number="8">the</token>
  <token t_id="149" sentence="7" number="9">ground</token>
  <token t_id="150" sentence="7" number="10">.</token>
  <token t_id="151" sentence="8" number="0">Prosecutors</token>
  <token t_id="152" sentence="8" number="1">showed</token>
  <token t_id="153" sentence="8" number="2">the</token>
  <token t_id="154" sentence="8" number="3">tragic</token>
  <token t_id="155" sentence="8" number="4">footage</token>
  <token t_id="156" sentence="8" number="5">at</token>
  <token t_id="157" sentence="8" number="6">the</token>
  <token t_id="158" sentence="8" number="7">trial</token>
  <token t_id="159" sentence="8" number="8">of</token>
  <token t_id="160" sentence="8" number="9">the</token>
  <token t_id="161" sentence="8" number="10">two</token>
  <token t_id="162" sentence="8" number="11">youths</token>
  <token t_id="163" sentence="8" number="12">charged</token>
  <token t_id="164" sentence="8" number="13">with</token>
  <token t_id="165" sentence="8" number="14">murdering</token>
  <token t_id="166" sentence="8" number="15">Horton</token>
  <token t_id="167" sentence="8" number="16">.</token>
  <token t_id="168" sentence="9" number="0">Twenty</token>
  <token t_id="169" sentence="9" number="1">-</token>
  <token t_id="170" sentence="9" number="2">year</token>
  <token t_id="171" sentence="9" number="3">-</token>
  <token t_id="172" sentence="9" number="4">old</token>
  <token t_id="173" sentence="9" number="5">Andrew</token>
  <token t_id="174" sentence="9" number="6">Lopez</token>
  <token t_id="175" sentence="9" number="7">has</token>
  <token t_id="176" sentence="9" number="8">been</token>
  <token t_id="177" sentence="9" number="9">accused</token>
  <token t_id="178" sentence="9" number="10">of</token>
  <token t_id="179" sentence="9" number="11">carelessly</token>
  <token t_id="180" sentence="9" number="12">firing</token>
  <token t_id="181" sentence="9" number="13">at</token>
  <token t_id="182" sentence="9" number="14">rival</token>
  <token t_id="183" sentence="9" number="15">gang</token>
  <token t_id="184" sentence="9" number="16">members</token>
  <token t_id="185" sentence="9" number="17">from</token>
  <token t_id="186" sentence="9" number="18">a</token>
  <token t_id="187" sentence="9" number="19">rooftop</token>
  <token t_id="188" sentence="9" number="20">.</token>
  <token t_id="189" sentence="10" number="0">Half</token>
  <token t_id="190" sentence="10" number="1">-</token>
  <token t_id="191" sentence="10" number="2">brother</token>
  <token t_id="192" sentence="10" number="3">Jonathan</token>
  <token t_id="193" sentence="10" number="4">Carrasquillo</token>
  <token t_id="194" sentence="10" number="5">is</token>
  <token t_id="195" sentence="10" number="6">suspected</token>
  <token t_id="196" sentence="10" number="7">of</token>
  <token t_id="197" sentence="10" number="8">having</token>
  <token t_id="198" sentence="10" number="9">directed</token>
  <token t_id="199" sentence="10" number="10">Lopez</token>
  <token t_id="200" sentence="10" number="11">to</token>
  <token t_id="201" sentence="10" number="12">kill</token>
  <token t_id="202" sentence="10" number="13">their</token>
  <token t_id="203" sentence="10" number="14">enemies</token>
  <token t_id="204" sentence="10" number="15">.</token>
  <token t_id="205" sentence="11" number="0">Both</token>
  <token t_id="206" sentence="11" number="1">are</token>
  <token t_id="207" sentence="11" number="2">charged</token>
  <token t_id="208" sentence="11" number="3">with</token>
  <token t_id="209" sentence="11" number="4">murder</token>
  <token t_id="210" sentence="11" number="5">,</token>
  <token t_id="211" sentence="11" number="6">with</token>
  <token t_id="212" sentence="11" number="7">Lopez</token>
  <token t_id="213" sentence="11" number="8">standing</token>
  <token t_id="214" sentence="11" number="9">accused</token>
  <token t_id="215" sentence="11" number="10">of</token>
  <token t_id="216" sentence="11" number="11">letting</token>
  <token t_id="217" sentence="11" number="12">off</token>
  <token t_id="218" sentence="11" number="13">13</token>
  <token t_id="219" sentence="11" number="14">shots</token>
  <token t_id="220" sentence="11" number="15">in</token>
  <token t_id="221" sentence="11" number="16">Horton's</token>
  <token t_id="222" sentence="11" number="17">death</token>
  <token t_id="223" sentence="11" number="18">.</token>
  <token t_id="224" sentence="12" number="0">One</token>
  <token t_id="225" sentence="12" number="1">of</token>
  <token t_id="226" sentence="12" number="2">the</token>
  <token t_id="227" sentence="12" number="3">two</token>
  <token t_id="228" sentence="12" number="4">Mothers</token>
  <token t_id="229" sentence="12" number="5">with</token>
  <token t_id="230" sentence="12" number="6">Horton</token>
  <token t_id="231" sentence="12" number="7">that</token>
  <token t_id="232" sentence="12" number="8">day</token>
  <token t_id="233" sentence="12" number="9">testified</token>
  <token t_id="234" sentence="12" number="10">at</token>
  <token t_id="235" sentence="12" number="11">the</token>
  <token t_id="236" sentence="12" number="12">trial</token>
  <token t_id="237" sentence="12" number="13">.</token>
  <token t_id="238" sentence="13" number="0">"I</token>
  <token t_id="239" sentence="13" number="1">saw</token>
  <token t_id="240" sentence="13" number="2">her</token>
  <token t_id="241" sentence="13" number="3">fall</token>
  <token t_id="242" sentence="13" number="4">back</token>
  <token t_id="243" sentence="13" number="5">.</token>
  <token t_id="244" sentence="13" number="6">.</token>
  <token t_id="245" sentence="13" number="7">.</token>
  <token t_id="246" sentence="14" number="0">I</token>
  <token t_id="247" sentence="14" number="1">saw</token>
  <token t_id="248" sentence="14" number="2">blood</token>
  <token t_id="249" sentence="14" number="3">coming</token>
  <token t_id="250" sentence="14" number="4">from</token>
  <token t_id="251" sentence="14" number="5">her</token>
  <token t_id="252" sentence="14" number="6">,</token>
  <token t_id="253" sentence="14" number="7">"</token>
  <token t_id="254" sentence="14" number="8">said</token>
  <token t_id="255" sentence="14" number="9">Unique</token>
  <token t_id="256" sentence="14" number="10">Armstead</token>
  <token t_id="257" sentence="14" number="11">,</token>
  <token t_id="258" sentence="14" number="12">who</token>
  <token t_id="259" sentence="14" number="13">is</token>
  <token t_id="260" sentence="14" number="14">seen</token>
  <token t_id="261" sentence="14" number="15">in</token>
  <token t_id="262" sentence="14" number="16">the</token>
  <token t_id="263" sentence="14" number="17">video</token>
  <token t_id="264" sentence="14" number="18">covering</token>
  <token t_id="265" sentence="14" number="19">her</token>
  <token t_id="266" sentence="14" number="20">son</token>
  <token t_id="267" sentence="14" number="21">with</token>
  <token t_id="268" sentence="14" number="22">her</token>
  <token t_id="269" sentence="14" number="23">body</token>
  <token t_id="270" sentence="14" number="24">as</token>
  <token t_id="271" sentence="14" number="25">the</token>
  <token t_id="272" sentence="14" number="26">shooting</token>
  <token t_id="273" sentence="14" number="27">began</token>
  <token t_id="274" sentence="14" number="28">.</token>
  <token t_id="275" sentence="15" number="0">Armstead</token>
  <token t_id="276" sentence="15" number="1">sustained</token>
  <token t_id="277" sentence="15" number="2">a</token>
  <token t_id="278" sentence="15" number="3">gunshot</token>
  <token t_id="279" sentence="15" number="4">wound</token>
  <token t_id="280" sentence="15" number="5">to</token>
  <token t_id="281" sentence="15" number="6">her</token>
  <token t_id="282" sentence="15" number="7">left</token>
  <token t_id="283" sentence="15" number="8">arm</token>
  <token t_id="284" sentence="15" number="9">.</token>
  <token t_id="285" sentence="16" number="0">Armstead</token>
  <token t_id="286" sentence="16" number="1">said</token>
  <token t_id="287" sentence="16" number="2">she</token>
  <token t_id="288" sentence="16" number="3">heard</token>
  <token t_id="289" sentence="16" number="4">someone</token>
  <token t_id="290" sentence="16" number="5">say</token>
  <token t_id="291" sentence="16" number="6">,</token>
  <token t_id="292" sentence="16" number="7">"He</token>
  <token t_id="293" sentence="16" number="8">has</token>
  <token t_id="294" sentence="16" number="9">a</token>
  <token t_id="295" sentence="16" number="10">gun</token>
  <token t_id="296" sentence="16" number="11">,</token>
  <token t_id="297" sentence="16" number="12">"</token>
  <token t_id="298" sentence="16" number="13">prompting</token>
  <token t_id="299" sentence="16" number="14">her</token>
  <token t_id="300" sentence="16" number="15">to</token>
  <token t_id="301" sentence="16" number="16">take</token>
  <token t_id="302" sentence="16" number="17">her</token>
  <token t_id="303" sentence="16" number="18">son</token>
  <token t_id="304" sentence="16" number="19">inside</token>
  <token t_id="305" sentence="16" number="20">a</token>
  <token t_id="306" sentence="16" number="21">nearby</token>
  <token t_id="307" sentence="16" number="22">corner</token>
  <token t_id="308" sentence="16" number="23">bodega</token>
  <token t_id="309" sentence="16" number="24">for</token>
  <token t_id="310" sentence="16" number="25">safety</token>
  <token t_id="311" sentence="16" number="26">.</token>
  <token t_id="312" sentence="17" number="0">When</token>
  <token t_id="313" sentence="17" number="1">the</token>
  <token t_id="314" sentence="17" number="2">coast</token>
  <token t_id="315" sentence="17" number="3">seemed</token>
  <token t_id="316" sentence="17" number="4">clear</token>
  <token t_id="317" sentence="17" number="5">,</token>
  <token t_id="318" sentence="17" number="6">they</token>
  <token t_id="319" sentence="17" number="7">reportedly</token>
  <token t_id="320" sentence="17" number="8">went</token>
  <token t_id="321" sentence="17" number="9">back</token>
  <token t_id="322" sentence="17" number="10">out</token>
  <token t_id="323" sentence="17" number="11">,</token>
  <token t_id="324" sentence="17" number="12">which</token>
  <token t_id="325" sentence="17" number="13">is</token>
  <token t_id="326" sentence="17" number="14">when</token>
  <token t_id="327" sentence="17" number="15">the</token>
  <token t_id="328" sentence="17" number="16">shots</token>
  <token t_id="329" sentence="17" number="17">began</token>
  <token t_id="330" sentence="17" number="18">.</token>
  <token t_id="331" sentence="18" number="0">"I</token>
  <token t_id="332" sentence="18" number="1">thought</token>
  <token t_id="333" sentence="18" number="2">it</token>
  <token t_id="334" sentence="18" number="3">was</token>
  <token t_id="335" sentence="18" number="4">a</token>
  <token t_id="336" sentence="18" number="5">brick</token>
  <token t_id="337" sentence="18" number="6">but</token>
  <token t_id="338" sentence="18" number="7">it</token>
  <token t_id="339" sentence="18" number="8">was</token>
  <token t_id="340" sentence="18" number="9">a</token>
  <token t_id="341" sentence="18" number="10">bullet</token>
  <token t_id="342" sentence="18" number="11">,</token>
  <token t_id="343" sentence="18" number="12">"</token>
  <token t_id="344" sentence="18" number="13">Armstead</token>
  <token t_id="345" sentence="18" number="14">said</token>
  <token t_id="346" sentence="18" number="15">.</token>
  <token t_id="347" sentence="19" number="0">"I</token>
  <token t_id="348" sentence="19" number="1">told</token>
  <token t_id="349" sentence="19" number="2">my</token>
  <token t_id="350" sentence="19" number="3">son</token>
  <token t_id="351" sentence="19" number="4">,</token>
  <token t_id="352" sentence="19" number="5">I</token>
  <token t_id="353" sentence="19" number="6">think</token>
  <token t_id="354" sentence="19" number="7">I'm</token>
  <token t_id="355" sentence="19" number="8">shot</token>
  <token t_id="356" sentence="19" number="9">.</token>
  <token t_id="357" sentence="19" number="10">"</token>
  <token t_id="358" sentence="20" number="0">The</token>
  <token t_id="359" sentence="20" number="1">trial</token>
  <token t_id="360" sentence="20" number="2">is</token>
  <token t_id="361" sentence="20" number="3">scheduled</token>
  <token t_id="362" sentence="20" number="4">to</token>
  <token t_id="363" sentence="20" number="5">resume</token>
  <token t_id="364" sentence="20" number="6">Monday</token>
  <token t_id="365" sentence="20" number="7">,</token>
  <token t_id="366" sentence="20" number="8">with</token>
  <token t_id="367" sentence="20" number="9">testimony</token>
  <token t_id="368" sentence="20" number="10">from</token>
  <token t_id="369" sentence="20" number="11">a</token>
  <token t_id="370" sentence="20" number="12">man</token>
  <token t_id="371" sentence="20" number="13">who</token>
  <token t_id="372" sentence="20" number="14">claims</token>
  <token t_id="373" sentence="20" number="15">Lopez's</token>
  <token t_id="374" sentence="20" number="16">brother</token>
  <token t_id="375" sentence="20" number="17">threatened</token>
  <token t_id="376" sentence="20" number="18">to</token>
  <token t_id="377" sentence="20" number="19">kill</token>
  <token t_id="378" sentence="20" number="20">him</token>
  <token t_id="379" sentence="20" number="21">;</token>
  <token t_id="380" sentence="20" number="22">he</token>
  <token t_id="381" sentence="20" number="23">is</token>
  <token t_id="382" sentence="20" number="24">reportedly</token>
  <token t_id="383" sentence="20" number="25">scared</token>
  <token t_id="384" sentence="20" number="26">to</token>
  <token t_id="385" sentence="20" number="27">take</token>
  <token t_id="386" sentence="20" number="28">the</token>
  <token t_id="387" sentence="20" number="29">stand</token>
  <token t_id="388" sentence="20" number="30">.</token>
  <token t_id="389" sentence="21" number="0">"The</token>
  <token t_id="390" sentence="21" number="1">man</token>
  <token t_id="391" sentence="21" number="2">is</token>
  <token t_id="392" sentence="21" number="3">petrified</token>
  <token t_id="393" sentence="21" number="4">,</token>
  <token t_id="394" sentence="21" number="5">"</token>
  <token t_id="395" sentence="21" number="6">Judge</token>
  <token t_id="396" sentence="21" number="7">Vincent</token>
  <token t_id="397" sentence="21" number="8">DelGiudice</token>
  <token t_id="398" sentence="21" number="9">said</token>
  <token t_id="399" sentence="21" number="10">.</token>
  <token t_id="400" sentence="22" number="0">"The</token>
  <token t_id="401" sentence="22" number="1">man</token>
  <token t_id="402" sentence="22" number="2">is</token>
  <token t_id="403" sentence="22" number="3">an</token>
  <token t_id="404" sentence="22" number="4">emotional</token>
  <token t_id="405" sentence="22" number="5">wreck</token>
  <token t_id="406" sentence="22" number="6">.</token>
  <token t_id="407" sentence="22" number="7">"</token>
  <Markables>
    <ACTION_ASPECTUAL m_id="1" comment="">
      <token_anchor t_id="363"/>
    </ACTION_ASPECTUAL>
    <ACTION_CAUSATIVE m_id="2">
      <token_anchor t_id="198"/>
    </ACTION_CAUSATIVE>
    <ACTION_OCCURRENCE m_id="29" comment="" climaxEvent="FALSE">
      <token_anchor t_id="359"/>
    </ACTION_OCCURRENCE>
    <ACTION_OCCURRENCE m_id="30" climaxEvent="TRUE" comment="">
      <token_anchor t_id="27"/>
    </ACTION_OCCURRENCE>
    <ACTION_OCCURRENCE m_id="31" comment="" climaxEvent="FALSE">
      <token_anchor t_id="361"/>
    </ACTION_OCCURRENCE>
    <ACTION_OCCURRENCE m_id="32" climaxEvent="TRUE" comment="">
      <token_anchor t_id="25"/>
    </ACTION_OCCURRENCE>
    <ACTION_OCCURRENCE m_id="33" comment="" climaxEvent="FALSE">
      <token_anchor t_id="23"/>
      <token_anchor t_id="24"/>
    </ACTION_OCCURRENCE>
    <ACTION_OCCURRENCE m_id="34" comment="" climaxEvent="FALSE">
      <token_anchor t_id="372"/>
    </ACTION_OCCURRENCE>
    <ACTION_OCCURRENCE m_id="35" comment="" climaxEvent="FALSE">
      <token_anchor t_id="40"/>
    </ACTION_OCCURRENCE>
    <ACTION_OCCURRENCE m_id="3" comment="" climaxEvent="FALSE">
      <token_anchor t_id="63"/>
    </ACTION_OCCURRENCE>
    <ACTION_OCCURRENCE m_id="36" comment="" climaxEvent="FALSE">
      <token_anchor t_id="375"/>
    </ACTION_OCCURRENCE>
    <ACTION_OCCURRENCE m_id="4" comment="" climaxEvent="FALSE">
      <token_anchor t_id="73"/>
      <token_anchor t_id="74"/>
    </ACTION_OCCURRENCE>
    <ACTION_OCCURRENCE m_id="37" comment="" climaxEvent="FALSE">
      <token_anchor t_id="42"/>
    </ACTION_OCCURRENCE>
    <ACTION_OCCURRENCE m_id="5" comment="" climaxEvent="FALSE">
      <token_anchor t_id="106"/>
    </ACTION_OCCURRENCE>
    <ACTION_OCCURRENCE m_id="38" comment="" climaxEvent="FALSE">
      <token_anchor t_id="377"/>
    </ACTION_OCCURRENCE>
    <ACTION_OCCURRENCE m_id="6" comment="" climaxEvent="FALSE">
      <token_anchor t_id="114"/>
      <token_anchor t_id="115"/>
      <token_anchor t_id="116"/>
    </ACTION_OCCURRENCE>
    <ACTION_OCCURRENCE m_id="39" comment="" climaxEvent="FALSE">
      <token_anchor t_id="46"/>
    </ACTION_OCCURRENCE>
    <ACTION_OCCURRENCE m_id="7" comment="" climaxEvent="FALSE">
      <token_anchor t_id="123"/>
      <token_anchor t_id="124"/>
    </ACTION_OCCURRENCE>
    <ACTION_OCCURRENCE m_id="40" comment="" climaxEvent="FALSE">
      <token_anchor t_id="48"/>
    </ACTION_OCCURRENCE>
    <ACTION_OCCURRENCE m_id="8" comment="" climaxEvent="FALSE">
      <token_anchor t_id="128"/>
    </ACTION_OCCURRENCE>
    <ACTION_OCCURRENCE m_id="9" comment="" climaxEvent="FALSE">
      <token_anchor t_id="136"/>
    </ACTION_OCCURRENCE>
    <ACTION_OCCURRENCE m_id="41" comment="" climaxEvent="FALSE">
      <token_anchor t_id="385"/>
      <token_anchor t_id="386"/>
      <token_anchor t_id="387"/>
    </ACTION_OCCURRENCE>
    <ACTION_OCCURRENCE m_id="10" comment="" climaxEvent="FALSE">
      <token_anchor t_id="142"/>
    </ACTION_OCCURRENCE>
    <ACTION_OCCURRENCE m_id="11" comment="" climaxEvent="FALSE">
      <token_anchor t_id="146"/>
    </ACTION_OCCURRENCE>
    <ACTION_OCCURRENCE m_id="12" comment="" climaxEvent="FALSE">
      <token_anchor t_id="152"/>
    </ACTION_OCCURRENCE>
    <ACTION_OCCURRENCE m_id="13" comment="" climaxEvent="FALSE">
      <token_anchor t_id="158"/>
    </ACTION_OCCURRENCE>
    <ACTION_OCCURRENCE m_id="14" comment="" climaxEvent="FALSE">
      <token_anchor t_id="367"/>
    </ACTION_OCCURRENCE>
    <ACTION_OCCURRENCE m_id="15" comment="" climaxEvent="FALSE">
      <token_anchor t_id="163"/>
    </ACTION_OCCURRENCE>
    <ACTION_OCCURRENCE m_id="16" comment="" climaxEvent="FALSE">
      <token_anchor t_id="216"/>
      <token_anchor t_id="217"/>
    </ACTION_OCCURRENCE>
    <ACTION_OCCURRENCE m_id="17" comment="" climaxEvent="FALSE">
      <token_anchor t_id="165"/>
    </ACTION_OCCURRENCE>
    <ACTION_OCCURRENCE m_id="18" comment="" climaxEvent="FALSE">
      <token_anchor t_id="177"/>
      <token_anchor t_id="178"/>
    </ACTION_OCCURRENCE>
    <ACTION_OCCURRENCE m_id="19" comment="" climaxEvent="FALSE">
      <token_anchor t_id="180"/>
      <token_anchor t_id="181"/>
    </ACTION_OCCURRENCE>
    <ACTION_OCCURRENCE m_id="20" comment="" climaxEvent="FALSE">
      <token_anchor t_id="195"/>
    </ACTION_OCCURRENCE>
    <ACTION_OCCURRENCE m_id="21" comment="" climaxEvent="FALSE">
      <token_anchor t_id="121"/>
    </ACTION_OCCURRENCE>
    <ACTION_OCCURRENCE m_id="22" comment="" climaxEvent="FALSE">
      <token_anchor t_id="201"/>
    </ACTION_OCCURRENCE>
    <ACTION_OCCURRENCE m_id="23" comment="" climaxEvent="FALSE">
      <token_anchor t_id="207"/>
    </ACTION_OCCURRENCE>
    <ACTION_OCCURRENCE m_id="24" comment="" climaxEvent="FALSE">
      <token_anchor t_id="214"/>
    </ACTION_OCCURRENCE>
    <ACTION_OCCURRENCE m_id="25" comment="" climaxEvent="FALSE">
      <token_anchor t_id="222"/>
    </ACTION_OCCURRENCE>
    <ACTION_OCCURRENCE m_id="26" comment="" climaxEvent="FALSE">
      <token_anchor t_id="233"/>
    </ACTION_OCCURRENCE>
    <ACTION_OCCURRENCE m_id="27" comment="" climaxEvent="FALSE">
      <token_anchor t_id="236"/>
    </ACTION_OCCURRENCE>
    <ACTION_OCCURRENCE m_id="28" comment="" climaxEvent="FALSE">
      <token_anchor t_id="219"/>
    </ACTION_OCCURRENCE>
    <ACTION_OCCURRENCE m_id="92" comment="" climaxEvent="FALSE">
      <token_anchor t_id="209"/>
    </ACTION_OCCURRENCE>
    <ACTION_PERCEPTION m_id="42">
      <token_anchor t_id="105"/>
    </ACTION_PERCEPTION>
    <ACTION_REPORTING m_id="43">
      <token_anchor t_id="51"/>
      <token_anchor t_id="52"/>
    </ACTION_REPORTING>
    <ACTION_STATE m_id="44" climaxEvent="FALSE" comment="">
      <token_anchor t_id="383"/>
    </ACTION_STATE>
    <HUMAN_PART_GENERIC m_id="45">
      <token_anchor t_id="203"/>
    </HUMAN_PART_GENERIC>
    <HUMAN_PART_ORG m_id="46">
      <token_anchor t_id="183"/>
    </HUMAN_PART_ORG>
    <HUMAN_PART_ORG m_id="47">
      <token_anchor t_id="45"/>
    </HUMAN_PART_ORG>
    <HUMAN_PART_ORG m_id="48">
      <token_anchor t_id="54"/>
      <token_anchor t_id="55"/>
      <token_anchor t_id="56"/>
      <token_anchor t_id="57"/>
      <token_anchor t_id="58"/>
      <token_anchor t_id="59"/>
    </HUMAN_PART_ORG>
    <HUMAN_PART_PER m_id="61" comment="">
      <token_anchor t_id="151"/>
    </HUMAN_PART_PER>
    <HUMAN_PART_PER m_id="62" comment="">
      <token_anchor t_id="140"/>
    </HUMAN_PART_PER>
    <HUMAN_PART_PER m_id="63" comment="">
      <token_anchor t_id="162"/>
    </HUMAN_PART_PER>
    <HUMAN_PART_PER m_id="64" comment="">
      <token_anchor t_id="166"/>
    </HUMAN_PART_PER>
    <HUMAN_PART_PER m_id="65" comment="">
      <token_anchor t_id="130"/>
    </HUMAN_PART_PER>
    <HUMAN_PART_PER m_id="66" comment="">
      <token_anchor t_id="127"/>
    </HUMAN_PART_PER>
    <HUMAN_PART_PER m_id="67" comment="">
      <token_anchor t_id="99"/>
    </HUMAN_PART_PER>
    <HUMAN_PART_PER m_id="68" comment="">
      <token_anchor t_id="101"/>
      <token_anchor t_id="102"/>
      <token_anchor t_id="103"/>
    </HUMAN_PART_PER>
    <HUMAN_PART_PER m_id="69" comment="">
      <token_anchor t_id="38"/>
      <token_anchor t_id="39"/>
    </HUMAN_PART_PER>
    <HUMAN_PART_PER m_id="70" comment="">
      <token_anchor t_id="184"/>
    </HUMAN_PART_PER>
    <HUMAN_PART_PER m_id="71" comment="">
      <token_anchor t_id="76"/>
    </HUMAN_PART_PER>
    <HUMAN_PART_PER m_id="72" comment="">
      <token_anchor t_id="69"/>
    </HUMAN_PART_PER>
    <HUMAN_PART_PER m_id="49" comment="">
      <token_anchor t_id="370"/>
    </HUMAN_PART_PER>
    <HUMAN_PART_PER m_id="50" comment="">
      <token_anchor t_id="373"/>
      <token_anchor t_id="374"/>
    </HUMAN_PART_PER>
    <HUMAN_PART_PER m_id="51" comment="">
      <token_anchor t_id="380"/>
    </HUMAN_PART_PER>
    <HUMAN_PART_PER m_id="52" comment="">
      <token_anchor t_id="205"/>
    </HUMAN_PART_PER>
    <HUMAN_PART_PER m_id="53" comment="">
      <token_anchor t_id="212"/>
    </HUMAN_PART_PER>
    <HUMAN_PART_PER m_id="54" comment="">
      <token_anchor t_id="224"/>
    </HUMAN_PART_PER>
    <HUMAN_PART_PER m_id="55" comment="">
      <token_anchor t_id="221"/>
    </HUMAN_PART_PER>
    <HUMAN_PART_PER m_id="56" comment="">
      <token_anchor t_id="227"/>
      <token_anchor t_id="228"/>
    </HUMAN_PART_PER>
    <HUMAN_PART_PER m_id="57" comment="">
      <token_anchor t_id="199"/>
    </HUMAN_PART_PER>
    <HUMAN_PART_PER m_id="58" comment="">
      <token_anchor t_id="230"/>
    </HUMAN_PART_PER>
    <HUMAN_PART_PER m_id="59" comment="">
      <token_anchor t_id="192"/>
      <token_anchor t_id="193"/>
    </HUMAN_PART_PER>
    <HUMAN_PART_PER m_id="91" comment="">
      <token_anchor t_id="21"/>
      <token_anchor t_id="22"/>
    </HUMAN_PART_PER>
    <HUMAN_PART_PER m_id="60" comment="">
      <token_anchor t_id="173"/>
      <token_anchor t_id="174"/>
    </HUMAN_PART_PER>
    <LOC_FAC m_id="73">
      <token_anchor t_id="77"/>
      <token_anchor t_id="78"/>
    </LOC_FAC>
    <LOC_FAC m_id="90">
      <token_anchor t_id="185"/>
      <token_anchor t_id="186"/>
      <token_anchor t_id="187"/>
    </LOC_FAC>
    <LOC_GEO m_id="74" comment="">
      <token_anchor t_id="85"/>
      <token_anchor t_id="86"/>
      <token_anchor t_id="87"/>
      <token_anchor t_id="88"/>
    </LOC_GEO>
    <LOC_OTHER m_id="75">
      <token_anchor t_id="107"/>
      <token_anchor t_id="108"/>
      <token_anchor t_id="109"/>
    </LOC_OTHER>
    <NON_HUMAN_PART m_id="76" comment="">
      <token_anchor t_id="149"/>
    </NON_HUMAN_PART>
    <NON_HUMAN_PART m_id="77" comment="">
      <token_anchor t_id="155"/>
    </NON_HUMAN_PART>
    <NON_HUMAN_PART m_id="78" comment="">
      <token_anchor t_id="19"/>
    </NON_HUMAN_PART>
    <NON_HUMAN_PART m_id="79" comment="">
      <token_anchor t_id="32"/>
    </NON_HUMAN_PART>
    <NON_HUMAN_PART m_id="80" comment="">
      <token_anchor t_id="62"/>
    </NON_HUMAN_PART>
    <NON_HUMAN_PART m_id="81" comment="">
      <token_anchor t_id="113"/>
    </NON_HUMAN_PART>
    <NON_HUMAN_PART m_id="82" comment="">
      <token_anchor t_id="118"/>
    </NON_HUMAN_PART>
    <NON_HUMAN_PART m_id="83" comment="">
      <token_anchor t_id="138"/>
    </NON_HUMAN_PART>
    <NON_HUMAN_PART m_id="84" comment="">
      <token_anchor t_id="144"/>
    </NON_HUMAN_PART>
    <TIME_DATE m_id="85" comment="" DCT="FALSE" value="2013-04-11" anchorTimeID="117">
      <token_anchor t_id="49"/>
    </TIME_DATE>
    <TIME_DATE m_id="86" comment="" DCT="FALSE" value="2011-10-21" anchorTimeID="">
      <token_anchor t_id="79"/>
      <token_anchor t_id="80"/>
      <token_anchor t_id="81"/>
      <token_anchor t_id="82"/>
      <token_anchor t_id="83"/>
    </TIME_DATE>
    <TIME_DATE m_id="87" comment="" DCT="FALSE" value="2013-04-11" anchorTimeID="117">
      <token_anchor t_id="231"/>
      <token_anchor t_id="232"/>
    </TIME_DATE>
    <TIME_DATE m_id="88" comment="" DCT="FALSE" value="2013-04-15" anchorTimeID="117">
      <token_anchor t_id="364"/>
    </TIME_DATE>
    <TIME_OF_THE_DAY m_id="89" DCT="FALSE" value="2011-10-21T14:18" anchorTimeID="86">
      <token_anchor t_id="90"/>
      <token_anchor t_id="91"/>
      <token_anchor t_id="92"/>
      <token_anchor t_id="93"/>
      <token_anchor t_id="94"/>
      <token_anchor t_id="95"/>
      <token_anchor t_id="96"/>
    </TIME_OF_THE_DAY>
    <NON_HUMAN_PART m_id="93" RELATED_TO="" TAG_DESCRIPTOR="t33_bullets" comment=""/>
    <ACTION_OCCURRENCE m_id="94" RELATED_TO="" TAG_DESCRIPTOR="t33_shooting" comment="" climaxEvent="FALSE"/>
    <HUMAN_PART_ORG m_id="95" RELATED_TO="" TAG_DESCRIPTOR="t33_gang"/>
    <HUMAN_PART_PER m_id="96" RELATED_TO="" TAG_DESCRIPTOR="t33_children_protected" comment=""/>
    <ACTION_OCCURRENCE m_id="97" RELATED_TO="" TAG_DESCRIPTOR="t33_charge" comment="" climaxEvent="FALSE"/>
    <LOC_FAC m_id="98" RELATED_TO="" TAG_DESCRIPTOR="t33_rooftop"/>
    <HUMAN_PART_PER m_id="99" RELATED_TO="" TAG_DESCRIPTOR="t33_rival_gang_members" comment=""/>
    <HUMAN_PART_PER m_id="100" RELATED_TO="" TAG_DESCRIPTOR="t33_prosecutors" comment=""/>
    <ACTION_OCCURRENCE m_id="101" RELATED_TO="" TAG_DESCRIPTOR="t33_showed_footage" comment="" climaxEvent="FALSE"/>
    <LOC_FAC m_id="102" RELATED_TO="" TAG_DESCRIPTOR="t33_school"/>
    <HUMAN_PART_PER m_id="103" RELATED_TO="" TAG_DESCRIPTOR="t33_andrew_lopez" comment=""/>
    <HUMAN_PART_PER m_id="104" RELATED_TO="" TAG_DESCRIPTOR="t33_unique_armstead" comment=""/>
    <HUMAN_PART_PER m_id="105" RELATED_TO="" TAG_DESCRIPTOR="t33_both_suspects" comment=""/>
    <ACTION_OCCURRENCE m_id="106" RELATED_TO="" TAG_DESCRIPTOR="t33_both_suspects_accused" comment="" climaxEvent="FALSE"/>
    <TIME_DATE m_id="107" RELATED_TO="" TAG_DESCRIPTOR="t33_friday_shooting" value="" anchorTimeID="" DCT="FALSE" comment=""/>
    <ACTION_OCCURRENCE m_id="108" RELATED_TO="" TAG_DESCRIPTOR="t33_pushed_child_aside" comment="" climaxEvent="FALSE"/>
    <HUMAN_PART_PER m_id="109" RELATED_TO="" TAG_DESCRIPTOR="t33_zurana_horton" comment=""/>
    <ACTION_OCCURRENCE m_id="110" RELATED_TO="" TAG_DESCRIPTOR="t33_trial" comment="" climaxEvent="FALSE"/>
    <NON_HUMAN_PART m_id="111" RELATED_TO="" TAG_DESCRIPTOR="t33_video_footage" comment=""/>
    <ACTION_OCCURRENCE m_id="112" RELATED_TO="" TAG_DESCRIPTOR="t33_shielded_children" comment="" climaxEvent="FALSE"/>
    <ACTION_OCCURRENCE m_id="113" RELATED_TO="" TAG_DESCRIPTOR="t33_spraying_bullets" comment="" climaxEvent="FALSE"/>
    <ACTION_OCCURRENCE m_id="114" RELATED_TO="" TAG_DESCRIPTOR="t33_killing_mother" comment="" climaxEvent="FALSE"/>
    <HUMAN_PART_ORG m_id="115" RELATED_TO="" TAG_DESCRIPTOR="t33_rival_gang"/>
    <LOC_GEO m_id="116" RELATED_TO="" TAG_DESCRIPTOR="t33_brooklyn_intersection" comment=""/>
    <TIME_DATE m_id="117" RELATED_TO="" TAG_DESCRIPTOR="t_2013-04-12" comment="" DCT="TRUE" value="2013-04-12" anchorTimeID=""/>
  </Markables>
  <Relations>
    <TLINK r_id="212190" contextualModality="" relType="AFTER" comment="">
      <source m_id="117"/>
      <target m_id="33"/>
    </TLINK>
    <TLINK r_id="212191" contextualModality="" relType="AFTER" comment="">
      <source m_id="117"/>
      <target m_id="32"/>
    </TLINK>
    <TLINK r_id="212192" contextualModality="" relType="AFTER" comment="">
      <source m_id="117"/>
      <target m_id="30"/>
    </TLINK>
    <TLINK r_id="212193" contextualModality="" relType="AFTER" comment="">
      <source m_id="117"/>
      <target m_id="35"/>
    </TLINK>
    <TLINK r_id="212194" contextualModality="" relType="AFTER" comment="">
      <source m_id="117"/>
      <target m_id="37"/>
    </TLINK>
    <TLINK r_id="212195" contextualModality="" relType="AFTER" comment="">
      <source m_id="117"/>
      <target m_id="39"/>
    </TLINK>
    <TLINK r_id="212196" contextualModality="" relType="AFTER" comment="">
      <source m_id="117"/>
      <target m_id="39"/>
    </TLINK>
    <TLINK r_id="212197" contextualModality="" relType="AFTER" comment="">
      <source m_id="117"/>
      <target m_id="40"/>
    </TLINK>
    <TLINK r_id="212199" contextualModality="" relType="AFTER" comment="">
      <source m_id="117"/>
      <target m_id="3"/>
    </TLINK>
    <TLINK r_id="212200" contextualModality="" relType="AFTER" comment="">
      <source m_id="117"/>
      <target m_id="4"/>
    </TLINK>
    <TLINK r_id="212202" contextualModality="" relType="AFTER" comment="">
      <source m_id="117"/>
      <target m_id="42"/>
    </TLINK>
    <TLINK r_id="212204" contextualModality="" relType="AFTER" comment="">
      <source m_id="117"/>
      <target m_id="5"/>
    </TLINK>
    <TLINK r_id="212205" contextualModality="" relType="AFTER" comment="">
      <source m_id="117"/>
      <target m_id="6"/>
    </TLINK>
    <TLINK r_id="212206" contextualModality="" relType="AFTER" comment="">
      <source m_id="117"/>
      <target m_id="21"/>
    </TLINK>
    <TLINK r_id="212208" contextualModality="" relType="AFTER" comment="">
      <source m_id="117"/>
      <target m_id="7"/>
    </TLINK>
    <TLINK r_id="212210" contextualModality="" relType="AFTER" comment="">
      <source m_id="117"/>
      <target m_id="8"/>
    </TLINK>
    <TLINK r_id="212211" contextualModality="" relType="AFTER" comment="">
      <source m_id="117"/>
      <target m_id="9"/>
    </TLINK>
    <TLINK r_id="212212" contextualModality="" relType="AFTER" comment="">
      <source m_id="117"/>
      <target m_id="10"/>
    </TLINK>
    <TLINK r_id="212213" contextualModality="" relType="AFTER" comment="">
      <source m_id="117"/>
      <target m_id="11"/>
    </TLINK>
    <TLINK r_id="212215" contextualModality="" relType="AFTER" comment="">
      <source m_id="117"/>
      <target m_id="12"/>
    </TLINK>
    <TLINK r_id="212216" contextualModality="" relType="AFTER" comment="">
      <source m_id="117"/>
      <target m_id="13"/>
    </TLINK>
    <TLINK r_id="212217" contextualModality="" relType="AFTER" comment="">
      <source m_id="117"/>
      <target m_id="15"/>
    </TLINK>
    <TLINK r_id="212219" contextualModality="" relType="AFTER" comment="">
      <source m_id="117"/>
      <target m_id="17"/>
    </TLINK>
    <TLINK r_id="212220" contextualModality="" relType="AFTER" comment="">
      <source m_id="117"/>
      <target m_id="18"/>
    </TLINK>
    <TLINK r_id="212221" contextualModality="" relType="AFTER" comment="">
      <source m_id="117"/>
      <target m_id="19"/>
    </TLINK>
    <TLINK r_id="212222" contextualModality="" relType="AFTER" comment="">
      <source m_id="117"/>
      <target m_id="20"/>
    </TLINK>
    <TLINK r_id="212225" contextualModality="" relType="AFTER" comment="">
      <source m_id="117"/>
      <target m_id="22"/>
    </TLINK>
    <TLINK r_id="212227" contextualModality="" relType="AFTER" comment="">
      <source m_id="117"/>
      <target m_id="23"/>
    </TLINK>
    <TLINK r_id="212229" contextualModality="" relType="AFTER" comment="">
      <source m_id="117"/>
      <target m_id="92"/>
    </TLINK>
    <TLINK r_id="212231" contextualModality="" relType="AFTER" comment="">
      <source m_id="117"/>
      <target m_id="24"/>
    </TLINK>
    <TLINK r_id="212233" contextualModality="" relType="AFTER" comment="">
      <source m_id="117"/>
      <target m_id="16"/>
    </TLINK>
    <TLINK r_id="212234" contextualModality="" relType="AFTER" comment="">
      <source m_id="117"/>
      <target m_id="28"/>
    </TLINK>
    <TLINK r_id="212235" contextualModality="" relType="AFTER" comment="">
      <source m_id="117"/>
      <target m_id="25"/>
    </TLINK>
    <TLINK r_id="212236" contextualModality="" relType="AFTER" comment="">
      <source m_id="117"/>
      <target m_id="26"/>
    </TLINK>
    <TLINK r_id="212237" contextualModality="" relType="AFTER" comment="">
      <source m_id="117"/>
      <target m_id="27"/>
    </TLINK>
    <TLINK r_id="212238" contextualModality="" relType="AFTER" comment="">
      <source m_id="117"/>
      <target m_id="29"/>
    </TLINK>
    <TLINK r_id="212239" contextualModality="" relType="AFTER" comment="">
      <source m_id="117"/>
      <target m_id="31"/>
    </TLINK>
    <TLINK r_id="212240" contextualModality="" relType="AFTER" comment="">
      <source m_id="117"/>
      <target m_id="1"/>
    </TLINK>
    <TLINK r_id="212241" contextualModality="" relType="AFTER" comment="">
      <source m_id="117"/>
      <target m_id="14"/>
    </TLINK>
    <TLINK r_id="212242" contextualModality="" relType="AFTER" comment="">
      <source m_id="117"/>
      <target m_id="34"/>
    </TLINK>
    <TLINK r_id="212243" contextualModality="" relType="AFTER" comment="">
      <source m_id="117"/>
      <target m_id="36"/>
    </TLINK>
    <TLINK r_id="212244" contextualModality="" relType="AFTER" comment="">
      <source m_id="117"/>
      <target m_id="38"/>
    </TLINK>
    <TLINK r_id="212245" contextualModality="" relType="AFTER" comment="">
      <source m_id="117"/>
      <target m_id="44"/>
    </TLINK>
    <TLINK r_id="212246" contextualModality="" relType="AFTER" comment="">
      <source m_id="117"/>
      <target m_id="41"/>
    </TLINK>
    <TLINK r_id="212247" contextualModality="" relType="AFTER" comment="">
      <source m_id="85"/>
      <target m_id="33"/>
    </TLINK>
    <TLINK r_id="212248" contextualModality="" relType="CONTAINS" comment="">
      <source m_id="85"/>
      <target m_id="32"/>
    </TLINK>
    <TLINK r_id="212249" contextualModality="" relType="CONTAINS" comment="">
      <source m_id="85"/>
      <target m_id="30"/>
    </TLINK>
    <TLINK r_id="212250" contextualModality="" relType="AFTER" comment="">
      <source m_id="85"/>
      <target m_id="35"/>
    </TLINK>
    <TLINK r_id="212251" contextualModality="" relType="AFTER" comment="">
      <source m_id="85"/>
      <target m_id="37"/>
    </TLINK>
    <TLINK r_id="212252" contextualModality="" relType="AFTER" comment="">
      <source m_id="85"/>
      <target m_id="39"/>
    </TLINK>
    <TLINK r_id="212253" contextualModality="" relType="CONTAINS" comment="">
      <source m_id="85"/>
      <target m_id="40"/>
    </TLINK>
    <TLINK r_id="212255" contextualModality="" relType="CONTAINS" comment="">
      <source m_id="85"/>
      <target m_id="3"/>
    </TLINK>
    <TLINK r_id="212257" contextualModality="" relType="CONTAINS" comment="">
      <source m_id="86"/>
      <target m_id="4"/>
    </TLINK>
    <TLINK r_id="212258" contextualModality="" relType="CONTAINS" comment="">
      <source m_id="89"/>
      <target m_id="42"/>
    </TLINK>
    <TLINK r_id="212259" contextualModality="" relType="CONTAINS" comment="">
      <source m_id="89"/>
      <target m_id="5"/>
    </TLINK>
    <TLINK r_id="212260" contextualModality="" relType="CONTAINS" comment="">
      <source m_id="89"/>
      <target m_id="6"/>
    </TLINK>
    <TLINK r_id="212262" contextualModality="" relType="CONTAINS" comment="">
      <source m_id="89"/>
      <target m_id="21"/>
    </TLINK>
    <TLINK r_id="212263" contextualModality="" relType="CONTAINS" comment="">
      <source m_id="89"/>
      <target m_id="7"/>
    </TLINK>
    <TLINK r_id="212264" contextualModality="" relType="CONTAINS" comment="">
      <source m_id="89"/>
      <target m_id="8"/>
    </TLINK>
    <TLINK r_id="212265" contextualModality="" relType="CONTAINS" comment="">
      <source m_id="89"/>
      <target m_id="9"/>
    </TLINK>
    <TLINK r_id="212266" contextualModality="" relType="CONTAINS" comment="">
      <source m_id="89"/>
      <target m_id="10"/>
    </TLINK>
    <TLINK r_id="212267" contextualModality="" relType="CONTAINS" comment="">
      <source m_id="89"/>
      <target m_id="11"/>
    </TLINK>
    <TLINK r_id="212268" contextualModality="" relType="CONTAINS" comment="">
      <source m_id="87"/>
      <target m_id="12"/>
    </TLINK>
    <TLINK r_id="212269" contextualModality="" relType="CONTAINS" comment="">
      <source m_id="87"/>
      <target m_id="13"/>
    </TLINK>
    <TLINK r_id="212270" contextualModality="" relType="AFTER" comment="">
      <source m_id="87"/>
      <target m_id="15"/>
    </TLINK>
    <TLINK r_id="212271" contextualModality="" relType="AFTER" comment="">
      <source m_id="87"/>
      <target m_id="17"/>
    </TLINK>
    <TLINK r_id="212272" contextualModality="" relType="AFTER" comment="">
      <source m_id="87"/>
      <target m_id="18"/>
    </TLINK>
    <TLINK r_id="212273" contextualModality="" relType="AFTER" comment="">
      <source m_id="87"/>
      <target m_id="19"/>
    </TLINK>
    <TLINK r_id="212274" contextualModality="" relType="AFTER" comment="">
      <source m_id="87"/>
      <target m_id="20"/>
    </TLINK>
    <TLINK r_id="212275" contextualModality="" relType="AFTER" comment="">
      <source m_id="87"/>
      <target m_id="2"/>
    </TLINK>
    <TLINK r_id="212276" contextualModality="" relType="AFTER" comment="">
      <source m_id="87"/>
      <target m_id="22"/>
    </TLINK>
    <TLINK r_id="212277" contextualModality="" relType="AFTER" comment="">
      <source m_id="87"/>
      <target m_id="23"/>
    </TLINK>
    <TLINK r_id="212278" contextualModality="" relType="AFTER" comment="">
      <source m_id="87"/>
      <target m_id="92"/>
    </TLINK>
    <TLINK r_id="212279" contextualModality="" relType="AFTER" comment="">
      <source m_id="87"/>
      <target m_id="24"/>
    </TLINK>
    <TLINK r_id="212280" contextualModality="" relType="AFTER" comment="">
      <source m_id="87"/>
      <target m_id="16"/>
    </TLINK>
    <TLINK r_id="212281" contextualModality="" relType="AFTER" comment="">
      <source m_id="87"/>
      <target m_id="28"/>
    </TLINK>
    <TLINK r_id="212282" contextualModality="" relType="AFTER" comment="">
      <source m_id="87"/>
      <target m_id="25"/>
    </TLINK>
    <TLINK r_id="212283" contextualModality="" relType="CONTAINS" comment="">
      <source m_id="87"/>
      <target m_id="26"/>
    </TLINK>
    <TLINK r_id="212284" contextualModality="" relType="CONTAINS" comment="">
      <source m_id="87"/>
      <target m_id="27"/>
    </TLINK>
    <TLINK r_id="212285" contextualModality="" relType="AFTER" comment="">
      <source m_id="88"/>
      <target m_id="29"/>
    </TLINK>
    <TLINK r_id="212286" contextualModality="" relType="AFTER" comment="">
      <source m_id="88"/>
      <target m_id="31"/>
    </TLINK>
    <TLINK r_id="212287" contextualModality="" relType="AFTER" comment="">
      <source m_id="88"/>
      <target m_id="1"/>
    </TLINK>
    <TLINK r_id="212288" contextualModality="" relType="AFTER" comment="">
      <source m_id="88"/>
      <target m_id="14"/>
    </TLINK>
    <TLINK r_id="212290" contextualModality="" relType="AFTER" comment="">
      <source m_id="88"/>
      <target m_id="36"/>
    </TLINK>
    <TLINK r_id="212291" contextualModality="" relType="AFTER" comment="">
      <source m_id="88"/>
      <target m_id="38"/>
    </TLINK>
    <TLINK r_id="212293" contextualModality="" relType="AFTER" comment="">
      <source m_id="88"/>
      <target m_id="41"/>
    </TLINK>
    <PLOT_LINK r_id="212294" SIGNAL="" relType="PRECONDITION" CAUSES="FALSE" CAUSED_BY="FALSE">
      <source m_id="33"/>
      <target m_id="30"/>
    </PLOT_LINK>
    <PLOT_LINK r_id="212296" SIGNAL="" relType="FALLING_ACTION" CAUSES="FALSE" CAUSED_BY="FALSE">
      <source m_id="35"/>
      <target m_id="39"/>
    </PLOT_LINK>
    <PLOT_LINK r_id="212297" SIGNAL="" relType="FALLING_ACTION" CAUSES="FALSE" CAUSED_BY="FALSE">
      <source m_id="37"/>
      <target m_id="39"/>
    </PLOT_LINK>
    <PLOT_LINK r_id="212298" SIGNAL="" relType="PRECONDITION" CAUSES="FALSE" CAUSED_BY="FALSE">
      <source m_id="21"/>
      <target m_id="8"/>
    </PLOT_LINK>
    <PLOT_LINK r_id="212299" SIGNAL="" relType="PRECONDITION" CAUSES="FALSE" CAUSED_BY="FALSE">
      <source m_id="8"/>
      <target m_id="9"/>
    </PLOT_LINK>
    <PLOT_LINK r_id="212300" SIGNAL="" relType="FALLING_ACTION" CAUSES="FALSE" CAUSED_BY="FALSE">
      <source m_id="15"/>
      <target m_id="17"/>
    </PLOT_LINK>
    <PLOT_LINK r_id="212302" SIGNAL="" relType="FALLING_ACTION" CAUSES="FALSE" CAUSED_BY="FALSE">
      <source m_id="19"/>
      <target m_id="22"/>
    </PLOT_LINK>
    <PLOT_LINK r_id="212303" SIGNAL="" relType="FALLING_ACTION" CAUSES="FALSE" CAUSED_BY="FALSE">
      <source m_id="92"/>
      <target m_id="28"/>
    </PLOT_LINK>
    <PLOT_LINK r_id="212304" SIGNAL="" relType="FALLING_ACTION" CAUSES="FALSE" CAUSED_BY="FALSE">
      <source m_id="28"/>
      <target m_id="25"/>
    </PLOT_LINK>
    <PLOT_LINK r_id="212305" SIGNAL="" relType="FALLING_ACTION" CAUSES="FALSE" CAUSED_BY="FALSE">
      <source m_id="24"/>
      <target m_id="28"/>
    </PLOT_LINK>
    <PLOT_LINK r_id="212306" SIGNAL="" relType="FALLING_ACTION" CAUSES="FALSE" CAUSED_BY="FALSE">
      <source m_id="23"/>
      <target m_id="92"/>
    </PLOT_LINK>
    <PLOT_LINK r_id="212324" SIGNAL="" relType="PRECONDITION" CAUSES="FALSE" CAUSED_BY="FALSE">
      <source m_id="23"/>
      <target m_id="27"/>
    </PLOT_LINK>
    <PLOT_LINK r_id="212325" SIGNAL="" relType="PRECONDITION" CAUSES="FALSE" CAUSED_BY="FALSE">
      <source m_id="23"/>
      <target m_id="29"/>
    </PLOT_LINK>
  </Relations>
</Document>
