<?xml version='1.0' encoding='UTF-8'?>
<Document doc_name="33_10ecbplus.xml">
  <token t_id="1" sentence="0" number="0">http</token>
  <token t_id="2" sentence="0" number="1">:</token>
  <token t_id="3" sentence="0" number="2">/</token>
  <token t_id="4" sentence="0" number="3">/</token>
  <token t_id="5" sentence="0" number="4">www</token>
  <token t_id="6" sentence="0" number="5">.</token>
  <token t_id="7" sentence="0" number="6">huffingtonpost</token>
  <token t_id="8" sentence="0" number="7">.</token>
  <token t_id="9" sentence="0" number="8">com</token>
  <token t_id="10" sentence="0" number="9">/</token>
  <token t_id="11" sentence="0" number="10">2011</token>
  <token t_id="12" sentence="0" number="11">/</token>
  <token t_id="13" sentence="0" number="12">10</token>
  <token t_id="14" sentence="0" number="13">/</token>
  <token t_id="15" sentence="0" number="14">25</token>
  <token t_id="16" sentence="0" number="15">/</token>
  <token t_id="17" sentence="0" number="16">andrew</token>
  <token t_id="18" sentence="0" number="17">-</token>
  <token t_id="19" sentence="0" number="18">lopez</token>
  <token t_id="20" sentence="0" number="19">-</token>
  <token t_id="21" sentence="0" number="20">confesses</token>
  <token t_id="22" sentence="0" number="21">-</token>
  <token t_id="23" sentence="0" number="22">to</token>
  <token t_id="24" sentence="0" number="23">_</token>
  <token t_id="25" sentence="0" number="24">n</token>
  <token t_id="26" sentence="0" number="25">_</token>
  <token t_id="27" sentence="0" number="26">1031411</token>
  <token t_id="28" sentence="0" number="27">.</token>
  <token t_id="29" sentence="0" number="28">html</token>
  <token t_id="30" sentence="1" number="0">Andrew</token>
  <token t_id="31" sentence="1" number="1">Lopez</token>
  <token t_id="32" sentence="1" number="2">Confesses</token>
  <token t_id="33" sentence="1" number="3">To</token>
  <token t_id="34" sentence="1" number="4">Murder</token>
  <token t_id="35" sentence="1" number="5">Of</token>
  <token t_id="36" sentence="1" number="6">Zurana</token>
  <token t_id="37" sentence="1" number="7">Horton</token>
  <token t_id="38" sentence="1" number="8">In</token>
  <token t_id="39" sentence="1" number="9">Brooklyn</token>
  <token t_id="40" sentence="1" number="10">Shooting</token>
  <token t_id="41" sentence="2" number="0">First</token>
  <token t_id="42" sentence="2" number="1">Posted</token>
  <token t_id="43" sentence="2" number="2">:</token>
  <token t_id="44" sentence="2" number="3">10</token>
  <token t_id="45" sentence="2" number="4">/</token>
  <token t_id="46" sentence="2" number="5">25</token>
  <token t_id="47" sentence="2" number="6">/</token>
  <token t_id="48" sentence="2" number="7">11</token>
  <token t_id="49" sentence="2" number="8">06</token>
  <token t_id="50" sentence="2" number="9">:</token>
  <token t_id="51" sentence="2" number="10">44</token>
  <token t_id="52" sentence="2" number="11">PM</token>
  <token t_id="53" sentence="2" number="12">ET</token>
  <token t_id="54" sentence="2" number="13">Updated</token>
  <token t_id="55" sentence="2" number="14">:</token>
  <token t_id="56" sentence="2" number="15">12</token>
  <token t_id="57" sentence="2" number="16">/</token>
  <token t_id="58" sentence="2" number="17">25</token>
  <token t_id="59" sentence="2" number="18">/</token>
  <token t_id="60" sentence="2" number="19">11</token>
  <token t_id="61" sentence="2" number="20">05</token>
  <token t_id="62" sentence="2" number="21">:</token>
  <token t_id="63" sentence="2" number="22">12</token>
  <token t_id="64" sentence="2" number="23">AM</token>
  <token t_id="65" sentence="2" number="24">ET</token>
  <token t_id="66" sentence="3" number="0">An</token>
  <token t_id="67" sentence="3" number="1">18</token>
  <token t_id="68" sentence="3" number="2">-</token>
  <token t_id="69" sentence="3" number="3">year</token>
  <token t_id="70" sentence="3" number="4">old</token>
  <token t_id="71" sentence="3" number="5">male</token>
  <token t_id="72" sentence="3" number="6">confessed</token>
  <token t_id="73" sentence="3" number="7">to</token>
  <token t_id="74" sentence="3" number="8">the</token>
  <token t_id="75" sentence="3" number="9">gang</token>
  <token t_id="76" sentence="3" number="10">related</token>
  <token t_id="77" sentence="3" number="11">murder</token>
  <token t_id="78" sentence="3" number="12">of</token>
  <token t_id="79" sentence="3" number="13">a</token>
  <token t_id="80" sentence="3" number="14">Brooklyn</token>
  <token t_id="81" sentence="3" number="15">mother</token>
  <token t_id="82" sentence="3" number="16">who</token>
  <token t_id="83" sentence="3" number="17">tried</token>
  <token t_id="84" sentence="3" number="18">to</token>
  <token t_id="85" sentence="3" number="19">protect</token>
  <token t_id="86" sentence="3" number="20">a</token>
  <token t_id="87" sentence="3" number="21">group</token>
  <token t_id="88" sentence="3" number="22">of</token>
  <token t_id="89" sentence="3" number="23">school</token>
  <token t_id="90" sentence="3" number="24">children</token>
  <token t_id="91" sentence="3" number="25">from</token>
  <token t_id="92" sentence="3" number="26">harm</token>
  <token t_id="93" sentence="3" number="27">by</token>
  <token t_id="94" sentence="3" number="28">shielding</token>
  <token t_id="95" sentence="3" number="29">them</token>
  <token t_id="96" sentence="3" number="30">.</token>
  <token t_id="97" sentence="4" number="0">The</token>
  <token t_id="98" sentence="4" number="1">suspect</token>
  <token t_id="99" sentence="4" number="2">,</token>
  <token t_id="100" sentence="4" number="3">Andrew</token>
  <token t_id="101" sentence="4" number="4">Lopez</token>
  <token t_id="102" sentence="4" number="5">,</token>
  <token t_id="103" sentence="4" number="6">was</token>
  <token t_id="104" sentence="4" number="7">among</token>
  <token t_id="105" sentence="4" number="8">three</token>
  <token t_id="106" sentence="4" number="9">teens</token>
  <token t_id="107" sentence="4" number="10">arrested</token>
  <token t_id="108" sentence="4" number="11">on</token>
  <token t_id="109" sentence="4" number="12">Tuesday</token>
  <token t_id="110" sentence="4" number="13">for</token>
  <token t_id="111" sentence="4" number="14">the</token>
  <token t_id="112" sentence="4" number="15">shooting</token>
  <token t_id="113" sentence="4" number="16">that</token>
  <token t_id="114" sentence="4" number="17">took</token>
  <token t_id="115" sentence="4" number="18">place</token>
  <token t_id="116" sentence="4" number="19">last</token>
  <token t_id="117" sentence="4" number="20">Friday</token>
  <token t_id="118" sentence="4" number="21">outside</token>
  <token t_id="119" sentence="4" number="22">a</token>
  <token t_id="120" sentence="4" number="23">Brownsville</token>
  <token t_id="121" sentence="4" number="24">school</token>
  <token t_id="122" sentence="4" number="25">that</token>
  <token t_id="123" sentence="4" number="26">claimed</token>
  <token t_id="124" sentence="4" number="27">the</token>
  <token t_id="125" sentence="4" number="28">life</token>
  <token t_id="126" sentence="4" number="29">of</token>
  <token t_id="127" sentence="4" number="30">34</token>
  <token t_id="128" sentence="4" number="31">-</token>
  <token t_id="129" sentence="4" number="32">year</token>
  <token t_id="130" sentence="4" number="33">old</token>
  <token t_id="131" sentence="4" number="34">Zurana</token>
  <token t_id="132" sentence="4" number="35">Horton</token>
  <token t_id="133" sentence="4" number="36">.</token>
  <token t_id="134" sentence="5" number="0">Horton</token>
  <token t_id="135" sentence="5" number="1">died</token>
  <token t_id="136" sentence="5" number="2">instantly</token>
  <token t_id="137" sentence="5" number="3">from</token>
  <token t_id="138" sentence="5" number="4">a</token>
  <token t_id="139" sentence="5" number="5">shot</token>
  <token t_id="140" sentence="5" number="6">in</token>
  <token t_id="141" sentence="5" number="7">the</token>
  <token t_id="142" sentence="5" number="8">face</token>
  <token t_id="143" sentence="5" number="9">and</token>
  <token t_id="144" sentence="5" number="10">chest</token>
  <token t_id="145" sentence="5" number="11">when</token>
  <token t_id="146" sentence="5" number="12">she</token>
  <token t_id="147" sentence="5" number="13">attempted</token>
  <token t_id="148" sentence="5" number="14">to</token>
  <token t_id="149" sentence="5" number="15">protect</token>
  <token t_id="150" sentence="5" number="16">students</token>
  <token t_id="151" sentence="5" number="17">from</token>
  <token t_id="152" sentence="5" number="18">gunfire</token>
  <token t_id="153" sentence="5" number="19">.</token>
  <token t_id="154" sentence="6" number="0">Horton</token>
  <token t_id="155" sentence="6" number="1">was</token>
  <token t_id="156" sentence="6" number="2">the</token>
  <token t_id="157" sentence="6" number="3">mother</token>
  <token t_id="158" sentence="6" number="4">of</token>
  <token t_id="159" sentence="6" number="5">12</token>
  <token t_id="160" sentence="6" number="6">children</token>
  <token t_id="161" sentence="6" number="7">.</token>
  <token t_id="162" sentence="7" number="0">Lopez</token>
  <token t_id="163" sentence="7" number="1">was</token>
  <token t_id="164" sentence="7" number="2">reportedly</token>
  <token t_id="165" sentence="7" number="3">aiming</token>
  <token t_id="166" sentence="7" number="4">for</token>
  <token t_id="167" sentence="7" number="5">an</token>
  <token t_id="168" sentence="7" number="6">11</token>
  <token t_id="169" sentence="7" number="7">-</token>
  <token t_id="170" sentence="7" number="8">year</token>
  <token t_id="171" sentence="7" number="9">old</token>
  <token t_id="172" sentence="7" number="10">girl</token>
  <token t_id="173" sentence="7" number="11">whom</token>
  <token t_id="174" sentence="7" number="12">he</token>
  <token t_id="175" sentence="7" number="13">was</token>
  <token t_id="176" sentence="7" number="14">in</token>
  <token t_id="177" sentence="7" number="15">a</token>
  <token t_id="178" sentence="7" number="16">dispute</token>
  <token t_id="179" sentence="7" number="17">with</token>
  <token t_id="180" sentence="7" number="18">over</token>
  <token t_id="181" sentence="7" number="19">a</token>
  <token t_id="182" sentence="7" number="20">cell</token>
  <token t_id="183" sentence="7" number="21">-</token>
  <token t_id="184" sentence="7" number="22">phone</token>
  <token t_id="185" sentence="7" number="23">.</token>
  <token t_id="186" sentence="8" number="0">The</token>
  <token t_id="187" sentence="8" number="1">11</token>
  <token t_id="188" sentence="8" number="2">-</token>
  <token t_id="189" sentence="8" number="3">year</token>
  <token t_id="190" sentence="8" number="4">old</token>
  <token t_id="191" sentence="8" number="5">girl</token>
  <token t_id="192" sentence="8" number="6">survived</token>
  <token t_id="193" sentence="8" number="7">an</token>
  <token t_id="194" sentence="8" number="8">injury</token>
  <token t_id="195" sentence="8" number="9">on</token>
  <token t_id="196" sentence="8" number="10">her</token>
  <token t_id="197" sentence="8" number="11">arm</token>
  <token t_id="198" sentence="8" number="12">and</token>
  <token t_id="199" sentence="8" number="13">graze</token>
  <token t_id="200" sentence="8" number="14">wound</token>
  <token t_id="201" sentence="8" number="15">on</token>
  <token t_id="202" sentence="8" number="16">her</token>
  <token t_id="203" sentence="8" number="17">face</token>
  <token t_id="204" sentence="8" number="18">.</token>
  <token t_id="205" sentence="9" number="0">Lopez</token>
  <token t_id="206" sentence="9" number="1">and</token>
  <token t_id="207" sentence="9" number="2">his</token>
  <token t_id="208" sentence="9" number="3">brother</token>
  <token t_id="209" sentence="9" number="4">Kristian</token>
  <token t_id="210" sentence="9" number="5">,</token>
  <token t_id="211" sentence="9" number="6">who</token>
  <token t_id="212" sentence="9" number="7">was</token>
  <token t_id="213" sentence="9" number="8">also</token>
  <token t_id="214" sentence="9" number="9">arrested</token>
  <token t_id="215" sentence="9" number="10">,</token>
  <token t_id="216" sentence="9" number="11">are</token>
  <token t_id="217" sentence="9" number="12">believed</token>
  <token t_id="218" sentence="9" number="13">to</token>
  <token t_id="219" sentence="9" number="14">be</token>
  <token t_id="220" sentence="9" number="15">members</token>
  <token t_id="221" sentence="9" number="16">of</token>
  <token t_id="222" sentence="9" number="17">a</token>
  <token t_id="223" sentence="9" number="18">gang</token>
  <token t_id="224" sentence="9" number="19">called</token>
  <token t_id="225" sentence="9" number="20">8</token>
  <token t_id="226" sentence="9" number="21">Block</token>
  <token t_id="227" sentence="9" number="22">.</token>
  <token t_id="228" sentence="10" number="0">Police</token>
  <token t_id="229" sentence="10" number="1">Commissioner</token>
  <token t_id="230" sentence="10" number="2">Ray</token>
  <token t_id="231" sentence="10" number="3">Kelly</token>
  <token t_id="232" sentence="10" number="4">commented</token>
  <token t_id="233" sentence="10" number="5">on</token>
  <token t_id="234" sentence="10" number="6">Lopez</token>
  <token t_id="235" sentence="10" number="7">in</token>
  <token t_id="236" sentence="10" number="8">a</token>
  <token t_id="237" sentence="10" number="9">briefing</token>
  <token t_id="238" sentence="10" number="10">:</token>
  <token t_id="239" sentence="11" number="0">We're</token>
  <token t_id="240" sentence="11" number="1">certainly</token>
  <token t_id="241" sentence="11" number="2">pleased</token>
  <token t_id="242" sentence="11" number="3">with</token>
  <token t_id="243" sentence="11" number="4">the</token>
  <token t_id="244" sentence="11" number="5">fact</token>
  <token t_id="245" sentence="11" number="6">that</token>
  <token t_id="246" sentence="11" number="7">the</token>
  <token t_id="247" sentence="11" number="8">investigation</token>
  <token t_id="248" sentence="11" number="9">has</token>
  <token t_id="249" sentence="11" number="10">identified</token>
  <token t_id="250" sentence="11" number="11">Mr</token>
  <token t_id="251" sentence="11" number="12">.</token>
  <token t_id="252" sentence="11" number="13">Lopez</token>
  <token t_id="253" sentence="11" number="14">and</token>
  <token t_id="254" sentence="11" number="15">he's</token>
  <token t_id="255" sentence="11" number="16">made</token>
  <token t_id="256" sentence="11" number="17">statements</token>
  <token t_id="257" sentence="11" number="18">and</token>
  <token t_id="258" sentence="11" number="19">apparently</token>
  <token t_id="259" sentence="11" number="20">made</token>
  <token t_id="260" sentence="11" number="21">a</token>
  <token t_id="261" sentence="11" number="22">full</token>
  <token t_id="262" sentence="11" number="23">confession</token>
  <token t_id="263" sentence="11" number="24">.</token>
  <token t_id="264" sentence="12" number="0">Browsnville</token>
  <token t_id="265" sentence="12" number="1">is</token>
  <token t_id="266" sentence="12" number="2">among</token>
  <token t_id="267" sentence="12" number="3">the</token>
  <token t_id="268" sentence="12" number="4">most</token>
  <token t_id="269" sentence="12" number="5">crime</token>
  <token t_id="270" sentence="12" number="6">-</token>
  <token t_id="271" sentence="12" number="7">ridden</token>
  <token t_id="272" sentence="12" number="8">neighborhoods</token>
  <token t_id="273" sentence="12" number="9">in</token>
  <token t_id="274" sentence="12" number="10">the</token>
  <token t_id="275" sentence="12" number="11">city</token>
  <token t_id="276" sentence="12" number="12">.</token>
  <token t_id="277" sentence="13" number="0">Since</token>
  <token t_id="278" sentence="13" number="1">the</token>
  <token t_id="279" sentence="13" number="2">shocking</token>
  <token t_id="280" sentence="13" number="3">shooting</token>
  <token t_id="281" sentence="13" number="4">,</token>
  <token t_id="282" sentence="13" number="5">community</token>
  <token t_id="283" sentence="13" number="6">members</token>
  <token t_id="284" sentence="13" number="7">,</token>
  <token t_id="285" sentence="13" number="8">including</token>
  <token t_id="286" sentence="13" number="9">Rev</token>
  <token t_id="287" sentence="13" number="10">.</token>
  <token t_id="288" sentence="13" number="11">Al</token>
  <token t_id="289" sentence="13" number="12">Sharpton</token>
  <token t_id="290" sentence="13" number="13">who</token>
  <token t_id="291" sentence="13" number="14">met</token>
  <token t_id="292" sentence="13" number="15">with</token>
  <token t_id="293" sentence="13" number="16">Horton's</token>
  <token t_id="294" sentence="13" number="17">family</token>
  <token t_id="295" sentence="13" number="18">,</token>
  <token t_id="296" sentence="13" number="19">have</token>
  <token t_id="297" sentence="13" number="20">called</token>
  <token t_id="298" sentence="13" number="21">for</token>
  <token t_id="299" sentence="13" number="22">an</token>
  <token t_id="300" sentence="13" number="23">end</token>
  <token t_id="301" sentence="13" number="24">to</token>
  <token t_id="302" sentence="13" number="25">gun</token>
  <token t_id="303" sentence="13" number="26">violence</token>
  <token t_id="304" sentence="13" number="27">.</token>
  <Markables>
    <ACTION_GENERIC m_id="1">
      <token_anchor t_id="92"/>
    </ACTION_GENERIC>
    <ACTION_OCCURRENCE m_id="29" comment="" climaxEvent="FALSE">
      <token_anchor t_id="165"/>
    </ACTION_OCCURRENCE>
    <ACTION_OCCURRENCE m_id="2" comment="" climaxEvent="FALSE">
      <token_anchor t_id="178"/>
    </ACTION_OCCURRENCE>
    <ACTION_OCCURRENCE m_id="3" comment="" climaxEvent="FALSE">
      <token_anchor t_id="40"/>
    </ACTION_OCCURRENCE>
    <ACTION_OCCURRENCE m_id="4" comment="" climaxEvent="FALSE">
      <token_anchor t_id="192"/>
    </ACTION_OCCURRENCE>
    <ACTION_OCCURRENCE m_id="5" comment="" climaxEvent="FALSE">
      <token_anchor t_id="114"/>
      <token_anchor t_id="115"/>
    </ACTION_OCCURRENCE>
    <ACTION_OCCURRENCE m_id="6" comment="" climaxEvent="FALSE">
      <token_anchor t_id="194"/>
    </ACTION_OCCURRENCE>
    <ACTION_OCCURRENCE m_id="7" comment="" climaxEvent="FALSE">
      <token_anchor t_id="199"/>
      <token_anchor t_id="200"/>
    </ACTION_OCCURRENCE>
    <ACTION_OCCURRENCE m_id="8" comment="" climaxEvent="FALSE">
      <token_anchor t_id="214"/>
    </ACTION_OCCURRENCE>
    <ACTION_OCCURRENCE m_id="9" comment="" climaxEvent="FALSE">
      <token_anchor t_id="217"/>
      <token_anchor t_id="218"/>
      <token_anchor t_id="219"/>
    </ACTION_OCCURRENCE>
    <ACTION_OCCURRENCE m_id="10" comment="" climaxEvent="FALSE">
      <token_anchor t_id="255"/>
    </ACTION_OCCURRENCE>
    <ACTION_OCCURRENCE m_id="11" comment="" climaxEvent="FALSE">
      <token_anchor t_id="256"/>
    </ACTION_OCCURRENCE>
    <ACTION_OCCURRENCE m_id="75" comment="" climaxEvent="FALSE">
      <token_anchor t_id="83"/>
    </ACTION_OCCURRENCE>
    <ACTION_OCCURRENCE m_id="12" comment="" climaxEvent="FALSE">
      <token_anchor t_id="247"/>
    </ACTION_OCCURRENCE>
    <ACTION_OCCURRENCE m_id="13" comment="" climaxEvent="FALSE">
      <token_anchor t_id="262"/>
    </ACTION_OCCURRENCE>
    <ACTION_OCCURRENCE m_id="14" climaxEvent="TRUE" comment="">
      <token_anchor t_id="32"/>
    </ACTION_OCCURRENCE>
    <ACTION_OCCURRENCE m_id="15" comment="" climaxEvent="FALSE">
      <token_anchor t_id="34"/>
    </ACTION_OCCURRENCE>
    <ACTION_OCCURRENCE m_id="16" comment="" climaxEvent="FALSE">
      <token_anchor t_id="72"/>
    </ACTION_OCCURRENCE>
    <ACTION_OCCURRENCE m_id="17" comment="" climaxEvent="FALSE">
      <token_anchor t_id="77"/>
    </ACTION_OCCURRENCE>
    <ACTION_OCCURRENCE m_id="18" comment="" climaxEvent="FALSE">
      <token_anchor t_id="85"/>
    </ACTION_OCCURRENCE>
    <ACTION_OCCURRENCE m_id="19" comment="" climaxEvent="FALSE">
      <token_anchor t_id="237"/>
    </ACTION_OCCURRENCE>
    <ACTION_OCCURRENCE m_id="20" comment="" climaxEvent="FALSE">
      <token_anchor t_id="94"/>
    </ACTION_OCCURRENCE>
    <ACTION_OCCURRENCE m_id="21" comment="" climaxEvent="FALSE">
      <token_anchor t_id="107"/>
    </ACTION_OCCURRENCE>
    <ACTION_OCCURRENCE m_id="22" comment="" climaxEvent="FALSE">
      <token_anchor t_id="112"/>
    </ACTION_OCCURRENCE>
    <ACTION_OCCURRENCE m_id="23" climaxEvent="FALSE" comment="BT: annotation error">
      <token_anchor t_id="123"/>
      <token_anchor t_id="124"/>
      <token_anchor t_id="125"/>
    </ACTION_OCCURRENCE>
    <ACTION_OCCURRENCE m_id="24" comment="" climaxEvent="FALSE">
      <token_anchor t_id="135"/>
    </ACTION_OCCURRENCE>
    <ACTION_OCCURRENCE m_id="25" comment="" climaxEvent="FALSE">
      <token_anchor t_id="139"/>
    </ACTION_OCCURRENCE>
    <ACTION_OCCURRENCE m_id="26" comment="" climaxEvent="FALSE">
      <token_anchor t_id="149"/>
    </ACTION_OCCURRENCE>
    <ACTION_OCCURRENCE m_id="27" comment="" climaxEvent="FALSE">
      <token_anchor t_id="152"/>
    </ACTION_OCCURRENCE>
    <ACTION_OCCURRENCE m_id="28" comment="" climaxEvent="FALSE">
      <token_anchor t_id="259"/>
    </ACTION_OCCURRENCE>
    <ACTION_REPORTING m_id="30">
      <token_anchor t_id="232"/>
      <token_anchor t_id="233"/>
    </ACTION_REPORTING>
    <ACTION_STATE m_id="31" climaxEvent="FALSE" comment="">
      <token_anchor t_id="241"/>
    </ACTION_STATE>
    <ACTION_STATE m_id="32" climaxEvent="FALSE" comment="">
      <token_anchor t_id="104"/>
    </ACTION_STATE>
    <HUMAN_PART_ORG m_id="33">
      <token_anchor t_id="75"/>
    </HUMAN_PART_ORG>
    <HUMAN_PART_ORG m_id="34">
      <token_anchor t_id="225"/>
      <token_anchor t_id="226"/>
    </HUMAN_PART_ORG>
    <HUMAN_PART_ORG m_id="35">
      <token_anchor t_id="223"/>
    </HUMAN_PART_ORG>
    <HUMAN_PART_PER m_id="61" comment="">
      <token_anchor t_id="89"/>
      <token_anchor t_id="90"/>
    </HUMAN_PART_PER>
    <HUMAN_PART_PER m_id="62" comment="">
      <token_anchor t_id="95"/>
    </HUMAN_PART_PER>
    <HUMAN_PART_PER m_id="63" comment="">
      <token_anchor t_id="82"/>
    </HUMAN_PART_PER>
    <HUMAN_PART_PER m_id="64" comment="">
      <token_anchor t_id="100"/>
      <token_anchor t_id="101"/>
    </HUMAN_PART_PER>
    <HUMAN_PART_PER m_id="36" comment="">
      <token_anchor t_id="131"/>
      <token_anchor t_id="132"/>
    </HUMAN_PART_PER>
    <HUMAN_PART_PER m_id="37" comment="">
      <token_anchor t_id="134"/>
    </HUMAN_PART_PER>
    <HUMAN_PART_PER m_id="38" comment="">
      <token_anchor t_id="146"/>
    </HUMAN_PART_PER>
    <HUMAN_PART_PER m_id="39" comment="">
      <token_anchor t_id="150"/>
    </HUMAN_PART_PER>
    <HUMAN_PART_PER m_id="40" comment="">
      <token_anchor t_id="105"/>
      <token_anchor t_id="106"/>
    </HUMAN_PART_PER>
    <HUMAN_PART_PER m_id="41" comment="">
      <token_anchor t_id="154"/>
    </HUMAN_PART_PER>
    <HUMAN_PART_PER m_id="42" comment="">
      <token_anchor t_id="160"/>
    </HUMAN_PART_PER>
    <HUMAN_PART_PER m_id="43" comment="">
      <token_anchor t_id="162"/>
    </HUMAN_PART_PER>
    <HUMAN_PART_PER m_id="44" comment="">
      <token_anchor t_id="172"/>
    </HUMAN_PART_PER>
    <HUMAN_PART_PER m_id="45" comment="">
      <token_anchor t_id="173"/>
    </HUMAN_PART_PER>
    <HUMAN_PART_PER m_id="46" comment="">
      <token_anchor t_id="174"/>
    </HUMAN_PART_PER>
    <HUMAN_PART_PER m_id="47" comment="">
      <token_anchor t_id="191"/>
    </HUMAN_PART_PER>
    <HUMAN_PART_PER m_id="48" comment="">
      <token_anchor t_id="205"/>
    </HUMAN_PART_PER>
    <HUMAN_PART_PER m_id="49" comment="">
      <token_anchor t_id="209"/>
    </HUMAN_PART_PER>
    <HUMAN_PART_PER m_id="50" comment="">
      <token_anchor t_id="230"/>
      <token_anchor t_id="231"/>
    </HUMAN_PART_PER>
    <HUMAN_PART_PER m_id="51" comment="">
      <token_anchor t_id="234"/>
    </HUMAN_PART_PER>
    <HUMAN_PART_PER m_id="52" comment="">
      <token_anchor t_id="239"/>
    </HUMAN_PART_PER>
    <HUMAN_PART_PER m_id="53" comment="">
      <token_anchor t_id="250"/>
      <token_anchor t_id="251"/>
      <token_anchor t_id="252"/>
    </HUMAN_PART_PER>
    <HUMAN_PART_PER m_id="54" comment="">
      <token_anchor t_id="254"/>
    </HUMAN_PART_PER>
    <HUMAN_PART_PER m_id="55" comment="">
      <token_anchor t_id="220"/>
    </HUMAN_PART_PER>
    <HUMAN_PART_PER m_id="56" comment="">
      <token_anchor t_id="30"/>
      <token_anchor t_id="31"/>
    </HUMAN_PART_PER>
    <HUMAN_PART_PER m_id="57" comment="">
      <token_anchor t_id="157"/>
    </HUMAN_PART_PER>
    <HUMAN_PART_PER m_id="58" comment="">
      <token_anchor t_id="36"/>
      <token_anchor t_id="37"/>
    </HUMAN_PART_PER>
    <HUMAN_PART_PER m_id="59" comment="">
      <token_anchor t_id="71"/>
    </HUMAN_PART_PER>
    <HUMAN_PART_PER m_id="60" comment="">
      <token_anchor t_id="80"/>
      <token_anchor t_id="81"/>
    </HUMAN_PART_PER>
    <LOC_FAC m_id="65">
      <token_anchor t_id="118"/>
      <token_anchor t_id="119"/>
      <token_anchor t_id="120"/>
      <token_anchor t_id="121"/>
    </LOC_FAC>
    <LOC_GEO m_id="66" comment="">
      <token_anchor t_id="39"/>
    </LOC_GEO>
    <NON_HUMAN_PART m_id="67" comment="">
      <token_anchor t_id="182"/>
      <token_anchor t_id="183"/>
      <token_anchor t_id="184"/>
    </NON_HUMAN_PART>
    <NON_HUMAN_PART m_id="68" comment="">
      <token_anchor t_id="142"/>
    </NON_HUMAN_PART>
    <NON_HUMAN_PART m_id="69" comment="">
      <token_anchor t_id="144"/>
    </NON_HUMAN_PART>
    <NON_HUMAN_PART m_id="70" comment="">
      <token_anchor t_id="197"/>
    </NON_HUMAN_PART>
    <NON_HUMAN_PART m_id="71" comment="">
      <token_anchor t_id="203"/>
    </NON_HUMAN_PART>
    <TIME_DATE m_id="72" comment="" DCT="FALSE" value="2011-10-25" anchorTimeID="74">
      <token_anchor t_id="108"/>
      <token_anchor t_id="109"/>
    </TIME_DATE>
    <TIME_DATE m_id="73" comment="" DCT="FALSE" value="2011-10-21" anchorTimeID="74">
      <token_anchor t_id="116"/>
      <token_anchor t_id="117"/>
    </TIME_DATE>
    <TIME_OF_THE_DAY m_id="74" DCT="TRUE" value="2011-10-25T18:44" anchorTimeID="">
      <token_anchor t_id="44"/>
      <token_anchor t_id="45"/>
      <token_anchor t_id="46"/>
      <token_anchor t_id="47"/>
      <token_anchor t_id="48"/>
      <token_anchor t_id="49"/>
      <token_anchor t_id="50"/>
      <token_anchor t_id="51"/>
      <token_anchor t_id="52"/>
      <token_anchor t_id="53"/>
    </TIME_OF_THE_DAY>
    <ACTION_OCCURRENCE m_id="76" RELATED_TO="" TAG_DESCRIPTOR="t33_shooting" comment="" climaxEvent="FALSE"/>
    <HUMAN_PART_ORG m_id="77" RELATED_TO="" TAG_DESCRIPTOR="t33_gang"/>
    <HUMAN_PART_PER m_id="78" RELATED_TO="" TAG_DESCRIPTOR="t33_children_protected" comment=""/>
    <TIME_DATE m_id="79" RELATED_TO="" TAG_DESCRIPTOR="t33_friday_shooting" value="" anchorTimeID="" DCT="FALSE" comment=""/>
    <HUMAN_PART_PER m_id="80" RELATED_TO="" TAG_DESCRIPTOR="t33_zurana_horton" comment=""/>
    <ACTION_OCCURRENCE m_id="81" RELATED_TO="" TAG_DESCRIPTOR="t33_shielded_children" comment="" climaxEvent="FALSE"/>
    <ACTION_OCCURRENCE m_id="82" RELATED_TO="" TAG_DESCRIPTOR="t33_killing_mother" comment="" climaxEvent="FALSE"/>
    <ACTION_OCCURRENCE m_id="83" RELATED_TO="" TAG_DESCRIPTOR="t33_confesses_to_killing" comment="" climaxEvent="FALSE"/>
    <LOC_GEO m_id="84" RELATED_TO="" TAG_DESCRIPTOR="t33_brooklyn" comment=""/>
    <LOC_FAC m_id="85" RELATED_TO="" TAG_DESCRIPTOR="t33_school"/>
    <ACTION_OCCURRENCE m_id="86" RELATED_TO="" TAG_DESCRIPTOR="t33_suspect_arrested" comment="" climaxEvent="FALSE"/>
    <ACTION_OCCURRENCE m_id="87" RELATED_TO="" TAG_DESCRIPTOR="t33_tried_protect" comment="" climaxEvent="FALSE"/>
    <HUMAN_PART_PER m_id="88" RELATED_TO="" TAG_DESCRIPTOR="t33_andrew_lopez" comment=""/>
  </Markables>
  <Relations>
    <TLINK r_id="209742" contextualModality="" relType="AFTER" comment="">
      <source m_id="74"/>
      <target m_id="14"/>
    </TLINK>
    <TLINK r_id="209743" contextualModality="" relType="AFTER" comment="">
      <source m_id="74"/>
      <target m_id="15"/>
    </TLINK>
    <TLINK r_id="209744" contextualModality="" relType="AFTER" comment="">
      <source m_id="74"/>
      <target m_id="3"/>
    </TLINK>
    <TLINK r_id="209745" contextualModality="" relType="AFTER" comment="">
      <source m_id="74"/>
      <target m_id="16"/>
    </TLINK>
    <TLINK r_id="209746" contextualModality="" relType="AFTER" comment="">
      <source m_id="74"/>
      <target m_id="17"/>
    </TLINK>
    <TLINK r_id="209747" contextualModality="" relType="AFTER" comment="">
      <source m_id="74"/>
      <target m_id="75"/>
    </TLINK>
    <TLINK r_id="209748" contextualModality="" relType="AFTER" comment="">
      <source m_id="74"/>
      <target m_id="18"/>
    </TLINK>
    <TLINK r_id="209749" contextualModality="" relType="AFTER" comment="">
      <source m_id="74"/>
      <target m_id="1"/>
    </TLINK>
    <TLINK r_id="209750" contextualModality="" relType="AFTER" comment="">
      <source m_id="74"/>
      <target m_id="20"/>
    </TLINK>
    <TLINK r_id="209751" contextualModality="" relType="AFTER" comment="">
      <source m_id="74"/>
      <target m_id="32"/>
    </TLINK>
    <TLINK r_id="209752" contextualModality="" relType="AFTER" comment="">
      <source m_id="74"/>
      <target m_id="21"/>
    </TLINK>
    <TLINK r_id="209753" contextualModality="" relType="AFTER" comment="">
      <source m_id="74"/>
      <target m_id="22"/>
    </TLINK>
    <TLINK r_id="209754" contextualModality="" relType="AFTER" comment="">
      <source m_id="74"/>
      <target m_id="5"/>
    </TLINK>
    <TLINK r_id="209755" contextualModality="" relType="AFTER" comment="">
      <source m_id="74"/>
      <target m_id="23"/>
    </TLINK>
    <TLINK r_id="209756" contextualModality="" relType="AFTER" comment="">
      <source m_id="74"/>
      <target m_id="24"/>
    </TLINK>
    <TLINK r_id="209757" contextualModality="" relType="AFTER" comment="">
      <source m_id="74"/>
      <target m_id="25"/>
    </TLINK>
    <TLINK r_id="209758" contextualModality="" relType="AFTER" comment="">
      <source m_id="74"/>
      <target m_id="26"/>
    </TLINK>
    <TLINK r_id="209759" contextualModality="" relType="AFTER" comment="">
      <source m_id="74"/>
      <target m_id="27"/>
    </TLINK>
    <TLINK r_id="209760" contextualModality="" relType="AFTER" comment="">
      <source m_id="74"/>
      <target m_id="29"/>
    </TLINK>
    <TLINK r_id="209761" contextualModality="" relType="AFTER" comment="">
      <source m_id="74"/>
      <target m_id="4"/>
    </TLINK>
    <TLINK r_id="209762" contextualModality="" relType="AFTER" comment="">
      <source m_id="74"/>
      <target m_id="6"/>
    </TLINK>
    <TLINK r_id="209763" contextualModality="" relType="AFTER" comment="">
      <source m_id="74"/>
      <target m_id="7"/>
    </TLINK>
    <TLINK r_id="209764" contextualModality="" relType="AFTER" comment="">
      <source m_id="74"/>
      <target m_id="8"/>
    </TLINK>
    <TLINK r_id="209765" contextualModality="" relType="AFTER" comment="">
      <source m_id="74"/>
      <target m_id="9"/>
    </TLINK>
    <TLINK r_id="209766" contextualModality="" relType="AFTER" comment="">
      <source m_id="74"/>
      <target m_id="30"/>
    </TLINK>
    <TLINK r_id="209767" contextualModality="" relType="AFTER" comment="">
      <source m_id="74"/>
      <target m_id="19"/>
    </TLINK>
    <TLINK r_id="209768" contextualModality="" relType="AFTER" comment="">
      <source m_id="74"/>
      <target m_id="31"/>
    </TLINK>
    <TLINK r_id="209769" contextualModality="" relType="AFTER" comment="">
      <source m_id="74"/>
      <target m_id="12"/>
    </TLINK>
    <TLINK r_id="209770" contextualModality="" relType="AFTER" comment="">
      <source m_id="74"/>
      <target m_id="10"/>
    </TLINK>
    <TLINK r_id="209771" contextualModality="" relType="AFTER" comment="">
      <source m_id="74"/>
      <target m_id="11"/>
    </TLINK>
    <TLINK r_id="209772" contextualModality="" relType="AFTER" comment="">
      <source m_id="74"/>
      <target m_id="28"/>
    </TLINK>
    <TLINK r_id="209773" contextualModality="" relType="AFTER" comment="">
      <source m_id="74"/>
      <target m_id="13"/>
    </TLINK>
    <TLINK r_id="209798" contextualModality="" relType="AFTER" comment="">
      <source m_id="74"/>
      <target m_id="2"/>
    </TLINK>
    <TLINK r_id="209799" contextualModality="" relType="CONTAINS" comment="">
      <source m_id="72"/>
      <target m_id="14"/>
    </TLINK>
    <TLINK r_id="209800" contextualModality="" relType="AFTER" comment="">
      <source m_id="72"/>
      <target m_id="15"/>
    </TLINK>
    <TLINK r_id="209801" contextualModality="" relType="AFTER" comment="">
      <source m_id="72"/>
      <target m_id="3"/>
    </TLINK>
    <TLINK r_id="209802" contextualModality="" relType="CONTAINS" comment="">
      <source m_id="72"/>
      <target m_id="16"/>
    </TLINK>
    <TLINK r_id="209803" contextualModality="" relType="AFTER" comment="">
      <source m_id="72"/>
      <target m_id="17"/>
    </TLINK>
    <TLINK r_id="209804" contextualModality="" relType="AFTER" comment="">
      <source m_id="72"/>
      <target m_id="75"/>
    </TLINK>
    <TLINK r_id="209805" contextualModality="" relType="AFTER" comment="">
      <source m_id="72"/>
      <target m_id="18"/>
    </TLINK>
    <TLINK r_id="209806" contextualModality="" relType="AFTER" comment="">
      <source m_id="72"/>
      <target m_id="1"/>
    </TLINK>
    <TLINK r_id="209807" contextualModality="" relType="AFTER" comment="">
      <source m_id="72"/>
      <target m_id="20"/>
    </TLINK>
    <TLINK r_id="209808" contextualModality="" relType="CONTAINS" comment="">
      <source m_id="72"/>
      <target m_id="32"/>
    </TLINK>
    <TLINK r_id="209809" contextualModality="" relType="CONTAINS" comment="">
      <source m_id="72"/>
      <target m_id="21"/>
    </TLINK>
    <TLINK r_id="210270" contextualModality="" relType="CONTAINS" comment="">
      <source m_id="73"/>
      <target m_id="22"/>
    </TLINK>
    <TLINK r_id="210271" contextualModality="" relType="CONTAINS" comment="">
      <source m_id="73"/>
      <target m_id="5"/>
    </TLINK>
    <TLINK r_id="210272" contextualModality="" relType="CONTAINS" comment="">
      <source m_id="73"/>
      <target m_id="23"/>
    </TLINK>
    <TLINK r_id="210273" contextualModality="" relType="CONTAINS" comment="">
      <source m_id="73"/>
      <target m_id="24"/>
    </TLINK>
    <TLINK r_id="210274" contextualModality="" relType="CONTAINS" comment="">
      <source m_id="73"/>
      <target m_id="25"/>
    </TLINK>
    <TLINK r_id="210275" contextualModality="" relType="CONTAINS" comment="">
      <source m_id="73"/>
      <target m_id="26"/>
    </TLINK>
    <TLINK r_id="210276" contextualModality="" relType="CONTAINS" comment="">
      <source m_id="73"/>
      <target m_id="27"/>
    </TLINK>
    <TLINK r_id="210277" contextualModality="" relType="CONTAINS" comment="">
      <source m_id="73"/>
      <target m_id="29"/>
    </TLINK>
    <TLINK r_id="210278" contextualModality="" relType="CONTAINS" comment="">
      <source m_id="73"/>
      <target m_id="2"/>
    </TLINK>
    <TLINK r_id="210279" contextualModality="" relType="CONTAINS" comment="">
      <source m_id="73"/>
      <target m_id="4"/>
    </TLINK>
    <TLINK r_id="210280" contextualModality="" relType="CONTAINS" comment="">
      <source m_id="73"/>
      <target m_id="6"/>
    </TLINK>
    <TLINK r_id="210281" contextualModality="" relType="CONTAINS" comment="">
      <source m_id="73"/>
      <target m_id="7"/>
    </TLINK>
    <TLINK r_id="210282" contextualModality="" relType="BEFORE" comment="">
      <source m_id="73"/>
      <target m_id="8"/>
    </TLINK>
    <TLINK r_id="210283" contextualModality="" relType="BEFORE" comment="">
      <source m_id="73"/>
      <target m_id="9"/>
    </TLINK>
    <TLINK r_id="210284" contextualModality="" relType="BEFORE" comment="">
      <source m_id="73"/>
      <target m_id="30"/>
    </TLINK>
    <TLINK r_id="210285" contextualModality="" relType="BEFORE" comment="">
      <source m_id="73"/>
      <target m_id="19"/>
    </TLINK>
    <TLINK r_id="210286" contextualModality="" relType="BEFORE" comment="">
      <source m_id="73"/>
      <target m_id="31"/>
    </TLINK>
    <TLINK r_id="210287" contextualModality="" relType="BEFORE" comment="">
      <source m_id="73"/>
      <target m_id="12"/>
    </TLINK>
    <TLINK r_id="210288" contextualModality="" relType="BEFORE" comment="">
      <source m_id="73"/>
      <target m_id="10"/>
    </TLINK>
    <TLINK r_id="210289" contextualModality="" relType="BEFORE" comment="">
      <source m_id="73"/>
      <target m_id="11"/>
    </TLINK>
    <TLINK r_id="210290" contextualModality="" relType="BEFORE" comment="">
      <source m_id="73"/>
      <target m_id="28"/>
    </TLINK>
    <TLINK r_id="210291" contextualModality="" relType="BEFORE" comment="">
      <source m_id="73"/>
      <target m_id="13"/>
    </TLINK>
    <PLOT_LINK r_id="210292" SIGNAL="" relType="FALLING_ACTION" CAUSES="FALSE" CAUSED_BY="FALSE">
      <source m_id="14"/>
      <target m_id="15"/>
    </PLOT_LINK>
    <PLOT_LINK r_id="210293" SIGNAL="" relType="FALLING_ACTION" CAUSES="FALSE" CAUSED_BY="FALSE">
      <source m_id="15"/>
      <target m_id="3"/>
    </PLOT_LINK>
    <PLOT_LINK r_id="210294" SIGNAL="" relType="FALLING_ACTION" CAUSES="FALSE" CAUSED_BY="FALSE">
      <source m_id="16"/>
      <target m_id="17"/>
    </PLOT_LINK>
    <PLOT_LINK r_id="210295" SIGNAL="" relType="PRECONDITION" CAUSES="FALSE" CAUSED_BY="FALSE">
      <source m_id="18"/>
      <target m_id="20"/>
    </PLOT_LINK>
    <PLOT_LINK r_id="210296" SIGNAL="" relType="FALLING_ACTION" CAUSES="FALSE" CAUSED_BY="FALSE">
      <source m_id="21"/>
      <target m_id="22"/>
    </PLOT_LINK>
    <PLOT_LINK r_id="210297" SIGNAL="" relType="PRECONDITION" CAUSES="FALSE" CAUSED_BY="FALSE">
      <source m_id="22"/>
      <target m_id="23"/>
    </PLOT_LINK>
    <PLOT_LINK r_id="210298" SIGNAL="" relType="FALLING_ACTION" CAUSES="FALSE" CAUSED_BY="FALSE">
      <source m_id="24"/>
      <target m_id="25"/>
    </PLOT_LINK>
    <PLOT_LINK r_id="210299" SIGNAL="" relType="FALLING_ACTION" CAUSES="FALSE" CAUSED_BY="FALSE">
      <source m_id="25"/>
      <target m_id="26"/>
    </PLOT_LINK>
    <PLOT_LINK r_id="210300" SIGNAL="" relType="FALLING_ACTION" CAUSES="FALSE" CAUSED_BY="FALSE">
      <source m_id="26"/>
      <target m_id="27"/>
    </PLOT_LINK>
    <PLOT_LINK r_id="210301" SIGNAL="" relType="FALLING_ACTION" CAUSES="FALSE" CAUSED_BY="FALSE">
      <source m_id="31"/>
      <target m_id="11"/>
    </PLOT_LINK>
    <PLOT_LINK r_id="210302" SIGNAL="" relType="FALLING_ACTION" CAUSES="FALSE" CAUSED_BY="FALSE">
      <source m_id="31"/>
      <target m_id="13"/>
    </PLOT_LINK>
  </Relations>
</Document>
