<?xml version='1.0' encoding='UTF-8'?>
<Document doc_name="33_2ecbplus.xml">
  <token t_id="1" sentence="0" number="0">http</token>
  <token t_id="2" sentence="0" number="1">:</token>
  <token t_id="3" sentence="0" number="2">/</token>
  <token t_id="4" sentence="0" number="3">/</token>
  <token t_id="5" sentence="0" number="4">nypost</token>
  <token t_id="6" sentence="0" number="5">.</token>
  <token t_id="7" sentence="0" number="6">com</token>
  <token t_id="8" sentence="0" number="7">/</token>
  <token t_id="9" sentence="0" number="8">2013</token>
  <token t_id="10" sentence="0" number="9">/</token>
  <token t_id="11" sentence="0" number="10">04</token>
  <token t_id="12" sentence="0" number="11">/</token>
  <token t_id="13" sentence="0" number="12">12</token>
  <token t_id="14" sentence="0" number="13">/</token>
  <token t_id="15" sentence="0" number="14">video</token>
  <token t_id="16" sentence="0" number="15">-</token>
  <token t_id="17" sentence="0" number="16">of</token>
  <token t_id="18" sentence="0" number="17">-</token>
  <token t_id="19" sentence="0" number="18">brooklyn</token>
  <token t_id="20" sentence="0" number="19">-</token>
  <token t_id="21" sentence="0" number="20">womans</token>
  <token t_id="22" sentence="0" number="21">-</token>
  <token t_id="23" sentence="0" number="22">fatal</token>
  <token t_id="24" sentence="0" number="23">-</token>
  <token t_id="25" sentence="0" number="24">shooting</token>
  <token t_id="26" sentence="0" number="25">-</token>
  <token t_id="27" sentence="0" number="26">is</token>
  <token t_id="28" sentence="0" number="27">-</token>
  <token t_id="29" sentence="0" number="28">played</token>
  <token t_id="30" sentence="0" number="29">-</token>
  <token t_id="31" sentence="0" number="30">at</token>
  <token t_id="32" sentence="0" number="31">-</token>
  <token t_id="33" sentence="0" number="32">trial</token>
  <token t_id="34" sentence="0" number="33">-</token>
  <token t_id="35" sentence="0" number="34">of</token>
  <token t_id="36" sentence="0" number="35">-</token>
  <token t_id="37" sentence="0" number="36">two</token>
  <token t_id="38" sentence="0" number="37">-</token>
  <token t_id="39" sentence="0" number="38">men</token>
  <token t_id="40" sentence="0" number="39">-</token>
  <token t_id="41" sentence="0" number="40">charged</token>
  <token t_id="42" sentence="0" number="41">-</token>
  <token t_id="43" sentence="0" number="42">in</token>
  <token t_id="44" sentence="0" number="43">-</token>
  <token t_id="45" sentence="0" number="44">rooftop</token>
  <token t_id="46" sentence="0" number="45">-</token>
  <token t_id="47" sentence="0" number="46">gunplay</token>
  <token t_id="48" sentence="0" number="47">/</token>
  <token t_id="49" sentence="1" number="0">Video</token>
  <token t_id="50" sentence="1" number="1">of</token>
  <token t_id="51" sentence="1" number="2">Brooklyn</token>
  <token t_id="52" sentence="1" number="3">woman's</token>
  <token t_id="53" sentence="1" number="4">fatal</token>
  <token t_id="54" sentence="1" number="5">shooting</token>
  <token t_id="55" sentence="1" number="6">is</token>
  <token t_id="56" sentence="1" number="7">played</token>
  <token t_id="57" sentence="1" number="8">at</token>
  <token t_id="58" sentence="1" number="9">trial</token>
  <token t_id="59" sentence="1" number="10">of</token>
  <token t_id="60" sentence="1" number="11">two</token>
  <token t_id="61" sentence="1" number="12">men</token>
  <token t_id="62" sentence="1" number="13">charged</token>
  <token t_id="63" sentence="1" number="14">in</token>
  <token t_id="64" sentence="1" number="15">rooftop</token>
  <token t_id="65" sentence="1" number="16">gunplay</token>
  <token t_id="66" sentence="2" number="0">April</token>
  <token t_id="67" sentence="2" number="1">12</token>
  <token t_id="68" sentence="2" number="2">,</token>
  <token t_id="69" sentence="2" number="3">2013</token>
  <token t_id="70" sentence="2" number="4">|</token>
  <token t_id="71" sentence="2" number="5">4</token>
  <token t_id="72" sentence="2" number="6">:</token>
  <token t_id="73" sentence="2" number="7">00am</token>
  <token t_id="74" sentence="3" number="0">Rapt</token>
  <token t_id="75" sentence="3" number="1">jurors</token>
  <token t_id="76" sentence="3" number="2">yesterday</token>
  <token t_id="77" sentence="3" number="3">watched</token>
  <token t_id="78" sentence="3" number="4">surveillance</token>
  <token t_id="79" sentence="3" number="5">video</token>
  <token t_id="80" sentence="3" number="6">of</token>
  <token t_id="81" sentence="3" number="7">the</token>
  <token t_id="82" sentence="3" number="8">chilling</token>
  <token t_id="83" sentence="3" number="9">moment</token>
  <token t_id="84" sentence="3" number="10">that</token>
  <token t_id="85" sentence="3" number="11">a</token>
  <token t_id="86" sentence="3" number="12">Brooklyn</token>
  <token t_id="87" sentence="3" number="13">mom</token>
  <token t_id="88" sentence="3" number="14">was</token>
  <token t_id="89" sentence="3" number="15">fatally</token>
  <token t_id="90" sentence="3" number="16">struck</token>
  <token t_id="91" sentence="3" number="17">by</token>
  <token t_id="92" sentence="3" number="18">stray</token>
  <token t_id="93" sentence="3" number="19">gunfire</token>
  <token t_id="94" sentence="3" number="20">and</token>
  <token t_id="95" sentence="3" number="21">slowly</token>
  <token t_id="96" sentence="3" number="22">fell</token>
  <token t_id="97" sentence="3" number="23">over</token>
  <token t_id="98" sentence="3" number="24">into</token>
  <token t_id="99" sentence="3" number="25">a</token>
  <token t_id="100" sentence="3" number="26">pool</token>
  <token t_id="101" sentence="3" number="27">of</token>
  <token t_id="102" sentence="3" number="28">her</token>
  <token t_id="103" sentence="3" number="29">own</token>
  <token t_id="104" sentence="3" number="30">blood</token>
  <token t_id="105" sentence="3" number="31">.</token>
  <token t_id="106" sentence="4" number="0">The</token>
  <token t_id="107" sentence="4" number="1">disturbing</token>
  <token t_id="108" sentence="4" number="2">evidence</token>
  <token t_id="109" sentence="4" number="3">was</token>
  <token t_id="110" sentence="4" number="4">made</token>
  <token t_id="111" sentence="4" number="5">public</token>
  <token t_id="112" sentence="4" number="6">at</token>
  <token t_id="113" sentence="4" number="7">the</token>
  <token t_id="114" sentence="4" number="8">trial</token>
  <token t_id="115" sentence="4" number="9">of</token>
  <token t_id="116" sentence="4" number="10">the</token>
  <token t_id="117" sentence="4" number="11">two</token>
  <token t_id="118" sentence="4" number="12">men</token>
  <token t_id="119" sentence="4" number="13">accused</token>
  <token t_id="120" sentence="4" number="14">of</token>
  <token t_id="121" sentence="4" number="15">killing</token>
  <token t_id="122" sentence="4" number="16">Zurana</token>
  <token t_id="123" sentence="4" number="17">Horton</token>
  <token t_id="124" sentence="4" number="18">from</token>
  <token t_id="125" sentence="4" number="19">a</token>
  <token t_id="126" sentence="4" number="20">Brownsville</token>
  <token t_id="127" sentence="4" number="21">rooftop</token>
  <token t_id="128" sentence="4" number="22">in</token>
  <token t_id="129" sentence="4" number="23">2011</token>
  <token t_id="130" sentence="4" number="24">.</token>
  <token t_id="131" sentence="5" number="0">Horton</token>
  <token t_id="132" sentence="5" number="1">,</token>
  <token t_id="133" sentence="5" number="2">34</token>
  <token t_id="134" sentence="5" number="3">,</token>
  <token t_id="135" sentence="5" number="4">was</token>
  <token t_id="136" sentence="5" number="5">walking</token>
  <token t_id="137" sentence="5" number="6">with</token>
  <token t_id="138" sentence="5" number="7">one</token>
  <token t_id="139" sentence="5" number="8">of</token>
  <token t_id="140" sentence="5" number="9">her</token>
  <token t_id="141" sentence="5" number="10">12</token>
  <token t_id="142" sentence="5" number="11">children</token>
  <token t_id="143" sentence="5" number="12">when</token>
  <token t_id="144" sentence="5" number="13">Andrew</token>
  <token t_id="145" sentence="5" number="14">Lopez</token>
  <token t_id="146" sentence="5" number="15">,</token>
  <token t_id="147" sentence="5" number="16">20</token>
  <token t_id="148" sentence="5" number="17">,</token>
  <token t_id="149" sentence="5" number="18">fired</token>
  <token t_id="150" sentence="5" number="19">from</token>
  <token t_id="151" sentence="5" number="20">the</token>
  <token t_id="152" sentence="5" number="21">rooftop</token>
  <token t_id="153" sentence="5" number="22">on</token>
  <token t_id="154" sentence="5" number="23">the</token>
  <token t_id="155" sentence="5" number="24">orders</token>
  <token t_id="156" sentence="5" number="25">of</token>
  <token t_id="157" sentence="5" number="26">his</token>
  <token t_id="158" sentence="5" number="27">brother</token>
  <token t_id="159" sentence="5" number="28">Jonathan</token>
  <token t_id="160" sentence="5" number="29">Carrasquillo</token>
  <token t_id="161" sentence="5" number="30">,</token>
  <token t_id="162" sentence="5" number="31">24</token>
  <token t_id="163" sentence="5" number="32">,</token>
  <token t_id="164" sentence="5" number="33">prosecutors</token>
  <token t_id="165" sentence="5" number="34">charge</token>
  <token t_id="166" sentence="5" number="35">.</token>
  <token t_id="167" sentence="6" number="0">Also</token>
  <token t_id="168" sentence="6" number="1">shot</token>
  <token t_id="169" sentence="6" number="2">were</token>
  <token t_id="170" sentence="6" number="3">a</token>
  <token t_id="171" sentence="6" number="4">woman</token>
  <token t_id="172" sentence="6" number="5">named</token>
  <token t_id="173" sentence="6" number="6">Unique</token>
  <token t_id="174" sentence="6" number="7">Armstead</token>
  <token t_id="175" sentence="6" number="8">,</token>
  <token t_id="176" sentence="6" number="9">who</token>
  <token t_id="177" sentence="6" number="10">was</token>
  <token t_id="178" sentence="6" number="11">walking</token>
  <token t_id="179" sentence="6" number="12">near</token>
  <token t_id="180" sentence="6" number="13">Horton</token>
  <token t_id="181" sentence="6" number="14">,</token>
  <token t_id="182" sentence="6" number="15">and</token>
  <token t_id="183" sentence="6" number="16">an</token>
  <token t_id="184" sentence="6" number="17">11</token>
  <token t_id="185" sentence="6" number="18">-</token>
  <token t_id="186" sentence="6" number="19">year</token>
  <token t_id="187" sentence="6" number="20">-</token>
  <token t_id="188" sentence="6" number="21">old</token>
  <token t_id="189" sentence="6" number="22">girl</token>
  <token t_id="190" sentence="6" number="23">who</token>
  <token t_id="191" sentence="6" number="24">was</token>
  <token t_id="192" sentence="6" number="25">passing</token>
  <token t_id="193" sentence="6" number="26">by</token>
  <token t_id="194" sentence="6" number="27">.</token>
  <token t_id="195" sentence="7" number="0">Yesterday</token>
  <token t_id="196" sentence="7" number="1">,</token>
  <token t_id="197" sentence="7" number="2">Armstead</token>
  <token t_id="198" sentence="7" number="3">told</token>
  <token t_id="199" sentence="7" number="4">jurors</token>
  <token t_id="200" sentence="7" number="5">at</token>
  <token t_id="201" sentence="7" number="6">the</token>
  <token t_id="202" sentence="7" number="7">Brooklyn</token>
  <token t_id="203" sentence="7" number="8">Supreme</token>
  <token t_id="204" sentence="7" number="9">Court</token>
  <token t_id="205" sentence="7" number="10">trial</token>
  <token t_id="206" sentence="7" number="11">about</token>
  <token t_id="207" sentence="7" number="12">the</token>
  <token t_id="208" sentence="7" number="13">moment</token>
  <token t_id="209" sentence="7" number="14">she</token>
  <token t_id="210" sentence="7" number="15">was</token>
  <token t_id="211" sentence="7" number="16">struck</token>
  <token t_id="212" sentence="7" number="17">in</token>
  <token t_id="213" sentence="7" number="18">the</token>
  <token t_id="214" sentence="7" number="19">shooting</token>
  <token t_id="215" sentence="7" number="20">,</token>
  <token t_id="216" sentence="7" number="21">which</token>
  <token t_id="217" sentence="7" number="22">was</token>
  <token t_id="218" sentence="7" number="23">allegedly</token>
  <token t_id="219" sentence="7" number="24">sparked</token>
  <token t_id="220" sentence="7" number="25">by</token>
  <token t_id="221" sentence="7" number="26">a</token>
  <token t_id="222" sentence="7" number="27">gangland</token>
  <token t_id="223" sentence="7" number="28">territorial</token>
  <token t_id="224" sentence="7" number="29">beef</token>
  <token t_id="225" sentence="7" number="30">.</token>
  <token t_id="226" sentence="8" number="0">"At</token>
  <token t_id="227" sentence="8" number="1">the</token>
  <token t_id="228" sentence="8" number="2">time</token>
  <token t_id="229" sentence="8" number="3">,</token>
  <token t_id="230" sentence="8" number="4">I</token>
  <token t_id="231" sentence="8" number="5">thought</token>
  <token t_id="232" sentence="8" number="6">it</token>
  <token t_id="233" sentence="8" number="7">was</token>
  <token t_id="234" sentence="8" number="8">a</token>
  <token t_id="235" sentence="8" number="9">brick</token>
  <token t_id="236" sentence="8" number="10">,</token>
  <token t_id="237" sentence="8" number="11">but</token>
  <token t_id="238" sentence="8" number="12">it</token>
  <token t_id="239" sentence="8" number="13">was</token>
  <token t_id="240" sentence="8" number="14">a</token>
  <token t_id="241" sentence="8" number="15">bullet</token>
  <token t_id="242" sentence="8" number="16">,</token>
  <token t_id="243" sentence="8" number="17">"</token>
  <token t_id="244" sentence="8" number="18">testified</token>
  <token t_id="245" sentence="8" number="19">Armstead</token>
  <token t_id="246" sentence="8" number="20">,</token>
  <token t_id="247" sentence="8" number="21">who</token>
  <token t_id="248" sentence="8" number="22">was</token>
  <token t_id="249" sentence="8" number="23">walking</token>
  <token t_id="250" sentence="8" number="24">with</token>
  <token t_id="251" sentence="8" number="25">her</token>
  <token t_id="252" sentence="8" number="26">son</token>
  <token t_id="253" sentence="8" number="27">and</token>
  <token t_id="254" sentence="8" number="28">who</token>
  <token t_id="255" sentence="8" number="29">can</token>
  <token t_id="256" sentence="8" number="30">be</token>
  <token t_id="257" sentence="8" number="31">seen</token>
  <token t_id="258" sentence="8" number="32">in</token>
  <token t_id="259" sentence="8" number="33">the</token>
  <token t_id="260" sentence="8" number="34">video</token>
  <token t_id="261" sentence="8" number="35">stumbling</token>
  <token t_id="262" sentence="8" number="36">against</token>
  <token t_id="263" sentence="8" number="37">a</token>
  <token t_id="264" sentence="8" number="38">building</token>
  <token t_id="265" sentence="8" number="39">after</token>
  <token t_id="266" sentence="8" number="40">she</token>
  <token t_id="267" sentence="8" number="41">is</token>
  <token t_id="268" sentence="8" number="42">shot</token>
  <token t_id="269" sentence="8" number="43">.</token>
  <token t_id="270" sentence="9" number="0">When</token>
  <token t_id="271" sentence="9" number="1">prosecutor</token>
  <token t_id="272" sentence="9" number="2">Seth</token>
  <token t_id="273" sentence="9" number="3">Goldman</token>
  <token t_id="274" sentence="9" number="4">asked</token>
  <token t_id="275" sentence="9" number="5">whether</token>
  <token t_id="276" sentence="9" number="6">she</token>
  <token t_id="277" sentence="9" number="7">shielded</token>
  <token t_id="278" sentence="9" number="8">her</token>
  <token t_id="279" sentence="9" number="9">son</token>
  <token t_id="280" sentence="9" number="10">with</token>
  <token t_id="281" sentence="9" number="11">her</token>
  <token t_id="282" sentence="9" number="12">body</token>
  <token t_id="283" sentence="9" number="13">,</token>
  <token t_id="284" sentence="9" number="14">Armstead</token>
  <token t_id="285" sentence="9" number="15">quietly</token>
  <token t_id="286" sentence="9" number="16">answered</token>
  <token t_id="287" sentence="9" number="17">,</token>
  <token t_id="288" sentence="9" number="18">"Yes</token>
  <token t_id="289" sentence="9" number="19">.</token>
  <token t_id="290" sentence="9" number="20">"</token>
  <token t_id="291" sentence="10" number="0">"When</token>
  <token t_id="292" sentence="10" number="1">me</token>
  <token t_id="293" sentence="10" number="2">and</token>
  <token t_id="294" sentence="10" number="3">my</token>
  <token t_id="295" sentence="10" number="4">son</token>
  <token t_id="296" sentence="10" number="5">were</token>
  <token t_id="297" sentence="10" number="6">on</token>
  <token t_id="298" sentence="10" number="7">the</token>
  <token t_id="299" sentence="10" number="8">floor</token>
  <token t_id="300" sentence="10" number="9">,</token>
  <token t_id="301" sentence="10" number="10">I</token>
  <token t_id="302" sentence="10" number="11">noticed</token>
  <token t_id="303" sentence="10" number="12">Mrs</token>
  <token t_id="304" sentence="10" number="13">.</token>
  <token t_id="305" sentence="10" number="14">Horton</token>
  <token t_id="306" sentence="10" number="15">fall</token>
  <token t_id="307" sentence="10" number="16">down</token>
  <token t_id="308" sentence="10" number="17">.</token>
  <token t_id="309" sentence="11" number="0">I</token>
  <token t_id="310" sentence="11" number="1">honestly</token>
  <token t_id="311" sentence="11" number="2">thought</token>
  <token t_id="312" sentence="11" number="3">she</token>
  <token t_id="313" sentence="11" number="4">was</token>
  <token t_id="314" sentence="11" number="5">shot</token>
  <token t_id="315" sentence="11" number="6">in</token>
  <token t_id="316" sentence="11" number="7">the</token>
  <token t_id="317" sentence="11" number="8">head</token>
  <token t_id="318" sentence="11" number="9">.</token>
  <token t_id="319" sentence="12" number="0">There</token>
  <token t_id="320" sentence="12" number="1">was</token>
  <token t_id="321" sentence="12" number="2">blood</token>
  <token t_id="322" sentence="12" number="3">.</token>
  <token t_id="323" sentence="12" number="4">"</token>
  <token t_id="324" sentence="13" number="0">Armstead</token>
  <token t_id="325" sentence="13" number="1">also</token>
  <token t_id="326" sentence="13" number="2">testified</token>
  <token t_id="327" sentence="13" number="3">that</token>
  <token t_id="328" sentence="13" number="4">she</token>
  <token t_id="329" sentence="13" number="5">heard</token>
  <token t_id="330" sentence="13" number="6">a</token>
  <token t_id="331" sentence="13" number="7">group</token>
  <token t_id="332" sentence="13" number="8">of</token>
  <token t_id="333" sentence="13" number="9">young</token>
  <token t_id="334" sentence="13" number="10">men</token>
  <token t_id="335" sentence="13" number="11">arguing</token>
  <token t_id="336" sentence="13" number="12">about</token>
  <token t_id="337" sentence="13" number="13">a</token>
  <token t_id="338" sentence="13" number="14">gun</token>
  <token t_id="339" sentence="13" number="15">shortly</token>
  <token t_id="340" sentence="13" number="16">before</token>
  <token t_id="341" sentence="13" number="17">the</token>
  <token t_id="342" sentence="13" number="18">shooting</token>
  <token t_id="343" sentence="13" number="19">,</token>
  <token t_id="344" sentence="13" number="20">which</token>
  <token t_id="345" sentence="13" number="21">matches</token>
  <token t_id="346" sentence="13" number="22">up</token>
  <token t_id="347" sentence="13" number="23">with</token>
  <token t_id="348" sentence="13" number="24">prosecutors'</token>
  <token t_id="349" sentence="13" number="25">claim</token>
  <token t_id="350" sentence="13" number="26">that</token>
  <token t_id="351" sentence="13" number="27">Carrasquillo</token>
  <token t_id="352" sentence="13" number="28">ordered</token>
  <token t_id="353" sentence="13" number="29">Lopez</token>
  <token t_id="354" sentence="13" number="30">to</token>
  <token t_id="355" sentence="13" number="31">the</token>
  <token t_id="356" sentence="13" number="32">roof</token>
  <token t_id="357" sentence="13" number="33">with</token>
  <token t_id="358" sentence="13" number="34">the</token>
  <token t_id="359" sentence="13" number="35">gun</token>
  <token t_id="360" sentence="13" number="36">after</token>
  <token t_id="361" sentence="13" number="37">a</token>
  <token t_id="362" sentence="13" number="38">dispute</token>
  <token t_id="363" sentence="13" number="39">between</token>
  <token t_id="364" sentence="13" number="40">their</token>
  <token t_id="365" sentence="13" number="41">8</token>
  <token t_id="366" sentence="13" number="42">Block</token>
  <token t_id="367" sentence="13" number="43">gang</token>
  <token t_id="368" sentence="13" number="44">and</token>
  <token t_id="369" sentence="13" number="45">the</token>
  <token t_id="370" sentence="13" number="46">rival</token>
  <token t_id="371" sentence="13" number="47">Young</token>
  <token t_id="372" sentence="13" number="48">Guns</token>
  <token t_id="373" sentence="13" number="49">crew</token>
  <token t_id="374" sentence="13" number="50">.</token>
  <token t_id="375" sentence="14" number="0">The</token>
  <token t_id="376" sentence="14" number="1">talk</token>
  <token t_id="377" sentence="14" number="2">of</token>
  <token t_id="378" sentence="14" number="3">guns</token>
  <token t_id="379" sentence="14" number="4">had</token>
  <token t_id="380" sentence="14" number="5">made</token>
  <token t_id="381" sentence="14" number="6">Armstead</token>
  <token t_id="382" sentence="14" number="7">nervous</token>
  <token t_id="383" sentence="14" number="8">,</token>
  <token t_id="384" sentence="14" number="9">especially</token>
  <token t_id="385" sentence="14" number="10">since</token>
  <token t_id="386" sentence="14" number="11">she</token>
  <token t_id="387" sentence="14" number="12">was</token>
  <token t_id="388" sentence="14" number="13">with</token>
  <token t_id="389" sentence="14" number="14">her</token>
  <token t_id="390" sentence="14" number="15">young</token>
  <token t_id="391" sentence="14" number="16">son</token>
  <token t_id="392" sentence="14" number="17">.</token>
  <token t_id="393" sentence="15" number="0">"I</token>
  <token t_id="394" sentence="15" number="1">speed</token>
  <token t_id="395" sentence="15" number="2">-</token>
  <token t_id="396" sentence="15" number="3">walked</token>
  <token t_id="397" sentence="15" number="4">to</token>
  <token t_id="398" sentence="15" number="5">my</token>
  <token t_id="399" sentence="15" number="6">son</token>
  <token t_id="400" sentence="15" number="7">,</token>
  <token t_id="401" sentence="15" number="8">and</token>
  <token t_id="402" sentence="15" number="9">I</token>
  <token t_id="403" sentence="15" number="10">held</token>
  <token t_id="404" sentence="15" number="11">him</token>
  <token t_id="405" sentence="15" number="12">.</token>
  <token t_id="406" sentence="16" number="0">I</token>
  <token t_id="407" sentence="16" number="1">was</token>
  <token t_id="408" sentence="16" number="2">scared</token>
  <token t_id="409" sentence="16" number="3">.</token>
  <token t_id="410" sentence="17" number="0">I</token>
  <token t_id="411" sentence="17" number="1">was</token>
  <token t_id="412" sentence="17" number="2">trying</token>
  <token t_id="413" sentence="17" number="3">to</token>
  <token t_id="414" sentence="17" number="4">get</token>
  <token t_id="415" sentence="17" number="5">out</token>
  <token t_id="416" sentence="17" number="6">of</token>
  <token t_id="417" sentence="17" number="7">harm's</token>
  <token t_id="418" sentence="17" number="8">way</token>
  <token t_id="419" sentence="17" number="9">,</token>
  <token t_id="420" sentence="17" number="10">"</token>
  <token t_id="421" sentence="17" number="11">she</token>
  <token t_id="422" sentence="17" number="12">testified</token>
  <token t_id="423" sentence="17" number="13">.</token>
  <token t_id="424" sentence="18" number="0">Armstead</token>
  <token t_id="425" sentence="18" number="1">said</token>
  <token t_id="426" sentence="18" number="2">she</token>
  <token t_id="427" sentence="18" number="3">sought</token>
  <token t_id="428" sentence="18" number="4">safety</token>
  <token t_id="429" sentence="18" number="5">for</token>
  <token t_id="430" sentence="18" number="6">herself</token>
  <token t_id="431" sentence="18" number="7">and</token>
  <token t_id="432" sentence="18" number="8">her</token>
  <token t_id="433" sentence="18" number="9">son</token>
  <token t_id="434" sentence="18" number="10">in</token>
  <token t_id="435" sentence="18" number="11">a</token>
  <token t_id="436" sentence="18" number="12">store</token>
  <token t_id="437" sentence="18" number="13">,</token>
  <token t_id="438" sentence="18" number="14">but</token>
  <token t_id="439" sentence="18" number="15">when</token>
  <token t_id="440" sentence="18" number="16">activity</token>
  <token t_id="441" sentence="18" number="17">on</token>
  <token t_id="442" sentence="18" number="18">the</token>
  <token t_id="443" sentence="18" number="19">street</token>
  <token t_id="444" sentence="18" number="20">seemed</token>
  <token t_id="445" sentence="18" number="21">to</token>
  <token t_id="446" sentence="18" number="22">have</token>
  <token t_id="447" sentence="18" number="23">settled</token>
  <token t_id="448" sentence="18" number="24">,</token>
  <token t_id="449" sentence="18" number="25">she</token>
  <token t_id="450" sentence="18" number="26">walked</token>
  <token t_id="451" sentence="18" number="27">back</token>
  <token t_id="452" sentence="18" number="28">outside</token>
  <token t_id="453" sentence="18" number="29">-</token>
  <token t_id="454" sentence="18" number="30">where</token>
  <token t_id="455" sentence="18" number="31">a</token>
  <token t_id="456" sentence="18" number="32">bullet</token>
  <token t_id="457" sentence="18" number="33">went</token>
  <token t_id="458" sentence="18" number="34">straight</token>
  <token t_id="459" sentence="18" number="35">through</token>
  <token t_id="460" sentence="18" number="36">her</token>
  <token t_id="461" sentence="18" number="37">arm</token>
  <token t_id="462" sentence="18" number="38">and</token>
  <token t_id="463" sentence="18" number="39">she</token>
  <token t_id="464" sentence="18" number="40">saw</token>
  <token t_id="465" sentence="18" number="41">Horton</token>
  <token t_id="466" sentence="18" number="42">killed</token>
  <token t_id="467" sentence="18" number="43">.</token>
  <token t_id="468" sentence="19" number="0">Brooklyn</token>
  <token t_id="469" sentence="19" number="1">Supreme</token>
  <token t_id="470" sentence="19" number="2">Court</token>
  <token t_id="471" sentence="19" number="3">Judge</token>
  <token t_id="472" sentence="19" number="4">Vincent</token>
  <token t_id="473" sentence="19" number="5">Del</token>
  <token t_id="474" sentence="19" number="6">Giudice</token>
  <token t_id="475" sentence="19" number="7">briefly</token>
  <token t_id="476" sentence="19" number="8">sealed</token>
  <token t_id="477" sentence="19" number="9">the</token>
  <token t_id="478" sentence="19" number="10">courtroom</token>
  <token t_id="479" sentence="19" number="11">at</token>
  <token t_id="480" sentence="19" number="12">the</token>
  <token t_id="481" sentence="19" number="13">request</token>
  <token t_id="482" sentence="19" number="14">of</token>
  <token t_id="483" sentence="19" number="15">prosecutors</token>
  <token t_id="484" sentence="19" number="16">because</token>
  <token t_id="485" sentence="19" number="17">their</token>
  <token t_id="486" sentence="19" number="18">next</token>
  <token t_id="487" sentence="19" number="19">witness</token>
  <token t_id="488" sentence="19" number="20">had</token>
  <token t_id="489" sentence="19" number="21">been</token>
  <token t_id="490" sentence="19" number="22">threatened</token>
  <token t_id="491" sentence="19" number="23">with</token>
  <token t_id="492" sentence="19" number="24">death</token>
  <token t_id="493" sentence="19" number="25">by</token>
  <token t_id="494" sentence="19" number="26">the</token>
  <token t_id="495" sentence="19" number="27">alleged</token>
  <token t_id="496" sentence="19" number="28">shooter's</token>
  <token t_id="497" sentence="19" number="29">brother</token>
  <token t_id="498" sentence="19" number="30">.</token>
  <token t_id="499" sentence="20" number="0">The</token>
  <token t_id="500" sentence="20" number="1">fearful</token>
  <token t_id="501" sentence="20" number="2">witness</token>
  <token t_id="502" sentence="20" number="3">had</token>
  <token t_id="503" sentence="20" number="4">entered</token>
  <token t_id="504" sentence="20" number="5">the</token>
  <token t_id="505" sentence="20" number="6">courtroom</token>
  <token t_id="506" sentence="20" number="7">with</token>
  <token t_id="507" sentence="20" number="8">hood</token>
  <token t_id="508" sentence="20" number="9">over</token>
  <token t_id="509" sentence="20" number="10">his</token>
  <token t_id="510" sentence="20" number="11">head</token>
  <token t_id="511" sentence="20" number="12">,</token>
  <token t_id="512" sentence="20" number="13">Del</token>
  <token t_id="513" sentence="20" number="14">Giudice</token>
  <token t_id="514" sentence="20" number="15">said</token>
  <token t_id="515" sentence="20" number="16">when</token>
  <token t_id="516" sentence="20" number="17">the</token>
  <token t_id="517" sentence="20" number="18">courtroom</token>
  <token t_id="518" sentence="20" number="19">was</token>
  <token t_id="519" sentence="20" number="20">reopened</token>
  <token t_id="520" sentence="20" number="21">.</token>
  <token t_id="521" sentence="21" number="0">"The</token>
  <token t_id="522" sentence="21" number="1">man</token>
  <token t_id="523" sentence="21" number="2">is</token>
  <token t_id="524" sentence="21" number="3">an</token>
  <token t_id="525" sentence="21" number="4">emotional</token>
  <token t_id="526" sentence="21" number="5">wreck</token>
  <token t_id="527" sentence="21" number="6">,</token>
  <token t_id="528" sentence="21" number="7">"</token>
  <token t_id="529" sentence="21" number="8">the</token>
  <token t_id="530" sentence="21" number="9">judge</token>
  <token t_id="531" sentence="21" number="10">said</token>
  <token t_id="532" sentence="21" number="11">before</token>
  <token t_id="533" sentence="21" number="12">postponing</token>
  <token t_id="534" sentence="21" number="13">the</token>
  <token t_id="535" sentence="21" number="14">man's</token>
  <token t_id="536" sentence="21" number="15">testimony</token>
  <token t_id="537" sentence="21" number="16">until</token>
  <token t_id="538" sentence="21" number="17">Monday</token>
  <token t_id="539" sentence="21" number="18">.</token>
  <Markables>
    <ACTION_OCCURRENCE m_id="1" comment="" climaxEvent="FALSE">
      <token_anchor t_id="114"/>
    </ACTION_OCCURRENCE>
    <ACTION_OCCURRENCE m_id="2" comment="" climaxEvent="FALSE">
      <token_anchor t_id="119"/>
    </ACTION_OCCURRENCE>
    <ACTION_OCCURRENCE m_id="3" comment="" climaxEvent="FALSE">
      <token_anchor t_id="121"/>
    </ACTION_OCCURRENCE>
    <ACTION_OCCURRENCE m_id="4" comment="" climaxEvent="FALSE">
      <token_anchor t_id="136"/>
    </ACTION_OCCURRENCE>
    <ACTION_OCCURRENCE m_id="5" comment="" climaxEvent="FALSE">
      <token_anchor t_id="168"/>
    </ACTION_OCCURRENCE>
    <ACTION_OCCURRENCE m_id="6" comment="" climaxEvent="FALSE">
      <token_anchor t_id="178"/>
    </ACTION_OCCURRENCE>
    <ACTION_OCCURRENCE m_id="7" comment="" climaxEvent="FALSE">
      <token_anchor t_id="192"/>
    </ACTION_OCCURRENCE>
    <ACTION_OCCURRENCE m_id="8" comment="" climaxEvent="FALSE">
      <token_anchor t_id="155"/>
    </ACTION_OCCURRENCE>
    <ACTION_OCCURRENCE m_id="9" comment="" climaxEvent="FALSE">
      <token_anchor t_id="149"/>
    </ACTION_OCCURRENCE>
    <ACTION_OCCURRENCE m_id="10" comment="" climaxEvent="FALSE">
      <token_anchor t_id="211"/>
    </ACTION_OCCURRENCE>
    <ACTION_OCCURRENCE m_id="11" comment="" climaxEvent="FALSE">
      <token_anchor t_id="219"/>
    </ACTION_OCCURRENCE>
    <ACTION_OCCURRENCE m_id="12" comment="" climaxEvent="FALSE">
      <token_anchor t_id="214"/>
    </ACTION_OCCURRENCE>
    <ACTION_OCCURRENCE m_id="13" comment="" climaxEvent="FALSE">
      <token_anchor t_id="205"/>
    </ACTION_OCCURRENCE>
    <ACTION_OCCURRENCE m_id="14" comment="" climaxEvent="FALSE">
      <token_anchor t_id="224"/>
    </ACTION_OCCURRENCE>
    <ACTION_OCCURRENCE m_id="15" comment="" climaxEvent="FALSE">
      <token_anchor t_id="83"/>
    </ACTION_OCCURRENCE>
    <ACTION_OCCURRENCE m_id="16" comment="" climaxEvent="FALSE">
      <token_anchor t_id="216"/>
    </ACTION_OCCURRENCE>
    <ACTION_OCCURRENCE m_id="17" comment="" climaxEvent="FALSE">
      <token_anchor t_id="53"/>
      <token_anchor t_id="54"/>
    </ACTION_OCCURRENCE>
    <ACTION_OCCURRENCE m_id="18" climaxEvent="TRUE" comment="">
      <token_anchor t_id="56"/>
    </ACTION_OCCURRENCE>
    <ACTION_OCCURRENCE m_id="19" comment="" climaxEvent="FALSE">
      <token_anchor t_id="58"/>
    </ACTION_OCCURRENCE>
    <ACTION_OCCURRENCE m_id="20" comment="" climaxEvent="FALSE">
      <token_anchor t_id="62"/>
    </ACTION_OCCURRENCE>
    <ACTION_OCCURRENCE m_id="21" comment="" climaxEvent="FALSE">
      <token_anchor t_id="65"/>
    </ACTION_OCCURRENCE>
    <ACTION_OCCURRENCE m_id="22" comment="" climaxEvent="FALSE">
      <token_anchor t_id="89"/>
      <token_anchor t_id="90"/>
    </ACTION_OCCURRENCE>
    <ACTION_OCCURRENCE m_id="23" comment="" climaxEvent="FALSE">
      <token_anchor t_id="93"/>
    </ACTION_OCCURRENCE>
    <ACTION_OCCURRENCE m_id="24" comment="" climaxEvent="FALSE">
      <token_anchor t_id="96"/>
    </ACTION_OCCURRENCE>
    <ACTION_OCCURRENCE m_id="25" comment="" climaxEvent="FALSE">
      <token_anchor t_id="110"/>
      <token_anchor t_id="111"/>
    </ACTION_OCCURRENCE>
    <ACTION_PERCEPTION m_id="26">
      <token_anchor t_id="77"/>
    </ACTION_PERCEPTION>
    <ACTION_REPORTING m_id="27">
      <token_anchor t_id="198"/>
    </ACTION_REPORTING>
    <HUMAN_PART_PER m_id="29" comment="">
      <token_anchor t_id="61"/>
    </HUMAN_PART_PER>
    <HUMAN_PART_PER m_id="30" comment="">
      <token_anchor t_id="75"/>
    </HUMAN_PART_PER>
    <HUMAN_PART_PER m_id="31" comment="">
      <token_anchor t_id="86"/>
      <token_anchor t_id="87"/>
    </HUMAN_PART_PER>
    <HUMAN_PART_PER m_id="32" comment="">
      <token_anchor t_id="118"/>
    </HUMAN_PART_PER>
    <HUMAN_PART_PER m_id="33" comment="">
      <token_anchor t_id="122"/>
      <token_anchor t_id="123"/>
    </HUMAN_PART_PER>
    <HUMAN_PART_PER m_id="34" comment="">
      <token_anchor t_id="131"/>
    </HUMAN_PART_PER>
    <HUMAN_PART_PER m_id="35" comment="">
      <token_anchor t_id="142"/>
    </HUMAN_PART_PER>
    <HUMAN_PART_PER m_id="36" comment="">
      <token_anchor t_id="138"/>
    </HUMAN_PART_PER>
    <HUMAN_PART_PER m_id="37" comment="">
      <token_anchor t_id="144"/>
      <token_anchor t_id="145"/>
    </HUMAN_PART_PER>
    <HUMAN_PART_PER m_id="38" comment="">
      <token_anchor t_id="159"/>
      <token_anchor t_id="160"/>
    </HUMAN_PART_PER>
    <HUMAN_PART_PER m_id="39" comment="">
      <token_anchor t_id="164"/>
    </HUMAN_PART_PER>
    <HUMAN_PART_PER m_id="40" comment="">
      <token_anchor t_id="173"/>
      <token_anchor t_id="174"/>
    </HUMAN_PART_PER>
    <HUMAN_PART_PER m_id="41" comment="">
      <token_anchor t_id="180"/>
    </HUMAN_PART_PER>
    <HUMAN_PART_PER m_id="42" comment="">
      <token_anchor t_id="176"/>
    </HUMAN_PART_PER>
    <HUMAN_PART_PER m_id="43" comment="">
      <token_anchor t_id="189"/>
    </HUMAN_PART_PER>
    <HUMAN_PART_PER m_id="44" comment="">
      <token_anchor t_id="190"/>
    </HUMAN_PART_PER>
    <HUMAN_PART_PER m_id="45" comment="">
      <token_anchor t_id="197"/>
    </HUMAN_PART_PER>
    <HUMAN_PART_PER m_id="46" comment="">
      <token_anchor t_id="199"/>
    </HUMAN_PART_PER>
    <HUMAN_PART_PER m_id="47" comment="">
      <token_anchor t_id="209"/>
    </HUMAN_PART_PER>
    <HUMAN_PART_PER m_id="28" comment="">
      <token_anchor t_id="51"/>
      <token_anchor t_id="52"/>
    </HUMAN_PART_PER>
    <LOC_FAC m_id="61">
      <token_anchor t_id="64"/>
    </LOC_FAC>
    <LOC_FAC m_id="62">
      <token_anchor t_id="124"/>
      <token_anchor t_id="125"/>
      <token_anchor t_id="126"/>
      <token_anchor t_id="127"/>
    </LOC_FAC>
    <LOC_FAC m_id="63">
      <token_anchor t_id="150"/>
      <token_anchor t_id="151"/>
      <token_anchor t_id="152"/>
    </LOC_FAC>
    <LOC_FAC m_id="48">
      <token_anchor t_id="200"/>
      <token_anchor t_id="201"/>
      <token_anchor t_id="202"/>
      <token_anchor t_id="203"/>
      <token_anchor t_id="204"/>
    </LOC_FAC>
    <LOC_OTHER m_id="49">
      <token_anchor t_id="222"/>
    </LOC_OTHER>
    <NON_HUMAN_PART m_id="50" comment="">
      <token_anchor t_id="49"/>
    </NON_HUMAN_PART>
    <NON_HUMAN_PART m_id="51" comment="">
      <token_anchor t_id="79"/>
    </NON_HUMAN_PART>
    <NON_HUMAN_PART m_id="52" comment="">
      <token_anchor t_id="104"/>
    </NON_HUMAN_PART>
    <NON_HUMAN_PART m_id="53" comment="">
      <token_anchor t_id="100"/>
    </NON_HUMAN_PART>
    <NON_HUMAN_PART m_id="54" comment="">
      <token_anchor t_id="108"/>
    </NON_HUMAN_PART>
    <NON_HUMAN_PART m_id="55" comment="">
      <token_anchor t_id="526"/>
    </NON_HUMAN_PART>
    <TIME_DATE m_id="56" comment="" DCT="FALSE" value="2011" anchorTimeID="">
      <token_anchor t_id="128"/>
      <token_anchor t_id="129"/>
    </TIME_DATE>
    <TIME_DATE m_id="57" comment="" DCT="FALSE" value="2013-04-11" anchorTimeID="60">
      <token_anchor t_id="76"/>
    </TIME_DATE>
    <TIME_DATE m_id="58" comment="" DCT="FALSE" value="2013-04-15" anchorTimeID="60">
      <token_anchor t_id="537"/>
      <token_anchor t_id="538"/>
    </TIME_DATE>
    <TIME_DATE m_id="59" comment="" DCT="FALSE" value="2013-06-11" anchorTimeID="">
      <token_anchor t_id="195"/>
    </TIME_DATE>
    <TIME_OF_THE_DAY m_id="60" DCT="TRUE" value="2013-04-12T04:00" anchorTimeID="">
      <token_anchor t_id="66"/>
      <token_anchor t_id="67"/>
      <token_anchor t_id="68"/>
      <token_anchor t_id="69"/>
      <token_anchor t_id="70"/>
      <token_anchor t_id="71"/>
      <token_anchor t_id="72"/>
      <token_anchor t_id="73"/>
    </TIME_OF_THE_DAY>
    <ACTION_PERCEPTION m_id="64" RELATED_TO="" TAG_DESCRIPTOR="t33_saw_footage"/>
    <LOC_FAC m_id="65" RELATED_TO="" TAG_DESCRIPTOR="t33_rooftop"/>
    <HUMAN_PART_PER m_id="66" RELATED_TO="" TAG_DESCRIPTOR="t33_jury" comment=""/>
    <ACTION_OCCURRENCE m_id="67" RELATED_TO="" TAG_DESCRIPTOR="t33_shooting" comment="" climaxEvent="FALSE"/>
    <ACTION_OCCURRENCE m_id="68" RELATED_TO="" TAG_DESCRIPTOR="t33_showed_footage" comment="" climaxEvent="FALSE"/>
    <HUMAN_PART_PER m_id="69" RELATED_TO="" TAG_DESCRIPTOR="t33_unique_armstead" comment=""/>
    <HUMAN_PART_PER m_id="70" RELATED_TO="" TAG_DESCRIPTOR="t33_andrew_lopez" comment=""/>
    <ACTION_OCCURRENCE m_id="71" RELATED_TO="" TAG_DESCRIPTOR="t33_both_suspects_accused" comment="" climaxEvent="FALSE"/>
    <HUMAN_PART_PER m_id="72" RELATED_TO="" TAG_DESCRIPTOR="t33_both_suspects" comment=""/>
    <HUMAN_PART_PER m_id="73" RELATED_TO="" TAG_DESCRIPTOR="t33_brother" comment=""/>
    <ACTION_OCCURRENCE m_id="74" RELATED_TO="" TAG_DESCRIPTOR="t33_gang_war" comment="" climaxEvent="FALSE"/>
    <TIME_DATE m_id="75" RELATED_TO="" TAG_DESCRIPTOR="t33_friday_shooting" value="" anchorTimeID="" DCT="FALSE" comment=""/>
    <HUMAN_PART_PER m_id="76" RELATED_TO="" TAG_DESCRIPTOR="t33_12_children" comment=""/>
    <HUMAN_PART_PER m_id="77" RELATED_TO="" TAG_DESCRIPTOR="t33_zurana_horton" comment=""/>
    <ACTION_OCCURRENCE m_id="78" RELATED_TO="" TAG_DESCRIPTOR="t33_trial" comment="" climaxEvent="FALSE"/>
    <NON_HUMAN_PART m_id="79" RELATED_TO="" TAG_DESCRIPTOR="t33_video_footage" comment=""/>
    <ACTION_OCCURRENCE m_id="80" RELATED_TO="" TAG_DESCRIPTOR="t33_spraying_bullets" comment="" climaxEvent="FALSE"/>
    <ACTION_OCCURRENCE m_id="81" RELATED_TO="" TAG_DESCRIPTOR="t33_killing_mother" comment="" climaxEvent="FALSE"/>
  </Markables>
  <Relations>
    <TLINK r_id="212329" contextualModality="" relType="AFTER" comment="">
      <source m_id="60"/>
      <target m_id="17"/>
    </TLINK>
    <TLINK r_id="212330" contextualModality="" relType="AFTER" comment="">
      <source m_id="60"/>
      <target m_id="18"/>
    </TLINK>
    <TLINK r_id="212331" contextualModality="" relType="AFTER" comment="">
      <source m_id="60"/>
      <target m_id="19"/>
    </TLINK>
    <TLINK r_id="212332" contextualModality="" relType="AFTER" comment="">
      <source m_id="60"/>
      <target m_id="20"/>
    </TLINK>
    <TLINK r_id="212333" contextualModality="" relType="AFTER" comment="">
      <source m_id="60"/>
      <target m_id="21"/>
    </TLINK>
    <TLINK r_id="212334" contextualModality="" relType="AFTER" comment="">
      <source m_id="60"/>
      <target m_id="26"/>
    </TLINK>
    <TLINK r_id="212335" contextualModality="" relType="AFTER" comment="">
      <source m_id="60"/>
      <target m_id="15"/>
    </TLINK>
    <TLINK r_id="212336" contextualModality="" relType="AFTER" comment="">
      <source m_id="60"/>
      <target m_id="22"/>
    </TLINK>
    <TLINK r_id="212337" contextualModality="" relType="AFTER" comment="">
      <source m_id="60"/>
      <target m_id="23"/>
    </TLINK>
    <TLINK r_id="212338" contextualModality="" relType="AFTER" comment="">
      <source m_id="60"/>
      <target m_id="24"/>
    </TLINK>
    <TLINK r_id="212339" contextualModality="" relType="AFTER" comment="">
      <source m_id="60"/>
      <target m_id="25"/>
    </TLINK>
    <TLINK r_id="212340" contextualModality="" relType="AFTER" comment="">
      <source m_id="60"/>
      <target m_id="1"/>
    </TLINK>
    <TLINK r_id="212341" contextualModality="" relType="AFTER" comment="">
      <source m_id="60"/>
      <target m_id="2"/>
    </TLINK>
    <TLINK r_id="212342" contextualModality="" relType="AFTER" comment="">
      <source m_id="60"/>
      <target m_id="3"/>
    </TLINK>
    <TLINK r_id="212344" contextualModality="" relType="AFTER" comment="">
      <source m_id="60"/>
      <target m_id="4"/>
    </TLINK>
    <TLINK r_id="212345" contextualModality="" relType="AFTER" comment="">
      <source m_id="60"/>
      <target m_id="9"/>
    </TLINK>
    <TLINK r_id="212346" contextualModality="" relType="AFTER" comment="">
      <source m_id="60"/>
      <target m_id="8"/>
    </TLINK>
    <TLINK r_id="212347" contextualModality="" relType="AFTER" comment="">
      <source m_id="60"/>
      <target m_id="5"/>
    </TLINK>
    <TLINK r_id="212348" contextualModality="" relType="AFTER" comment="">
      <source m_id="60"/>
      <target m_id="6"/>
    </TLINK>
    <TLINK r_id="212349" contextualModality="" relType="AFTER" comment="">
      <source m_id="60"/>
      <target m_id="7"/>
    </TLINK>
    <TLINK r_id="212351" contextualModality="" relType="AFTER" comment="">
      <source m_id="60"/>
      <target m_id="13"/>
    </TLINK>
    <TLINK r_id="212352" contextualModality="" relType="AFTER" comment="">
      <source m_id="60"/>
      <target m_id="10"/>
    </TLINK>
    <TLINK r_id="212353" contextualModality="" relType="AFTER" comment="">
      <source m_id="60"/>
      <target m_id="12"/>
    </TLINK>
    <TLINK r_id="212355" contextualModality="" relType="AFTER" comment="">
      <source m_id="60"/>
      <target m_id="11"/>
    </TLINK>
    <TLINK r_id="212356" contextualModality="" relType="AFTER" comment="">
      <source m_id="60"/>
      <target m_id="14"/>
    </TLINK>
    <TLINK r_id="212357" contextualModality="" relType="AFTER" comment="">
      <source m_id="57"/>
      <target m_id="17"/>
    </TLINK>
    <TLINK r_id="212358" contextualModality="" relType="CONTAINS" comment="">
      <source m_id="57"/>
      <target m_id="18"/>
    </TLINK>
    <TLINK r_id="212359" contextualModality="" relType="CONTAINS" comment="">
      <source m_id="57"/>
      <target m_id="19"/>
    </TLINK>
    <TLINK r_id="212360" contextualModality="" relType="AFTER" comment="">
      <source m_id="57"/>
      <target m_id="20"/>
    </TLINK>
    <TLINK r_id="212361" contextualModality="" relType="AFTER" comment="">
      <source m_id="57"/>
      <target m_id="21"/>
    </TLINK>
    <TLINK r_id="212362" contextualModality="" relType="CONTAINS" comment="">
      <source m_id="57"/>
      <target m_id="26"/>
    </TLINK>
    <TLINK r_id="212363" contextualModality="" relType="AFTER" comment="">
      <source m_id="57"/>
      <target m_id="15"/>
    </TLINK>
    <TLINK r_id="212364" contextualModality="" relType="AFTER" comment="">
      <source m_id="57"/>
      <target m_id="22"/>
    </TLINK>
    <TLINK r_id="212365" contextualModality="" relType="AFTER" comment="">
      <source m_id="57"/>
      <target m_id="23"/>
    </TLINK>
    <TLINK r_id="212366" contextualModality="" relType="AFTER" comment="">
      <source m_id="57"/>
      <target m_id="24"/>
    </TLINK>
    <TLINK r_id="212367" contextualModality="" relType="CONTAINS" comment="">
      <source m_id="57"/>
      <target m_id="25"/>
    </TLINK>
    <TLINK r_id="212368" contextualModality="" relType="CONTAINS" comment="">
      <source m_id="57"/>
      <target m_id="1"/>
    </TLINK>
    <TLINK r_id="212369" contextualModality="" relType="AFTER" comment="">
      <source m_id="57"/>
      <target m_id="2"/>
    </TLINK>
    <TLINK r_id="212371" contextualModality="" relType="CONTAINS" comment="">
      <source m_id="56"/>
      <target m_id="3"/>
    </TLINK>
    <TLINK r_id="212372" contextualModality="" relType="CONTAINS" comment="">
      <source m_id="56"/>
      <target m_id="4"/>
    </TLINK>
    <TLINK r_id="212373" contextualModality="" relType="CONTAINS" comment="">
      <source m_id="56"/>
      <target m_id="9"/>
    </TLINK>
    <TLINK r_id="212374" contextualModality="" relType="CONTAINS" comment="">
      <source m_id="56"/>
      <target m_id="8"/>
    </TLINK>
    <TLINK r_id="212375" contextualModality="" relType="CONTAINS" comment="">
      <source m_id="56"/>
      <target m_id="5"/>
    </TLINK>
    <TLINK r_id="212376" contextualModality="" relType="CONTAINS" comment="">
      <source m_id="56"/>
      <target m_id="6"/>
    </TLINK>
    <TLINK r_id="212377" contextualModality="" relType="CONTAINS" comment="">
      <source m_id="56"/>
      <target m_id="7"/>
    </TLINK>
    <TLINK r_id="212378" contextualModality="" relType="CONTAINS" comment="">
      <source m_id="56"/>
      <target m_id="13"/>
    </TLINK>
    <TLINK r_id="212379" contextualModality="" relType="CONTAINS" comment="">
      <source m_id="56"/>
      <target m_id="10"/>
    </TLINK>
    <TLINK r_id="212380" contextualModality="" relType="CONTAINS" comment="">
      <source m_id="56"/>
      <target m_id="12"/>
    </TLINK>
    <TLINK r_id="212381" contextualModality="" relType="CONTAINS" comment="">
      <source m_id="56"/>
      <target m_id="11"/>
    </TLINK>
    <TLINK r_id="212382" contextualModality="" relType="CONTAINS" comment="">
      <source m_id="56"/>
      <target m_id="14"/>
    </TLINK>
    <PLOT_LINK r_id="212383" SIGNAL="" relType="FALLING_ACTION" CAUSES="FALSE" CAUSED_BY="FALSE">
      <source m_id="17"/>
      <target m_id="19"/>
    </PLOT_LINK>
    <PLOT_LINK r_id="212384" SIGNAL="" relType="FALLING_ACTION" CAUSES="FALSE" CAUSED_BY="FALSE">
      <source m_id="19"/>
      <target m_id="20"/>
    </PLOT_LINK>
    <PLOT_LINK r_id="212385" SIGNAL="" relType="FALLING_ACTION" CAUSES="FALSE" CAUSED_BY="FALSE">
      <source m_id="20"/>
      <target m_id="21"/>
    </PLOT_LINK>
    <PLOT_LINK r_id="212388" SIGNAL="" relType="PRECONDITION" CAUSES="FALSE" CAUSED_BY="FALSE">
      <source m_id="22"/>
      <target m_id="24"/>
    </PLOT_LINK>
    <PLOT_LINK r_id="212389" SIGNAL="" relType="FALLING_ACTION" CAUSES="FALSE" CAUSED_BY="FALSE">
      <source m_id="22"/>
      <target m_id="23"/>
    </PLOT_LINK>
    <PLOT_LINK r_id="212390" SIGNAL="" relType="FALLING_ACTION" CAUSES="FALSE" CAUSED_BY="FALSE">
      <source m_id="1"/>
      <target m_id="2"/>
    </PLOT_LINK>
    <PLOT_LINK r_id="212391" SIGNAL="" relType="FALLING_ACTION" CAUSES="FALSE" CAUSED_BY="FALSE">
      <source m_id="2"/>
      <target m_id="3"/>
    </PLOT_LINK>
    <PLOT_LINK r_id="212392" SIGNAL="" relType="FALLING_ACTION" CAUSES="FALSE" CAUSED_BY="FALSE">
      <source m_id="9"/>
      <target m_id="8"/>
    </PLOT_LINK>
    <PLOT_LINK r_id="212395" SIGNAL="" relType="FALLING_ACTION" CAUSES="FALSE" CAUSED_BY="FALSE">
      <source m_id="13"/>
      <target m_id="12"/>
    </PLOT_LINK>
    <PLOT_LINK r_id="212396" SIGNAL="11" relType="FALLING_ACTION" CAUSES="FALSE" CAUSED_BY="TRUE">
      <source m_id="12"/>
      <target m_id="14"/>
    </PLOT_LINK>
  </Relations>
</Document>
