<?xml version='1.0' encoding='UTF-8'?>
<Document doc_name="33_9ecbplus.xml">
  <token t_id="1" sentence="0" number="0">http</token>
  <token t_id="2" sentence="0" number="1">:</token>
  <token t_id="3" sentence="0" number="2">/</token>
  <token t_id="4" sentence="0" number="3">/</token>
  <token t_id="5" sentence="0" number="4">brooklyn</token>
  <token t_id="6" sentence="0" number="5">.</token>
  <token t_id="7" sentence="0" number="6">news12</token>
  <token t_id="8" sentence="0" number="7">.</token>
  <token t_id="9" sentence="0" number="8">com</token>
  <token t_id="10" sentence="0" number="9">/</token>
  <token t_id="11" sentence="0" number="10">news</token>
  <token t_id="12" sentence="0" number="11">/</token>
  <token t_id="13" sentence="0" number="12">jury</token>
  <token t_id="14" sentence="0" number="13">-</token>
  <token t_id="15" sentence="0" number="14">finds</token>
  <token t_id="16" sentence="0" number="15">-</token>
  <token t_id="17" sentence="0" number="16">andrew</token>
  <token t_id="18" sentence="0" number="17">-</token>
  <token t_id="19" sentence="0" number="18">lopez</token>
  <token t_id="20" sentence="0" number="19">-</token>
  <token t_id="21" sentence="0" number="20">guilty</token>
  <token t_id="22" sentence="0" number="21">-</token>
  <token t_id="23" sentence="0" number="22">in</token>
  <token t_id="24" sentence="0" number="23">-</token>
  <token t_id="25" sentence="0" number="24">murder</token>
  <token t_id="26" sentence="0" number="25">-</token>
  <token t_id="27" sentence="0" number="26">of</token>
  <token t_id="28" sentence="0" number="27">-</token>
  <token t_id="29" sentence="0" number="28">zurana</token>
  <token t_id="30" sentence="0" number="29">-</token>
  <token t_id="31" sentence="0" number="30">horton</token>
  <token t_id="32" sentence="0" number="31">-</token>
  <token t_id="33" sentence="0" number="32">1</token>
  <token t_id="34" sentence="0" number="33">.</token>
  <token t_id="35" sentence="0" number="34">5124293</token>
  <token t_id="36" sentence="1" number="0">Jury</token>
  <token t_id="37" sentence="1" number="1">finds</token>
  <token t_id="38" sentence="1" number="2">Andrew</token>
  <token t_id="39" sentence="1" number="3">Lopez</token>
  <token t_id="40" sentence="1" number="4">guilty</token>
  <token t_id="41" sentence="1" number="5">in</token>
  <token t_id="42" sentence="1" number="6">murder</token>
  <token t_id="43" sentence="1" number="7">of</token>
  <token t_id="44" sentence="1" number="8">Zurana</token>
  <token t_id="45" sentence="1" number="9">Horton</token>
  <token t_id="46" sentence="2" number="0">Published</token>
  <token t_id="47" sentence="2" number="1">:</token>
  <token t_id="48" sentence="2" number="2">April</token>
  <token t_id="49" sentence="2" number="3">23</token>
  <token t_id="50" sentence="2" number="4">,</token>
  <token t_id="51" sentence="2" number="5">2013</token>
  <token t_id="52" sentence="2" number="6">9</token>
  <token t_id="53" sentence="2" number="7">:</token>
  <token t_id="54" sentence="2" number="8">39</token>
  <token t_id="55" sentence="2" number="9">AM</token>
  <token t_id="56" sentence="3" number="0">A</token>
  <token t_id="57" sentence="3" number="1">jury</token>
  <token t_id="58" sentence="3" number="2">has</token>
  <token t_id="59" sentence="3" number="3">handed</token>
  <token t_id="60" sentence="3" number="4">down</token>
  <token t_id="61" sentence="3" number="5">a</token>
  <token t_id="62" sentence="3" number="6">guilty</token>
  <token t_id="63" sentence="3" number="7">verdict</token>
  <token t_id="64" sentence="3" number="8">for</token>
  <token t_id="65" sentence="3" number="9">one</token>
  <token t_id="66" sentence="3" number="10">of</token>
  <token t_id="67" sentence="3" number="11">the</token>
  <token t_id="68" sentence="3" number="12">two</token>
  <token t_id="69" sentence="3" number="13">men</token>
  <token t_id="70" sentence="3" number="14">accused</token>
  <token t_id="71" sentence="3" number="15">of</token>
  <token t_id="72" sentence="3" number="16">murdering</token>
  <token t_id="73" sentence="3" number="17">a</token>
  <token t_id="74" sentence="3" number="18">Brownsville</token>
  <token t_id="75" sentence="3" number="19">mother</token>
  <token t_id="76" sentence="3" number="20">of</token>
  <token t_id="77" sentence="3" number="21">12</token>
  <token t_id="78" sentence="3" number="22">.</token>
  <token t_id="79" sentence="4" number="0">Andrew</token>
  <token t_id="80" sentence="4" number="1">Lopez</token>
  <token t_id="81" sentence="4" number="2">was</token>
  <token t_id="82" sentence="4" number="3">found</token>
  <token t_id="83" sentence="4" number="4">guilty</token>
  <token t_id="84" sentence="4" number="5">of</token>
  <token t_id="85" sentence="4" number="6">second</token>
  <token t_id="86" sentence="4" number="7">-</token>
  <token t_id="87" sentence="4" number="8">degree</token>
  <token t_id="88" sentence="4" number="9">murder</token>
  <token t_id="89" sentence="4" number="10">and</token>
  <token t_id="90" sentence="4" number="11">two</token>
  <token t_id="91" sentence="4" number="12">counts</token>
  <token t_id="92" sentence="4" number="13">of</token>
  <token t_id="93" sentence="4" number="14">first</token>
  <token t_id="94" sentence="4" number="15">-</token>
  <token t_id="95" sentence="4" number="16">degree</token>
  <token t_id="96" sentence="4" number="17">assault</token>
  <token t_id="97" sentence="4" number="18">in</token>
  <token t_id="98" sentence="4" number="19">the</token>
  <token t_id="99" sentence="4" number="20">death</token>
  <token t_id="100" sentence="4" number="21">of</token>
  <token t_id="101" sentence="4" number="22">Zurana</token>
  <token t_id="102" sentence="4" number="23">Horton</token>
  <token t_id="103" sentence="4" number="24">.</token>
  <token t_id="104" sentence="5" number="0">Jury</token>
  <token t_id="105" sentence="5" number="1">deliberations</token>
  <token t_id="106" sentence="5" number="2">are</token>
  <token t_id="107" sentence="5" number="3">still</token>
  <token t_id="108" sentence="5" number="4">underway</token>
  <token t_id="109" sentence="5" number="5">for</token>
  <token t_id="110" sentence="5" number="6">the</token>
  <token t_id="111" sentence="5" number="7">second</token>
  <token t_id="112" sentence="5" number="8">suspect</token>
  <token t_id="113" sentence="5" number="9">,</token>
  <token t_id="114" sentence="5" number="10">Jonathan</token>
  <token t_id="115" sentence="5" number="11">Carrasquillo</token>
  <token t_id="116" sentence="5" number="12">.</token>
  <token t_id="117" sentence="6" number="0">Horton</token>
  <token t_id="118" sentence="6" number="1">was</token>
  <token t_id="119" sentence="6" number="2">shot</token>
  <token t_id="120" sentence="6" number="3">and</token>
  <token t_id="121" sentence="6" number="4">killed</token>
  <token t_id="122" sentence="6" number="5">in</token>
  <token t_id="123" sentence="6" number="6">October</token>
  <token t_id="124" sentence="6" number="7">2011</token>
  <token t_id="125" sentence="6" number="8">when</token>
  <token t_id="126" sentence="6" number="9">gunfire</token>
  <token t_id="127" sentence="6" number="10">erupted</token>
  <token t_id="128" sentence="6" number="11">outside</token>
  <token t_id="129" sentence="6" number="12">.</token>
  <token t_id="130" sentence="6" number="13">.</token>
  <token t_id="131" sentence="6" number="14">.</token>
  <Markables>
    <ACTION_OCCURRENCE m_id="1" comment="" climaxEvent="FALSE">
      <token_anchor t_id="37"/>
    </ACTION_OCCURRENCE>
    <ACTION_OCCURRENCE m_id="2" comment="" climaxEvent="FALSE">
      <token_anchor t_id="42"/>
    </ACTION_OCCURRENCE>
    <ACTION_OCCURRENCE m_id="3" comment="" climaxEvent="FALSE">
      <token_anchor t_id="59"/>
      <token_anchor t_id="60"/>
    </ACTION_OCCURRENCE>
    <ACTION_OCCURRENCE m_id="4" comment="" climaxEvent="FALSE">
      <token_anchor t_id="63"/>
    </ACTION_OCCURRENCE>
    <ACTION_OCCURRENCE m_id="5" comment="" climaxEvent="FALSE">
      <token_anchor t_id="70"/>
    </ACTION_OCCURRENCE>
    <ACTION_OCCURRENCE m_id="6" comment="" climaxEvent="FALSE">
      <token_anchor t_id="72"/>
    </ACTION_OCCURRENCE>
    <ACTION_OCCURRENCE m_id="7" comment="" climaxEvent="FALSE">
      <token_anchor t_id="82"/>
    </ACTION_OCCURRENCE>
    <ACTION_OCCURRENCE m_id="8" comment="" climaxEvent="FALSE">
      <token_anchor t_id="85"/>
      <token_anchor t_id="86"/>
      <token_anchor t_id="87"/>
      <token_anchor t_id="88"/>
    </ACTION_OCCURRENCE>
    <ACTION_OCCURRENCE m_id="9" comment="" climaxEvent="FALSE">
      <token_anchor t_id="93"/>
      <token_anchor t_id="94"/>
      <token_anchor t_id="95"/>
      <token_anchor t_id="96"/>
    </ACTION_OCCURRENCE>
    <ACTION_OCCURRENCE m_id="10" comment="" climaxEvent="FALSE">
      <token_anchor t_id="99"/>
    </ACTION_OCCURRENCE>
    <ACTION_OCCURRENCE m_id="11" comment="" climaxEvent="FALSE">
      <token_anchor t_id="104"/>
      <token_anchor t_id="105"/>
    </ACTION_OCCURRENCE>
    <ACTION_OCCURRENCE m_id="12" comment="" climaxEvent="FALSE">
      <token_anchor t_id="119"/>
    </ACTION_OCCURRENCE>
    <ACTION_OCCURRENCE m_id="13" comment="" climaxEvent="FALSE">
      <token_anchor t_id="121"/>
    </ACTION_OCCURRENCE>
    <ACTION_OCCURRENCE m_id="14" comment="" climaxEvent="FALSE">
      <token_anchor t_id="126"/>
    </ACTION_OCCURRENCE>
    <ACTION_OCCURRENCE m_id="15" comment="" climaxEvent="FALSE">
      <token_anchor t_id="127"/>
    </ACTION_OCCURRENCE>
    <ACTION_STATE m_id="16" climaxEvent="TRUE" comment="">
      <token_anchor t_id="40"/>
    </ACTION_STATE>
    <ACTION_STATE m_id="17" climaxEvent="FALSE" comment="">
      <token_anchor t_id="62"/>
    </ACTION_STATE>
    <ACTION_STATE m_id="18" climaxEvent="FALSE" comment="">
      <token_anchor t_id="83"/>
    </ACTION_STATE>
    <ACTION_STATE m_id="19" climaxEvent="FALSE" comment="">
      <token_anchor t_id="108"/>
    </ACTION_STATE>
    <HUMAN_PART_PER m_id="29" comment="">
      <token_anchor t_id="74"/>
      <token_anchor t_id="75"/>
      <token_anchor t_id="76"/>
      <token_anchor t_id="77"/>
    </HUMAN_PART_PER>
    <HUMAN_PART_PER m_id="30" comment="">
      <token_anchor t_id="79"/>
      <token_anchor t_id="80"/>
    </HUMAN_PART_PER>
    <HUMAN_PART_PER m_id="20" comment="">
      <token_anchor t_id="101"/>
      <token_anchor t_id="102"/>
    </HUMAN_PART_PER>
    <HUMAN_PART_PER m_id="21" comment="">
      <token_anchor t_id="114"/>
      <token_anchor t_id="115"/>
    </HUMAN_PART_PER>
    <HUMAN_PART_PER m_id="22" comment="">
      <token_anchor t_id="117"/>
    </HUMAN_PART_PER>
    <HUMAN_PART_PER m_id="23" comment="">
      <token_anchor t_id="36"/>
    </HUMAN_PART_PER>
    <HUMAN_PART_PER m_id="24" comment="">
      <token_anchor t_id="38"/>
      <token_anchor t_id="39"/>
    </HUMAN_PART_PER>
    <HUMAN_PART_PER m_id="25" comment="">
      <token_anchor t_id="44"/>
      <token_anchor t_id="45"/>
    </HUMAN_PART_PER>
    <HUMAN_PART_PER m_id="26" comment="">
      <token_anchor t_id="57"/>
    </HUMAN_PART_PER>
    <HUMAN_PART_PER m_id="27" comment="">
      <token_anchor t_id="65"/>
    </HUMAN_PART_PER>
    <HUMAN_PART_PER m_id="28" comment="">
      <token_anchor t_id="68"/>
      <token_anchor t_id="69"/>
    </HUMAN_PART_PER>
    <TIME_DATE m_id="31" comment="" DCT="FALSE" value="2011-10" anchorTimeID="">
      <token_anchor t_id="122"/>
      <token_anchor t_id="123"/>
      <token_anchor t_id="124"/>
    </TIME_DATE>
    <TIME_OF_THE_DAY m_id="32" DCT="TRUE" value="2013-04-23T09:39" anchorTimeID="">
      <token_anchor t_id="48"/>
      <token_anchor t_id="49"/>
      <token_anchor t_id="50"/>
      <token_anchor t_id="51"/>
      <token_anchor t_id="52"/>
      <token_anchor t_id="53"/>
      <token_anchor t_id="54"/>
      <token_anchor t_id="55"/>
    </TIME_OF_THE_DAY>
    <ACTION_OCCURRENCE m_id="33" RELATED_TO="" TAG_DESCRIPTOR="t33_guilty_verdict" comment="" climaxEvent="FALSE"/>
    <HUMAN_PART_PER m_id="34" RELATED_TO="" TAG_DESCRIPTOR="t33_jury" comment=""/>
    <ACTION_OCCURRENCE m_id="35" RELATED_TO="" TAG_DESCRIPTOR="t33_verdict_given" comment="" climaxEvent="FALSE"/>
    <ACTION_OCCURRENCE m_id="36" RELATED_TO="" TAG_DESCRIPTOR="t33_killing_mother" comment="" climaxEvent="FALSE"/>
    <ACTION_STATE m_id="37" RELATED_TO="" TAG_DESCRIPTOR="t33_guilty" climaxEvent="FALSE" comment=""/>
    <HUMAN_PART_PER m_id="38" RELATED_TO="" TAG_DESCRIPTOR="t33_zurana_horton" comment=""/>
    <HUMAN_PART_PER m_id="39" RELATED_TO="" TAG_DESCRIPTOR="t33_andrew_lopez" comment=""/>
    <ACTION_OCCURRENCE m_id="40" RELATED_TO="" TAG_DESCRIPTOR="t33_both_suspects_accused" comment="" climaxEvent="FALSE"/>
    <HUMAN_PART_PER m_id="41" RELATED_TO="" TAG_DESCRIPTOR="t33_both_suspects" comment=""/>
  </Markables>
  <Relations>
    <TLINK r_id="213525" contextualModality="" relType="AFTER" comment="">
      <source m_id="32"/>
      <target m_id="1"/>
    </TLINK>
    <TLINK r_id="213526" contextualModality="" relType="AFTER" comment="">
      <source m_id="32"/>
      <target m_id="16"/>
    </TLINK>
    <TLINK r_id="213527" contextualModality="" relType="AFTER" comment="">
      <source m_id="32"/>
      <target m_id="2"/>
    </TLINK>
    <TLINK r_id="213528" contextualModality="" relType="AFTER" comment="">
      <source m_id="32"/>
      <target m_id="3"/>
    </TLINK>
    <TLINK r_id="213529" contextualModality="" relType="AFTER" comment="">
      <source m_id="32"/>
      <target m_id="17"/>
    </TLINK>
    <TLINK r_id="213530" contextualModality="" relType="AFTER" comment="">
      <source m_id="32"/>
      <target m_id="4"/>
    </TLINK>
    <TLINK r_id="213531" contextualModality="" relType="AFTER" comment="">
      <source m_id="32"/>
      <target m_id="5"/>
    </TLINK>
    <TLINK r_id="213532" contextualModality="" relType="AFTER" comment="">
      <source m_id="32"/>
      <target m_id="6"/>
    </TLINK>
    <TLINK r_id="213533" contextualModality="" relType="AFTER" comment="">
      <source m_id="32"/>
      <target m_id="7"/>
    </TLINK>
    <TLINK r_id="213534" contextualModality="" relType="AFTER" comment="">
      <source m_id="32"/>
      <target m_id="18"/>
    </TLINK>
    <TLINK r_id="213535" contextualModality="" relType="AFTER" comment="">
      <source m_id="32"/>
      <target m_id="8"/>
    </TLINK>
    <TLINK r_id="213536" contextualModality="" relType="AFTER" comment="">
      <source m_id="32"/>
      <target m_id="9"/>
    </TLINK>
    <TLINK r_id="213537" contextualModality="" relType="AFTER" comment="">
      <source m_id="32"/>
      <target m_id="10"/>
    </TLINK>
    <TLINK r_id="213538" contextualModality="" relType="OVERLAP" comment="">
      <source m_id="32"/>
      <target m_id="11"/>
    </TLINK>
    <TLINK r_id="213539" contextualModality="" relType="OVERLAP" comment="">
      <source m_id="32"/>
      <target m_id="19"/>
    </TLINK>
    <TLINK r_id="213540" contextualModality="" relType="AFTER" comment="">
      <source m_id="32"/>
      <target m_id="12"/>
    </TLINK>
    <TLINK r_id="213541" contextualModality="" relType="AFTER" comment="">
      <source m_id="32"/>
      <target m_id="13"/>
    </TLINK>
    <TLINK r_id="213542" contextualModality="" relType="AFTER" comment="">
      <source m_id="32"/>
      <target m_id="14"/>
    </TLINK>
    <TLINK r_id="213543" contextualModality="" relType="CONTAINS" comment="">
      <source m_id="31"/>
      <target m_id="14"/>
    </TLINK>
    <TLINK r_id="213544" contextualModality="" relType="CONTAINS" comment="">
      <source m_id="31"/>
      <target m_id="13"/>
    </TLINK>
    <TLINK r_id="213545" contextualModality="" relType="CONTAINS" comment="">
      <source m_id="31"/>
      <target m_id="12"/>
    </TLINK>
    <TLINK r_id="213546" contextualModality="" relType="BEFORE" comment="">
      <source m_id="31"/>
      <target m_id="11"/>
    </TLINK>
    <TLINK r_id="213547" contextualModality="" relType="BEFORE" comment="">
      <source m_id="31"/>
      <target m_id="19"/>
    </TLINK>
    <TLINK r_id="213548" contextualModality="" relType="BEFORE" comment="">
      <source m_id="31"/>
      <target m_id="7"/>
    </TLINK>
    <TLINK r_id="213549" contextualModality="" relType="BEFORE" comment="">
      <source m_id="31"/>
      <target m_id="18"/>
    </TLINK>
    <TLINK r_id="213550" contextualModality="" relType="CONTAINS" comment="">
      <source m_id="31"/>
      <target m_id="8"/>
    </TLINK>
    <TLINK r_id="213551" contextualModality="" relType="CONTAINS" comment="">
      <source m_id="31"/>
      <target m_id="9"/>
    </TLINK>
    <TLINK r_id="213552" contextualModality="" relType="CONTAINS" comment="">
      <source m_id="31"/>
      <target m_id="10"/>
    </TLINK>
    <TLINK r_id="213553" contextualModality="" relType="BEFORE" comment="">
      <source m_id="31"/>
      <target m_id="3"/>
    </TLINK>
    <TLINK r_id="213554" contextualModality="" relType="BEFORE" comment="">
      <source m_id="31"/>
      <target m_id="17"/>
    </TLINK>
    <TLINK r_id="213555" contextualModality="" relType="BEFORE" comment="">
      <source m_id="31"/>
      <target m_id="4"/>
    </TLINK>
    <TLINK r_id="213556" contextualModality="" relType="BEFORE" comment="">
      <source m_id="31"/>
      <target m_id="5"/>
    </TLINK>
    <TLINK r_id="213557" contextualModality="" relType="CONTAINS" comment="">
      <source m_id="31"/>
      <target m_id="6"/>
    </TLINK>
    <TLINK r_id="213558" contextualModality="" relType="CONTAINS" comment="">
      <source m_id="31"/>
      <target m_id="2"/>
    </TLINK>
    <TLINK r_id="213559" contextualModality="" relType="BEFORE" comment="">
      <source m_id="31"/>
      <target m_id="16"/>
    </TLINK>
    <TLINK r_id="213560" contextualModality="" relType="BEFORE" comment="">
      <source m_id="31"/>
      <target m_id="1"/>
    </TLINK>
    <PLOT_LINK r_id="213561" SIGNAL="" relType="FALLING_ACTION" CAUSES="FALSE" CAUSED_BY="FALSE">
      <source m_id="16"/>
      <target m_id="2"/>
    </PLOT_LINK>
    <PLOT_LINK r_id="213562" SIGNAL="" relType="FALLING_ACTION" CAUSES="FALSE" CAUSED_BY="FALSE">
      <source m_id="17"/>
      <target m_id="5"/>
    </PLOT_LINK>
    <PLOT_LINK r_id="213563" SIGNAL="" relType="FALLING_ACTION" CAUSES="FALSE" CAUSED_BY="FALSE">
      <source m_id="5"/>
      <target m_id="6"/>
    </PLOT_LINK>
    <PLOT_LINK r_id="213564" SIGNAL="" relType="FALLING_ACTION" CAUSES="FALSE" CAUSED_BY="FALSE">
      <source m_id="18"/>
      <target m_id="8"/>
    </PLOT_LINK>
    <PLOT_LINK r_id="213565" SIGNAL="" relType="FALLING_ACTION" CAUSES="FALSE" CAUSED_BY="FALSE">
      <source m_id="18"/>
      <target m_id="9"/>
    </PLOT_LINK>
    <PLOT_LINK r_id="213566" SIGNAL="" relType="FALLING_ACTION" CAUSES="FALSE" CAUSED_BY="FALSE">
      <source m_id="18"/>
      <target m_id="10"/>
    </PLOT_LINK>
    <PLOT_LINK r_id="213567" SIGNAL="" relType="PRECONDITION" CAUSES="FALSE" CAUSED_BY="FALSE">
      <source m_id="18"/>
      <target m_id="11"/>
    </PLOT_LINK>
    <PLOT_LINK r_id="213568" SIGNAL="" relType="PRECONDITION" CAUSES="FALSE" CAUSED_BY="FALSE">
      <source m_id="5"/>
      <target m_id="11"/>
    </PLOT_LINK>
    <PLOT_LINK r_id="213569" SIGNAL="" relType="PRECONDITION" CAUSES="FALSE" CAUSED_BY="FALSE">
      <source m_id="12"/>
      <target m_id="13"/>
    </PLOT_LINK>
    <PLOT_LINK r_id="213570" SIGNAL="" relType="FALLING_ACTION" CAUSES="FALSE" CAUSED_BY="FALSE">
      <source m_id="13"/>
      <target m_id="14"/>
    </PLOT_LINK>
  </Relations>
</Document>
