<?xml version='1.0' encoding='UTF-8'?>
<Document doc_name="32_1ecbplus.xml">
  <token t_id="1" sentence="0" number="0">http</token>
  <token t_id="2" sentence="0" number="1">:</token>
  <token t_id="3" sentence="0" number="2">/</token>
  <token t_id="4" sentence="0" number="3">/</token>
  <token t_id="5" sentence="0" number="4">www</token>
  <token t_id="6" sentence="0" number="5">.</token>
  <token t_id="7" sentence="0" number="6">mirror</token>
  <token t_id="8" sentence="0" number="7">.</token>
  <token t_id="9" sentence="0" number="8">co</token>
  <token t_id="10" sentence="0" number="9">.</token>
  <token t_id="11" sentence="0" number="10">uk</token>
  <token t_id="12" sentence="0" number="11">/</token>
  <token t_id="13" sentence="0" number="12">news</token>
  <token t_id="14" sentence="0" number="13">/</token>
  <token t_id="15" sentence="0" number="14">uk</token>
  <token t_id="16" sentence="0" number="15">-</token>
  <token t_id="17" sentence="0" number="16">news</token>
  <token t_id="18" sentence="0" number="17">/</token>
  <token t_id="19" sentence="0" number="18">john</token>
  <token t_id="20" sentence="0" number="19">-</token>
  <token t_id="21" sentence="0" number="20">jenkin</token>
  <token t_id="22" sentence="0" number="21">-</token>
  <token t_id="23" sentence="0" number="22">goth</token>
  <token t_id="24" sentence="0" number="23">-</token>
  <token t_id="25" sentence="0" number="24">son</token>
  <token t_id="26" sentence="0" number="25">-</token>
  <token t_id="27" sentence="0" number="26">held</token>
  <token t_id="28" sentence="0" number="27">-</token>
  <token t_id="29" sentence="0" number="28">1942506</token>
  <token t_id="30" sentence="1" number="0">John</token>
  <token t_id="31" sentence="1" number="1">Jenkin</token>
  <token t_id="32" sentence="1" number="2">:</token>
  <token t_id="33" sentence="1" number="3">Goth</token>
  <token t_id="34" sentence="1" number="4">son</token>
  <token t_id="35" sentence="1" number="5">held</token>
  <token t_id="36" sentence="1" number="6">as</token>
  <token t_id="37" sentence="1" number="7">mum</token>
  <token t_id="38" sentence="1" number="8">and</token>
  <token t_id="39" sentence="1" number="9">sister</token>
  <token t_id="40" sentence="1" number="10">killed</token>
  <token t_id="41" sentence="2" number="0">10</token>
  <token t_id="42" sentence="2" number="1">Jun</token>
  <token t_id="43" sentence="2" number="2">2013</token>
  <token t_id="44" sentence="2" number="3">09</token>
  <token t_id="45" sentence="2" number="4">:</token>
  <token t_id="46" sentence="2" number="5">10</token>
  <token t_id="47" sentence="3" number="0">John</token>
  <token t_id="48" sentence="3" number="1">Jenkin</token>
  <token t_id="49" sentence="3" number="2">,</token>
  <token t_id="50" sentence="3" number="3">23</token>
  <token t_id="51" sentence="3" number="4">,</token>
  <token t_id="52" sentence="3" number="5">was</token>
  <token t_id="53" sentence="3" number="6">arrested</token>
  <token t_id="54" sentence="3" number="7">near</token>
  <token t_id="55" sentence="3" number="8">the</token>
  <token t_id="56" sentence="3" number="9">terraced</token>
  <token t_id="57" sentence="3" number="10">house</token>
  <token t_id="58" sentence="3" number="11">where</token>
  <token t_id="59" sentence="3" number="12">Alice</token>
  <token t_id="60" sentence="3" number="13">McMeekin</token>
  <token t_id="61" sentence="3" number="14">,</token>
  <token t_id="62" sentence="3" number="15">58</token>
  <token t_id="63" sentence="3" number="16">,</token>
  <token t_id="64" sentence="3" number="17">and</token>
  <token t_id="65" sentence="3" number="18">Katie</token>
  <token t_id="66" sentence="3" number="19">Jenkin</token>
  <token t_id="67" sentence="3" number="20">,</token>
  <token t_id="68" sentence="3" number="21">20</token>
  <token t_id="69" sentence="3" number="22">,</token>
  <token t_id="70" sentence="3" number="23">and</token>
  <token t_id="71" sentence="3" number="24">a</token>
  <token t_id="72" sentence="3" number="25">dead</token>
  <token t_id="73" sentence="3" number="26">dog</token>
  <token t_id="74" sentence="3" number="27">,</token>
  <token t_id="75" sentence="3" number="28">thought</token>
  <token t_id="76" sentence="3" number="29">to</token>
  <token t_id="77" sentence="3" number="30">be</token>
  <token t_id="78" sentence="3" number="31">the</token>
  <token t_id="79" sentence="3" number="32">family's</token>
  <token t_id="80" sentence="3" number="33">pet</token>
  <token t_id="81" sentence="3" number="34">collie</token>
  <token t_id="82" sentence="3" number="35">,</token>
  <token t_id="83" sentence="3" number="36">were</token>
  <token t_id="84" sentence="3" number="37">discovered</token>
  <token t_id="85" sentence="4" number="0">A</token>
  <token t_id="86" sentence="4" number="1">goth</token>
  <token t_id="87" sentence="4" number="2">was</token>
  <token t_id="88" sentence="4" number="3">being</token>
  <token t_id="89" sentence="4" number="4">questioned</token>
  <token t_id="90" sentence="4" number="5">on</token>
  <token t_id="91" sentence="4" number="6">suspicion</token>
  <token t_id="92" sentence="4" number="7">of</token>
  <token t_id="93" sentence="4" number="8">murder</token>
  <token t_id="94" sentence="4" number="9">yesterday</token>
  <token t_id="95" sentence="4" number="10">after</token>
  <token t_id="96" sentence="4" number="11">his</token>
  <token t_id="97" sentence="4" number="12">mother</token>
  <token t_id="98" sentence="4" number="13">and</token>
  <token t_id="99" sentence="4" number="14">sister</token>
  <token t_id="100" sentence="4" number="15">were</token>
  <token t_id="101" sentence="4" number="16">found</token>
  <token t_id="102" sentence="4" number="17">dead</token>
  <token t_id="103" sentence="4" number="18">at</token>
  <token t_id="104" sentence="4" number="19">home</token>
  <token t_id="105" sentence="4" number="20">.</token>
  <token t_id="106" sentence="5" number="0">John</token>
  <token t_id="107" sentence="5" number="1">Jenkin</token>
  <token t_id="108" sentence="5" number="2">,</token>
  <token t_id="109" sentence="5" number="3">23</token>
  <token t_id="110" sentence="5" number="4">,</token>
  <token t_id="111" sentence="5" number="5">was</token>
  <token t_id="112" sentence="5" number="6">arrested</token>
  <token t_id="113" sentence="5" number="7">near</token>
  <token t_id="114" sentence="5" number="8">the</token>
  <token t_id="115" sentence="5" number="9">terraced</token>
  <token t_id="116" sentence="5" number="10">house</token>
  <token t_id="117" sentence="5" number="11">where</token>
  <token t_id="118" sentence="5" number="12">Alice</token>
  <token t_id="119" sentence="5" number="13">McMeekin</token>
  <token t_id="120" sentence="5" number="14">,</token>
  <token t_id="121" sentence="5" number="15">58</token>
  <token t_id="122" sentence="5" number="16">,</token>
  <token t_id="123" sentence="5" number="17">and</token>
  <token t_id="124" sentence="5" number="18">Katie</token>
  <token t_id="125" sentence="5" number="19">Jenkin</token>
  <token t_id="126" sentence="5" number="20">,</token>
  <token t_id="127" sentence="5" number="21">20</token>
  <token t_id="128" sentence="5" number="22">,</token>
  <token t_id="129" sentence="5" number="23">and</token>
  <token t_id="130" sentence="5" number="24">a</token>
  <token t_id="131" sentence="5" number="25">dead</token>
  <token t_id="132" sentence="5" number="26">dog</token>
  <token t_id="133" sentence="5" number="27">,</token>
  <token t_id="134" sentence="5" number="28">thought</token>
  <token t_id="135" sentence="5" number="29">to</token>
  <token t_id="136" sentence="5" number="30">be</token>
  <token t_id="137" sentence="5" number="31">the</token>
  <token t_id="138" sentence="5" number="32">family's</token>
  <token t_id="139" sentence="5" number="33">pet</token>
  <token t_id="140" sentence="5" number="34">collie</token>
  <token t_id="141" sentence="5" number="35">,</token>
  <token t_id="142" sentence="5" number="36">were</token>
  <token t_id="143" sentence="5" number="37">discovered</token>
  <token t_id="144" sentence="5" number="38">.</token>
  <token t_id="145" sentence="6" number="0">Police</token>
  <token t_id="146" sentence="6" number="1">were</token>
  <token t_id="147" sentence="6" number="2">called</token>
  <token t_id="148" sentence="6" number="3">by</token>
  <token t_id="149" sentence="6" number="4">neighbours</token>
  <token t_id="150" sentence="6" number="5">at</token>
  <token t_id="151" sentence="6" number="6">breakfast</token>
  <token t_id="152" sentence="6" number="7">time</token>
  <token t_id="153" sentence="6" number="8">on</token>
  <token t_id="154" sentence="6" number="9">Saturday</token>
  <token t_id="155" sentence="6" number="10">after</token>
  <token t_id="156" sentence="6" number="11">they</token>
  <token t_id="157" sentence="6" number="12">heard</token>
  <token t_id="158" sentence="6" number="13">piercing</token>
  <token t_id="159" sentence="6" number="14">screams</token>
  <token t_id="160" sentence="6" number="15">coming</token>
  <token t_id="161" sentence="6" number="16">from</token>
  <token t_id="162" sentence="6" number="17">the</token>
  <token t_id="163" sentence="6" number="18">house</token>
  <token t_id="164" sentence="6" number="19">.</token>
  <token t_id="165" sentence="7" number="0">One</token>
  <token t_id="166" sentence="7" number="1">said</token>
  <token t_id="167" sentence="7" number="2">:</token>
  <token t_id="168" sentence="7" number="3">"I</token>
  <token t_id="169" sentence="7" number="4">heard</token>
  <token t_id="170" sentence="7" number="5">screaming</token>
  <token t_id="171" sentence="7" number="6">,</token>
  <token t_id="172" sentence="7" number="7">really</token>
  <token t_id="173" sentence="7" number="8">high</token>
  <token t_id="174" sentence="7" number="9">-</token>
  <token t_id="175" sentence="7" number="10">pitched</token>
  <token t_id="176" sentence="7" number="11">screams</token>
  <token t_id="177" sentence="7" number="12">in</token>
  <token t_id="178" sentence="7" number="13">the</token>
  <token t_id="179" sentence="7" number="14">early</token>
  <token t_id="180" sentence="7" number="15">hours</token>
  <token t_id="181" sentence="7" number="16">.</token>
  <token t_id="182" sentence="8" number="0">Then</token>
  <token t_id="183" sentence="8" number="1">later</token>
  <token t_id="184" sentence="8" number="2">I</token>
  <token t_id="185" sentence="8" number="3">heard</token>
  <token t_id="186" sentence="8" number="4">more</token>
  <token t_id="187" sentence="8" number="5">screaming</token>
  <token t_id="188" sentence="8" number="6">.</token>
  <token t_id="189" sentence="9" number="0">It</token>
  <token t_id="190" sentence="9" number="1">sounded</token>
  <token t_id="191" sentence="9" number="2">like</token>
  <token t_id="192" sentence="9" number="3">someone</token>
  <token t_id="193" sentence="9" number="4">telling</token>
  <token t_id="194" sentence="9" number="5">a</token>
  <token t_id="195" sentence="9" number="6">dog</token>
  <token t_id="196" sentence="9" number="7">to</token>
  <token t_id="197" sentence="9" number="8">shut</token>
  <token t_id="198" sentence="9" number="9">up</token>
  <token t_id="199" sentence="9" number="10">.</token>
  <token t_id="200" sentence="9" number="11">"</token>
  <token t_id="201" sentence="10" number="0">Alice</token>
  <token t_id="202" sentence="10" number="1">lived</token>
  <token t_id="203" sentence="10" number="2">in</token>
  <token t_id="204" sentence="10" number="3">the</token>
  <token t_id="205" sentence="10" number="4">pebble</token>
  <token t_id="206" sentence="10" number="5">-</token>
  <token t_id="207" sentence="10" number="6">dashed</token>
  <token t_id="208" sentence="10" number="7">terrace</token>
  <token t_id="209" sentence="10" number="8">in</token>
  <token t_id="210" sentence="10" number="9">Millom</token>
  <token t_id="211" sentence="10" number="10">,</token>
  <token t_id="212" sentence="10" number="11">Cumbria</token>
  <token t_id="213" sentence="10" number="12">,</token>
  <token t_id="214" sentence="10" number="13">with</token>
  <token t_id="215" sentence="10" number="14">�unemployed</token>
  <token t_id="216" sentence="10" number="15">John</token>
  <token t_id="217" sentence="10" number="16">.</token>
  <token t_id="218" sentence="11" number="0">The</token>
  <token t_id="219" sentence="11" number="1">neighbour</token>
  <token t_id="220" sentence="11" number="2">described</token>
  <token t_id="221" sentence="11" number="3">him</token>
  <token t_id="222" sentence="11" number="4">as</token>
  <token t_id="223" sentence="11" number="5">a</token>
  <token t_id="224" sentence="11" number="6">goth</token>
  <token t_id="225" sentence="11" number="7">and</token>
  <token t_id="226" sentence="11" number="8">he</token>
  <token t_id="227" sentence="11" number="9">is</token>
  <token t_id="228" sentence="11" number="10">said</token>
  <token t_id="229" sentence="11" number="11">to</token>
  <token t_id="230" sentence="11" number="12">have</token>
  <token t_id="231" sentence="11" number="13">recently</token>
  <token t_id="232" sentence="11" number="14">been</token>
  <token t_id="233" sentence="11" number="15">in</token>
  <token t_id="234" sentence="11" number="16">hospital</token>
  <token t_id="235" sentence="11" number="17">.</token>
  <token t_id="236" sentence="12" number="0">Katie</token>
  <token t_id="237" sentence="12" number="1">was</token>
  <token t_id="238" sentence="12" number="2">visiting</token>
  <token t_id="239" sentence="12" number="3">her</token>
  <token t_id="240" sentence="12" number="4">mum</token>
  <token t_id="241" sentence="12" number="5">from</token>
  <token t_id="242" sentence="12" number="6">Cardiff</token>
  <token t_id="243" sentence="12" number="7">,</token>
  <token t_id="244" sentence="12" number="8">where</token>
  <token t_id="245" sentence="12" number="9">she</token>
  <token t_id="246" sentence="12" number="10">was</token>
  <token t_id="247" sentence="12" number="11">at</token>
  <token t_id="248" sentence="12" number="12">university</token>
  <token t_id="249" sentence="12" number="13">.</token>
  <token t_id="250" sentence="13" number="0">A</token>
  <token t_id="251" sentence="13" number="1">close</token>
  <token t_id="252" sentence="13" number="2">friend</token>
  <token t_id="253" sentence="13" number="3">of</token>
  <token t_id="254" sentence="13" number="4">the</token>
  <token t_id="255" sentence="13" number="5">dead</token>
  <token t_id="256" sentence="13" number="6">mum</token>
  <token t_id="257" sentence="13" number="7">said</token>
  <token t_id="258" sentence="13" number="8">:</token>
  <token t_id="259" sentence="13" number="9">"I</token>
  <token t_id="260" sentence="13" number="10">can't</token>
  <token t_id="261" sentence="13" number="11">believe</token>
  <token t_id="262" sentence="13" number="12">it</token>
  <token t_id="263" sentence="13" number="13">.</token>
  <token t_id="264" sentence="14" number="0">They</token>
  <token t_id="265" sentence="14" number="1">all</token>
  <token t_id="266" sentence="14" number="2">looked</token>
  <token t_id="267" sentence="14" number="3">after</token>
  <token t_id="268" sentence="14" number="4">each</token>
  <token t_id="269" sentence="14" number="5">other</token>
  <token t_id="270" sentence="14" number="6">after</token>
  <token t_id="271" sentence="14" number="7">Alice</token>
  <token t_id="272" sentence="14" number="8">separated</token>
  <token t_id="273" sentence="14" number="9">from</token>
  <token t_id="274" sentence="14" number="10">her</token>
  <token t_id="275" sentence="14" number="11">husband</token>
  <token t_id="276" sentence="14" number="12">in</token>
  <token t_id="277" sentence="14" number="13">the</token>
  <token t_id="278" sentence="14" number="14">1990s</token>
  <token t_id="279" sentence="14" number="15">.</token>
  <token t_id="280" sentence="15" number="0">We</token>
  <token t_id="281" sentence="15" number="1">were</token>
  <token t_id="282" sentence="15" number="2">so</token>
  <token t_id="283" sentence="15" number="3">close</token>
  <token t_id="284" sentence="15" number="4">that</token>
  <token t_id="285" sentence="15" number="5">Katie</token>
  <token t_id="286" sentence="15" number="6">thought</token>
  <token t_id="287" sentence="15" number="7">of</token>
  <token t_id="288" sentence="15" number="8">my</token>
  <token t_id="289" sentence="15" number="9">mum</token>
  <token t_id="290" sentence="15" number="10">as</token>
  <token t_id="291" sentence="15" number="11">a</token>
  <token t_id="292" sentence="15" number="12">second</token>
  <token t_id="293" sentence="15" number="13">mum</token>
  <token t_id="294" sentence="15" number="14">.</token>
  <token t_id="295" sentence="16" number="0">"John</token>
  <token t_id="296" sentence="16" number="1">was</token>
  <token t_id="297" sentence="16" number="2">a</token>
  <token t_id="298" sentence="16" number="3">good</token>
  <token t_id="299" sentence="16" number="4">kid</token>
  <token t_id="300" sentence="16" number="5">,</token>
  <token t_id="301" sentence="16" number="6">never</token>
  <token t_id="302" sentence="16" number="7">one</token>
  <token t_id="303" sentence="16" number="8">of</token>
  <token t_id="304" sentence="16" number="9">those</token>
  <token t_id="305" sentence="16" number="10">to</token>
  <token t_id="306" sentence="16" number="11">get</token>
  <token t_id="307" sentence="16" number="12">into</token>
  <token t_id="308" sentence="16" number="13">trouble</token>
  <token t_id="309" sentence="16" number="14">.</token>
  <token t_id="310" sentence="17" number="0">He</token>
  <token t_id="311" sentence="17" number="1">idolised</token>
  <token t_id="312" sentence="17" number="2">his</token>
  <token t_id="313" sentence="17" number="3">mum</token>
  <token t_id="314" sentence="17" number="4">and</token>
  <token t_id="315" sentence="17" number="5">his</token>
  <token t_id="316" sentence="17" number="6">sister</token>
  <token t_id="317" sentence="17" number="7">.</token>
  <token t_id="318" sentence="18" number="0">His</token>
  <token t_id="319" sentence="18" number="1">little</token>
  <token t_id="320" sentence="18" number="2">sister</token>
  <token t_id="321" sentence="18" number="3">was</token>
  <token t_id="322" sentence="18" number="4">his</token>
  <token t_id="323" sentence="18" number="5">world</token>
  <token t_id="324" sentence="18" number="6">,</token>
  <token t_id="325" sentence="18" number="7">and</token>
  <token t_id="326" sentence="18" number="8">his</token>
  <token t_id="327" sentence="18" number="9">mum</token>
  <token t_id="328" sentence="18" number="10">was</token>
  <token t_id="329" sentence="18" number="11">too</token>
  <token t_id="330" sentence="18" number="12">.</token>
  <token t_id="331" sentence="18" number="13">"</token>
  <token t_id="332" sentence="19" number="0">Alice</token>
  <token t_id="333" sentence="19" number="1">was</token>
  <token t_id="334" sentence="19" number="2">brought</token>
  <token t_id="335" sentence="19" number="3">up</token>
  <token t_id="336" sentence="19" number="4">in</token>
  <token t_id="337" sentence="19" number="5">Millom</token>
  <token t_id="338" sentence="19" number="6">,</token>
  <token t_id="339" sentence="19" number="7">where</token>
  <token t_id="340" sentence="19" number="8">her</token>
  <token t_id="341" sentence="19" number="9">father</token>
  <token t_id="342" sentence="19" number="10">ran</token>
  <token t_id="343" sentence="19" number="11">a</token>
  <token t_id="344" sentence="19" number="12">greengrocer's</token>
  <token t_id="345" sentence="19" number="13">and</token>
  <token t_id="346" sentence="19" number="14">a</token>
  <token t_id="347" sentence="19" number="15">fish</token>
  <token t_id="348" sentence="19" number="16">shop</token>
  <token t_id="349" sentence="19" number="17">.</token>
  <token t_id="350" sentence="20" number="0">She</token>
  <token t_id="351" sentence="20" number="1">returned</token>
  <token t_id="352" sentence="20" number="2">to</token>
  <token t_id="353" sentence="20" number="3">her</token>
  <token t_id="354" sentence="20" number="4">home</token>
  <token t_id="355" sentence="20" number="5">town</token>
  <token t_id="356" sentence="20" number="6">12</token>
  <token t_id="357" sentence="20" number="7">weeks</token>
  <token t_id="358" sentence="20" number="8">ago</token>
  <token t_id="359" sentence="20" number="9">after</token>
  <token t_id="360" sentence="20" number="10">a</token>
  <token t_id="361" sentence="20" number="11">four</token>
  <token t_id="362" sentence="20" number="12">year</token>
  <token t_id="363" sentence="20" number="13">spell</token>
  <token t_id="364" sentence="20" number="14">living</token>
  <token t_id="365" sentence="20" number="15">in</token>
  <token t_id="366" sentence="20" number="16">Cardiff</token>
  <token t_id="367" sentence="20" number="17">.</token>
  <token t_id="368" sentence="21" number="0">Friends</token>
  <token t_id="369" sentence="21" number="1">noticed</token>
  <token t_id="370" sentence="21" number="2">she</token>
  <token t_id="371" sentence="21" number="3">had</token>
  <token t_id="372" sentence="21" number="4">lost</token>
  <token t_id="373" sentence="21" number="5">weight</token>
  <token t_id="374" sentence="21" number="6">and</token>
  <token t_id="375" sentence="21" number="7">looked</token>
  <token t_id="376" sentence="21" number="8">frail</token>
  <token t_id="377" sentence="21" number="9">.</token>
  <token t_id="378" sentence="22" number="0">It</token>
  <token t_id="379" sentence="22" number="1">is</token>
  <token t_id="380" sentence="22" number="2">thought</token>
  <token t_id="381" sentence="22" number="3">she</token>
  <token t_id="382" sentence="22" number="4">may</token>
  <token t_id="383" sentence="22" number="5">have</token>
  <token t_id="384" sentence="22" number="6">been</token>
  <token t_id="385" sentence="22" number="7">suffering</token>
  <token t_id="386" sentence="22" number="8">from</token>
  <token t_id="387" sentence="22" number="9">cancer</token>
  <token t_id="388" sentence="22" number="10">.</token>
  <token t_id="389" sentence="23" number="0">Another</token>
  <token t_id="390" sentence="23" number="1">neighbour</token>
  <token t_id="391" sentence="23" number="2">added</token>
  <token t_id="392" sentence="23" number="3">:</token>
  <token t_id="393" sentence="23" number="4">"She</token>
  <token t_id="394" sentence="23" number="5">went</token>
  <token t_id="395" sentence="23" number="6">down</token>
  <token t_id="396" sentence="23" number="7">to</token>
  <token t_id="397" sentence="23" number="8">Wales</token>
  <token t_id="398" sentence="23" number="9">to</token>
  <token t_id="399" sentence="23" number="10">give</token>
  <token t_id="400" sentence="23" number="11">her</token>
  <token t_id="401" sentence="23" number="12">kids</token>
  <token t_id="402" sentence="23" number="13">a</token>
  <token t_id="403" sentence="23" number="14">better</token>
  <token t_id="404" sentence="23" number="15">life</token>
  <token t_id="405" sentence="23" number="16">.</token>
  <token t_id="406" sentence="24" number="0">Katie</token>
  <token t_id="407" sentence="24" number="1">got</token>
  <token t_id="408" sentence="24" number="2">into</token>
  <token t_id="409" sentence="24" number="3">Cardiff</token>
  <token t_id="410" sentence="24" number="4">University</token>
  <token t_id="411" sentence="24" number="5">,</token>
  <token t_id="412" sentence="24" number="6">I</token>
  <token t_id="413" sentence="24" number="7">think</token>
  <token t_id="414" sentence="24" number="8">,</token>
  <token t_id="415" sentence="24" number="9">and</token>
  <token t_id="416" sentence="24" number="10">John</token>
  <token t_id="417" sentence="24" number="11">was</token>
  <token t_id="418" sentence="24" number="12">at</token>
  <token t_id="419" sentence="24" number="13">college</token>
  <token t_id="420" sentence="24" number="14">doing</token>
  <token t_id="421" sentence="24" number="15">something</token>
  <token t_id="422" sentence="24" number="16">in</token>
  <token t_id="423" sentence="24" number="17">special</token>
  <token t_id="424" sentence="24" number="18">effects</token>
  <token t_id="425" sentence="24" number="19">.</token>
  <token t_id="426" sentence="25" number="0">"When</token>
  <token t_id="427" sentence="25" number="1">Alice</token>
  <token t_id="428" sentence="25" number="2">came</token>
  <token t_id="429" sentence="25" number="3">home</token>
  <token t_id="430" sentence="25" number="4">,</token>
  <token t_id="431" sentence="25" number="5">John</token>
  <token t_id="432" sentence="25" number="6">came</token>
  <token t_id="433" sentence="25" number="7">with</token>
  <token t_id="434" sentence="25" number="8">her</token>
  <token t_id="435" sentence="25" number="9">.</token>
  <token t_id="436" sentence="26" number="0">As</token>
  <token t_id="437" sentence="26" number="1">far</token>
  <token t_id="438" sentence="26" number="2">as</token>
  <token t_id="439" sentence="26" number="3">I</token>
  <token t_id="440" sentence="26" number="4">know</token>
  <token t_id="441" sentence="26" number="5">he</token>
  <token t_id="442" sentence="26" number="6">didn't</token>
  <token t_id="443" sentence="26" number="7">have</token>
  <token t_id="444" sentence="26" number="8">a</token>
  <token t_id="445" sentence="26" number="9">girlfriend</token>
  <token t_id="446" sentence="26" number="10">.</token>
  <token t_id="447" sentence="27" number="0">Katie</token>
  <token t_id="448" sentence="27" number="1">still</token>
  <token t_id="449" sentence="27" number="2">lived</token>
  <token t_id="450" sentence="27" number="3">in</token>
  <token t_id="451" sentence="27" number="4">Wales</token>
  <token t_id="452" sentence="27" number="5">and</token>
  <token t_id="453" sentence="27" number="6">had</token>
  <token t_id="454" sentence="27" number="7">been</token>
  <token t_id="455" sentence="27" number="8">going</token>
  <token t_id="456" sentence="27" number="9">out</token>
  <token t_id="457" sentence="27" number="10">with</token>
  <token t_id="458" sentence="27" number="11">her</token>
  <token t_id="459" sentence="27" number="12">boyfriend</token>
  <token t_id="460" sentence="27" number="13">for</token>
  <token t_id="461" sentence="27" number="14">two</token>
  <token t_id="462" sentence="27" number="15">years</token>
  <token t_id="463" sentence="27" number="16">.</token>
  <token t_id="464" sentence="28" number="0">"She</token>
  <token t_id="465" sentence="28" number="1">came</token>
  <token t_id="466" sentence="28" number="2">up</token>
  <token t_id="467" sentence="28" number="3">for</token>
  <token t_id="468" sentence="28" number="4">the</token>
  <token t_id="469" sentence="28" number="5">weekend</token>
  <token t_id="470" sentence="28" number="6">on</token>
  <token t_id="471" sentence="28" number="7">Friday</token>
  <token t_id="472" sentence="28" number="8">.</token>
  <token t_id="473" sentence="29" number="0">Alice</token>
  <token t_id="474" sentence="29" number="1">met</token>
  <token t_id="475" sentence="29" number="2">her</token>
  <token t_id="476" sentence="29" number="3">at</token>
  <token t_id="477" sentence="29" number="4">the</token>
  <token t_id="478" sentence="29" number="5">station</token>
  <token t_id="479" sentence="29" number="6">.</token>
  <token t_id="480" sentence="29" number="7">"</token>
  <token t_id="481" sentence="30" number="0">Security</token>
  <token t_id="482" sentence="30" number="1">worker</token>
  <token t_id="483" sentence="30" number="2">Alice</token>
  <token t_id="484" sentence="30" number="3">had</token>
  <token t_id="485" sentence="30" number="4">recently</token>
  <token t_id="486" sentence="30" number="5">been</token>
  <token t_id="487" sentence="30" number="6">upset</token>
  <token t_id="488" sentence="30" number="7">by</token>
  <token t_id="489" sentence="30" number="8">the</token>
  <token t_id="490" sentence="30" number="9">death</token>
  <token t_id="491" sentence="30" number="10">of</token>
  <token t_id="492" sentence="30" number="11">one</token>
  <token t_id="493" sentence="30" number="12">of</token>
  <token t_id="494" sentence="30" number="13">her</token>
  <token t_id="495" sentence="30" number="14">four</token>
  <token t_id="496" sentence="30" number="15">cats</token>
  <token t_id="497" sentence="30" number="16">and</token>
  <token t_id="498" sentence="30" number="17">had</token>
  <token t_id="499" sentence="30" number="18">taken</token>
  <token t_id="500" sentence="30" number="19">in</token>
  <token t_id="501" sentence="30" number="20">a</token>
  <token t_id="502" sentence="30" number="21">collie</token>
  <token t_id="503" sentence="30" number="22">dog</token>
  <token t_id="504" sentence="30" number="23">called</token>
  <token t_id="505" sentence="30" number="24">Fenn</token>
  <token t_id="506" sentence="30" number="25">.</token>
  <token t_id="507" sentence="31" number="0">The</token>
  <token t_id="508" sentence="31" number="1">friend</token>
  <token t_id="509" sentence="31" number="2">said</token>
  <token t_id="510" sentence="31" number="3">she</token>
  <token t_id="511" sentence="31" number="4">was</token>
  <token t_id="512" sentence="31" number="5">"bubbly"</token>
  <token t_id="513" sentence="31" number="6">when</token>
  <token t_id="514" sentence="31" number="7">she</token>
  <token t_id="515" sentence="31" number="8">saw</token>
  <token t_id="516" sentence="31" number="9">her</token>
  <token t_id="517" sentence="31" number="10">on</token>
  <token t_id="518" sentence="31" number="11">Friday</token>
  <token t_id="519" sentence="31" number="12">.</token>
  <token t_id="520" sentence="32" number="0">She</token>
  <token t_id="521" sentence="32" number="1">added</token>
  <token t_id="522" sentence="32" number="2">:</token>
  <token t_id="523" sentence="32" number="3">"We</token>
  <token t_id="524" sentence="32" number="4">were</token>
  <token t_id="525" sentence="32" number="5">chatting</token>
  <token t_id="526" sentence="32" number="6">for</token>
  <token t_id="527" sentence="32" number="7">about</token>
  <token t_id="528" sentence="32" number="8">half</token>
  <token t_id="529" sentence="32" number="9">an</token>
  <token t_id="530" sentence="32" number="10">hour</token>
  <token t_id="531" sentence="32" number="11">.</token>
  <token t_id="532" sentence="33" number="0">She</token>
  <token t_id="533" sentence="33" number="1">told</token>
  <token t_id="534" sentence="33" number="2">me</token>
  <token t_id="535" sentence="33" number="3">Katie</token>
  <token t_id="536" sentence="33" number="4">was</token>
  <token t_id="537" sentence="33" number="5">coming</token>
  <token t_id="538" sentence="33" number="6">and</token>
  <token t_id="539" sentence="33" number="7">she</token>
  <token t_id="540" sentence="33" number="8">was</token>
  <token t_id="541" sentence="33" number="9">so</token>
  <token t_id="542" sentence="33" number="10">looking</token>
  <token t_id="543" sentence="33" number="11">forward</token>
  <token t_id="544" sentence="33" number="12">to</token>
  <token t_id="545" sentence="33" number="13">it</token>
  <token t_id="546" sentence="33" number="14">.</token>
  <token t_id="547" sentence="33" number="15">"</token>
  <token t_id="548" sentence="34" number="0">Cumbria</token>
  <token t_id="549" sentence="34" number="1">Police</token>
  <token t_id="550" sentence="34" number="2">have</token>
  <token t_id="551" sentence="34" number="3">not</token>
  <token t_id="552" sentence="34" number="4">disclosed</token>
  <token t_id="553" sentence="34" number="5">how</token>
  <token t_id="554" sentence="34" number="6">Alice</token>
  <token t_id="555" sentence="34" number="7">and</token>
  <token t_id="556" sentence="34" number="8">Katie</token>
  <token t_id="557" sentence="34" number="9">died</token>
  <token t_id="558" sentence="34" number="10">.</token>
  <token t_id="559" sentence="35" number="0">A</token>
  <token t_id="560" sentence="35" number="1">police</token>
  <token t_id="561" sentence="35" number="2">spokesman</token>
  <token t_id="562" sentence="35" number="3">said</token>
  <token t_id="563" sentence="35" number="4">:</token>
  <token t_id="564" sentence="35" number="5">"We</token>
  <token t_id="565" sentence="35" number="6">do</token>
  <token t_id="566" sentence="35" number="7">not</token>
  <token t_id="567" sentence="35" number="8">suspect</token>
  <token t_id="568" sentence="35" number="9">anyone</token>
  <token t_id="569" sentence="35" number="10">else</token>
  <token t_id="570" sentence="35" number="11">to</token>
  <token t_id="571" sentence="35" number="12">be</token>
  <token t_id="572" sentence="35" number="13">involved</token>
  <token t_id="573" sentence="35" number="14">.</token>
  <token t_id="574" sentence="35" number="15">"</token>
  <token t_id="575" sentence="36" number="0">Detective</token>
  <token t_id="576" sentence="36" number="1">Chief</token>
  <token t_id="577" sentence="36" number="2">Inspector</token>
  <token t_id="578" sentence="36" number="3">Paul</token>
  <token t_id="579" sentence="36" number="4">Duhig</token>
  <token t_id="580" sentence="36" number="5">said</token>
  <token t_id="581" sentence="36" number="6">:</token>
  <token t_id="582" sentence="36" number="7">"Events</token>
  <token t_id="583" sentence="36" number="8">such</token>
  <token t_id="584" sentence="36" number="9">as</token>
  <token t_id="585" sentence="36" number="10">these</token>
  <token t_id="586" sentence="36" number="11">are</token>
  <token t_id="587" sentence="36" number="12">rare</token>
  <token t_id="588" sentence="36" number="13">in</token>
  <token t_id="589" sentence="36" number="14">Cumbria</token>
  <token t_id="590" sentence="36" number="15">.</token>
  <token t_id="591" sentence="37" number="0">We</token>
  <token t_id="592" sentence="37" number="1">are</token>
  <token t_id="593" sentence="37" number="2">doing</token>
  <token t_id="594" sentence="37" number="3">all</token>
  <token t_id="595" sentence="37" number="4">we</token>
  <token t_id="596" sentence="37" number="5">can</token>
  <token t_id="597" sentence="37" number="6">to</token>
  <token t_id="598" sentence="37" number="7">bring</token>
  <token t_id="599" sentence="37" number="8">the</token>
  <token t_id="600" sentence="37" number="9">offender</token>
  <token t_id="601" sentence="37" number="10">to</token>
  <token t_id="602" sentence="37" number="11">justice</token>
  <token t_id="603" sentence="37" number="12">.</token>
  <token t_id="604" sentence="37" number="13">"</token>
  <Markables>
    <ACTION_OCCURRENCE m_id="1" comment="" climaxEvent="FALSE">
      <token_anchor t_id="40"/>
    </ACTION_OCCURRENCE>
    <ACTION_OCCURRENCE m_id="2" climaxEvent="TRUE" comment="">
      <token_anchor t_id="35"/>
    </ACTION_OCCURRENCE>
    <ACTION_OCCURRENCE m_id="3" comment="" climaxEvent="FALSE">
      <token_anchor t_id="53"/>
    </ACTION_OCCURRENCE>
    <ACTION_OCCURRENCE m_id="4" comment="" climaxEvent="FALSE">
      <token_anchor t_id="75"/>
    </ACTION_OCCURRENCE>
    <ACTION_OCCURRENCE m_id="5" comment="" climaxEvent="FALSE">
      <token_anchor t_id="84"/>
    </ACTION_OCCURRENCE>
    <ACTION_OCCURRENCE m_id="6" comment="" climaxEvent="FALSE">
      <token_anchor t_id="89"/>
    </ACTION_OCCURRENCE>
    <ACTION_OCCURRENCE m_id="7" comment="" climaxEvent="FALSE">
      <token_anchor t_id="93"/>
    </ACTION_OCCURRENCE>
    <ACTION_OCCURRENCE m_id="8" comment="" climaxEvent="FALSE">
      <token_anchor t_id="147"/>
    </ACTION_OCCURRENCE>
    <ACTION_OCCURRENCE m_id="9" comment="" climaxEvent="FALSE">
      <token_anchor t_id="101"/>
    </ACTION_OCCURRENCE>
    <ACTION_OCCURRENCE m_id="10" comment="" climaxEvent="FALSE">
      <token_anchor t_id="159"/>
    </ACTION_OCCURRENCE>
    <ACTION_OCCURRENCE m_id="11" comment="" climaxEvent="FALSE">
      <token_anchor t_id="160"/>
    </ACTION_OCCURRENCE>
    <ACTION_OCCURRENCE m_id="12" comment="" climaxEvent="FALSE">
      <token_anchor t_id="202"/>
    </ACTION_OCCURRENCE>
    <ACTION_OCCURRENCE m_id="13" comment="" climaxEvent="FALSE">
      <token_anchor t_id="220"/>
    </ACTION_OCCURRENCE>
    <ACTION_OCCURRENCE m_id="14" comment="" climaxEvent="FALSE">
      <token_anchor t_id="238"/>
    </ACTION_OCCURRENCE>
    <ACTION_OCCURRENCE m_id="52" comment="" climaxEvent="FALSE">
      <token_anchor t_id="102"/>
    </ACTION_OCCURRENCE>
    <ACTION_OCCURRENCE m_id="54" comment="" climaxEvent="FALSE">
      <token_anchor t_id="72"/>
    </ACTION_OCCURRENCE>
    <ACTION_PERCEPTION m_id="15">
      <token_anchor t_id="157"/>
    </ACTION_PERCEPTION>
    <ACTION_STATE m_id="16" climaxEvent="FALSE" comment="">
      <token_anchor t_id="215"/>
    </ACTION_STATE>
    <ACTION_STATE m_id="53" climaxEvent="FALSE" comment="">
      <token_anchor t_id="91"/>
    </ACTION_STATE>
    <HUMAN_PART_PER m_id="29" comment="">
      <token_anchor t_id="240"/>
    </HUMAN_PART_PER>
    <HUMAN_PART_PER m_id="30" comment="">
      <token_anchor t_id="34"/>
    </HUMAN_PART_PER>
    <HUMAN_PART_PER m_id="31" comment="">
      <token_anchor t_id="30"/>
      <token_anchor t_id="31"/>
    </HUMAN_PART_PER>
    <HUMAN_PART_PER m_id="32" comment="">
      <token_anchor t_id="37"/>
    </HUMAN_PART_PER>
    <HUMAN_PART_PER m_id="33" comment="">
      <token_anchor t_id="39"/>
    </HUMAN_PART_PER>
    <HUMAN_PART_PER m_id="34" comment="">
      <token_anchor t_id="47"/>
      <token_anchor t_id="48"/>
    </HUMAN_PART_PER>
    <HUMAN_PART_PER m_id="35" comment="">
      <token_anchor t_id="59"/>
      <token_anchor t_id="60"/>
    </HUMAN_PART_PER>
    <HUMAN_PART_PER m_id="36" comment="">
      <token_anchor t_id="65"/>
      <token_anchor t_id="66"/>
    </HUMAN_PART_PER>
    <HUMAN_PART_PER m_id="37" comment="">
      <token_anchor t_id="79"/>
    </HUMAN_PART_PER>
    <HUMAN_PART_PER m_id="38" comment="">
      <token_anchor t_id="86"/>
    </HUMAN_PART_PER>
    <HUMAN_PART_PER m_id="17" comment="">
      <token_anchor t_id="97"/>
    </HUMAN_PART_PER>
    <HUMAN_PART_PER m_id="18" comment="">
      <token_anchor t_id="99"/>
    </HUMAN_PART_PER>
    <HUMAN_PART_PER m_id="19" comment="">
      <token_anchor t_id="145"/>
    </HUMAN_PART_PER>
    <HUMAN_PART_PER m_id="20" comment="">
      <token_anchor t_id="149"/>
    </HUMAN_PART_PER>
    <HUMAN_PART_PER m_id="21" comment="">
      <token_anchor t_id="156"/>
    </HUMAN_PART_PER>
    <HUMAN_PART_PER m_id="22" comment="">
      <token_anchor t_id="201"/>
    </HUMAN_PART_PER>
    <HUMAN_PART_PER m_id="23" comment="">
      <token_anchor t_id="216"/>
    </HUMAN_PART_PER>
    <HUMAN_PART_PER m_id="24" comment="">
      <token_anchor t_id="219"/>
    </HUMAN_PART_PER>
    <HUMAN_PART_PER m_id="25" comment="">
      <token_anchor t_id="224"/>
    </HUMAN_PART_PER>
    <HUMAN_PART_PER m_id="26" comment="">
      <token_anchor t_id="226"/>
    </HUMAN_PART_PER>
    <HUMAN_PART_PER m_id="27" comment="">
      <token_anchor t_id="236"/>
    </HUMAN_PART_PER>
    <HUMAN_PART_PER m_id="28" comment="">
      <token_anchor t_id="245"/>
    </HUMAN_PART_PER>
    <LOC_FAC m_id="39">
      <token_anchor t_id="58"/>
    </LOC_FAC>
    <LOC_FAC m_id="40">
      <token_anchor t_id="103"/>
      <token_anchor t_id="104"/>
    </LOC_FAC>
    <LOC_FAC m_id="41">
      <token_anchor t_id="233"/>
      <token_anchor t_id="234"/>
    </LOC_FAC>
    <LOC_FAC m_id="42">
      <token_anchor t_id="247"/>
      <token_anchor t_id="248"/>
    </LOC_FAC>
    <LOC_FAC m_id="43">
      <token_anchor t_id="203"/>
      <token_anchor t_id="204"/>
      <token_anchor t_id="205"/>
      <token_anchor t_id="206"/>
      <token_anchor t_id="207"/>
      <token_anchor t_id="208"/>
      <token_anchor t_id="209"/>
      <token_anchor t_id="210"/>
      <token_anchor t_id="211"/>
      <token_anchor t_id="212"/>
    </LOC_FAC>
    <LOC_FAC m_id="44">
      <token_anchor t_id="161"/>
      <token_anchor t_id="162"/>
      <token_anchor t_id="163"/>
    </LOC_FAC>
    <LOC_FAC m_id="45">
      <token_anchor t_id="54"/>
      <token_anchor t_id="55"/>
      <token_anchor t_id="56"/>
      <token_anchor t_id="57"/>
    </LOC_FAC>
    <LOC_GEO m_id="46" comment="">
      <token_anchor t_id="241"/>
      <token_anchor t_id="242"/>
    </LOC_GEO>
    <NON_HUMAN_PART m_id="47" comment="">
      <token_anchor t_id="73"/>
    </NON_HUMAN_PART>
    <NON_HUMAN_PART m_id="48" comment="">
      <token_anchor t_id="81"/>
    </NON_HUMAN_PART>
    <TIME_DATE m_id="49" comment="" DCT="FALSE" value="2013-06-09" anchorTimeID="51">
      <token_anchor t_id="94"/>
    </TIME_DATE>
    <TIME_OF_THE_DAY m_id="50" DCT="FALSE" value="2013-06-08" anchorTimeID="51">
      <token_anchor t_id="150"/>
      <token_anchor t_id="151"/>
      <token_anchor t_id="152"/>
      <token_anchor t_id="153"/>
      <token_anchor t_id="154"/>
    </TIME_OF_THE_DAY>
    <TIME_OF_THE_DAY m_id="51" DCT="TRUE" value="2013-06-10T09:10" anchorTimeID="">
      <token_anchor t_id="41"/>
      <token_anchor t_id="42"/>
      <token_anchor t_id="43"/>
      <token_anchor t_id="44"/>
      <token_anchor t_id="45"/>
      <token_anchor t_id="46"/>
    </TIME_OF_THE_DAY>
    <ACTION_OCCURRENCE m_id="55" RELATED_TO="" TAG_DESCRIPTOR="t32_bodies_found" comment="" climaxEvent="FALSE"/>
    <ACTION_OCCURRENCE m_id="56" RELATED_TO="" TAG_DESCRIPTOR="t32_john_arrested" comment="" climaxEvent="FALSE"/>
    <HUMAN_PART_PER m_id="57" RELATED_TO="" TAG_DESCRIPTOR="t32_john_jenkin" comment=""/>
    <ACTION_STATE m_id="58" RELATED_TO="" TAG_DESCRIPTOR="t32_suspicion_of_murder" climaxEvent="FALSE" comment=""/>
    <NON_HUMAN_PART m_id="59" RELATED_TO="" TAG_DESCRIPTOR="t32_dog" comment=""/>
    <TIME_DATE m_id="60" RELATED_TO="" TAG_DESCRIPTOR="t32_9_june" value="" anchorTimeID="" DCT="FALSE" comment=""/>
    <LOC_FAC m_id="61" RELATED_TO="" TAG_DESCRIPTOR="t32_cumbria_home"/>
    <HUMAN_PART_PER m_id="62" RELATED_TO="" TAG_DESCRIPTOR="t32_mother" comment=""/>
    <HUMAN_PART_PER m_id="63" RELATED_TO="" TAG_DESCRIPTOR="t32_sister" comment=""/>
    <ACTION_OCCURRENCE m_id="64" RELATED_TO="" TAG_DESCRIPTOR="t32_double_murder" comment="" climaxEvent="FALSE"/>
    <ACTION_OCCURRENCE m_id="65" RELATED_TO="" TAG_DESCRIPTOR="t32_dog_killed" comment="" climaxEvent="FALSE"/>
  </Markables>
  <Relations>
    <TLINK r_id="207823" contextualModality="" relType="AFTER" comment="">
      <source m_id="51"/>
      <target m_id="2"/>
    </TLINK>
    <TLINK r_id="207824" contextualModality="" relType="AFTER" comment="">
      <source m_id="51"/>
      <target m_id="1"/>
    </TLINK>
    <TLINK r_id="207826" contextualModality="" relType="AFTER" comment="">
      <source m_id="51"/>
      <target m_id="54"/>
    </TLINK>
    <TLINK r_id="207827" contextualModality="" relType="AFTER" comment="">
      <source m_id="51"/>
      <target m_id="4"/>
    </TLINK>
    <TLINK r_id="207828" contextualModality="" relType="AFTER" comment="">
      <source m_id="51"/>
      <target m_id="5"/>
    </TLINK>
    <TLINK r_id="207829" contextualModality="" relType="AFTER" comment="">
      <source m_id="51"/>
      <target m_id="6"/>
    </TLINK>
    <TLINK r_id="207830" contextualModality="" relType="AFTER" comment="">
      <source m_id="51"/>
      <target m_id="53"/>
    </TLINK>
    <TLINK r_id="207831" contextualModality="" relType="AFTER" comment="">
      <source m_id="51"/>
      <target m_id="7"/>
    </TLINK>
    <TLINK r_id="207832" contextualModality="" relType="AFTER" comment="">
      <source m_id="51"/>
      <target m_id="9"/>
    </TLINK>
    <TLINK r_id="207833" contextualModality="" relType="AFTER" comment="">
      <source m_id="51"/>
      <target m_id="52"/>
    </TLINK>
    <TLINK r_id="207834" contextualModality="" relType="AFTER" comment="">
      <source m_id="51"/>
      <target m_id="8"/>
    </TLINK>
    <TLINK r_id="207835" contextualModality="" relType="AFTER" comment="">
      <source m_id="51"/>
      <target m_id="15"/>
    </TLINK>
    <TLINK r_id="207836" contextualModality="" relType="AFTER" comment="">
      <source m_id="51"/>
      <target m_id="10"/>
    </TLINK>
    <TLINK r_id="207837" contextualModality="" relType="AFTER" comment="">
      <source m_id="51"/>
      <target m_id="11"/>
    </TLINK>
    <TLINK r_id="207838" contextualModality="" relType="AFTER" comment="">
      <source m_id="51"/>
      <target m_id="12"/>
    </TLINK>
    <TLINK r_id="207840" contextualModality="" relType="AFTER" comment="">
      <source m_id="51"/>
      <target m_id="13"/>
    </TLINK>
    <TLINK r_id="207841" contextualModality="" relType="AFTER" comment="">
      <source m_id="51"/>
      <target m_id="14"/>
    </TLINK>
    <TLINK r_id="207842" contextualModality="" relType="CONTAINS" comment="">
      <source m_id="49"/>
      <target m_id="2"/>
    </TLINK>
    <TLINK r_id="207843" contextualModality="" relType="CONTAINS" comment="">
      <source m_id="49"/>
      <target m_id="1"/>
    </TLINK>
    <TLINK r_id="207844" contextualModality="" relType="CONTAINS" comment="">
      <source m_id="49"/>
      <target m_id="3"/>
    </TLINK>
    <TLINK r_id="207845" contextualModality="" relType="CONTAINS" comment="">
      <source m_id="49"/>
      <target m_id="54"/>
    </TLINK>
    <TLINK r_id="207846" contextualModality="" relType="CONTAINS" comment="">
      <source m_id="49"/>
      <target m_id="4"/>
    </TLINK>
    <TLINK r_id="207847" contextualModality="" relType="CONTAINS" comment="">
      <source m_id="49"/>
      <target m_id="5"/>
    </TLINK>
    <TLINK r_id="207848" contextualModality="" relType="CONTAINS" comment="">
      <source m_id="49"/>
      <target m_id="6"/>
    </TLINK>
    <TLINK r_id="207849" contextualModality="" relType="CONTAINS" comment="">
      <source m_id="49"/>
      <target m_id="53"/>
    </TLINK>
    <TLINK r_id="207850" contextualModality="" relType="CONTAINS" comment="">
      <source m_id="49"/>
      <target m_id="7"/>
    </TLINK>
    <TLINK r_id="207851" contextualModality="" relType="AFTER" comment="">
      <source m_id="49"/>
      <target m_id="9"/>
    </TLINK>
    <TLINK r_id="207852" contextualModality="" relType="AFTER" comment="">
      <source m_id="49"/>
      <target m_id="52"/>
    </TLINK>
    <TLINK r_id="207853" contextualModality="" relType="CONTAINS" comment="">
      <source m_id="50"/>
      <target m_id="8"/>
    </TLINK>
    <TLINK r_id="207854" contextualModality="" relType="AFTER" comment="">
      <source m_id="50"/>
      <target m_id="15"/>
    </TLINK>
    <TLINK r_id="207855" contextualModality="" relType="AFTER" comment="">
      <source m_id="50"/>
      <target m_id="10"/>
    </TLINK>
    <TLINK r_id="207856" contextualModality="" relType="AFTER" comment="">
      <source m_id="50"/>
      <target m_id="11"/>
    </TLINK>
    <TLINK r_id="207857" contextualModality="" relType="AFTER" comment="">
      <source m_id="50"/>
      <target m_id="12"/>
    </TLINK>
    <TLINK r_id="207858" contextualModality="" relType="AFTER" comment="">
      <source m_id="50"/>
      <target m_id="16"/>
    </TLINK>
    <TLINK r_id="207859" contextualModality="" relType="BEFORE" comment="">
      <source m_id="50"/>
      <target m_id="13"/>
    </TLINK>
    <TLINK r_id="207860" contextualModality="" relType="AFTER" comment="">
      <source m_id="50"/>
      <target m_id="14"/>
    </TLINK>
    <PLOT_LINK r_id="207862" SIGNAL="" relType="FALLING_ACTION" CAUSES="FALSE" CAUSED_BY="FALSE">
      <source m_id="2"/>
      <target m_id="1"/>
    </PLOT_LINK>
    <PLOT_LINK r_id="207863" SIGNAL="" relType="FALLING_ACTION" CAUSES="FALSE" CAUSED_BY="FALSE">
      <source m_id="2"/>
      <target m_id="7"/>
    </PLOT_LINK>
    <PLOT_LINK r_id="207864" SIGNAL="" relType="FALLING_ACTION" CAUSES="FALSE" CAUSED_BY="FALSE">
      <source m_id="2"/>
      <target m_id="52"/>
    </PLOT_LINK>
    <PLOT_LINK r_id="207865" SIGNAL="" relType="PRECONDITION" CAUSES="FALSE" CAUSED_BY="FALSE">
      <source m_id="1"/>
      <target m_id="3"/>
    </PLOT_LINK>
    <PLOT_LINK r_id="207866" SIGNAL="" relType="FALLING_ACTION" CAUSES="FALSE" CAUSED_BY="FALSE">
      <source m_id="3"/>
      <target m_id="5"/>
    </PLOT_LINK>
    <PLOT_LINK r_id="207867" SIGNAL="" relType="FALLING_ACTION" CAUSES="FALSE" CAUSED_BY="FALSE">
      <source m_id="2"/>
      <target m_id="5"/>
    </PLOT_LINK>
    <PLOT_LINK r_id="207868" SIGNAL="" relType="FALLING_ACTION" CAUSES="FALSE" CAUSED_BY="FALSE">
      <source m_id="3"/>
      <target m_id="7"/>
    </PLOT_LINK>
    <PLOT_LINK r_id="207869" SIGNAL="" relType="FALLING_ACTION" CAUSES="FALSE" CAUSED_BY="FALSE">
      <source m_id="3"/>
      <target m_id="52"/>
    </PLOT_LINK>
    <PLOT_LINK r_id="207870" SIGNAL="" relType="FALLING_ACTION" CAUSES="FALSE" CAUSED_BY="FALSE">
      <source m_id="6"/>
      <target m_id="7"/>
    </PLOT_LINK>
    <PLOT_LINK r_id="207871" SIGNAL="" relType="FALLING_ACTION" CAUSES="FALSE" CAUSED_BY="FALSE">
      <source m_id="8"/>
      <target m_id="10"/>
    </PLOT_LINK>
  </Relations>
</Document>
