<?xml version='1.0' encoding='UTF-8'?>
<Document doc_name="32_5ecbplus.xml">
  <token t_id="1" sentence="0" number="0">http</token>
  <token t_id="2" sentence="0" number="1">:</token>
  <token t_id="3" sentence="0" number="2">/</token>
  <token t_id="4" sentence="0" number="3">/</token>
  <token t_id="5" sentence="0" number="4">www</token>
  <token t_id="6" sentence="0" number="5">.</token>
  <token t_id="7" sentence="0" number="6">nwemail</token>
  <token t_id="8" sentence="0" number="7">.</token>
  <token t_id="9" sentence="0" number="8">co</token>
  <token t_id="10" sentence="0" number="9">.</token>
  <token t_id="11" sentence="0" number="10">uk</token>
  <token t_id="12" sentence="0" number="11">/</token>
  <token t_id="13" sentence="0" number="12">news</token>
  <token t_id="14" sentence="0" number="13">/</token>
  <token t_id="15" sentence="0" number="14">provisional</token>
  <token t_id="16" sentence="0" number="15">-</token>
  <token t_id="17" sentence="0" number="16">trial</token>
  <token t_id="18" sentence="0" number="17">-</token>
  <token t_id="19" sentence="0" number="18">date</token>
  <token t_id="20" sentence="0" number="19">-</token>
  <token t_id="21" sentence="0" number="20">set</token>
  <token t_id="22" sentence="0" number="21">-</token>
  <token t_id="23" sentence="0" number="22">for</token>
  <token t_id="24" sentence="0" number="23">-</token>
  <token t_id="25" sentence="0" number="24">millom</token>
  <token t_id="26" sentence="0" number="25">-</token>
  <token t_id="27" sentence="0" number="26">double</token>
  <token t_id="28" sentence="0" number="27">-</token>
  <token t_id="29" sentence="0" number="28">murder</token>
  <token t_id="30" sentence="0" number="29">-</token>
  <token t_id="31" sentence="0" number="30">accused</token>
  <token t_id="32" sentence="0" number="31">-</token>
  <token t_id="33" sentence="0" number="32">1</token>
  <token t_id="34" sentence="0" number="33">.</token>
  <token t_id="35" sentence="0" number="34">1062072</token>
  <token t_id="36" sentence="0" number="35">?</token>
  <token t_id="37" sentence="0" number="36">referrerPath=n</token>
  <token t_id="38" sentence="1" number="0">PROVISIONAL</token>
  <token t_id="39" sentence="1" number="1">TRIAL</token>
  <token t_id="40" sentence="1" number="2">DATE</token>
  <token t_id="41" sentence="1" number="3">SET</token>
  <token t_id="42" sentence="1" number="4">FOR</token>
  <token t_id="43" sentence="1" number="5">MILLOM</token>
  <token t_id="44" sentence="1" number="6">DOUBLE</token>
  <token t_id="45" sentence="1" number="7">MURDER</token>
  <token t_id="46" sentence="1" number="8">ACCUSED</token>
  <token t_id="47" sentence="2" number="0">Last</token>
  <token t_id="48" sentence="2" number="1">updated</token>
  <token t_id="49" sentence="2" number="2">at</token>
  <token t_id="50" sentence="2" number="3">11</token>
  <token t_id="51" sentence="2" number="4">:</token>
  <token t_id="52" sentence="2" number="5">24</token>
  <token t_id="53" sentence="2" number="6">,</token>
  <token t_id="54" sentence="2" number="7">Tuesday</token>
  <token t_id="55" sentence="2" number="8">,</token>
  <token t_id="56" sentence="2" number="9">18</token>
  <token t_id="57" sentence="2" number="10">June</token>
  <token t_id="58" sentence="2" number="11">2013</token>
  <token t_id="59" sentence="3" number="0">A</token>
  <token t_id="60" sentence="3" number="1">PROVISIONAL</token>
  <token t_id="61" sentence="3" number="2">trial</token>
  <token t_id="62" sentence="3" number="3">date</token>
  <token t_id="63" sentence="3" number="4">has</token>
  <token t_id="64" sentence="3" number="5">been</token>
  <token t_id="65" sentence="3" number="6">set</token>
  <token t_id="66" sentence="3" number="7">in</token>
  <token t_id="67" sentence="3" number="8">the</token>
  <token t_id="68" sentence="3" number="9">case</token>
  <token t_id="69" sentence="3" number="10">of</token>
  <token t_id="70" sentence="3" number="11">a</token>
  <token t_id="71" sentence="3" number="12">son</token>
  <token t_id="72" sentence="3" number="13">accused</token>
  <token t_id="73" sentence="3" number="14">of</token>
  <token t_id="74" sentence="3" number="15">killing</token>
  <token t_id="75" sentence="3" number="16">his</token>
  <token t_id="76" sentence="3" number="17">mother</token>
  <token t_id="77" sentence="3" number="18">,</token>
  <token t_id="78" sentence="3" number="19">sister</token>
  <token t_id="79" sentence="3" number="20">and</token>
  <token t_id="80" sentence="3" number="21">pet</token>
  <token t_id="81" sentence="3" number="22">dog</token>
  <token t_id="82" sentence="3" number="23">in</token>
  <token t_id="83" sentence="3" number="24">Millom</token>
  <token t_id="84" sentence="3" number="25">.</token>
  <token t_id="85" sentence="4" number="0">A</token>
  <token t_id="86" sentence="4" number="1">preliminary</token>
  <token t_id="87" sentence="4" number="2">hearing</token>
  <token t_id="88" sentence="4" number="3">for</token>
  <token t_id="89" sentence="4" number="4">John</token>
  <token t_id="90" sentence="4" number="5">Jenkin</token>
  <token t_id="91" sentence="4" number="6">,</token>
  <token t_id="92" sentence="4" number="7">23</token>
  <token t_id="93" sentence="4" number="8">,</token>
  <token t_id="94" sentence="4" number="9">charged</token>
  <token t_id="95" sentence="4" number="10">with</token>
  <token t_id="96" sentence="4" number="11">the</token>
  <token t_id="97" sentence="4" number="12">murders</token>
  <token t_id="98" sentence="4" number="13">of</token>
  <token t_id="99" sentence="4" number="14">his</token>
  <token t_id="100" sentence="4" number="15">mother</token>
  <token t_id="101" sentence="4" number="16">Alice</token>
  <token t_id="102" sentence="4" number="17">McMeekin</token>
  <token t_id="103" sentence="4" number="18">,</token>
  <token t_id="104" sentence="4" number="19">58</token>
  <token t_id="105" sentence="4" number="20">,</token>
  <token t_id="106" sentence="4" number="21">and</token>
  <token t_id="107" sentence="4" number="22">sister</token>
  <token t_id="108" sentence="4" number="23">Katie</token>
  <token t_id="109" sentence="4" number="24">Jenkin</token>
  <token t_id="110" sentence="4" number="25">,</token>
  <token t_id="111" sentence="4" number="26">20</token>
  <token t_id="112" sentence="4" number="27">,</token>
  <token t_id="113" sentence="4" number="28">was</token>
  <token t_id="114" sentence="4" number="29">heard</token>
  <token t_id="115" sentence="4" number="30">in</token>
  <token t_id="116" sentence="4" number="31">Preston</token>
  <token t_id="117" sentence="4" number="32">Crown</token>
  <token t_id="118" sentence="4" number="33">Court</token>
  <token t_id="119" sentence="4" number="34">this</token>
  <token t_id="120" sentence="4" number="35">morning</token>
  <token t_id="121" sentence="4" number="36">.</token>
  <token t_id="122" sentence="5" number="0">Jenkin</token>
  <token t_id="123" sentence="5" number="1">was</token>
  <token t_id="124" sentence="5" number="2">due</token>
  <token t_id="125" sentence="5" number="3">to</token>
  <token t_id="126" sentence="5" number="4">appear</token>
  <token t_id="127" sentence="5" number="5">via</token>
  <token t_id="128" sentence="5" number="6">videolink</token>
  <token t_id="129" sentence="5" number="7">from</token>
  <token t_id="130" sentence="5" number="8">HMP</token>
  <token t_id="131" sentence="5" number="9">Preston</token>
  <token t_id="132" sentence="5" number="10">,</token>
  <token t_id="133" sentence="5" number="11">but</token>
  <token t_id="134" sentence="5" number="12">did</token>
  <token t_id="135" sentence="5" number="13">not</token>
  <token t_id="136" sentence="5" number="14">do</token>
  <token t_id="137" sentence="5" number="15">so</token>
  <token t_id="138" sentence="5" number="16">as</token>
  <token t_id="139" sentence="5" number="17">he</token>
  <token t_id="140" sentence="5" number="18">was</token>
  <token t_id="141" sentence="5" number="19">considered</token>
  <token t_id="142" sentence="5" number="20">a</token>
  <token t_id="143" sentence="5" number="21">risk</token>
  <token t_id="144" sentence="5" number="22">to</token>
  <token t_id="145" sentence="5" number="23">his</token>
  <token t_id="146" sentence="5" number="24">own</token>
  <token t_id="147" sentence="5" number="25">safety</token>
  <token t_id="148" sentence="5" number="26">and</token>
  <token t_id="149" sentence="5" number="27">that</token>
  <token t_id="150" sentence="5" number="28">of</token>
  <token t_id="151" sentence="5" number="29">other</token>
  <token t_id="152" sentence="5" number="30">people</token>
  <token t_id="153" sentence="5" number="31">,</token>
  <token t_id="154" sentence="5" number="32">according</token>
  <token t_id="155" sentence="5" number="33">to</token>
  <token t_id="156" sentence="5" number="34">crown</token>
  <token t_id="157" sentence="5" number="35">prosecutor</token>
  <token t_id="158" sentence="5" number="36">Susan</token>
  <token t_id="159" sentence="5" number="37">Carter</token>
  <token t_id="160" sentence="5" number="38">.</token>
  <token t_id="161" sentence="6" number="0">The</token>
  <token t_id="162" sentence="6" number="1">case</token>
  <token t_id="163" sentence="6" number="2">was</token>
  <token t_id="164" sentence="6" number="3">heard</token>
  <token t_id="165" sentence="6" number="4">in</token>
  <token t_id="166" sentence="6" number="5">his</token>
  <token t_id="167" sentence="6" number="6">absence</token>
  <token t_id="168" sentence="6" number="7">,</token>
  <token t_id="169" sentence="6" number="8">and</token>
  <token t_id="170" sentence="6" number="9">a</token>
  <token t_id="171" sentence="6" number="10">provisional</token>
  <token t_id="172" sentence="6" number="11">trial</token>
  <token t_id="173" sentence="6" number="12">date</token>
  <token t_id="174" sentence="6" number="13">was</token>
  <token t_id="175" sentence="6" number="14">set</token>
  <token t_id="176" sentence="6" number="15">for</token>
  <token t_id="177" sentence="6" number="16">October</token>
  <token t_id="178" sentence="6" number="17">28</token>
  <token t_id="179" sentence="6" number="18">with</token>
  <token t_id="180" sentence="6" number="19">a</token>
  <token t_id="181" sentence="6" number="20">duration</token>
  <token t_id="182" sentence="6" number="21">of</token>
  <token t_id="183" sentence="6" number="22">three</token>
  <token t_id="184" sentence="6" number="23">days</token>
  <token t_id="185" sentence="6" number="24">.</token>
  <token t_id="186" sentence="7" number="0">The</token>
  <token t_id="187" sentence="7" number="1">bodies</token>
  <token t_id="188" sentence="7" number="2">of</token>
  <token t_id="189" sentence="7" number="3">Ms</token>
  <token t_id="190" sentence="7" number="4">McMeekin</token>
  <token t_id="191" sentence="7" number="5">and</token>
  <token t_id="192" sentence="7" number="6">Miss</token>
  <token t_id="193" sentence="7" number="7">Jenkin</token>
  <token t_id="194" sentence="7" number="8">,</token>
  <token t_id="195" sentence="7" number="9">were</token>
  <token t_id="196" sentence="7" number="10">found</token>
  <token t_id="197" sentence="7" number="11">in</token>
  <token t_id="198" sentence="7" number="12">their</token>
  <token t_id="199" sentence="7" number="13">house</token>
  <token t_id="200" sentence="7" number="14">in</token>
  <token t_id="201" sentence="7" number="15">Newton</token>
  <token t_id="202" sentence="7" number="16">Street</token>
  <token t_id="203" sentence="7" number="17">,</token>
  <token t_id="204" sentence="7" number="18">Millom</token>
  <token t_id="205" sentence="7" number="19">,</token>
  <token t_id="206" sentence="7" number="20">on</token>
  <token t_id="207" sentence="7" number="21">Saturday</token>
  <token t_id="208" sentence="7" number="22">about</token>
  <token t_id="209" sentence="7" number="23">8</token>
  <token t_id="210" sentence="7" number="24">.</token>
  <token t_id="211" sentence="7" number="25">40am</token>
  <token t_id="212" sentence="7" number="26">.</token>
  <token t_id="213" sentence="8" number="0">An</token>
  <token t_id="214" sentence="8" number="1">earlier</token>
  <token t_id="215" sentence="8" number="2">hearing</token>
  <token t_id="216" sentence="8" number="3">at</token>
  <token t_id="217" sentence="8" number="4">Furness</token>
  <token t_id="218" sentence="8" number="5">Magistrates'</token>
  <token t_id="219" sentence="8" number="6">Court</token>
  <token t_id="220" sentence="8" number="7">,</token>
  <token t_id="221" sentence="8" number="8">in</token>
  <token t_id="222" sentence="8" number="9">Barrow</token>
  <token t_id="223" sentence="8" number="10">,</token>
  <token t_id="224" sentence="8" number="11">heard</token>
  <token t_id="225" sentence="8" number="12">they</token>
  <token t_id="226" sentence="8" number="13">had</token>
  <token t_id="227" sentence="8" number="14">"severe</token>
  <token t_id="228" sentence="8" number="15">head</token>
  <token t_id="229" sentence="8" number="16">injuries"</token>
  <token t_id="230" sentence="8" number="17">.</token>
  <token t_id="231" sentence="9" number="0">The</token>
  <token t_id="232" sentence="9" number="1">family's</token>
  <token t_id="233" sentence="9" number="2">border</token>
  <token t_id="234" sentence="9" number="3">collie</token>
  <token t_id="235" sentence="9" number="4">,</token>
  <token t_id="236" sentence="9" number="5">named</token>
  <token t_id="237" sentence="9" number="6">Fenn</token>
  <token t_id="238" sentence="9" number="7">,</token>
  <token t_id="239" sentence="9" number="8">was</token>
  <token t_id="240" sentence="9" number="9">also</token>
  <token t_id="241" sentence="9" number="10">found</token>
  <token t_id="242" sentence="9" number="11">beaten</token>
  <token t_id="243" sentence="9" number="12">to</token>
  <token t_id="244" sentence="9" number="13">death</token>
  <token t_id="245" sentence="9" number="14">in</token>
  <token t_id="246" sentence="9" number="15">the</token>
  <token t_id="247" sentence="9" number="16">backyard</token>
  <token t_id="248" sentence="9" number="17">of</token>
  <token t_id="249" sentence="9" number="18">the</token>
  <token t_id="250" sentence="9" number="19">house</token>
  <token t_id="251" sentence="9" number="20">.</token>
  <token t_id="252" sentence="10" number="0">Jenkin</token>
  <token t_id="253" sentence="10" number="1">was</token>
  <token t_id="254" sentence="10" number="2">arrested</token>
  <token t_id="255" sentence="10" number="3">at</token>
  <token t_id="256" sentence="10" number="4">Millom</token>
  <token t_id="257" sentence="10" number="5">Pier</token>
  <token t_id="258" sentence="10" number="6">around</token>
  <token t_id="259" sentence="10" number="7">9</token>
  <token t_id="260" sentence="10" number="8">.</token>
  <token t_id="261" sentence="10" number="9">35am</token>
  <token t_id="262" sentence="10" number="10">.</token>
  <token t_id="263" sentence="11" number="0">He</token>
  <token t_id="264" sentence="11" number="1">faces</token>
  <token t_id="265" sentence="11" number="2">one</token>
  <token t_id="266" sentence="11" number="3">charge</token>
  <token t_id="267" sentence="11" number="4">of</token>
  <token t_id="268" sentence="11" number="5">causing</token>
  <token t_id="269" sentence="11" number="6">unnecessary</token>
  <token t_id="270" sentence="11" number="7">suffering</token>
  <token t_id="271" sentence="11" number="8">to</token>
  <token t_id="272" sentence="11" number="9">an</token>
  <token t_id="273" sentence="11" number="10">animal</token>
  <token t_id="274" sentence="11" number="11">in</token>
  <token t_id="275" sentence="11" number="12">relation</token>
  <token t_id="276" sentence="11" number="13">to</token>
  <token t_id="277" sentence="11" number="14">the</token>
  <token t_id="278" sentence="11" number="15">dog's</token>
  <token t_id="279" sentence="11" number="16">death</token>
  <token t_id="280" sentence="11" number="17">.</token>
  <token t_id="281" sentence="12" number="0">No</token>
  <token t_id="282" sentence="12" number="1">application</token>
  <token t_id="283" sentence="12" number="2">for</token>
  <token t_id="284" sentence="12" number="3">bail</token>
  <token t_id="285" sentence="12" number="4">was</token>
  <token t_id="286" sentence="12" number="5">made</token>
  <token t_id="287" sentence="12" number="6">at</token>
  <token t_id="288" sentence="12" number="7">yesterday's</token>
  <token t_id="289" sentence="12" number="8">hearing</token>
  <token t_id="290" sentence="12" number="9">and</token>
  <token t_id="291" sentence="12" number="10">no</token>
  <token t_id="292" sentence="12" number="11">plea</token>
  <token t_id="293" sentence="12" number="12">was</token>
  <token t_id="294" sentence="12" number="13">entered</token>
  <token t_id="295" sentence="12" number="14">.</token>
  <token t_id="296" sentence="13" number="0">A</token>
  <token t_id="297" sentence="13" number="1">plea</token>
  <token t_id="298" sentence="13" number="2">and</token>
  <token t_id="299" sentence="13" number="3">case</token>
  <token t_id="300" sentence="13" number="4">management</token>
  <token t_id="301" sentence="13" number="5">hearing</token>
  <token t_id="302" sentence="13" number="6">will</token>
  <token t_id="303" sentence="13" number="7">be</token>
  <token t_id="304" sentence="13" number="8">held</token>
  <token t_id="305" sentence="13" number="9">on</token>
  <token t_id="306" sentence="13" number="10">September</token>
  <token t_id="307" sentence="13" number="11">6</token>
  <token t_id="308" sentence="13" number="12">.</token>
  <token t_id="309" sentence="14" number="0">Judge</token>
  <token t_id="310" sentence="14" number="1">Anthony</token>
  <token t_id="311" sentence="14" number="2">Russell</token>
  <token t_id="312" sentence="14" number="3">QC</token>
  <token t_id="313" sentence="14" number="4">asked</token>
  <token t_id="314" sentence="14" number="5">for</token>
  <token t_id="315" sentence="14" number="6">psychiatric</token>
  <token t_id="316" sentence="14" number="7">reports</token>
  <token t_id="317" sentence="14" number="8">to</token>
  <token t_id="318" sentence="14" number="9">be</token>
  <token t_id="319" sentence="14" number="10">completed</token>
  <token t_id="320" sentence="14" number="11">on</token>
  <token t_id="321" sentence="14" number="12">Jenkin</token>
  <token t_id="322" sentence="14" number="13">before</token>
  <token t_id="323" sentence="14" number="14">the</token>
  <token t_id="324" sentence="14" number="15">next</token>
  <token t_id="325" sentence="14" number="16">hearing</token>
  <token t_id="326" sentence="14" number="17">.</token>
  <token t_id="327" sentence="15" number="0">At</token>
  <token t_id="328" sentence="15" number="1">the</token>
  <token t_id="329" sentence="15" number="2">earlier</token>
  <token t_id="330" sentence="15" number="3">hearing</token>
  <token t_id="331" sentence="15" number="4">on</token>
  <token t_id="332" sentence="15" number="5">Monday</token>
  <token t_id="333" sentence="15" number="6">he</token>
  <token t_id="334" sentence="15" number="7">was</token>
  <token t_id="335" sentence="15" number="8">deemed</token>
  <token t_id="336" sentence="15" number="9">too</token>
  <token t_id="337" sentence="15" number="10">much</token>
  <token t_id="338" sentence="15" number="11">of</token>
  <token t_id="339" sentence="15" number="12">a</token>
  <token t_id="340" sentence="15" number="13">risk</token>
  <token t_id="341" sentence="15" number="14">to</token>
  <token t_id="342" sentence="15" number="15">appear</token>
  <token t_id="343" sentence="15" number="16">in</token>
  <token t_id="344" sentence="15" number="17">the</token>
  <token t_id="345" sentence="15" number="18">dock</token>
  <token t_id="346" sentence="15" number="19">at</token>
  <token t_id="347" sentence="15" number="20">Furness</token>
  <token t_id="348" sentence="15" number="21">Magistrates'</token>
  <token t_id="349" sentence="15" number="22">Court</token>
  <token t_id="350" sentence="15" number="23">.</token>
  <token t_id="351" sentence="16" number="0">Jenkin</token>
  <token t_id="352" sentence="16" number="1">was</token>
  <token t_id="353" sentence="16" number="2">brought</token>
  <token t_id="354" sentence="16" number="3">to</token>
  <token t_id="355" sentence="16" number="4">the</token>
  <token t_id="356" sentence="16" number="5">magistrates'</token>
  <token t_id="357" sentence="16" number="6">court</token>
  <token t_id="358" sentence="16" number="7">building</token>
  <token t_id="359" sentence="16" number="8">by</token>
  <token t_id="360" sentence="16" number="9">a</token>
  <token t_id="361" sentence="16" number="10">secure</token>
  <token t_id="362" sentence="16" number="11">van</token>
  <token t_id="363" sentence="16" number="12">on</token>
  <token t_id="364" sentence="16" number="13">Monday</token>
  <token t_id="365" sentence="16" number="14">,</token>
  <token t_id="366" sentence="16" number="15">but</token>
  <token t_id="367" sentence="16" number="16">did</token>
  <token t_id="368" sentence="16" number="17">not</token>
  <token t_id="369" sentence="16" number="18">appear</token>
  <token t_id="370" sentence="16" number="19">in</token>
  <token t_id="371" sentence="16" number="20">the</token>
  <token t_id="372" sentence="16" number="21">dock</token>
  <token t_id="373" sentence="16" number="22">and</token>
  <token t_id="374" sentence="16" number="23">no</token>
  <token t_id="375" sentence="16" number="24">pleas</token>
  <token t_id="376" sentence="16" number="25">were</token>
  <token t_id="377" sentence="16" number="26">entered</token>
  <token t_id="378" sentence="16" number="27">.</token>
  <token t_id="379" sentence="17" number="0">Miss</token>
  <token t_id="380" sentence="17" number="1">Rachel</token>
  <token t_id="381" sentence="17" number="2">Bates</token>
  <token t_id="382" sentence="17" number="3">,</token>
  <token t_id="383" sentence="17" number="4">court</token>
  <token t_id="384" sentence="17" number="5">clerk</token>
  <token t_id="385" sentence="17" number="6">,</token>
  <token t_id="386" sentence="17" number="7">said</token>
  <token t_id="387" sentence="17" number="8">:</token>
  <token t_id="388" sentence="17" number="9">"He</token>
  <token t_id="389" sentence="17" number="10">is</token>
  <token t_id="390" sentence="17" number="11">at</token>
  <token t_id="391" sentence="17" number="12">risk</token>
  <token t_id="392" sentence="17" number="13">of</token>
  <token t_id="393" sentence="17" number="14">causing</token>
  <token t_id="394" sentence="17" number="15">harm</token>
  <token t_id="395" sentence="17" number="16">to</token>
  <token t_id="396" sentence="17" number="17">himself</token>
  <token t_id="397" sentence="17" number="18">and</token>
  <token t_id="398" sentence="17" number="19">causing</token>
  <token t_id="399" sentence="17" number="20">harm</token>
  <token t_id="400" sentence="17" number="21">to</token>
  <token t_id="401" sentence="17" number="22">others</token>
  <token t_id="402" sentence="17" number="23">as</token>
  <token t_id="403" sentence="17" number="24">well</token>
  <token t_id="404" sentence="17" number="25">.</token>
  <token t_id="405" sentence="18" number="0">"</token>
  <token t_id="406" sentence="18" number="1">(</token>
  <token t_id="407" sentence="18" number="2">Custody</token>
  <token t_id="408" sentence="18" number="3">)</token>
  <token t_id="409" sentence="18" number="4">are</token>
  <token t_id="410" sentence="18" number="5">having</token>
  <token t_id="411" sentence="18" number="6">difficulties</token>
  <token t_id="412" sentence="18" number="7">restraining</token>
  <token t_id="413" sentence="18" number="8">him</token>
  <token t_id="414" sentence="18" number="9">and</token>
  <token t_id="415" sentence="18" number="10">they</token>
  <token t_id="416" sentence="18" number="11">can't</token>
  <token t_id="417" sentence="18" number="12">move</token>
  <token t_id="418" sentence="18" number="13">him</token>
  <token t_id="419" sentence="18" number="14">from</token>
  <token t_id="420" sentence="18" number="15">the</token>
  <token t_id="421" sentence="18" number="16">cell</token>
  <token t_id="422" sentence="18" number="17">.</token>
  <token t_id="423" sentence="19" number="0">"There</token>
  <token t_id="424" sentence="19" number="1">are</token>
  <token t_id="425" sentence="19" number="2">extreme</token>
  <token t_id="426" sentence="19" number="3">difficulties</token>
  <token t_id="427" sentence="19" number="4">and</token>
  <token t_id="428" sentence="19" number="5">for</token>
  <token t_id="429" sentence="19" number="6">the</token>
  <token t_id="430" sentence="19" number="7">safety</token>
  <token t_id="431" sentence="19" number="8">of</token>
  <token t_id="432" sentence="19" number="9">everybody</token>
  <token t_id="433" sentence="19" number="10">,</token>
  <token t_id="434" sentence="19" number="11">including</token>
  <token t_id="435" sentence="19" number="12">the</token>
  <token t_id="436" sentence="19" number="13">defendant</token>
  <token t_id="437" sentence="19" number="14">,</token>
  <token t_id="438" sentence="19" number="15">the</token>
  <token t_id="439" sentence="19" number="16">best</token>
  <token t_id="440" sentence="19" number="17">approach</token>
  <token t_id="441" sentence="19" number="18">is</token>
  <token t_id="442" sentence="19" number="19">(</token>
  <token t_id="443" sentence="19" number="20">to</token>
  <token t_id="444" sentence="19" number="21">hold</token>
  <token t_id="445" sentence="19" number="22">the</token>
  <token t_id="446" sentence="19" number="23">hearing</token>
  <token t_id="447" sentence="19" number="24">)</token>
  <token t_id="448" sentence="19" number="25">in</token>
  <token t_id="449" sentence="19" number="26">the</token>
  <token t_id="450" sentence="19" number="27">defendant's</token>
  <token t_id="451" sentence="19" number="28">absence</token>
  <token t_id="452" sentence="19" number="29">.</token>
  <token t_id="453" sentence="19" number="30">"</token>
  <token t_id="454" sentence="20" number="0">The</token>
  <token t_id="455" sentence="20" number="1">court</token>
  <token t_id="456" sentence="20" number="2">heard</token>
  <token t_id="457" sentence="20" number="3">police</token>
  <token t_id="458" sentence="20" number="4">were</token>
  <token t_id="459" sentence="20" number="5">called</token>
  <token t_id="460" sentence="20" number="6">after</token>
  <token t_id="461" sentence="20" number="7">hearing</token>
  <token t_id="462" sentence="20" number="8">an</token>
  <token t_id="463" sentence="20" number="9">argument</token>
  <token t_id="464" sentence="20" number="10">at</token>
  <token t_id="465" sentence="20" number="11">the</token>
  <token t_id="466" sentence="20" number="12">family's</token>
  <token t_id="467" sentence="20" number="13">home</token>
  <token t_id="468" sentence="20" number="14">at</token>
  <token t_id="469" sentence="20" number="15">8</token>
  <token t_id="470" sentence="20" number="16">.</token>
  <token t_id="471" sentence="20" number="17">39am</token>
  <token t_id="472" sentence="20" number="18">on</token>
  <token t_id="473" sentence="20" number="19">Saturday</token>
  <token t_id="474" sentence="20" number="20">.</token>
  <token t_id="475" sentence="21" number="0">Seven</token>
  <token t_id="476" sentence="21" number="1">of</token>
  <token t_id="477" sentence="21" number="2">Jenkin's</token>
  <token t_id="478" sentence="21" number="3">friends</token>
  <token t_id="479" sentence="21" number="4">attended</token>
  <token t_id="480" sentence="21" number="5">court</token>
  <token t_id="481" sentence="21" number="6">as</token>
  <token t_id="482" sentence="21" number="7">a</token>
  <token t_id="483" sentence="21" number="8">show</token>
  <token t_id="484" sentence="21" number="9">of</token>
  <token t_id="485" sentence="21" number="10">support</token>
  <token t_id="486" sentence="21" number="11">.</token>
  <token t_id="487" sentence="22" number="0">Jenkin</token>
  <token t_id="488" sentence="22" number="1">had</token>
  <token t_id="489" sentence="22" number="2">been</token>
  <token t_id="490" sentence="22" number="3">living</token>
  <token t_id="491" sentence="22" number="4">in</token>
  <token t_id="492" sentence="22" number="5">South</token>
  <token t_id="493" sentence="22" number="6">Wales</token>
  <token t_id="494" sentence="22" number="7">with</token>
  <token t_id="495" sentence="22" number="8">his</token>
  <token t_id="496" sentence="22" number="9">mum</token>
  <token t_id="497" sentence="22" number="10">for</token>
  <token t_id="498" sentence="22" number="11">the</token>
  <token t_id="499" sentence="22" number="12">past</token>
  <token t_id="500" sentence="22" number="13">three</token>
  <token t_id="501" sentence="22" number="14">years</token>
  <token t_id="502" sentence="22" number="15">and</token>
  <token t_id="503" sentence="22" number="16">they</token>
  <token t_id="504" sentence="22" number="17">had</token>
  <token t_id="505" sentence="22" number="18">moved</token>
  <token t_id="506" sentence="22" number="19">back</token>
  <token t_id="507" sentence="22" number="20">to</token>
  <token t_id="508" sentence="22" number="21">Millom</token>
  <token t_id="509" sentence="22" number="22">around</token>
  <token t_id="510" sentence="22" number="23">six</token>
  <token t_id="511" sentence="22" number="24">weeks</token>
  <token t_id="512" sentence="22" number="25">ago</token>
  <token t_id="513" sentence="22" number="26">.</token>
  <Markables>
    <ACTION_CAUSATIVE m_id="1">
      <token_anchor t_id="268"/>
    </ACTION_CAUSATIVE>
    <ACTION_CAUSATIVE m_id="2">
      <token_anchor t_id="398"/>
    </ACTION_CAUSATIVE>
    <ACTION_CAUSATIVE m_id="3">
      <token_anchor t_id="393"/>
    </ACTION_CAUSATIVE>
    <ACTION_OCCURRENCE m_id="29" comment="" climaxEvent="FALSE">
      <token_anchor t_id="284"/>
    </ACTION_OCCURRENCE>
    <ACTION_OCCURRENCE m_id="30" comment="" climaxEvent="FALSE">
      <token_anchor t_id="292"/>
    </ACTION_OCCURRENCE>
    <ACTION_OCCURRENCE m_id="31" comment="" climaxEvent="FALSE">
      <token_anchor t_id="289"/>
    </ACTION_OCCURRENCE>
    <ACTION_OCCURRENCE m_id="32" comment="" climaxEvent="FALSE">
      <token_anchor t_id="297"/>
    </ACTION_OCCURRENCE>
    <ACTION_OCCURRENCE m_id="33" comment="" climaxEvent="FALSE">
      <token_anchor t_id="299"/>
      <token_anchor t_id="300"/>
    </ACTION_OCCURRENCE>
    <ACTION_OCCURRENCE m_id="34" comment="" climaxEvent="FALSE">
      <token_anchor t_id="301"/>
    </ACTION_OCCURRENCE>
    <ACTION_OCCURRENCE m_id="35" comment="" climaxEvent="FALSE">
      <token_anchor t_id="319"/>
    </ACTION_OCCURRENCE>
    <ACTION_OCCURRENCE m_id="36" comment="" climaxEvent="FALSE">
      <token_anchor t_id="394"/>
    </ACTION_OCCURRENCE>
    <ACTION_OCCURRENCE m_id="4" comment="" climaxEvent="FALSE">
      <token_anchor t_id="41"/>
    </ACTION_OCCURRENCE>
    <ACTION_OCCURRENCE m_id="37" comment="" climaxEvent="FALSE">
      <token_anchor t_id="325"/>
    </ACTION_OCCURRENCE>
    <ACTION_OCCURRENCE m_id="5" comment="" climaxEvent="FALSE">
      <token_anchor t_id="39"/>
    </ACTION_OCCURRENCE>
    <ACTION_OCCURRENCE m_id="38" comment="" climaxEvent="FALSE">
      <token_anchor t_id="399"/>
    </ACTION_OCCURRENCE>
    <ACTION_OCCURRENCE m_id="6" comment="" climaxEvent="FALSE">
      <token_anchor t_id="61"/>
    </ACTION_OCCURRENCE>
    <ACTION_OCCURRENCE m_id="39" climaxEvent="TRUE" comment="">
      <token_anchor t_id="44"/>
      <token_anchor t_id="45"/>
    </ACTION_OCCURRENCE>
    <ACTION_OCCURRENCE m_id="7" comment="" climaxEvent="FALSE">
      <token_anchor t_id="65"/>
    </ACTION_OCCURRENCE>
    <ACTION_OCCURRENCE m_id="8" comment="" climaxEvent="FALSE">
      <token_anchor t_id="72"/>
    </ACTION_OCCURRENCE>
    <ACTION_OCCURRENCE m_id="9" comment="" climaxEvent="FALSE">
      <token_anchor t_id="74"/>
    </ACTION_OCCURRENCE>
    <ACTION_OCCURRENCE m_id="10" comment="" climaxEvent="FALSE">
      <token_anchor t_id="266"/>
    </ACTION_OCCURRENCE>
    <ACTION_OCCURRENCE m_id="11" comment="" climaxEvent="FALSE">
      <token_anchor t_id="87"/>
    </ACTION_OCCURRENCE>
    <ACTION_OCCURRENCE m_id="12" comment="" climaxEvent="FALSE">
      <token_anchor t_id="94"/>
    </ACTION_OCCURRENCE>
    <ACTION_OCCURRENCE m_id="13" comment="" climaxEvent="FALSE">
      <token_anchor t_id="97"/>
    </ACTION_OCCURRENCE>
    <ACTION_OCCURRENCE m_id="14" comment="" climaxEvent="FALSE">
      <token_anchor t_id="126"/>
    </ACTION_OCCURRENCE>
    <ACTION_OCCURRENCE m_id="15" comment="" climaxEvent="FALSE">
      <token_anchor t_id="143"/>
    </ACTION_OCCURRENCE>
    <ACTION_OCCURRENCE m_id="16" comment="" climaxEvent="FALSE">
      <token_anchor t_id="164"/>
    </ACTION_OCCURRENCE>
    <ACTION_OCCURRENCE m_id="17" comment="" climaxEvent="FALSE">
      <token_anchor t_id="172"/>
    </ACTION_OCCURRENCE>
    <ACTION_OCCURRENCE m_id="18" comment="" climaxEvent="FALSE">
      <token_anchor t_id="175"/>
    </ACTION_OCCURRENCE>
    <ACTION_OCCURRENCE m_id="19" comment="" climaxEvent="FALSE">
      <token_anchor t_id="196"/>
    </ACTION_OCCURRENCE>
    <ACTION_OCCURRENCE m_id="20" comment="" climaxEvent="FALSE">
      <token_anchor t_id="215"/>
    </ACTION_OCCURRENCE>
    <ACTION_OCCURRENCE m_id="21" comment="" climaxEvent="FALSE">
      <token_anchor t_id="229"/>
    </ACTION_OCCURRENCE>
    <ACTION_OCCURRENCE m_id="22" comment="" climaxEvent="FALSE">
      <token_anchor t_id="242"/>
    </ACTION_OCCURRENCE>
    <ACTION_OCCURRENCE m_id="23" comment="" climaxEvent="FALSE">
      <token_anchor t_id="304"/>
    </ACTION_OCCURRENCE>
    <ACTION_OCCURRENCE m_id="24" comment="" climaxEvent="FALSE">
      <token_anchor t_id="244"/>
    </ACTION_OCCURRENCE>
    <ACTION_OCCURRENCE m_id="25" comment="" climaxEvent="FALSE">
      <token_anchor t_id="254"/>
    </ACTION_OCCURRENCE>
    <ACTION_OCCURRENCE m_id="26" comment="" climaxEvent="FALSE">
      <token_anchor t_id="241"/>
    </ACTION_OCCURRENCE>
    <ACTION_OCCURRENCE m_id="27" comment="" climaxEvent="FALSE">
      <token_anchor t_id="270"/>
    </ACTION_OCCURRENCE>
    <ACTION_OCCURRENCE m_id="28" comment="" climaxEvent="FALSE">
      <token_anchor t_id="279"/>
    </ACTION_OCCURRENCE>
    <ACTION_PERCEPTION m_id="40">
      <token_anchor t_id="224"/>
    </ACTION_PERCEPTION>
    <ACTION_PERCEPTION m_id="41">
      <token_anchor t_id="114"/>
    </ACTION_PERCEPTION>
    <ACTION_REPORTING m_id="42">
      <token_anchor t_id="386"/>
    </ACTION_REPORTING>
    <ACTION_REPORTING m_id="43">
      <token_anchor t_id="154"/>
      <token_anchor t_id="155"/>
    </ACTION_REPORTING>
    <ACTION_STATE m_id="44" climaxEvent="FALSE" comment="">
      <token_anchor t_id="171"/>
    </ACTION_STATE>
    <ACTION_STATE m_id="45" climaxEvent="FALSE" comment="">
      <token_anchor t_id="227"/>
    </ACTION_STATE>
    <ACTION_STATE m_id="46" climaxEvent="FALSE" comment="">
      <token_anchor t_id="269"/>
    </ACTION_STATE>
    <ACTION_STATE m_id="47" climaxEvent="FALSE" comment="">
      <token_anchor t_id="390"/>
      <token_anchor t_id="391"/>
    </ACTION_STATE>
    <HUMAN_PART_GENERIC m_id="48">
      <token_anchor t_id="151"/>
      <token_anchor t_id="152"/>
    </HUMAN_PART_GENERIC>
    <HUMAN_PART_GENERIC m_id="49">
      <token_anchor t_id="401"/>
    </HUMAN_PART_GENERIC>
    <HUMAN_PART_PER m_id="61" comment="">
      <token_anchor t_id="192"/>
      <token_anchor t_id="193"/>
    </HUMAN_PART_PER>
    <HUMAN_PART_PER m_id="62" comment="">
      <token_anchor t_id="225"/>
    </HUMAN_PART_PER>
    <HUMAN_PART_PER m_id="63" comment="">
      <token_anchor t_id="252"/>
    </HUMAN_PART_PER>
    <HUMAN_PART_PER m_id="64" comment="">
      <token_anchor t_id="263"/>
    </HUMAN_PART_PER>
    <HUMAN_PART_PER m_id="65" comment="">
      <token_anchor t_id="321"/>
    </HUMAN_PART_PER>
    <HUMAN_PART_PER m_id="66" comment="">
      <token_anchor t_id="379"/>
      <token_anchor t_id="380"/>
      <token_anchor t_id="381"/>
    </HUMAN_PART_PER>
    <HUMAN_PART_PER m_id="67" comment="">
      <token_anchor t_id="388"/>
    </HUMAN_PART_PER>
    <HUMAN_PART_PER m_id="68" comment="">
      <token_anchor t_id="166"/>
    </HUMAN_PART_PER>
    <HUMAN_PART_PER m_id="69" comment="">
      <token_anchor t_id="396"/>
    </HUMAN_PART_PER>
    <HUMAN_PART_PER m_id="70" comment="">
      <token_anchor t_id="187"/>
    </HUMAN_PART_PER>
    <HUMAN_PART_PER m_id="71" comment="">
      <token_anchor t_id="46"/>
    </HUMAN_PART_PER>
    <HUMAN_PART_PER m_id="50" comment="">
      <token_anchor t_id="310"/>
      <token_anchor t_id="311"/>
    </HUMAN_PART_PER>
    <HUMAN_PART_PER m_id="51" comment="">
      <token_anchor t_id="71"/>
    </HUMAN_PART_PER>
    <HUMAN_PART_PER m_id="52" comment="">
      <token_anchor t_id="76"/>
    </HUMAN_PART_PER>
    <HUMAN_PART_PER m_id="53" comment="">
      <token_anchor t_id="78"/>
    </HUMAN_PART_PER>
    <HUMAN_PART_PER m_id="54" comment="">
      <token_anchor t_id="89"/>
      <token_anchor t_id="90"/>
    </HUMAN_PART_PER>
    <HUMAN_PART_PER m_id="55" comment="">
      <token_anchor t_id="101"/>
      <token_anchor t_id="102"/>
    </HUMAN_PART_PER>
    <HUMAN_PART_PER m_id="56" comment="">
      <token_anchor t_id="108"/>
      <token_anchor t_id="109"/>
    </HUMAN_PART_PER>
    <HUMAN_PART_PER m_id="57" comment="">
      <token_anchor t_id="122"/>
    </HUMAN_PART_PER>
    <HUMAN_PART_PER m_id="58" comment="">
      <token_anchor t_id="139"/>
    </HUMAN_PART_PER>
    <HUMAN_PART_PER m_id="59" comment="">
      <token_anchor t_id="158"/>
      <token_anchor t_id="159"/>
    </HUMAN_PART_PER>
    <HUMAN_PART_PER m_id="60" comment="">
      <token_anchor t_id="189"/>
      <token_anchor t_id="190"/>
    </HUMAN_PART_PER>
    <LOC_FAC m_id="72">
      <token_anchor t_id="216"/>
      <token_anchor t_id="217"/>
      <token_anchor t_id="218"/>
      <token_anchor t_id="219"/>
      <token_anchor t_id="220"/>
      <token_anchor t_id="221"/>
      <token_anchor t_id="222"/>
    </LOC_FAC>
    <LOC_FAC m_id="73">
      <token_anchor t_id="115"/>
      <token_anchor t_id="116"/>
      <token_anchor t_id="117"/>
      <token_anchor t_id="118"/>
    </LOC_FAC>
    <LOC_FAC m_id="74">
      <token_anchor t_id="197"/>
      <token_anchor t_id="198"/>
      <token_anchor t_id="199"/>
      <token_anchor t_id="200"/>
      <token_anchor t_id="201"/>
      <token_anchor t_id="202"/>
      <token_anchor t_id="203"/>
      <token_anchor t_id="204"/>
    </LOC_FAC>
    <LOC_FAC m_id="75">
      <token_anchor t_id="245"/>
      <token_anchor t_id="246"/>
      <token_anchor t_id="247"/>
      <token_anchor t_id="248"/>
      <token_anchor t_id="249"/>
      <token_anchor t_id="250"/>
    </LOC_FAC>
    <LOC_FAC m_id="76">
      <token_anchor t_id="255"/>
      <token_anchor t_id="256"/>
      <token_anchor t_id="257"/>
    </LOC_FAC>
    <LOC_FAC m_id="77">
      <token_anchor t_id="129"/>
      <token_anchor t_id="130"/>
      <token_anchor t_id="131"/>
    </LOC_FAC>
    <LOC_GEO m_id="78" comment="">
      <token_anchor t_id="82"/>
      <token_anchor t_id="83"/>
    </LOC_GEO>
    <LOC_GEO m_id="79" comment="">
      <token_anchor t_id="43"/>
    </LOC_GEO>
    <NEG_ACTION_OCCURRENCE m_id="80" comment="" climaxEvent="FALSE">
      <token_anchor t_id="282"/>
    </NEG_ACTION_OCCURRENCE>
    <NEG_ACTION_OCCURRENCE m_id="81" comment="" climaxEvent="FALSE">
      <token_anchor t_id="294"/>
    </NEG_ACTION_OCCURRENCE>
    <NEG_ACTION_OCCURRENCE m_id="82" comment="" climaxEvent="FALSE">
      <token_anchor t_id="167"/>
    </NEG_ACTION_OCCURRENCE>
    <NON_HUMAN_PART m_id="93" comment="">
      <token_anchor t_id="173"/>
    </NON_HUMAN_PART>
    <NON_HUMAN_PART m_id="94" comment="">
      <token_anchor t_id="40"/>
    </NON_HUMAN_PART>
    <NON_HUMAN_PART m_id="83" comment="">
      <token_anchor t_id="68"/>
    </NON_HUMAN_PART>
    <NON_HUMAN_PART m_id="84" comment="">
      <token_anchor t_id="81"/>
    </NON_HUMAN_PART>
    <NON_HUMAN_PART m_id="85" comment="">
      <token_anchor t_id="147"/>
    </NON_HUMAN_PART>
    <NON_HUMAN_PART m_id="86" comment="">
      <token_anchor t_id="127"/>
      <token_anchor t_id="128"/>
    </NON_HUMAN_PART>
    <NON_HUMAN_PART m_id="87" comment="">
      <token_anchor t_id="149"/>
    </NON_HUMAN_PART>
    <NON_HUMAN_PART m_id="88" comment="">
      <token_anchor t_id="234"/>
    </NON_HUMAN_PART>
    <NON_HUMAN_PART m_id="89" comment="">
      <token_anchor t_id="278"/>
    </NON_HUMAN_PART>
    <NON_HUMAN_PART m_id="90" comment="">
      <token_anchor t_id="315"/>
      <token_anchor t_id="316"/>
    </NON_HUMAN_PART>
    <NON_HUMAN_PART m_id="91" comment="">
      <token_anchor t_id="62"/>
    </NON_HUMAN_PART>
    <NON_HUMAN_PART m_id="92" comment="">
      <token_anchor t_id="162"/>
    </NON_HUMAN_PART>
    <NON_HUMAN_PART_GENERIC m_id="95">
      <token_anchor t_id="273"/>
    </NON_HUMAN_PART_GENERIC>
    <TIME_DATE m_id="96" comment="" DCT="FALSE" value="2013-09-06" anchorTimeID="100">
      <token_anchor t_id="305"/>
      <token_anchor t_id="306"/>
      <token_anchor t_id="307"/>
    </TIME_DATE>
    <TIME_DATE m_id="97" comment="" DCT="FALSE" value="2013-10-28" anchorTimeID="100">
      <token_anchor t_id="176"/>
      <token_anchor t_id="177"/>
      <token_anchor t_id="178"/>
    </TIME_DATE>
    <TIME_DATE m_id="98" comment="" DCT="FALSE" value="2013-06-17" anchorTimeID="100">
      <token_anchor t_id="288"/>
    </TIME_DATE>
    <TIME_DURATION m_id="99" value="" anchorTimeID="" begin="" endPoint="">
      <token_anchor t_id="179"/>
      <token_anchor t_id="180"/>
      <token_anchor t_id="181"/>
      <token_anchor t_id="182"/>
      <token_anchor t_id="183"/>
      <token_anchor t_id="184"/>
    </TIME_DURATION>
    <TIME_OF_THE_DAY m_id="100" DCT="TRUE" value="2013-06-18T11:24" anchorTimeID="">
      <token_anchor t_id="50"/>
      <token_anchor t_id="51"/>
      <token_anchor t_id="52"/>
      <token_anchor t_id="53"/>
      <token_anchor t_id="54"/>
      <token_anchor t_id="55"/>
      <token_anchor t_id="56"/>
      <token_anchor t_id="57"/>
      <token_anchor t_id="58"/>
    </TIME_OF_THE_DAY>
    <TIME_OF_THE_DAY m_id="101" DCT="FALSE" value="2013-06-18" anchorTimeID="100">
      <token_anchor t_id="119"/>
      <token_anchor t_id="120"/>
    </TIME_OF_THE_DAY>
    <TIME_OF_THE_DAY m_id="102" DCT="FALSE" value="2013-06-08T08:40" anchorTimeID="100">
      <token_anchor t_id="206"/>
      <token_anchor t_id="207"/>
      <token_anchor t_id="208"/>
      <token_anchor t_id="209"/>
      <token_anchor t_id="210"/>
      <token_anchor t_id="211"/>
    </TIME_OF_THE_DAY>
    <TIME_OF_THE_DAY m_id="103" DCT="FALSE" value="2013-06-08T09:35" anchorTimeID="100">
      <token_anchor t_id="258"/>
      <token_anchor t_id="259"/>
      <token_anchor t_id="260"/>
      <token_anchor t_id="261"/>
    </TIME_OF_THE_DAY>
    <NON_HUMAN_PART m_id="104" RELATED_TO="" TAG_DESCRIPTOR="t32_case" comment=""/>
    <HUMAN_PART_PER m_id="105" RELATED_TO="" TAG_DESCRIPTOR="t32_sister" comment=""/>
    <ACTION_OCCURRENCE m_id="106" RELATED_TO="" TAG_DESCRIPTOR="t32_bodies_found" comment="" climaxEvent="FALSE"/>
    <ACTION_OCCURRENCE m_id="107" RELATED_TO="" TAG_DESCRIPTOR="t32_hearing" comment="" climaxEvent="FALSE"/>
    <NON_HUMAN_PART m_id="108" RELATED_TO="" TAG_DESCRIPTOR="t32_trial_date_non_human_part" comment=""/>
    <TIME_DURATION m_id="109" RELATED_TO="" TAG_DESCRIPTOR="t32_three_day_hearing" value="" anchorTimeID="" begin="" endPoint=""/>
    <ACTION_OCCURRENCE m_id="110" RELATED_TO="" TAG_DESCRIPTOR="t32_trial" comment="" climaxEvent="FALSE"/>
    <TIME_OF_THE_DAY m_id="111" RELATED_TO="" TAG_DESCRIPTOR="t32_9_june_morning_charged" value="" anchorTimeID="" DCT="FALSE"/>
    <ACTION_OCCURRENCE m_id="112" RELATED_TO="" TAG_DESCRIPTOR="t32_trial_date_set" comment="" climaxEvent="FALSE"/>
    <HUMAN_PART_PER m_id="113" RELATED_TO="" TAG_DESCRIPTOR="t32_john_jenkin" comment=""/>
    <NON_HUMAN_PART m_id="114" RELATED_TO="" TAG_DESCRIPTOR="t32_dog" comment=""/>
    <TIME_OF_THE_DAY m_id="115" RELATED_TO="" TAG_DESCRIPTOR="t32_time_hearing" value="" anchorTimeID="" DCT="FALSE"/>
    <LOC_FAC m_id="116" RELATED_TO="" TAG_DESCRIPTOR="t32_cumbria_home"/>
    <HUMAN_PART_PER m_id="117" RELATED_TO="" TAG_DESCRIPTOR="t32_mother" comment=""/>
    <ACTION_OCCURRENCE m_id="118" RELATED_TO="" TAG_DESCRIPTOR="t32_double_murder" comment="" climaxEvent="FALSE"/>
    <TIME_OF_THE_DAY m_id="119" RELATED_TO="" TAG_DESCRIPTOR="t32_9_june_bodies_found" value="" anchorTimeID="" DCT="FALSE"/>
    <ACTION_OCCURRENCE m_id="120" RELATED_TO="" TAG_DESCRIPTOR="t32_john_arrested" comment="" climaxEvent="FALSE"/>
    <ACTION_OCCURRENCE m_id="121" RELATED_TO="" TAG_DESCRIPTOR="t32_charges_of_murder" comment="" climaxEvent="FALSE"/>
    <LOC_GEO m_id="122" RELATED_TO="" TAG_DESCRIPTOR="t32_millom" comment=""/>
    <LOC_FAC m_id="123" RELATED_TO="" TAG_DESCRIPTOR="t32_preston_crown"/>
  </Markables>
  <Relations>
    <TLINK r_id="208517" contextualModality="" relType="AFTER" comment="">
      <source m_id="100"/>
      <target m_id="5"/>
    </TLINK>
    <TLINK r_id="208518" contextualModality="" relType="AFTER" comment="">
      <source m_id="100"/>
      <target m_id="4"/>
    </TLINK>
    <TLINK r_id="208519" contextualModality="" relType="AFTER" comment="">
      <source m_id="100"/>
      <target m_id="39"/>
    </TLINK>
    <TLINK r_id="208520" contextualModality="" relType="AFTER" comment="">
      <source m_id="100"/>
      <target m_id="6"/>
    </TLINK>
    <TLINK r_id="208521" contextualModality="" relType="AFTER" comment="">
      <source m_id="100"/>
      <target m_id="7"/>
    </TLINK>
    <TLINK r_id="208522" contextualModality="" relType="AFTER" comment="">
      <source m_id="100"/>
      <target m_id="8"/>
    </TLINK>
    <TLINK r_id="208523" contextualModality="" relType="AFTER" comment="">
      <source m_id="100"/>
      <target m_id="9"/>
    </TLINK>
    <TLINK r_id="208524" contextualModality="" relType="AFTER" comment="">
      <source m_id="100"/>
      <target m_id="11"/>
    </TLINK>
    <TLINK r_id="208525" contextualModality="" relType="AFTER" comment="">
      <source m_id="100"/>
      <target m_id="12"/>
    </TLINK>
    <TLINK r_id="208526" contextualModality="" relType="AFTER" comment="">
      <source m_id="100"/>
      <target m_id="13"/>
    </TLINK>
    <TLINK r_id="208527" contextualModality="" relType="AFTER" comment="">
      <source m_id="100"/>
      <target m_id="41"/>
    </TLINK>
    <TLINK r_id="208528" contextualModality="" relType="AFTER" comment="">
      <source m_id="100"/>
      <target m_id="14"/>
    </TLINK>
    <TLINK r_id="208529" contextualModality="" relType="AFTER" comment="">
      <source m_id="100"/>
      <target m_id="15"/>
    </TLINK>
    <TLINK r_id="208531" contextualModality="" relType="AFTER" comment="">
      <source m_id="100"/>
      <target m_id="16"/>
    </TLINK>
    <TLINK r_id="208532" contextualModality="" relType="AFTER" comment="">
      <source m_id="100"/>
      <target m_id="82"/>
    </TLINK>
    <TLINK r_id="208533" contextualModality="" relType="AFTER" comment="">
      <source m_id="100"/>
      <target m_id="44"/>
    </TLINK>
    <TLINK r_id="208534" contextualModality="" relType="AFTER" comment="">
      <source m_id="100"/>
      <target m_id="17"/>
    </TLINK>
    <TLINK r_id="208535" contextualModality="" relType="AFTER" comment="">
      <source m_id="100"/>
      <target m_id="18"/>
    </TLINK>
    <TLINK r_id="208536" contextualModality="" relType="AFTER" comment="">
      <source m_id="100"/>
      <target m_id="19"/>
    </TLINK>
    <TLINK r_id="208537" contextualModality="" relType="AFTER" comment="">
      <source m_id="100"/>
      <target m_id="20"/>
    </TLINK>
    <TLINK r_id="208538" contextualModality="" relType="AFTER" comment="">
      <source m_id="100"/>
      <target m_id="40"/>
    </TLINK>
    <TLINK r_id="208539" contextualModality="" relType="AFTER" comment="">
      <source m_id="100"/>
      <target m_id="45"/>
    </TLINK>
    <TLINK r_id="208540" contextualModality="" relType="AFTER" comment="">
      <source m_id="100"/>
      <target m_id="21"/>
    </TLINK>
    <TLINK r_id="208541" contextualModality="" relType="AFTER" comment="">
      <source m_id="100"/>
      <target m_id="25"/>
    </TLINK>
    <TLINK r_id="208542" contextualModality="" relType="AFTER" comment="">
      <source m_id="100"/>
      <target m_id="10"/>
    </TLINK>
    <TLINK r_id="208543" contextualModality="" relType="AFTER" comment="">
      <source m_id="100"/>
      <target m_id="1"/>
    </TLINK>
    <TLINK r_id="208544" contextualModality="" relType="AFTER" comment="">
      <source m_id="100"/>
      <target m_id="46"/>
    </TLINK>
    <TLINK r_id="208545" contextualModality="" relType="AFTER" comment="">
      <source m_id="100"/>
      <target m_id="27"/>
    </TLINK>
    <TLINK r_id="208546" contextualModality="" relType="AFTER" comment="">
      <source m_id="100"/>
      <target m_id="28"/>
    </TLINK>
    <TLINK r_id="208547" contextualModality="" relType="AFTER" comment="">
      <source m_id="100"/>
      <target m_id="80"/>
    </TLINK>
    <TLINK r_id="208550" contextualModality="" relType="AFTER" comment="">
      <source m_id="100"/>
      <target m_id="30"/>
    </TLINK>
    <TLINK r_id="208551" contextualModality="" relType="AFTER" comment="">
      <source m_id="100"/>
      <target m_id="81"/>
    </TLINK>
    <TLINK r_id="208552" contextualModality="" relType="AFTER" comment="">
      <source m_id="100"/>
      <target m_id="32"/>
    </TLINK>
    <TLINK r_id="208553" contextualModality="" relType="AFTER" comment="">
      <source m_id="100"/>
      <target m_id="33"/>
    </TLINK>
    <TLINK r_id="208554" contextualModality="" relType="AFTER" comment="">
      <source m_id="100"/>
      <target m_id="34"/>
    </TLINK>
    <TLINK r_id="208555" contextualModality="" relType="AFTER" comment="">
      <source m_id="100"/>
      <target m_id="23"/>
    </TLINK>
    <TLINK r_id="208556" contextualModality="" relType="AFTER" comment="">
      <source m_id="100"/>
      <target m_id="35"/>
    </TLINK>
    <TLINK r_id="208558" contextualModality="" relType="AFTER" comment="">
      <source m_id="100"/>
      <target m_id="47"/>
    </TLINK>
    <TLINK r_id="208559" contextualModality="" relType="AFTER" comment="">
      <source m_id="100"/>
      <target m_id="3"/>
    </TLINK>
    <TLINK r_id="208560" contextualModality="" relType="AFTER" comment="">
      <source m_id="100"/>
      <target m_id="36"/>
    </TLINK>
    <TLINK r_id="208561" contextualModality="" relType="AFTER" comment="">
      <source m_id="100"/>
      <target m_id="2"/>
    </TLINK>
    <TLINK r_id="208562" contextualModality="" relType="AFTER" comment="">
      <source m_id="100"/>
      <target m_id="38"/>
    </TLINK>
    <TLINK r_id="208563" contextualModality="" relType="CONTAINS" comment="">
      <source m_id="101"/>
      <target m_id="5"/>
    </TLINK>
    <TLINK r_id="208564" contextualModality="" relType="CONTAINS" comment="">
      <source m_id="101"/>
      <target m_id="4"/>
    </TLINK>
    <TLINK r_id="208565" contextualModality="" relType="CONTAINS" comment="">
      <source m_id="101"/>
      <target m_id="39"/>
    </TLINK>
    <TLINK r_id="208566" contextualModality="" relType="CONTAINS" comment="">
      <source m_id="101"/>
      <target m_id="6"/>
    </TLINK>
    <TLINK r_id="208567" contextualModality="" relType="CONTAINS" comment="">
      <source m_id="101"/>
      <target m_id="7"/>
    </TLINK>
    <TLINK r_id="208568" contextualModality="" relType="CONTAINS" comment="">
      <source m_id="101"/>
      <target m_id="8"/>
    </TLINK>
    <TLINK r_id="208569" contextualModality="" relType="AFTER" comment="">
      <source m_id="101"/>
      <target m_id="11"/>
    </TLINK>
    <TLINK r_id="208570" contextualModality="" relType="AFTER" comment="">
      <source m_id="101"/>
      <target m_id="12"/>
    </TLINK>
    <TLINK r_id="208571" contextualModality="" relType="AFTER" comment="">
      <source m_id="101"/>
      <target m_id="13"/>
    </TLINK>
    <TLINK r_id="208572" contextualModality="" relType="AFTER" comment="">
      <source m_id="101"/>
      <target m_id="41"/>
    </TLINK>
    <TLINK r_id="208573" contextualModality="" relType="AFTER" comment="">
      <source m_id="101"/>
      <target m_id="14"/>
    </TLINK>
    <TLINK r_id="208574" contextualModality="" relType="AFTER" comment="">
      <source m_id="101"/>
      <target m_id="15"/>
    </TLINK>
    <TLINK r_id="208575" contextualModality="" relType="AFTER" comment="">
      <source m_id="101"/>
      <target m_id="43"/>
    </TLINK>
    <TLINK r_id="208577" contextualModality="" relType="BEFORE" comment="">
      <source m_id="102"/>
      <target m_id="16"/>
    </TLINK>
    <TLINK r_id="208578" contextualModality="" relType="BEFORE" comment="">
      <source m_id="102"/>
      <target m_id="82"/>
    </TLINK>
    <TLINK r_id="208579" contextualModality="" relType="BEFORE" comment="">
      <source m_id="102"/>
      <target m_id="44"/>
    </TLINK>
    <TLINK r_id="208580" contextualModality="" relType="BEFORE" comment="">
      <source m_id="102"/>
      <target m_id="17"/>
    </TLINK>
    <TLINK r_id="208581" contextualModality="" relType="BEFORE" comment="">
      <source m_id="102"/>
      <target m_id="18"/>
    </TLINK>
    <TLINK r_id="208582" contextualModality="" relType="CONTAINS" comment="">
      <source m_id="102"/>
      <target m_id="19"/>
    </TLINK>
    <TLINK r_id="208586" contextualModality="" relType="CONTAINS" comment="">
      <source m_id="102"/>
      <target m_id="26"/>
    </TLINK>
    <TLINK r_id="208587" contextualModality="" relType="CONTAINS" comment="">
      <source m_id="102"/>
      <target m_id="22"/>
    </TLINK>
    <TLINK r_id="208588" contextualModality="" relType="CONTAINS" comment="">
      <source m_id="102"/>
      <target m_id="24"/>
    </TLINK>
    <TLINK r_id="208589" contextualModality="" relType="CONTAINS" comment="">
      <source m_id="103"/>
      <target m_id="25"/>
    </TLINK>
    <TLINK r_id="208590" contextualModality="" relType="BEFORE" comment="">
      <source m_id="103"/>
      <target m_id="10"/>
    </TLINK>
    <TLINK r_id="208591" contextualModality="" relType="BEFORE" comment="">
      <source m_id="103"/>
      <target m_id="1"/>
    </TLINK>
    <TLINK r_id="208592" contextualModality="" relType="BEFORE" comment="">
      <source m_id="103"/>
      <target m_id="46"/>
    </TLINK>
    <TLINK r_id="208593" contextualModality="" relType="BEFORE" comment="">
      <source m_id="103"/>
      <target m_id="27"/>
    </TLINK>
    <TLINK r_id="208594" contextualModality="" relType="BEFORE" comment="">
      <source m_id="103"/>
      <target m_id="28"/>
    </TLINK>
    <TLINK r_id="208595" contextualModality="" relType="BEFORE" comment="">
      <source m_id="103"/>
      <target m_id="80"/>
    </TLINK>
    <TLINK r_id="208596" contextualModality="" relType="CONTAINS" comment="">
      <source m_id="98"/>
      <target m_id="31"/>
    </TLINK>
    <TLINK r_id="208597" contextualModality="" relType="CONTAINS" comment="">
      <source m_id="98"/>
      <target m_id="80"/>
    </TLINK>
    <TLINK r_id="208599" contextualModality="" relType="CONTAINS" comment="">
      <source m_id="98"/>
      <target m_id="30"/>
    </TLINK>
    <TLINK r_id="208600" contextualModality="" relType="CONTAINS" comment="">
      <source m_id="98"/>
      <target m_id="81"/>
    </TLINK>
    <PLOT_LINK r_id="208601" SIGNAL="" relType="FALLING_ACTION" CAUSES="FALSE" CAUSED_BY="FALSE">
      <source m_id="5"/>
      <target m_id="39"/>
    </PLOT_LINK>
    <PLOT_LINK r_id="208602" SIGNAL="" relType="FALLING_ACTION" CAUSES="FALSE" CAUSED_BY="FALSE">
      <source m_id="6"/>
      <target m_id="8"/>
    </PLOT_LINK>
    <PLOT_LINK r_id="208603" SIGNAL="" relType="FALLING_ACTION" CAUSES="FALSE" CAUSED_BY="FALSE">
      <source m_id="8"/>
      <target m_id="9"/>
    </PLOT_LINK>
    <PLOT_LINK r_id="208604" SIGNAL="" relType="FALLING_ACTION" CAUSES="FALSE" CAUSED_BY="FALSE">
      <source m_id="11"/>
      <target m_id="12"/>
    </PLOT_LINK>
    <PLOT_LINK r_id="208605" SIGNAL="" relType="FALLING_ACTION" CAUSES="FALSE" CAUSED_BY="FALSE">
      <source m_id="12"/>
      <target m_id="13"/>
    </PLOT_LINK>
    <PLOT_LINK r_id="208606" SIGNAL="" relType="PRECONDITION" CAUSES="FALSE" CAUSED_BY="FALSE">
      <source m_id="11"/>
      <target m_id="14"/>
    </PLOT_LINK>
    <PLOT_LINK r_id="208607" SIGNAL="" relType="PRECONDITION" CAUSES="FALSE" CAUSED_BY="FALSE">
      <source m_id="15"/>
      <target m_id="82"/>
    </PLOT_LINK>
    <PLOT_LINK r_id="208608" SIGNAL="" relType="PRECONDITION" CAUSES="FALSE" CAUSED_BY="FALSE">
      <source m_id="12"/>
      <target m_id="20"/>
    </PLOT_LINK>
    <PLOT_LINK r_id="208609" SIGNAL="" relType="PRECONDITION" CAUSES="FALSE" CAUSED_BY="FALSE">
      <source m_id="12"/>
      <target m_id="17"/>
    </PLOT_LINK>
    <PLOT_LINK r_id="208610" SIGNAL="" relType="FALLING_ACTION" CAUSES="FALSE" CAUSED_BY="FALSE">
      <source m_id="13"/>
      <target m_id="21"/>
    </PLOT_LINK>
    <PLOT_LINK r_id="208611" SIGNAL="" relType="PRECONDITION" CAUSES="FALSE" CAUSED_BY="FALSE">
      <source m_id="22"/>
      <target m_id="24"/>
    </PLOT_LINK>
    <PLOT_LINK r_id="208612" SIGNAL="" relType="PRECONDITION" CAUSES="FALSE" CAUSED_BY="FALSE">
      <source m_id="25"/>
      <target m_id="10"/>
    </PLOT_LINK>
    <PLOT_LINK r_id="208613" SIGNAL="" relType="PRECONDITION" CAUSES="FALSE" CAUSED_BY="FALSE">
      <source m_id="19"/>
      <target m_id="25"/>
    </PLOT_LINK>
    <PLOT_LINK r_id="208614" SIGNAL="" relType="PRECONDITION" CAUSES="FALSE" CAUSED_BY="FALSE">
      <source m_id="26"/>
      <target m_id="25"/>
    </PLOT_LINK>
    <PLOT_LINK r_id="208615" SIGNAL="" relType="FALLING_ACTION" CAUSES="FALSE" CAUSED_BY="FALSE">
      <source m_id="10"/>
      <target m_id="27"/>
    </PLOT_LINK>
    <PLOT_LINK r_id="208616" SIGNAL="" relType="FALLING_ACTION" CAUSES="FALSE" CAUSED_BY="FALSE">
      <source m_id="10"/>
      <target m_id="28"/>
    </PLOT_LINK>
    <PLOT_LINK r_id="208617" SIGNAL="" relType="FALLING_ACTION" CAUSES="FALSE" CAUSED_BY="FALSE">
      <source m_id="47"/>
      <target m_id="36"/>
    </PLOT_LINK>
    <PLOT_LINK r_id="208618" SIGNAL="" relType="FALLING_ACTION" CAUSES="FALSE" CAUSED_BY="FALSE">
      <source m_id="47"/>
      <target m_id="38"/>
    </PLOT_LINK>
  </Relations>
</Document>
