<?xml version='1.0' encoding='UTF-8'?>
<Document doc_name="32_8ecbplus.xml">
  <token t_id="1" sentence="0" number="0">http</token>
  <token t_id="2" sentence="0" number="1">:</token>
  <token t_id="3" sentence="0" number="2">/</token>
  <token t_id="4" sentence="0" number="3">/</token>
  <token t_id="5" sentence="0" number="4">www</token>
  <token t_id="6" sentence="0" number="5">.</token>
  <token t_id="7" sentence="0" number="6">itv</token>
  <token t_id="8" sentence="0" number="7">.</token>
  <token t_id="9" sentence="0" number="8">com</token>
  <token t_id="10" sentence="0" number="9">/</token>
  <token t_id="11" sentence="0" number="10">news</token>
  <token t_id="12" sentence="0" number="11">/</token>
  <token t_id="13" sentence="0" number="12">wales</token>
  <token t_id="14" sentence="0" number="13">/</token>
  <token t_id="15" sentence="0" number="14">story</token>
  <token t_id="16" sentence="0" number="15">/</token>
  <token t_id="17" sentence="0" number="16">2013</token>
  <token t_id="18" sentence="0" number="17">-</token>
  <token t_id="19" sentence="0" number="18">06</token>
  <token t_id="20" sentence="0" number="19">-</token>
  <token t_id="21" sentence="0" number="20">10</token>
  <token t_id="22" sentence="0" number="21">/</token>
  <token t_id="23" sentence="0" number="22">aberdare</token>
  <token t_id="24" sentence="0" number="23">-</token>
  <token t_id="25" sentence="0" number="24">woman</token>
  <token t_id="26" sentence="0" number="25">-</token>
  <token t_id="27" sentence="0" number="26">found</token>
  <token t_id="28" sentence="0" number="27">-</token>
  <token t_id="29" sentence="0" number="28">dead</token>
  <token t_id="30" sentence="0" number="29">/</token>
  <token t_id="31" sentence="1" number="0">Brother</token>
  <token t_id="32" sentence="1" number="1">double</token>
  <token t_id="33" sentence="1" number="2">-</token>
  <token t_id="34" sentence="1" number="3">murder</token>
  <token t_id="35" sentence="1" number="4">charge</token>
  <token t_id="36" sentence="2" number="0">John</token>
  <token t_id="37" sentence="2" number="1">Jenkin</token>
  <token t_id="38" sentence="2" number="2">,</token>
  <token t_id="39" sentence="2" number="3">23</token>
  <token t_id="40" sentence="2" number="4">and</token>
  <token t_id="41" sentence="2" number="5">from</token>
  <token t_id="42" sentence="2" number="6">Cumbria</token>
  <token t_id="43" sentence="2" number="7">,</token>
  <token t_id="44" sentence="2" number="8">has</token>
  <token t_id="45" sentence="2" number="9">been</token>
  <token t_id="46" sentence="2" number="10">charged</token>
  <token t_id="47" sentence="2" number="11">with</token>
  <token t_id="48" sentence="2" number="12">the</token>
  <token t_id="49" sentence="2" number="13">murder</token>
  <token t_id="50" sentence="2" number="14">of</token>
  <token t_id="51" sentence="2" number="15">his</token>
  <token t_id="52" sentence="2" number="16">mother</token>
  <token t_id="53" sentence="2" number="17">and</token>
  <token t_id="54" sentence="2" number="18">sister</token>
  <token t_id="55" sentence="2" number="19">.</token>
  <token t_id="56" sentence="3" number="0">Kathryn</token>
  <token t_id="57" sentence="3" number="1">Jenkin</token>
  <token t_id="58" sentence="3" number="2">,</token>
  <token t_id="59" sentence="3" number="3">20</token>
  <token t_id="60" sentence="3" number="4">and</token>
  <token t_id="61" sentence="3" number="5">from</token>
  <token t_id="62" sentence="3" number="6">Aberdare</token>
  <token t_id="63" sentence="3" number="7">,</token>
  <token t_id="64" sentence="3" number="8">and</token>
  <token t_id="65" sentence="3" number="9">her</token>
  <token t_id="66" sentence="3" number="10">mother</token>
  <token t_id="67" sentence="3" number="11">Alice</token>
  <token t_id="68" sentence="3" number="12">McMeekin</token>
  <token t_id="69" sentence="3" number="13">,</token>
  <token t_id="70" sentence="3" number="14">58</token>
  <token t_id="71" sentence="3" number="15">,</token>
  <token t_id="72" sentence="3" number="16">were</token>
  <token t_id="73" sentence="3" number="17">found</token>
  <token t_id="74" sentence="3" number="18">on</token>
  <token t_id="75" sentence="3" number="19">Saturday</token>
  <token t_id="76" sentence="3" number="20">.</token>
  <token t_id="77" sentence="4" number="0">Brother</token>
  <token t_id="78" sentence="4" number="1">charged</token>
  <token t_id="79" sentence="4" number="2">after</token>
  <token t_id="80" sentence="4" number="3">Aberdare</token>
  <token t_id="81" sentence="4" number="4">woman</token>
  <token t_id="82" sentence="4" number="5">found</token>
  <token t_id="83" sentence="4" number="6">dead</token>
  <token t_id="84" sentence="5" number="0">The</token>
  <token t_id="85" sentence="5" number="1">brother</token>
  <token t_id="86" sentence="5" number="2">of</token>
  <token t_id="87" sentence="5" number="3">a</token>
  <token t_id="88" sentence="5" number="4">woman</token>
  <token t_id="89" sentence="5" number="5">from</token>
  <token t_id="90" sentence="5" number="6">Aberdare</token>
  <token t_id="91" sentence="5" number="7">found</token>
  <token t_id="92" sentence="5" number="8">dead</token>
  <token t_id="93" sentence="5" number="9">in</token>
  <token t_id="94" sentence="5" number="10">Cumbria</token>
  <token t_id="95" sentence="5" number="11">on</token>
  <token t_id="96" sentence="5" number="12">Saturday</token>
  <token t_id="97" sentence="5" number="13">has</token>
  <token t_id="98" sentence="5" number="14">been</token>
  <token t_id="99" sentence="5" number="15">charged</token>
  <token t_id="100" sentence="5" number="16">with</token>
  <token t_id="101" sentence="5" number="17">her</token>
  <token t_id="102" sentence="5" number="18">murder</token>
  <token t_id="103" sentence="5" number="19">.</token>
  <token t_id="104" sentence="6" number="0">23</token>
  <token t_id="105" sentence="6" number="1">-</token>
  <token t_id="106" sentence="6" number="2">year</token>
  <token t_id="107" sentence="6" number="3">-</token>
  <token t_id="108" sentence="6" number="4">old</token>
  <token t_id="109" sentence="6" number="5">John</token>
  <token t_id="110" sentence="6" number="6">Jenkin</token>
  <token t_id="111" sentence="6" number="7">,</token>
  <token t_id="112" sentence="6" number="8">of</token>
  <token t_id="113" sentence="6" number="9">Millom</token>
  <token t_id="114" sentence="6" number="10">,</token>
  <token t_id="115" sentence="6" number="11">has</token>
  <token t_id="116" sentence="6" number="12">been</token>
  <token t_id="117" sentence="6" number="13">charged</token>
  <token t_id="118" sentence="6" number="14">with</token>
  <token t_id="119" sentence="6" number="15">the</token>
  <token t_id="120" sentence="6" number="16">murder</token>
  <token t_id="121" sentence="6" number="17">of</token>
  <token t_id="122" sentence="6" number="18">his</token>
  <token t_id="123" sentence="6" number="19">58</token>
  <token t_id="124" sentence="6" number="20">-</token>
  <token t_id="125" sentence="6" number="21">year</token>
  <token t_id="126" sentence="6" number="22">-</token>
  <token t_id="127" sentence="6" number="23">old</token>
  <token t_id="128" sentence="6" number="24">mother</token>
  <token t_id="129" sentence="6" number="25">,</token>
  <token t_id="130" sentence="6" number="26">Alice</token>
  <token t_id="131" sentence="6" number="27">McMeekin</token>
  <token t_id="132" sentence="6" number="28">,</token>
  <token t_id="133" sentence="6" number="29">and</token>
  <token t_id="134" sentence="6" number="30">sister</token>
  <token t_id="135" sentence="6" number="31">,</token>
  <token t_id="136" sentence="6" number="32">Kathryn</token>
  <token t_id="137" sentence="6" number="33">Jenkin</token>
  <token t_id="138" sentence="6" number="34">,</token>
  <token t_id="139" sentence="6" number="35">20</token>
  <token t_id="140" sentence="6" number="36">,</token>
  <token t_id="141" sentence="6" number="37">who</token>
  <token t_id="142" sentence="6" number="38">is</token>
  <token t_id="143" sentence="6" number="39">from</token>
  <token t_id="144" sentence="6" number="40">Aberdare</token>
  <token t_id="145" sentence="6" number="41">.</token>
  <token t_id="146" sentence="7" number="0">On</token>
  <token t_id="147" sentence="7" number="1">Saturday</token>
  <token t_id="148" sentence="7" number="2">8</token>
  <token t_id="149" sentence="7" number="3">June</token>
  <token t_id="150" sentence="7" number="4">2013</token>
  <token t_id="151" sentence="7" number="5">,</token>
  <token t_id="152" sentence="7" number="6">at</token>
  <token t_id="153" sentence="7" number="7">8</token>
  <token t_id="154" sentence="7" number="8">:</token>
  <token t_id="155" sentence="7" number="9">39am</token>
  <token t_id="156" sentence="7" number="10">police</token>
  <token t_id="157" sentence="7" number="11">were</token>
  <token t_id="158" sentence="7" number="12">called</token>
  <token t_id="159" sentence="7" number="13">to</token>
  <token t_id="160" sentence="7" number="14">a</token>
  <token t_id="161" sentence="7" number="15">property</token>
  <token t_id="162" sentence="7" number="16">in</token>
  <token t_id="163" sentence="7" number="17">Newton</token>
  <token t_id="164" sentence="7" number="18">Street</token>
  <token t_id="165" sentence="7" number="19">where</token>
  <token t_id="166" sentence="7" number="20">Mrs</token>
  <token t_id="167" sentence="7" number="21">McMeekin</token>
  <token t_id="168" sentence="7" number="22">and</token>
  <token t_id="169" sentence="7" number="23">Miss</token>
  <token t_id="170" sentence="7" number="24">Jenkin</token>
  <token t_id="171" sentence="7" number="25">were</token>
  <token t_id="172" sentence="7" number="26">tragically</token>
  <token t_id="173" sentence="7" number="27">found</token>
  <token t_id="174" sentence="7" number="28">dead</token>
  <token t_id="175" sentence="7" number="29">with</token>
  <token t_id="176" sentence="7" number="30">head</token>
  <token t_id="177" sentence="7" number="31">injuries</token>
  <token t_id="178" sentence="7" number="32">.</token>
  <token t_id="179" sentence="8" number="0">The</token>
  <token t_id="180" sentence="8" number="1">family</token>
  <token t_id="181" sentence="8" number="2">dog</token>
  <token t_id="182" sentence="8" number="3">was</token>
  <token t_id="183" sentence="8" number="4">also</token>
  <token t_id="184" sentence="8" number="5">found</token>
  <token t_id="185" sentence="8" number="6">dead</token>
  <token t_id="186" sentence="8" number="7">.</token>
  <token t_id="187" sentence="9" number="0">John</token>
  <token t_id="188" sentence="9" number="1">Jenkin</token>
  <token t_id="189" sentence="9" number="2">was</token>
  <token t_id="190" sentence="9" number="3">arrested</token>
  <token t_id="191" sentence="9" number="4">on</token>
  <token t_id="192" sentence="9" number="5">suspicion</token>
  <token t_id="193" sentence="9" number="6">of</token>
  <token t_id="194" sentence="9" number="7">murder</token>
  <token t_id="195" sentence="9" number="8">shortly</token>
  <token t_id="196" sentence="9" number="9">afterwards</token>
  <token t_id="197" sentence="9" number="10">.</token>
  <token t_id="198" sentence="10" number="0">He</token>
  <token t_id="199" sentence="10" number="1">will</token>
  <token t_id="200" sentence="10" number="2">appear</token>
  <token t_id="201" sentence="10" number="3">at</token>
  <token t_id="202" sentence="10" number="4">Furness</token>
  <token t_id="203" sentence="10" number="5">District</token>
  <token t_id="204" sentence="10" number="6">Magistrates</token>
  <token t_id="205" sentence="10" number="7">court</token>
  <token t_id="206" sentence="10" number="8">this</token>
  <token t_id="207" sentence="10" number="9">morning</token>
  <token t_id="208" sentence="10" number="10">.</token>
  <token t_id="209" sentence="11" number="0">John</token>
  <token t_id="210" sentence="11" number="1">Jenkin</token>
  <token t_id="211" sentence="11" number="2">is</token>
  <token t_id="212" sentence="11" number="3">related</token>
  <token t_id="213" sentence="11" number="4">to</token>
  <token t_id="214" sentence="11" number="5">the</token>
  <token t_id="215" sentence="11" number="6">victims</token>
  <token t_id="216" sentence="11" number="7">,</token>
  <token t_id="217" sentence="11" number="8">he</token>
  <token t_id="218" sentence="11" number="9">is</token>
  <token t_id="219" sentence="11" number="10">the</token>
  <token t_id="220" sentence="11" number="11">son</token>
  <token t_id="221" sentence="11" number="12">of</token>
  <token t_id="222" sentence="11" number="13">Alice</token>
  <token t_id="223" sentence="11" number="14">McMeekin</token>
  <token t_id="224" sentence="11" number="15">and</token>
  <token t_id="225" sentence="11" number="16">the</token>
  <token t_id="226" sentence="11" number="17">brother</token>
  <token t_id="227" sentence="11" number="18">of</token>
  <token t_id="228" sentence="11" number="19">Kathryn</token>
  <token t_id="229" sentence="11" number="20">Jenkin</token>
  <token t_id="230" sentence="11" number="21">.</token>
  <token t_id="231" sentence="12" number="0">-</token>
  <token t_id="232" sentence="12" number="1">CUMBRIA</token>
  <token t_id="233" sentence="12" number="2">POLICE</token>
  <Markables>
    <ACTION_OCCURRENCE m_id="1" comment="" climaxEvent="FALSE">
      <token_anchor t_id="200"/>
    </ACTION_OCCURRENCE>
    <ACTION_OCCURRENCE m_id="2" comment="" climaxEvent="FALSE">
      <token_anchor t_id="177"/>
    </ACTION_OCCURRENCE>
    <ACTION_OCCURRENCE m_id="3" comment="" climaxEvent="FALSE">
      <token_anchor t_id="46"/>
    </ACTION_OCCURRENCE>
    <ACTION_OCCURRENCE m_id="4" comment="" climaxEvent="FALSE">
      <token_anchor t_id="49"/>
    </ACTION_OCCURRENCE>
    <ACTION_OCCURRENCE m_id="5" climaxEvent="TRUE" comment="">
      <token_anchor t_id="32"/>
      <token_anchor t_id="33"/>
      <token_anchor t_id="34"/>
    </ACTION_OCCURRENCE>
    <ACTION_OCCURRENCE m_id="6" comment="" climaxEvent="FALSE">
      <token_anchor t_id="73"/>
    </ACTION_OCCURRENCE>
    <ACTION_OCCURRENCE m_id="7" comment="" climaxEvent="FALSE">
      <token_anchor t_id="35"/>
    </ACTION_OCCURRENCE>
    <ACTION_OCCURRENCE m_id="8" comment="" climaxEvent="FALSE">
      <token_anchor t_id="82"/>
    </ACTION_OCCURRENCE>
    <ACTION_OCCURRENCE m_id="9" comment="" climaxEvent="FALSE">
      <token_anchor t_id="78"/>
    </ACTION_OCCURRENCE>
    <ACTION_OCCURRENCE m_id="10" comment="" climaxEvent="FALSE">
      <token_anchor t_id="91"/>
    </ACTION_OCCURRENCE>
    <ACTION_OCCURRENCE m_id="11" comment="" climaxEvent="FALSE">
      <token_anchor t_id="99"/>
    </ACTION_OCCURRENCE>
    <ACTION_OCCURRENCE m_id="12" comment="" climaxEvent="FALSE">
      <token_anchor t_id="102"/>
    </ACTION_OCCURRENCE>
    <ACTION_OCCURRENCE m_id="13" comment="" climaxEvent="FALSE">
      <token_anchor t_id="117"/>
    </ACTION_OCCURRENCE>
    <ACTION_OCCURRENCE m_id="14" comment="" climaxEvent="FALSE">
      <token_anchor t_id="120"/>
    </ACTION_OCCURRENCE>
    <ACTION_OCCURRENCE m_id="15" comment="" climaxEvent="FALSE">
      <token_anchor t_id="158"/>
      <token_anchor t_id="159"/>
    </ACTION_OCCURRENCE>
    <ACTION_OCCURRENCE m_id="16" comment="" climaxEvent="FALSE">
      <token_anchor t_id="173"/>
    </ACTION_OCCURRENCE>
    <ACTION_OCCURRENCE m_id="17" comment="" climaxEvent="FALSE">
      <token_anchor t_id="184"/>
    </ACTION_OCCURRENCE>
    <ACTION_OCCURRENCE m_id="18" comment="" climaxEvent="FALSE">
      <token_anchor t_id="190"/>
    </ACTION_OCCURRENCE>
    <ACTION_OCCURRENCE m_id="19" comment="" climaxEvent="FALSE">
      <token_anchor t_id="194"/>
    </ACTION_OCCURRENCE>
    <ACTION_STATE m_id="20" climaxEvent="FALSE" comment="">
      <token_anchor t_id="212"/>
    </ACTION_STATE>
    <ACTION_STATE m_id="21" climaxEvent="FALSE" comment="">
      <token_anchor t_id="83"/>
    </ACTION_STATE>
    <ACTION_STATE m_id="22" climaxEvent="FALSE" comment="">
      <token_anchor t_id="92"/>
    </ACTION_STATE>
    <ACTION_STATE m_id="23" climaxEvent="FALSE" comment="">
      <token_anchor t_id="174"/>
    </ACTION_STATE>
    <ACTION_STATE m_id="24" climaxEvent="FALSE" comment="">
      <token_anchor t_id="185"/>
    </ACTION_STATE>
    <ACTION_STATE m_id="57" climaxEvent="FALSE" comment="">
      <token_anchor t_id="192"/>
    </ACTION_STATE>
    <HUMAN_PART_PER m_id="29" comment="">
      <token_anchor t_id="136"/>
      <token_anchor t_id="137"/>
    </HUMAN_PART_PER>
    <HUMAN_PART_PER m_id="30" comment="">
      <token_anchor t_id="156"/>
    </HUMAN_PART_PER>
    <HUMAN_PART_PER m_id="31" comment="">
      <token_anchor t_id="166"/>
      <token_anchor t_id="167"/>
    </HUMAN_PART_PER>
    <HUMAN_PART_PER m_id="32" comment="">
      <token_anchor t_id="169"/>
      <token_anchor t_id="170"/>
    </HUMAN_PART_PER>
    <HUMAN_PART_PER m_id="33" comment="">
      <token_anchor t_id="187"/>
      <token_anchor t_id="188"/>
    </HUMAN_PART_PER>
    <HUMAN_PART_PER m_id="34" comment="">
      <token_anchor t_id="198"/>
    </HUMAN_PART_PER>
    <HUMAN_PART_PER m_id="35" comment="">
      <token_anchor t_id="209"/>
      <token_anchor t_id="210"/>
    </HUMAN_PART_PER>
    <HUMAN_PART_PER m_id="36" comment="">
      <token_anchor t_id="215"/>
    </HUMAN_PART_PER>
    <HUMAN_PART_PER m_id="37" comment="">
      <token_anchor t_id="220"/>
    </HUMAN_PART_PER>
    <HUMAN_PART_PER m_id="38" comment="">
      <token_anchor t_id="226"/>
    </HUMAN_PART_PER>
    <HUMAN_PART_PER m_id="39" comment="">
      <token_anchor t_id="222"/>
      <token_anchor t_id="223"/>
    </HUMAN_PART_PER>
    <HUMAN_PART_PER m_id="40" comment="">
      <token_anchor t_id="228"/>
      <token_anchor t_id="229"/>
    </HUMAN_PART_PER>
    <HUMAN_PART_PER m_id="41" comment="">
      <token_anchor t_id="31"/>
    </HUMAN_PART_PER>
    <HUMAN_PART_PER m_id="42" comment="">
      <token_anchor t_id="36"/>
      <token_anchor t_id="37"/>
    </HUMAN_PART_PER>
    <HUMAN_PART_PER m_id="43" comment="">
      <token_anchor t_id="52"/>
    </HUMAN_PART_PER>
    <HUMAN_PART_PER m_id="44" comment="">
      <token_anchor t_id="54"/>
    </HUMAN_PART_PER>
    <HUMAN_PART_PER m_id="45" comment="">
      <token_anchor t_id="56"/>
      <token_anchor t_id="57"/>
    </HUMAN_PART_PER>
    <HUMAN_PART_PER m_id="46" comment="">
      <token_anchor t_id="67"/>
      <token_anchor t_id="68"/>
    </HUMAN_PART_PER>
    <HUMAN_PART_PER m_id="47" comment="">
      <token_anchor t_id="77"/>
    </HUMAN_PART_PER>
    <HUMAN_PART_PER m_id="48" comment="">
      <token_anchor t_id="81"/>
    </HUMAN_PART_PER>
    <HUMAN_PART_PER m_id="25" comment="">
      <token_anchor t_id="85"/>
    </HUMAN_PART_PER>
    <HUMAN_PART_PER m_id="26" comment="">
      <token_anchor t_id="88"/>
    </HUMAN_PART_PER>
    <HUMAN_PART_PER m_id="27" comment="">
      <token_anchor t_id="109"/>
      <token_anchor t_id="110"/>
    </HUMAN_PART_PER>
    <HUMAN_PART_PER m_id="28" comment="">
      <token_anchor t_id="130"/>
      <token_anchor t_id="131"/>
    </HUMAN_PART_PER>
    <LOC_FAC m_id="49">
      <token_anchor t_id="160"/>
      <token_anchor t_id="161"/>
      <token_anchor t_id="162"/>
      <token_anchor t_id="163"/>
      <token_anchor t_id="164"/>
    </LOC_FAC>
    <LOC_FAC m_id="50">
      <token_anchor t_id="165"/>
    </LOC_FAC>
    <LOC_FAC m_id="51">
      <token_anchor t_id="201"/>
      <token_anchor t_id="202"/>
      <token_anchor t_id="203"/>
      <token_anchor t_id="204"/>
      <token_anchor t_id="205"/>
    </LOC_FAC>
    <LOC_GEO m_id="52" comment="">
      <token_anchor t_id="93"/>
      <token_anchor t_id="94"/>
    </LOC_GEO>
    <NON_HUMAN_PART m_id="53" comment="">
      <token_anchor t_id="176"/>
    </NON_HUMAN_PART>
    <NON_HUMAN_PART m_id="54" comment="">
      <token_anchor t_id="182"/>
    </NON_HUMAN_PART>
    <TIME_OF_THE_DAY m_id="55" DCT="FALSE" value="2013-06-10" anchorTimeID="56">
      <token_anchor t_id="206"/>
      <token_anchor t_id="207"/>
    </TIME_OF_THE_DAY>
    <TIME_OF_THE_DAY m_id="56" DCT="FALSE" value="2013-06-08T08:39" anchorTimeID="">
      <token_anchor t_id="146"/>
      <token_anchor t_id="147"/>
      <token_anchor t_id="148"/>
      <token_anchor t_id="149"/>
      <token_anchor t_id="150"/>
      <token_anchor t_id="151"/>
      <token_anchor t_id="152"/>
      <token_anchor t_id="153"/>
      <token_anchor t_id="154"/>
      <token_anchor t_id="155"/>
    </TIME_OF_THE_DAY>
    <TIME_OF_THE_DAY m_id="58" DCT="FALSE" value="2013-06-08" anchorTimeID="72">
      <token_anchor t_id="74"/>
      <token_anchor t_id="75"/>
    </TIME_OF_THE_DAY>
    <TIME_OF_THE_DAY m_id="59" DCT="FALSE" value="2013-06-08" anchorTimeID="56">
      <token_anchor t_id="95"/>
      <token_anchor t_id="96"/>
    </TIME_OF_THE_DAY>
    <ACTION_OCCURRENCE m_id="60" RELATED_TO="" TAG_DESCRIPTOR="t32_bodies_found" comment="" climaxEvent="FALSE"/>
    <HUMAN_PART_PER m_id="61" RELATED_TO="" TAG_DESCRIPTOR="t32_sister" comment=""/>
    <HUMAN_PART_PER m_id="62" RELATED_TO="" TAG_DESCRIPTOR="t32_police" comment=""/>
    <TIME_OF_THE_DAY m_id="63" RELATED_TO="" TAG_DESCRIPTOR="t32_9_june_bodies_found" value="" anchorTimeID="" DCT="FALSE"/>
    <HUMAN_PART_PER m_id="64" RELATED_TO="" TAG_DESCRIPTOR="t32_john_jenkin" comment=""/>
    <ACTION_OCCURRENCE m_id="65" RELATED_TO="" TAG_DESCRIPTOR="t32_john_arrested" comment="" climaxEvent="FALSE"/>
    <ACTION_OCCURRENCE m_id="66" RELATED_TO="" TAG_DESCRIPTOR="t32_police_called" comment="" climaxEvent="FALSE"/>
    <ACTION_STATE m_id="67" RELATED_TO="" TAG_DESCRIPTOR="t32_suspicion_of_murder" climaxEvent="FALSE" comment=""/>
    <ACTION_OCCURRENCE m_id="68" RELATED_TO="" TAG_DESCRIPTOR="t32_charges_of_murder" comment="" climaxEvent="FALSE"/>
    <LOC_FAC m_id="69" RELATED_TO="" TAG_DESCRIPTOR="t32_cumbria_home"/>
    <HUMAN_PART_PER m_id="70" RELATED_TO="" TAG_DESCRIPTOR="t32_mother" comment=""/>
    <ACTION_OCCURRENCE m_id="71" RELATED_TO="" TAG_DESCRIPTOR="t32_double_murder" comment="" climaxEvent="FALSE"/>
    <TIME_DATE m_id="72" RELATED_TO="" TAG_DESCRIPTOR="t_2013-06-10" comment="" DCT="TRUE" value="2013-06-10" anchorTimeID=""/>
  </Markables>
  <Relations>
    <TLINK r_id="209362" contextualModality="" relType="AFTER" comment="">
      <source m_id="72"/>
      <target m_id="5"/>
    </TLINK>
    <TLINK r_id="209363" contextualModality="" relType="AFTER" comment="">
      <source m_id="72"/>
      <target m_id="7"/>
    </TLINK>
    <TLINK r_id="209364" contextualModality="" relType="AFTER" comment="">
      <source m_id="72"/>
      <target m_id="3"/>
    </TLINK>
    <TLINK r_id="209365" contextualModality="" relType="AFTER" comment="">
      <source m_id="72"/>
      <target m_id="4"/>
    </TLINK>
    <TLINK r_id="209366" contextualModality="" relType="AFTER" comment="">
      <source m_id="72"/>
      <target m_id="6"/>
    </TLINK>
    <TLINK r_id="209367" contextualModality="" relType="AFTER" comment="">
      <source m_id="72"/>
      <target m_id="9"/>
    </TLINK>
    <TLINK r_id="209368" contextualModality="" relType="AFTER" comment="">
      <source m_id="72"/>
      <target m_id="8"/>
    </TLINK>
    <TLINK r_id="209369" contextualModality="" relType="AFTER" comment="">
      <source m_id="72"/>
      <target m_id="21"/>
    </TLINK>
    <TLINK r_id="209370" contextualModality="" relType="AFTER" comment="">
      <source m_id="72"/>
      <target m_id="10"/>
    </TLINK>
    <TLINK r_id="209371" contextualModality="" relType="AFTER" comment="">
      <source m_id="72"/>
      <target m_id="22"/>
    </TLINK>
    <TLINK r_id="209372" contextualModality="" relType="AFTER" comment="">
      <source m_id="72"/>
      <target m_id="11"/>
    </TLINK>
    <TLINK r_id="209373" contextualModality="" relType="AFTER" comment="">
      <source m_id="72"/>
      <target m_id="11"/>
    </TLINK>
    <TLINK r_id="209375" contextualModality="" relType="AFTER" comment="">
      <source m_id="72"/>
      <target m_id="12"/>
    </TLINK>
    <TLINK r_id="209376" contextualModality="" relType="AFTER" comment="">
      <source m_id="72"/>
      <target m_id="13"/>
    </TLINK>
    <TLINK r_id="209377" contextualModality="" relType="AFTER" comment="">
      <source m_id="72"/>
      <target m_id="14"/>
    </TLINK>
    <TLINK r_id="209378" contextualModality="" relType="AFTER" comment="">
      <source m_id="72"/>
      <target m_id="15"/>
    </TLINK>
    <TLINK r_id="209380" contextualModality="" relType="AFTER" comment="">
      <source m_id="72"/>
      <target m_id="16"/>
    </TLINK>
    <TLINK r_id="209381" contextualModality="" relType="AFTER" comment="">
      <source m_id="72"/>
      <target m_id="23"/>
    </TLINK>
    <TLINK r_id="209382" contextualModality="" relType="AFTER" comment="">
      <source m_id="72"/>
      <target m_id="2"/>
    </TLINK>
    <TLINK r_id="209383" contextualModality="" relType="AFTER" comment="">
      <source m_id="72"/>
      <target m_id="17"/>
    </TLINK>
    <TLINK r_id="209384" contextualModality="" relType="AFTER" comment="">
      <source m_id="72"/>
      <target m_id="24"/>
    </TLINK>
    <TLINK r_id="209385" contextualModality="" relType="AFTER" comment="">
      <source m_id="72"/>
      <target m_id="18"/>
    </TLINK>
    <TLINK r_id="209408" contextualModality="" relType="AFTER" comment="">
      <source m_id="72"/>
      <target m_id="57"/>
    </TLINK>
    <TLINK r_id="209409" contextualModality="" relType="AFTER" comment="">
      <source m_id="72"/>
      <target m_id="19"/>
    </TLINK>
    <TLINK r_id="209410" contextualModality="" relType="AFTER" comment="">
      <source m_id="72"/>
      <target m_id="1"/>
    </TLINK>
    <TLINK r_id="209411" contextualModality="" relType="AFTER" comment="">
      <source m_id="72"/>
      <target m_id="20"/>
    </TLINK>
    <TLINK r_id="209412" contextualModality="" relType="CONTAINS" comment="">
      <source m_id="58"/>
      <target m_id="6"/>
    </TLINK>
    <TLINK r_id="209413" contextualModality="" relType="CONTAINS" comment="">
      <source m_id="58"/>
      <target m_id="3"/>
    </TLINK>
    <TLINK r_id="209414" contextualModality="" relType="CONTAINS" comment="">
      <source m_id="58"/>
      <target m_id="4"/>
    </TLINK>
    <TLINK r_id="209415" contextualModality="" relType="CONTAINS" comment="">
      <source m_id="58"/>
      <target m_id="5"/>
    </TLINK>
    <TLINK r_id="209416" contextualModality="" relType="CONTAINS" comment="">
      <source m_id="58"/>
      <target m_id="7"/>
    </TLINK>
    <TLINK r_id="209417" contextualModality="" relType="CONTAINS" comment="">
      <source m_id="58"/>
      <target m_id="9"/>
    </TLINK>
    <TLINK r_id="209418" contextualModality="" relType="CONTAINS" comment="">
      <source m_id="58"/>
      <target m_id="21"/>
    </TLINK>
    <TLINK r_id="209419" contextualModality="" relType="CONTAINS" comment="">
      <source m_id="58"/>
      <target m_id="22"/>
    </TLINK>
    <TLINK r_id="209420" contextualModality="" relType="CONTAINS" comment="">
      <source m_id="58"/>
      <target m_id="11"/>
    </TLINK>
    <TLINK r_id="209421" contextualModality="" relType="CONTAINS" comment="">
      <source m_id="58"/>
      <target m_id="12"/>
    </TLINK>
    <TLINK r_id="209422" contextualModality="" relType="CONTAINS" comment="">
      <source m_id="58"/>
      <target m_id="14"/>
    </TLINK>
    <TLINK r_id="209423" contextualModality="" relType="CONTAINS" comment="">
      <source m_id="58"/>
      <target m_id="15"/>
    </TLINK>
    <TLINK r_id="209424" contextualModality="" relType="CONTAINS" comment="">
      <source m_id="58"/>
      <target m_id="13"/>
    </TLINK>
    <TLINK r_id="209425" contextualModality="" relType="CONTAINS" comment="">
      <source m_id="56"/>
      <target m_id="15"/>
    </TLINK>
    <TLINK r_id="209426" contextualModality="" relType="CONTAINS" comment="">
      <source m_id="56"/>
      <target m_id="16"/>
    </TLINK>
    <TLINK r_id="209427" contextualModality="" relType="CONTAINS" comment="">
      <source m_id="56"/>
      <target m_id="8"/>
    </TLINK>
    <TLINK r_id="209428" contextualModality="" relType="CONTAINS" comment="">
      <source m_id="56"/>
      <target m_id="10"/>
    </TLINK>
    <TLINK r_id="209429" contextualModality="" relType="CONTAINS" comment="">
      <source m_id="56"/>
      <target m_id="23"/>
    </TLINK>
    <TLINK r_id="209446" contextualModality="" relType="AFTER" comment="">
      <source m_id="56"/>
      <target m_id="2"/>
    </TLINK>
    <TLINK r_id="209448" contextualModality="" relType="CONTAINS" comment="">
      <source m_id="55"/>
      <target m_id="1"/>
    </TLINK>
    <TLINK r_id="209451" contextualModality="" relType="BEFORE" comment="">
      <source m_id="56"/>
      <target m_id="18"/>
    </TLINK>
    <TLINK r_id="209452" contextualModality="" relType="BEFORE" comment="">
      <source m_id="56"/>
      <target m_id="57"/>
    </TLINK>
    <TLINK r_id="209453" contextualModality="" relType="AFTER" comment="">
      <source m_id="56"/>
      <target m_id="19"/>
    </TLINK>
    <PLOT_LINK r_id="209456" SIGNAL="" relType="FALLING_ACTION" CAUSES="FALSE" CAUSED_BY="FALSE">
      <source m_id="3"/>
      <target m_id="4"/>
    </PLOT_LINK>
    <PLOT_LINK r_id="209458" SIGNAL="" relType="PRECONDITION" CAUSES="FALSE" CAUSED_BY="FALSE">
      <source m_id="5"/>
      <target m_id="3"/>
    </PLOT_LINK>
    <PLOT_LINK r_id="209464" SIGNAL="" relType="FALLING_ACTION" CAUSES="FALSE" CAUSED_BY="FALSE">
      <source m_id="7"/>
      <target m_id="4"/>
    </PLOT_LINK>
    <PLOT_LINK r_id="209467" SIGNAL="" relType="FALLING_ACTION" CAUSES="FALSE" CAUSED_BY="FALSE">
      <source m_id="9"/>
      <target m_id="21"/>
    </PLOT_LINK>
    <PLOT_LINK r_id="209469" SIGNAL="" relType="FALLING_ACTION" CAUSES="FALSE" CAUSED_BY="FALSE">
      <source m_id="22"/>
      <target m_id="11"/>
    </PLOT_LINK>
    <PLOT_LINK r_id="209490" SIGNAL="" relType="FALLING_ACTION" CAUSES="FALSE" CAUSED_BY="FALSE">
      <source m_id="11"/>
      <target m_id="12"/>
    </PLOT_LINK>
    <PLOT_LINK r_id="209491" SIGNAL="" relType="FALLING_ACTION" CAUSES="FALSE" CAUSED_BY="FALSE">
      <source m_id="13"/>
      <target m_id="14"/>
    </PLOT_LINK>
    <PLOT_LINK r_id="209496" SIGNAL="" relType="FALLING_ACTION" CAUSES="FALSE" CAUSED_BY="FALSE">
      <source m_id="23"/>
      <target m_id="2"/>
    </PLOT_LINK>
    <PLOT_LINK r_id="209499" SIGNAL="" relType="PRECONDITION" CAUSES="FALSE" CAUSED_BY="FALSE">
      <source m_id="15"/>
      <target m_id="16"/>
    </PLOT_LINK>
    <PLOT_LINK r_id="209500" SIGNAL="" relType="PRECONDITION" CAUSES="FALSE" CAUSED_BY="FALSE">
      <source m_id="2"/>
      <target m_id="24"/>
    </PLOT_LINK>
    <PLOT_LINK r_id="209501" SIGNAL="" relType="PRECONDITION" CAUSES="FALSE" CAUSED_BY="FALSE">
      <source m_id="15"/>
      <target m_id="17"/>
    </PLOT_LINK>
    <PLOT_LINK r_id="209502" SIGNAL="" relType="FALLING_ACTION" CAUSES="FALSE" CAUSED_BY="FALSE">
      <source m_id="18"/>
      <target m_id="19"/>
    </PLOT_LINK>
    <PLOT_LINK r_id="209504" SIGNAL="" relType="PRECONDITION" CAUSES="FALSE" CAUSED_BY="FALSE">
      <source m_id="18"/>
      <target m_id="1"/>
    </PLOT_LINK>
  </Relations>
</Document>
