<?xml version='1.0' encoding='UTF-8'?>
<Document doc_name="5_2ecbplus.xml">
  <token t_id="1" sentence="0" number="0">http</token>
  <token t_id="2" sentence="0" number="1">:</token>
  <token t_id="3" sentence="0" number="2">/</token>
  <token t_id="4" sentence="0" number="3">/</token>
  <token t_id="5" sentence="0" number="4">sports</token>
  <token t_id="6" sentence="0" number="5">.</token>
  <token t_id="7" sentence="0" number="6">espn</token>
  <token t_id="8" sentence="0" number="7">.</token>
  <token t_id="9" sentence="0" number="8">go</token>
  <token t_id="10" sentence="0" number="9">.</token>
  <token t_id="11" sentence="0" number="10">com</token>
  <token t_id="12" sentence="0" number="11">/</token>
  <token t_id="13" sentence="0" number="12">nba</token>
  <token t_id="14" sentence="0" number="13">/</token>
  <token t_id="15" sentence="0" number="14">news</token>
  <token t_id="16" sentence="0" number="15">/</token>
  <token t_id="17" sentence="0" number="16">story</token>
  <token t_id="18" sentence="0" number="17">?</token>
  <token t_id="19" sentence="0" number="18">id=2066717</token>
  <token t_id="20" sentence="1" number="0">Mo</token>
  <token t_id="21" sentence="1" number="1">Cheeks</token>
  <token t_id="22" sentence="1" number="2">will</token>
  <token t_id="23" sentence="1" number="3">take</token>
  <token t_id="24" sentence="1" number="4">over</token>
  <token t_id="25" sentence="1" number="5">as</token>
  <token t_id="26" sentence="1" number="6">new</token>
  <token t_id="27" sentence="1" number="7">coach</token>
  <token t_id="28" sentence="2" number="0">Updated</token>
  <token t_id="29" sentence="2" number="1">:</token>
  <token t_id="30" sentence="2" number="2">May</token>
  <token t_id="31" sentence="2" number="3">24</token>
  <token t_id="32" sentence="2" number="4">,</token>
  <token t_id="33" sentence="2" number="5">2005</token>
  <token t_id="34" sentence="2" number="6">,</token>
  <token t_id="35" sentence="2" number="7">3</token>
  <token t_id="36" sentence="2" number="8">:</token>
  <token t_id="37" sentence="2" number="9">23</token>
  <token t_id="38" sentence="2" number="10">PM</token>
  <token t_id="39" sentence="2" number="11">ET</token>
  <token t_id="40" sentence="3" number="0">Maurice</token>
  <token t_id="41" sentence="3" number="1">Cheeks</token>
  <token t_id="42" sentence="3" number="2">is</token>
  <token t_id="43" sentence="3" number="3">running</token>
  <token t_id="44" sentence="3" number="4">the</token>
  <token t_id="45" sentence="3" number="5">show</token>
  <token t_id="46" sentence="3" number="6">again</token>
  <token t_id="47" sentence="3" number="7">for</token>
  <token t_id="48" sentence="3" number="8">the</token>
  <token t_id="49" sentence="3" number="9">Philadelphia</token>
  <token t_id="50" sentence="3" number="10">76ers</token>
  <token t_id="51" sentence="3" number="11">.</token>
  <token t_id="52" sentence="4" number="0">In</token>
  <token t_id="53" sentence="4" number="1">a</token>
  <token t_id="54" sentence="4" number="2">surprising</token>
  <token t_id="55" sentence="4" number="3">move</token>
  <token t_id="56" sentence="4" number="4">nearly</token>
  <token t_id="57" sentence="4" number="5">three</token>
  <token t_id="58" sentence="4" number="6">weeks</token>
  <token t_id="59" sentence="4" number="7">following</token>
  <token t_id="60" sentence="4" number="8">the</token>
  <token t_id="61" sentence="4" number="9">end</token>
  <token t_id="62" sentence="4" number="10">of</token>
  <token t_id="63" sentence="4" number="11">their</token>
  <token t_id="64" sentence="4" number="12">season</token>
  <token t_id="65" sentence="4" number="13">,</token>
  <token t_id="66" sentence="4" number="14">the</token>
  <token t_id="67" sentence="4" number="15">Sixers</token>
  <token t_id="68" sentence="4" number="16">fired</token>
  <token t_id="69" sentence="4" number="17">Jim</token>
  <token t_id="70" sentence="4" number="18">O'Brien</token>
  <token t_id="71" sentence="4" number="19">on</token>
  <token t_id="72" sentence="4" number="20">Monday</token>
  <token t_id="73" sentence="4" number="21">after</token>
  <token t_id="74" sentence="4" number="22">one</token>
  <token t_id="75" sentence="4" number="23">season</token>
  <token t_id="76" sentence="4" number="24">as</token>
  <token t_id="77" sentence="4" number="25">coach</token>
  <token t_id="78" sentence="4" number="26">and</token>
  <token t_id="79" sentence="4" number="27">replaced</token>
  <token t_id="80" sentence="4" number="28">him</token>
  <token t_id="81" sentence="4" number="29">with</token>
  <token t_id="82" sentence="4" number="30">Cheeks</token>
  <token t_id="83" sentence="4" number="31">,</token>
  <token t_id="84" sentence="4" number="32">one</token>
  <token t_id="85" sentence="4" number="33">of</token>
  <token t_id="86" sentence="4" number="34">the</token>
  <token t_id="87" sentence="4" number="35">most</token>
  <token t_id="88" sentence="4" number="36">popular</token>
  <token t_id="89" sentence="4" number="37">players</token>
  <token t_id="90" sentence="4" number="38">in</token>
  <token t_id="91" sentence="4" number="39">franchise</token>
  <token t_id="92" sentence="4" number="40">history</token>
  <token t_id="93" sentence="4" number="41">.</token>
  <token t_id="94" sentence="5" number="0">"Mo</token>
  <token t_id="95" sentence="5" number="1">is</token>
  <token t_id="96" sentence="5" number="2">family</token>
  <token t_id="97" sentence="5" number="3">.</token>
  <token t_id="98" sentence="6" number="0">Mo</token>
  <token t_id="99" sentence="6" number="1">bleeds</token>
  <token t_id="100" sentence="6" number="2">76ers</token>
  <token t_id="101" sentence="6" number="3">.</token>
  <token t_id="102" sentence="6" number="4">He</token>
  <token t_id="103" sentence="6" number="5">bleeds</token>
  <token t_id="104" sentence="6" number="6">Philadelphia</token>
  <token t_id="105" sentence="6" number="7">,</token>
  <token t_id="106" sentence="6" number="8">"</token>
  <token t_id="107" sentence="6" number="9">team</token>
  <token t_id="108" sentence="6" number="10">president</token>
  <token t_id="109" sentence="6" number="11">Billy</token>
  <token t_id="110" sentence="6" number="12">King</token>
  <token t_id="111" sentence="6" number="13">said</token>
  <token t_id="112" sentence="6" number="14">.</token>
  <token t_id="113" sentence="7" number="0">Cheeks</token>
  <token t_id="114" sentence="7" number="1">will</token>
  <token t_id="115" sentence="7" number="2">be</token>
  <token t_id="116" sentence="7" number="3">introduced</token>
  <token t_id="117" sentence="7" number="4">as</token>
  <token t_id="118" sentence="7" number="5">Philadelphia's</token>
  <token t_id="119" sentence="7" number="6">21st</token>
  <token t_id="120" sentence="7" number="7">head</token>
  <token t_id="121" sentence="7" number="8">coach</token>
  <token t_id="122" sentence="7" number="9">at</token>
  <token t_id="123" sentence="7" number="10">a</token>
  <token t_id="124" sentence="7" number="11">Tuesday</token>
  <token t_id="125" sentence="7" number="12">news</token>
  <token t_id="126" sentence="7" number="13">conference</token>
  <token t_id="127" sentence="7" number="14">.</token>
  <token t_id="128" sentence="8" number="0">Philadelphia</token>
  <token t_id="129" sentence="8" number="1">is</token>
  <token t_id="130" sentence="8" number="2">certainly</token>
  <token t_id="131" sentence="8" number="3">banking</token>
  <token t_id="132" sentence="8" number="4">on</token>
  <token t_id="133" sentence="8" number="5">the</token>
  <token t_id="134" sentence="8" number="6">former</token>
  <token t_id="135" sentence="8" number="7">point</token>
  <token t_id="136" sentence="8" number="8">guard</token>
  <token t_id="137" sentence="8" number="9">to</token>
  <token t_id="138" sentence="8" number="10">have</token>
  <token t_id="139" sentence="8" number="11">a</token>
  <token t_id="140" sentence="8" number="12">happier</token>
  <token t_id="141" sentence="8" number="13">homecoming</token>
  <token t_id="142" sentence="8" number="14">than</token>
  <token t_id="143" sentence="8" number="15">O'Brien</token>
  <token t_id="144" sentence="8" number="16">,</token>
  <token t_id="145" sentence="8" number="17">a</token>
  <token t_id="146" sentence="8" number="18">Philadelphia</token>
  <token t_id="147" sentence="8" number="19">native</token>
  <token t_id="148" sentence="8" number="20">who</token>
  <token t_id="149" sentence="8" number="21">played</token>
  <token t_id="150" sentence="8" number="22">for</token>
  <token t_id="151" sentence="8" number="23">Saint</token>
  <token t_id="152" sentence="8" number="24">Joseph's</token>
  <token t_id="153" sentence="8" number="25">.</token>
  <token t_id="154" sentence="9" number="0">O'Brien's</token>
  <token t_id="155" sentence="9" number="1">stubbornness</token>
  <token t_id="156" sentence="9" number="2">and</token>
  <token t_id="157" sentence="9" number="3">seemingly</token>
  <token t_id="158" sentence="9" number="4">unwavering</token>
  <token t_id="159" sentence="9" number="5">belief</token>
  <token t_id="160" sentence="9" number="6">in</token>
  <token t_id="161" sentence="9" number="7">a</token>
  <token t_id="162" sentence="9" number="8">system</token>
  <token t_id="163" sentence="9" number="9">that</token>
  <token t_id="164" sentence="9" number="10">didn't</token>
  <token t_id="165" sentence="9" number="11">fit</token>
  <token t_id="166" sentence="9" number="12">his</token>
  <token t_id="167" sentence="9" number="13">players</token>
  <token t_id="168" sentence="9" number="14">cost</token>
  <token t_id="169" sentence="9" number="15">him</token>
  <token t_id="170" sentence="9" number="16">his</token>
  <token t_id="171" sentence="9" number="17">job</token>
  <token t_id="172" sentence="9" number="18">despite</token>
  <token t_id="173" sentence="9" number="19">a</token>
  <token t_id="174" sentence="9" number="20">43</token>
  <token t_id="175" sentence="9" number="21">-</token>
  <token t_id="176" sentence="9" number="22">39</token>
  <token t_id="177" sentence="9" number="23">record</token>
  <token t_id="178" sentence="9" number="24">and</token>
  <token t_id="179" sentence="9" number="25">a</token>
  <token t_id="180" sentence="9" number="26">return</token>
  <token t_id="181" sentence="9" number="27">to</token>
  <token t_id="182" sentence="9" number="28">the</token>
  <token t_id="183" sentence="9" number="29">playoffs</token>
  <token t_id="184" sentence="9" number="30">.</token>
  <token t_id="185" sentence="10" number="0">"I</token>
  <token t_id="186" sentence="10" number="1">just</token>
  <token t_id="187" sentence="10" number="2">felt</token>
  <token t_id="188" sentence="10" number="3">the</token>
  <token t_id="189" sentence="10" number="4">direction</token>
  <token t_id="190" sentence="10" number="5">we</token>
  <token t_id="191" sentence="10" number="6">were</token>
  <token t_id="192" sentence="10" number="7">going</token>
  <token t_id="193" sentence="10" number="8">and</token>
  <token t_id="194" sentence="10" number="9">the</token>
  <token t_id="195" sentence="10" number="10">overall</token>
  <token t_id="196" sentence="10" number="11">play</token>
  <token t_id="197" sentence="10" number="12">wasn't</token>
  <token t_id="198" sentence="10" number="13">where</token>
  <token t_id="199" sentence="10" number="14">we</token>
  <token t_id="200" sentence="10" number="15">wanted</token>
  <token t_id="201" sentence="10" number="16">to</token>
  <token t_id="202" sentence="10" number="17">go</token>
  <token t_id="203" sentence="10" number="18">,</token>
  <token t_id="204" sentence="10" number="19">"</token>
  <token t_id="205" sentence="10" number="20">King</token>
  <token t_id="206" sentence="10" number="21">said</token>
  <token t_id="207" sentence="10" number="22">.</token>
  <token t_id="208" sentence="11" number="0">O'Brien</token>
  <token t_id="209" sentence="11" number="1">just</token>
  <token t_id="210" sentence="11" number="2">finished</token>
  <token t_id="211" sentence="11" number="3">the</token>
  <token t_id="212" sentence="11" number="4">first</token>
  <token t_id="213" sentence="11" number="5">year</token>
  <token t_id="214" sentence="11" number="6">of</token>
  <token t_id="215" sentence="11" number="7">a</token>
  <token t_id="216" sentence="11" number="8">three</token>
  <token t_id="217" sentence="11" number="9">-</token>
  <token t_id="218" sentence="11" number="10">year</token>
  <token t_id="219" sentence="11" number="11">deal</token>
  <token t_id="220" sentence="11" number="12">that</token>
  <token t_id="221" sentence="11" number="13">included</token>
  <token t_id="222" sentence="11" number="14">an</token>
  <token t_id="223" sentence="11" number="15">option</token>
  <token t_id="224" sentence="11" number="16">and</token>
  <token t_id="225" sentence="11" number="17">paid</token>
  <token t_id="226" sentence="11" number="18">him</token>
  <token t_id="227" sentence="11" number="19">about</token>
  <token t_id="228" sentence="11" number="20">$4</token>
  <token t_id="229" sentence="11" number="21">million</token>
  <token t_id="230" sentence="11" number="22">a</token>
  <token t_id="231" sentence="11" number="23">year</token>
  <token t_id="232" sentence="11" number="24">.</token>
  <token t_id="233" sentence="12" number="0">O'Brien</token>
  <token t_id="234" sentence="12" number="1">,</token>
  <token t_id="235" sentence="12" number="2">though</token>
  <token t_id="236" sentence="12" number="3">,</token>
  <token t_id="237" sentence="12" number="4">was</token>
  <token t_id="238" sentence="12" number="5">not</token>
  <token t_id="239" sentence="12" number="6">very</token>
  <token t_id="240" sentence="12" number="7">popular</token>
  <token t_id="241" sentence="12" number="8">with</token>
  <token t_id="242" sentence="12" number="9">his</token>
  <token t_id="243" sentence="12" number="10">players</token>
  <token t_id="244" sentence="12" number="11">-</token>
  <token t_id="245" sentence="12" number="12">-</token>
  <token t_id="246" sentence="12" number="13">most</token>
  <token t_id="247" sentence="12" number="14">notably</token>
  <token t_id="248" sentence="12" number="15">former</token>
  <token t_id="249" sentence="12" number="16">All</token>
  <token t_id="250" sentence="12" number="17">-</token>
  <token t_id="251" sentence="12" number="18">Star</token>
  <token t_id="252" sentence="12" number="19">Chris</token>
  <token t_id="253" sentence="12" number="20">Webber</token>
  <token t_id="254" sentence="12" number="21">-</token>
  <token t_id="255" sentence="12" number="22">-</token>
  <token t_id="256" sentence="12" number="23">who</token>
  <token t_id="257" sentence="12" number="24">often</token>
  <token t_id="258" sentence="12" number="25">complained</token>
  <token t_id="259" sentence="12" number="26">about</token>
  <token t_id="260" sentence="12" number="27">their</token>
  <token t_id="261" sentence="12" number="28">roles</token>
  <token t_id="262" sentence="12" number="29">.</token>
  <token t_id="263" sentence="13" number="0">King</token>
  <token t_id="264" sentence="13" number="1">said</token>
  <token t_id="265" sentence="13" number="2">after</token>
  <token t_id="266" sentence="13" number="3">the</token>
  <token t_id="267" sentence="13" number="4">Sixers</token>
  <token t_id="268" sentence="13" number="5">were</token>
  <token t_id="269" sentence="13" number="6">eliminated</token>
  <token t_id="270" sentence="13" number="7">in</token>
  <token t_id="271" sentence="13" number="8">the</token>
  <token t_id="272" sentence="13" number="9">first</token>
  <token t_id="273" sentence="13" number="10">round</token>
  <token t_id="274" sentence="13" number="11">of</token>
  <token t_id="275" sentence="13" number="12">the</token>
  <token t_id="276" sentence="13" number="13">playoffs</token>
  <token t_id="277" sentence="13" number="14">by</token>
  <token t_id="278" sentence="13" number="15">Detroit</token>
  <token t_id="279" sentence="13" number="16">that</token>
  <token t_id="280" sentence="13" number="17">he</token>
  <token t_id="281" sentence="13" number="18">planned</token>
  <token t_id="282" sentence="13" number="19">to</token>
  <token t_id="283" sentence="13" number="20">bring</token>
  <token t_id="284" sentence="13" number="21">O'Brien</token>
  <token t_id="285" sentence="13" number="22">back</token>
  <token t_id="286" sentence="13" number="23">.</token>
  <token t_id="287" sentence="14" number="0">After</token>
  <token t_id="288" sentence="14" number="1">meeting</token>
  <token t_id="289" sentence="14" number="2">with</token>
  <token t_id="290" sentence="14" number="3">his</token>
  <token t_id="291" sentence="14" number="4">players</token>
  <token t_id="292" sentence="14" number="5">and</token>
  <token t_id="293" sentence="14" number="6">other</token>
  <token t_id="294" sentence="14" number="7">members</token>
  <token t_id="295" sentence="14" number="8">of</token>
  <token t_id="296" sentence="14" number="9">management</token>
  <token t_id="297" sentence="14" number="10">,</token>
  <token t_id="298" sentence="14" number="11">King</token>
  <token t_id="299" sentence="14" number="12">had</token>
  <token t_id="300" sentence="14" number="13">a</token>
  <token t_id="301" sentence="14" number="14">change</token>
  <token t_id="302" sentence="14" number="15">of</token>
  <token t_id="303" sentence="14" number="16">heart</token>
  <token t_id="304" sentence="14" number="17">and</token>
  <token t_id="305" sentence="14" number="18">decided</token>
  <token t_id="306" sentence="14" number="19">over</token>
  <token t_id="307" sentence="14" number="20">the</token>
  <token t_id="308" sentence="14" number="21">weekend</token>
  <token t_id="309" sentence="14" number="22">he</token>
  <token t_id="310" sentence="14" number="23">had</token>
  <token t_id="311" sentence="14" number="24">to</token>
  <token t_id="312" sentence="14" number="25">make</token>
  <token t_id="313" sentence="14" number="26">a</token>
  <token t_id="314" sentence="14" number="27">change</token>
  <token t_id="315" sentence="14" number="28">.</token>
  <token t_id="316" sentence="15" number="0">Certainly</token>
  <token t_id="317" sentence="15" number="1">,</token>
  <token t_id="318" sentence="15" number="2">King</token>
  <token t_id="319" sentence="15" number="3">knows</token>
  <token t_id="320" sentence="15" number="4">a</token>
  <token t_id="321" sentence="15" number="5">thing</token>
  <token t_id="322" sentence="15" number="6">or</token>
  <token t_id="323" sentence="15" number="7">two</token>
  <token t_id="324" sentence="15" number="8">about</token>
  <token t_id="325" sentence="15" number="9">making</token>
  <token t_id="326" sentence="15" number="10">changes</token>
  <token t_id="327" sentence="15" number="11">-</token>
  <token t_id="328" sentence="15" number="12">-</token>
  <token t_id="329" sentence="15" number="13">Cheeks</token>
  <token t_id="330" sentence="15" number="14">will</token>
  <token t_id="331" sentence="15" number="15">be</token>
  <token t_id="332" sentence="15" number="16">the</token>
  <token t_id="333" sentence="15" number="17">fifth</token>
  <token t_id="334" sentence="15" number="18">Sixers</token>
  <token t_id="335" sentence="15" number="19">coach</token>
  <token t_id="336" sentence="15" number="20">in</token>
  <token t_id="337" sentence="15" number="21">four</token>
  <token t_id="338" sentence="15" number="22">years</token>
  <token t_id="339" sentence="15" number="23">under</token>
  <token t_id="340" sentence="15" number="24">his</token>
  <token t_id="341" sentence="15" number="25">watch</token>
  <token t_id="342" sentence="15" number="26">.</token>
  <token t_id="343" sentence="16" number="0">Larry</token>
  <token t_id="344" sentence="16" number="1">Brown</token>
  <token t_id="345" sentence="16" number="2">left</token>
  <token t_id="346" sentence="16" number="3">for</token>
  <token t_id="347" sentence="16" number="4">Detroit</token>
  <token t_id="348" sentence="16" number="5">following</token>
  <token t_id="349" sentence="16" number="6">the</token>
  <token t_id="350" sentence="16" number="7">2002</token>
  <token t_id="351" sentence="16" number="8">-</token>
  <token t_id="352" sentence="16" number="9">03</token>
  <token t_id="353" sentence="16" number="10">season</token>
  <token t_id="354" sentence="16" number="11">,</token>
  <token t_id="355" sentence="16" number="12">and</token>
  <token t_id="356" sentence="16" number="13">assistant</token>
  <token t_id="357" sentence="16" number="14">Randy</token>
  <token t_id="358" sentence="16" number="15">Ayers</token>
  <token t_id="359" sentence="16" number="16">was</token>
  <token t_id="360" sentence="16" number="17">promoted</token>
  <token t_id="361" sentence="16" number="18">and</token>
  <token t_id="362" sentence="16" number="19">fired</token>
  <token t_id="363" sentence="16" number="20">52</token>
  <token t_id="364" sentence="16" number="21">games</token>
  <token t_id="365" sentence="16" number="22">into</token>
  <token t_id="366" sentence="16" number="23">the</token>
  <token t_id="367" sentence="16" number="24">2003</token>
  <token t_id="368" sentence="16" number="25">-</token>
  <token t_id="369" sentence="16" number="26">04</token>
  <token t_id="370" sentence="16" number="27">season</token>
  <token t_id="371" sentence="16" number="28">before</token>
  <token t_id="372" sentence="16" number="29">he</token>
  <token t_id="373" sentence="16" number="30">was</token>
  <token t_id="374" sentence="16" number="31">replaced</token>
  <token t_id="375" sentence="16" number="32">by</token>
  <token t_id="376" sentence="16" number="33">Chris</token>
  <token t_id="377" sentence="16" number="34">Ford</token>
  <token t_id="378" sentence="16" number="35">.</token>
  <token t_id="379" sentence="17" number="0">"I</token>
  <token t_id="380" sentence="17" number="1">knew</token>
  <token t_id="381" sentence="17" number="2">this</token>
  <token t_id="382" sentence="17" number="3">thing</token>
  <token t_id="383" sentence="17" number="4">was</token>
  <token t_id="384" sentence="17" number="5">coming</token>
  <token t_id="385" sentence="17" number="6">,</token>
  <token t_id="386" sentence="17" number="7">and</token>
  <token t_id="387" sentence="17" number="8">it</token>
  <token t_id="388" sentence="17" number="9">wasn't</token>
  <token t_id="389" sentence="17" number="10">an</token>
  <token t_id="390" sentence="17" number="11">easy</token>
  <token t_id="391" sentence="17" number="12">thing</token>
  <token t_id="392" sentence="17" number="13">for</token>
  <token t_id="393" sentence="17" number="14">anybody</token>
  <token t_id="394" sentence="17" number="15">,</token>
  <token t_id="395" sentence="17" number="16">"</token>
  <token t_id="396" sentence="17" number="17">Brown</token>
  <token t_id="397" sentence="17" number="18">said</token>
  <token t_id="398" sentence="17" number="19">from</token>
  <token t_id="399" sentence="17" number="20">Miami</token>
  <token t_id="400" sentence="17" number="21">before</token>
  <token t_id="401" sentence="17" number="22">coaching</token>
  <token t_id="402" sentence="17" number="23">the</token>
  <token t_id="403" sentence="17" number="24">Pistons</token>
  <token t_id="404" sentence="17" number="25">in</token>
  <token t_id="405" sentence="17" number="26">the</token>
  <token t_id="406" sentence="17" number="27">Eastern</token>
  <token t_id="407" sentence="17" number="28">Conference</token>
  <token t_id="408" sentence="17" number="29">finals</token>
  <token t_id="409" sentence="17" number="30">.</token>
  <token t_id="410" sentence="18" number="0">"Knowing</token>
  <token t_id="411" sentence="18" number="1">Billy</token>
  <token t_id="412" sentence="18" number="2">,</token>
  <token t_id="413" sentence="18" number="3">it's</token>
  <token t_id="414" sentence="18" number="4">not</token>
  <token t_id="415" sentence="18" number="5">easy</token>
  <token t_id="416" sentence="18" number="6">to</token>
  <token t_id="417" sentence="18" number="7">let</token>
  <token t_id="418" sentence="18" number="8">a</token>
  <token t_id="419" sentence="18" number="9">coach</token>
  <token t_id="420" sentence="18" number="10">go</token>
  <token t_id="421" sentence="18" number="11">.</token>
  <token t_id="422" sentence="19" number="0">His</token>
  <token t_id="423" sentence="19" number="1">relationship</token>
  <token t_id="424" sentence="19" number="2">with</token>
  <token t_id="425" sentence="19" number="3">Randy</token>
  <token t_id="426" sentence="19" number="4">was</token>
  <token t_id="427" sentence="19" number="5">pretty</token>
  <token t_id="428" sentence="19" number="6">strong</token>
  <token t_id="429" sentence="19" number="7">.</token>
  <token t_id="430" sentence="20" number="0">I</token>
  <token t_id="431" sentence="20" number="1">think</token>
  <token t_id="432" sentence="20" number="2">it</token>
  <token t_id="433" sentence="20" number="3">was</token>
  <token t_id="434" sentence="20" number="4">hard</token>
  <token t_id="435" sentence="20" number="5">for</token>
  <token t_id="436" sentence="20" number="6">him</token>
  <token t_id="437" sentence="20" number="7">to</token>
  <token t_id="438" sentence="20" number="8">let</token>
  <token t_id="439" sentence="20" number="9">Chris</token>
  <token t_id="440" sentence="20" number="10">go</token>
  <token t_id="441" sentence="20" number="11">.</token>
  <token t_id="442" sentence="21" number="0">He</token>
  <token t_id="443" sentence="21" number="1">was</token>
  <token t_id="444" sentence="21" number="2">excited</token>
  <token t_id="445" sentence="21" number="3">about</token>
  <token t_id="446" sentence="21" number="4">having</token>
  <token t_id="447" sentence="21" number="5">Jimmy</token>
  <token t_id="448" sentence="21" number="6">,</token>
  <token t_id="449" sentence="21" number="7">but</token>
  <token t_id="450" sentence="21" number="8">I</token>
  <token t_id="451" sentence="21" number="9">don't</token>
  <token t_id="452" sentence="21" number="10">think</token>
  <token t_id="453" sentence="21" number="11">it</token>
  <token t_id="454" sentence="21" number="12">ever</token>
  <token t_id="455" sentence="21" number="13">gets</token>
  <token t_id="456" sentence="21" number="14">easy</token>
  <token t_id="457" sentence="21" number="15">.</token>
  <token t_id="458" sentence="21" number="16">"</token>
  <token t_id="459" sentence="22" number="0">Cheeks</token>
  <token t_id="460" sentence="22" number="1">was</token>
  <token t_id="461" sentence="22" number="2">one</token>
  <token t_id="462" sentence="22" number="3">of</token>
  <token t_id="463" sentence="22" number="4">the</token>
  <token t_id="464" sentence="22" number="5">most</token>
  <token t_id="465" sentence="22" number="6">popular</token>
  <token t_id="466" sentence="22" number="7">76ers</token>
  <token t_id="467" sentence="22" number="8">from</token>
  <token t_id="468" sentence="22" number="9">1978</token>
  <token t_id="469" sentence="22" number="10">-</token>
  <token t_id="470" sentence="22" number="11">89</token>
  <token t_id="471" sentence="22" number="12">and</token>
  <token t_id="472" sentence="22" number="13">played</token>
  <token t_id="473" sentence="22" number="14">on</token>
  <token t_id="474" sentence="22" number="15">Philadelphia's</token>
  <token t_id="475" sentence="22" number="16">last</token>
  <token t_id="476" sentence="22" number="17">championship</token>
  <token t_id="477" sentence="22" number="18">team</token>
  <token t_id="478" sentence="22" number="19">in</token>
  <token t_id="479" sentence="22" number="20">1983</token>
  <token t_id="480" sentence="22" number="21">.</token>
  <token t_id="481" sentence="23" number="0">He</token>
  <token t_id="482" sentence="23" number="1">also</token>
  <token t_id="483" sentence="23" number="2">spent</token>
  <token t_id="484" sentence="23" number="3">seven</token>
  <token t_id="485" sentence="23" number="4">seasons</token>
  <token t_id="486" sentence="23" number="5">as</token>
  <token t_id="487" sentence="23" number="6">an</token>
  <token t_id="488" sentence="23" number="7">assistant</token>
  <token t_id="489" sentence="23" number="8">coach</token>
  <token t_id="490" sentence="23" number="9">for</token>
  <token t_id="491" sentence="23" number="10">the</token>
  <token t_id="492" sentence="23" number="11">76ers</token>
  <token t_id="493" sentence="23" number="12">,</token>
  <token t_id="494" sentence="23" number="13">was</token>
  <token t_id="495" sentence="23" number="14">part</token>
  <token t_id="496" sentence="23" number="15">of</token>
  <token t_id="497" sentence="23" number="16">the</token>
  <token t_id="498" sentence="23" number="17">staff</token>
  <token t_id="499" sentence="23" number="18">under</token>
  <token t_id="500" sentence="23" number="19">Brown</token>
  <token t_id="501" sentence="23" number="20">when</token>
  <token t_id="502" sentence="23" number="21">they</token>
  <token t_id="503" sentence="23" number="22">went</token>
  <token t_id="504" sentence="23" number="23">to</token>
  <token t_id="505" sentence="23" number="24">the</token>
  <token t_id="506" sentence="23" number="25">NBA</token>
  <token t_id="507" sentence="23" number="26">Finals</token>
  <token t_id="508" sentence="23" number="27">in</token>
  <token t_id="509" sentence="23" number="28">2001</token>
  <token t_id="510" sentence="23" number="29">and</token>
  <token t_id="511" sentence="23" number="30">developed</token>
  <token t_id="512" sentence="23" number="31">a</token>
  <token t_id="513" sentence="23" number="32">strong</token>
  <token t_id="514" sentence="23" number="33">bond</token>
  <token t_id="515" sentence="23" number="34">with</token>
  <token t_id="516" sentence="23" number="35">Allen</token>
  <token t_id="517" sentence="23" number="36">Iverson</token>
  <token t_id="518" sentence="23" number="37">.</token>
  <token t_id="519" sentence="24" number="0">Cheeks</token>
  <token t_id="520" sentence="24" number="1">was</token>
  <token t_id="521" sentence="24" number="2">fired</token>
  <token t_id="522" sentence="24" number="3">March</token>
  <token t_id="523" sentence="24" number="4">2</token>
  <token t_id="524" sentence="24" number="5">after</token>
  <token t_id="525" sentence="24" number="6">nearly</token>
  <token t_id="526" sentence="24" number="7">four</token>
  <token t_id="527" sentence="24" number="8">seasons</token>
  <token t_id="528" sentence="24" number="9">as</token>
  <token t_id="529" sentence="24" number="10">coach</token>
  <token t_id="530" sentence="24" number="11">of</token>
  <token t_id="531" sentence="24" number="12">the</token>
  <token t_id="532" sentence="24" number="13">Trail</token>
  <token t_id="533" sentence="24" number="14">Blazers</token>
  <token t_id="534" sentence="24" number="15">.</token>
  <token t_id="535" sentence="25" number="0">He</token>
  <token t_id="536" sentence="25" number="1">had</token>
  <token t_id="537" sentence="25" number="2">a</token>
  <token t_id="538" sentence="25" number="3">162</token>
  <token t_id="539" sentence="25" number="4">-</token>
  <token t_id="540" sentence="25" number="5">139</token>
  <token t_id="541" sentence="25" number="6">record</token>
  <token t_id="542" sentence="25" number="7">in</token>
  <token t_id="543" sentence="25" number="8">Portland</token>
  <token t_id="544" sentence="25" number="9">,</token>
  <token t_id="545" sentence="25" number="10">the</token>
  <token t_id="546" sentence="25" number="11">fourth</token>
  <token t_id="547" sentence="25" number="12">-</token>
  <token t_id="548" sentence="25" number="13">highest</token>
  <token t_id="549" sentence="25" number="14">win</token>
  <token t_id="550" sentence="25" number="15">total</token>
  <token t_id="551" sentence="25" number="16">in</token>
  <token t_id="552" sentence="25" number="17">Blazers</token>
  <token t_id="553" sentence="25" number="18">history</token>
  <token t_id="554" sentence="25" number="19">.</token>
  <token t_id="555" sentence="26" number="0">Cheeks</token>
  <token t_id="556" sentence="26" number="1">guided</token>
  <token t_id="557" sentence="26" number="2">the</token>
  <token t_id="558" sentence="26" number="3">team</token>
  <token t_id="559" sentence="26" number="4">to</token>
  <token t_id="560" sentence="26" number="5">the</token>
  <token t_id="561" sentence="26" number="6">playoffs</token>
  <token t_id="562" sentence="26" number="7">his</token>
  <token t_id="563" sentence="26" number="8">first</token>
  <token t_id="564" sentence="26" number="9">two</token>
  <token t_id="565" sentence="26" number="10">seasons</token>
  <token t_id="566" sentence="26" number="11">,</token>
  <token t_id="567" sentence="26" number="12">but</token>
  <token t_id="568" sentence="26" number="13">the</token>
  <token t_id="569" sentence="26" number="14">players</token>
  <token t_id="570" sentence="26" number="15">hardly</token>
  <token t_id="571" sentence="26" number="16">made</token>
  <token t_id="572" sentence="26" number="17">Cheeks'</token>
  <token t_id="573" sentence="26" number="18">tenure</token>
  <token t_id="574" sentence="26" number="19">easy</token>
  <token t_id="575" sentence="26" number="20">-</token>
  <token t_id="576" sentence="26" number="21">-</token>
  <token t_id="577" sentence="26" number="22">on</token>
  <token t_id="578" sentence="26" number="23">or</token>
  <token t_id="579" sentence="26" number="24">off</token>
  <token t_id="580" sentence="26" number="25">the</token>
  <token t_id="581" sentence="26" number="26">court</token>
  <token t_id="582" sentence="26" number="27">.</token>
  <token t_id="583" sentence="27" number="0">The</token>
  <token t_id="584" sentence="27" number="1">team</token>
  <token t_id="585" sentence="27" number="2">was</token>
  <token t_id="586" sentence="27" number="3">nicknamed</token>
  <token t_id="587" sentence="27" number="4">the</token>
  <token t_id="588" sentence="27" number="5">"Jail</token>
  <token t_id="589" sentence="27" number="6">Blazers"</token>
  <token t_id="590" sentence="27" number="7">after</token>
  <token t_id="591" sentence="27" number="8">several</token>
  <token t_id="592" sentence="27" number="9">brushes</token>
  <token t_id="593" sentence="27" number="10">with</token>
  <token t_id="594" sentence="27" number="11">the</token>
  <token t_id="595" sentence="27" number="12">law</token>
  <token t_id="596" sentence="27" number="13">,</token>
  <token t_id="597" sentence="27" number="14">many</token>
  <token t_id="598" sentence="27" number="15">of</token>
  <token t_id="599" sentence="27" number="16">them</token>
  <token t_id="600" sentence="27" number="17">involving</token>
  <token t_id="601" sentence="27" number="18">marijuana</token>
  <token t_id="602" sentence="27" number="19">possession</token>
  <token t_id="603" sentence="27" number="20">.</token>
  <token t_id="604" sentence="28" number="0">"If</token>
  <token t_id="605" sentence="28" number="1">players</token>
  <token t_id="606" sentence="28" number="2">have</token>
  <token t_id="607" sentence="28" number="3">problems</token>
  <token t_id="608" sentence="28" number="4">with</token>
  <token t_id="609" sentence="28" number="5">Mo</token>
  <token t_id="610" sentence="28" number="6">Cheeks</token>
  <token t_id="611" sentence="28" number="7">.</token>
  <token t_id="612" sentence="28" number="8">.</token>
  <token t_id="613" sentence="28" number="9">.</token>
  <token t_id="614" sentence="28" number="10">then</token>
  <token t_id="615" sentence="28" number="11">there's</token>
  <token t_id="616" sentence="28" number="12">got</token>
  <token t_id="617" sentence="28" number="13">to</token>
  <token t_id="618" sentence="28" number="14">be</token>
  <token t_id="619" sentence="28" number="15">something</token>
  <token t_id="620" sentence="28" number="16">wrong</token>
  <token t_id="621" sentence="28" number="17">with</token>
  <token t_id="622" sentence="28" number="18">those</token>
  <token t_id="623" sentence="28" number="19">players</token>
  <token t_id="624" sentence="28" number="20">,</token>
  <token t_id="625" sentence="28" number="21">"</token>
  <token t_id="626" sentence="28" number="22">King</token>
  <token t_id="627" sentence="28" number="23">said</token>
  <token t_id="628" sentence="28" number="24">.</token>
  <token t_id="629" sentence="29" number="0">But</token>
  <token t_id="630" sentence="29" number="1">Cheeks'</token>
  <token t_id="631" sentence="29" number="2">return</token>
  <token t_id="632" sentence="29" number="3">to</token>
  <token t_id="633" sentence="29" number="4">the</token>
  <token t_id="634" sentence="29" number="5">city</token>
  <token t_id="635" sentence="29" number="6">where</token>
  <token t_id="636" sentence="29" number="7">he</token>
  <token t_id="637" sentence="29" number="8">was</token>
  <token t_id="638" sentence="29" number="9">a</token>
  <token t_id="639" sentence="29" number="10">four</token>
  <token t_id="640" sentence="29" number="11">-</token>
  <token t_id="641" sentence="29" number="12">time</token>
  <token t_id="642" sentence="29" number="13">All</token>
  <token t_id="643" sentence="29" number="14">-</token>
  <token t_id="644" sentence="29" number="15">Star</token>
  <token t_id="645" sentence="29" number="16">shouldn't</token>
  <token t_id="646" sentence="29" number="17">come</token>
  <token t_id="647" sentence="29" number="18">as</token>
  <token t_id="648" sentence="29" number="19">a</token>
  <token t_id="649" sentence="29" number="20">surprise</token>
  <token t_id="650" sentence="29" number="21">.</token>
  <token t_id="651" sentence="30" number="0">The</token>
  <token t_id="652" sentence="30" number="1">Trail</token>
  <token t_id="653" sentence="30" number="2">Blazers</token>
  <token t_id="654" sentence="30" number="3">turned</token>
  <token t_id="655" sentence="30" number="4">down</token>
  <token t_id="656" sentence="30" number="5">Philadelphia's</token>
  <token t_id="657" sentence="30" number="6">request</token>
  <token t_id="658" sentence="30" number="7">to</token>
  <token t_id="659" sentence="30" number="8">speak</token>
  <token t_id="660" sentence="30" number="9">to</token>
  <token t_id="661" sentence="30" number="10">Cheeks</token>
  <token t_id="662" sentence="30" number="11">as</token>
  <token t_id="663" sentence="30" number="12">a</token>
  <token t_id="664" sentence="30" number="13">possible</token>
  <token t_id="665" sentence="30" number="14">replacement</token>
  <token t_id="666" sentence="30" number="15">for</token>
  <token t_id="667" sentence="30" number="16">Brown</token>
  <token t_id="668" sentence="30" number="17">,</token>
  <token t_id="669" sentence="30" number="18">but</token>
  <token t_id="670" sentence="30" number="19">the</token>
  <token t_id="671" sentence="30" number="20">former</token>
  <token t_id="672" sentence="30" number="21">point</token>
  <token t_id="673" sentence="30" number="22">guard</token>
  <token t_id="674" sentence="30" number="23">always</token>
  <token t_id="675" sentence="30" number="24">remained</token>
  <token t_id="676" sentence="30" number="25">popular</token>
  <token t_id="677" sentence="30" number="26">with</token>
  <token t_id="678" sentence="30" number="27">Philly</token>
  <token t_id="679" sentence="30" number="28">fans</token>
  <token t_id="680" sentence="30" number="29">and</token>
  <token t_id="681" sentence="30" number="30">was</token>
  <token t_id="682" sentence="30" number="31">at</token>
  <token t_id="683" sentence="30" number="32">the</token>
  <token t_id="684" sentence="30" number="33">top</token>
  <token t_id="685" sentence="30" number="34">of</token>
  <token t_id="686" sentence="30" number="35">the</token>
  <token t_id="687" sentence="30" number="36">Sixers'</token>
  <token t_id="688" sentence="30" number="37">short</token>
  <token t_id="689" sentence="30" number="38">list</token>
  <token t_id="690" sentence="30" number="39">to</token>
  <token t_id="691" sentence="30" number="40">take</token>
  <token t_id="692" sentence="30" number="41">over</token>
  <token t_id="693" sentence="30" number="42">for</token>
  <token t_id="694" sentence="30" number="43">Ford</token>
  <token t_id="695" sentence="30" number="44">.</token>
  <token t_id="696" sentence="31" number="0">Now</token>
  <token t_id="697" sentence="31" number="1">,</token>
  <token t_id="698" sentence="31" number="2">they'll</token>
  <token t_id="699" sentence="31" number="3">get</token>
  <token t_id="700" sentence="31" number="4">their</token>
  <token t_id="701" sentence="31" number="5">wish</token>
  <token t_id="702" sentence="31" number="6">.</token>
  <token t_id="703" sentence="32" number="0">"We</token>
  <token t_id="704" sentence="32" number="1">do</token>
  <token t_id="705" sentence="32" number="2">not</token>
  <token t_id="706" sentence="32" number="3">want</token>
  <token t_id="707" sentence="32" number="4">to</token>
  <token t_id="708" sentence="32" number="5">change</token>
  <token t_id="709" sentence="32" number="6">coaches</token>
  <token t_id="710" sentence="32" number="7">[</token>
  <token t_id="711" sentence="32" number="8">again</token>
  <token t_id="712" sentence="32" number="9">]</token>
  <token t_id="713" sentence="32" number="10">,</token>
  <token t_id="714" sentence="32" number="11">"</token>
  <token t_id="715" sentence="32" number="12">Sixers</token>
  <token t_id="716" sentence="32" number="13">chairman</token>
  <token t_id="717" sentence="32" number="14">Ed</token>
  <token t_id="718" sentence="32" number="15">Snider</token>
  <token t_id="719" sentence="32" number="16">said</token>
  <token t_id="720" sentence="32" number="17">.</token>
  <token t_id="721" sentence="33" number="0">"We've</token>
  <token t_id="722" sentence="33" number="1">seen</token>
  <token t_id="723" sentence="33" number="2">enough</token>
  <token t_id="724" sentence="33" number="3">coaches</token>
  <token t_id="725" sentence="33" number="4">.</token>
  <token t_id="726" sentence="33" number="5">"</token>
  <token t_id="727" sentence="34" number="0">The</token>
  <token t_id="728" sentence="34" number="1">Sixers</token>
  <token t_id="729" sentence="34" number="2">will</token>
  <token t_id="730" sentence="34" number="3">pay</token>
  <token t_id="731" sentence="34" number="4">Ayers</token>
  <token t_id="732" sentence="34" number="5">,</token>
  <token t_id="733" sentence="34" number="6">O'Brien</token>
  <token t_id="734" sentence="34" number="7">and</token>
  <token t_id="735" sentence="34" number="8">Cheeks</token>
  <token t_id="736" sentence="34" number="9">next</token>
  <token t_id="737" sentence="34" number="10">season</token>
  <token t_id="738" sentence="34" number="11">.</token>
  <token t_id="739" sentence="35" number="0">"I</token>
  <token t_id="740" sentence="35" number="1">don't</token>
  <token t_id="741" sentence="35" number="2">think</token>
  <token t_id="742" sentence="35" number="3">it's</token>
  <token t_id="743" sentence="35" number="4">something</token>
  <token t_id="744" sentence="35" number="5">we're</token>
  <token t_id="745" sentence="35" number="6">very</token>
  <token t_id="746" sentence="35" number="7">proud</token>
  <token t_id="747" sentence="35" number="8">of</token>
  <token t_id="748" sentence="35" number="9">,</token>
  <token t_id="749" sentence="35" number="10">but</token>
  <token t_id="750" sentence="35" number="11">I</token>
  <token t_id="751" sentence="35" number="12">don't</token>
  <token t_id="752" sentence="35" number="13">think</token>
  <token t_id="753" sentence="35" number="14">it</token>
  <token t_id="754" sentence="35" number="15">reflects</token>
  <token t_id="755" sentence="35" number="16">poorly</token>
  <token t_id="756" sentence="35" number="17">,</token>
  <token t_id="757" sentence="35" number="18">"</token>
  <token t_id="758" sentence="35" number="19">Snider</token>
  <token t_id="759" sentence="35" number="20">said</token>
  <token t_id="760" sentence="35" number="21">.</token>
  <token t_id="761" sentence="36" number="0">O'Brien</token>
  <token t_id="762" sentence="36" number="1">is</token>
  <token t_id="763" sentence="36" number="2">the</token>
  <token t_id="764" sentence="36" number="3">son</token>
  <token t_id="765" sentence="36" number="4">-</token>
  <token t_id="766" sentence="36" number="5">in</token>
  <token t_id="767" sentence="36" number="6">-</token>
  <token t_id="768" sentence="36" number="7">law</token>
  <token t_id="769" sentence="36" number="8">of</token>
  <token t_id="770" sentence="36" number="9">Hall</token>
  <token t_id="771" sentence="36" number="10">of</token>
  <token t_id="772" sentence="36" number="11">Fame</token>
  <token t_id="773" sentence="36" number="12">coach</token>
  <token t_id="774" sentence="36" number="13">Jack</token>
  <token t_id="775" sentence="36" number="14">Ramsay</token>
  <token t_id="776" sentence="36" number="15">.</token>
  <token t_id="777" sentence="37" number="0">He</token>
  <token t_id="778" sentence="37" number="1">led</token>
  <token t_id="779" sentence="37" number="2">the</token>
  <token t_id="780" sentence="37" number="3">Sixers</token>
  <token t_id="781" sentence="37" number="4">to</token>
  <token t_id="782" sentence="37" number="5">a</token>
  <token t_id="783" sentence="37" number="6">10</token>
  <token t_id="784" sentence="37" number="7">-</token>
  <token t_id="785" sentence="37" number="8">win</token>
  <token t_id="786" sentence="37" number="9">improvement</token>
  <token t_id="787" sentence="37" number="10">from</token>
  <token t_id="788" sentence="37" number="11">a</token>
  <token t_id="789" sentence="37" number="12">year</token>
  <token t_id="790" sentence="37" number="13">ago</token>
  <token t_id="791" sentence="37" number="14">and</token>
  <token t_id="792" sentence="37" number="15">they</token>
  <token t_id="793" sentence="37" number="16">returned</token>
  <token t_id="794" sentence="37" number="17">to</token>
  <token t_id="795" sentence="37" number="18">the</token>
  <token t_id="796" sentence="37" number="19">playoffs</token>
  <token t_id="797" sentence="37" number="20">,</token>
  <token t_id="798" sentence="37" number="21">largely</token>
  <token t_id="799" sentence="37" number="22">on</token>
  <token t_id="800" sentence="37" number="23">the</token>
  <token t_id="801" sentence="37" number="24">back</token>
  <token t_id="802" sentence="37" number="25">of</token>
  <token t_id="803" sentence="37" number="26">a</token>
  <token t_id="804" sentence="37" number="27">healthy</token>
  <token t_id="805" sentence="37" number="28">,</token>
  <token t_id="806" sentence="37" number="29">happy</token>
  <token t_id="807" sentence="37" number="30">Iverson</token>
  <token t_id="808" sentence="37" number="31">.</token>
  <token t_id="809" sentence="38" number="0">While</token>
  <token t_id="810" sentence="38" number="1">O'Brien</token>
  <token t_id="811" sentence="38" number="2">avoided</token>
  <token t_id="812" sentence="38" number="3">public</token>
  <token t_id="813" sentence="38" number="4">spats</token>
  <token t_id="814" sentence="38" number="5">with</token>
  <token t_id="815" sentence="38" number="6">Iverson</token>
  <token t_id="816" sentence="38" number="7">,</token>
  <token t_id="817" sentence="38" number="8">he</token>
  <token t_id="818" sentence="38" number="9">did</token>
  <token t_id="819" sentence="38" number="10">not</token>
  <token t_id="820" sentence="38" number="11">have</token>
  <token t_id="821" sentence="38" number="12">the</token>
  <token t_id="822" sentence="38" number="13">full</token>
  <token t_id="823" sentence="38" number="14">support</token>
  <token t_id="824" sentence="38" number="15">of</token>
  <token t_id="825" sentence="38" number="16">the</token>
  <token t_id="826" sentence="38" number="17">rest</token>
  <token t_id="827" sentence="38" number="18">of</token>
  <token t_id="828" sentence="38" number="19">the</token>
  <token t_id="829" sentence="38" number="20">team</token>
  <token t_id="830" sentence="38" number="21">.</token>
  <token t_id="831" sentence="39" number="0">Some</token>
  <token t_id="832" sentence="39" number="1">of</token>
  <token t_id="833" sentence="39" number="2">the</token>
  <token t_id="834" sentence="39" number="3">younger</token>
  <token t_id="835" sentence="39" number="4">players</token>
  <token t_id="836" sentence="39" number="5">,</token>
  <token t_id="837" sentence="39" number="6">like</token>
  <token t_id="838" sentence="39" number="7">Samuel</token>
  <token t_id="839" sentence="39" number="8">Dalembert</token>
  <token t_id="840" sentence="39" number="9">and</token>
  <token t_id="841" sentence="39" number="10">Willie</token>
  <token t_id="842" sentence="39" number="11">Green</token>
  <token t_id="843" sentence="39" number="12">,</token>
  <token t_id="844" sentence="39" number="13">felt</token>
  <token t_id="845" sentence="39" number="14">they</token>
  <token t_id="846" sentence="39" number="15">did</token>
  <token t_id="847" sentence="39" number="16">not</token>
  <token t_id="848" sentence="39" number="17">develop</token>
  <token t_id="849" sentence="39" number="18">like</token>
  <token t_id="850" sentence="39" number="19">they</token>
  <token t_id="851" sentence="39" number="20">should</token>
  <token t_id="852" sentence="39" number="21">have</token>
  <token t_id="853" sentence="39" number="22">under</token>
  <token t_id="854" sentence="39" number="23">O'Brien</token>
  <token t_id="855" sentence="39" number="24">and</token>
  <token t_id="856" sentence="39" number="25">were</token>
  <token t_id="857" sentence="39" number="26">unsure</token>
  <token t_id="858" sentence="39" number="27">about</token>
  <token t_id="859" sentence="39" number="28">their</token>
  <token t_id="860" sentence="39" number="29">roles</token>
  <token t_id="861" sentence="39" number="30">.</token>
  <token t_id="862" sentence="40" number="0">"In</token>
  <token t_id="863" sentence="40" number="1">looking</token>
  <token t_id="864" sentence="40" number="2">at</token>
  <token t_id="865" sentence="40" number="3">the</token>
  <token t_id="866" sentence="40" number="4">development</token>
  <token t_id="867" sentence="40" number="5">of</token>
  <token t_id="868" sentence="40" number="6">some</token>
  <token t_id="869" sentence="40" number="7">of</token>
  <token t_id="870" sentence="40" number="8">them</token>
  <token t_id="871" sentence="40" number="9">,</token>
  <token t_id="872" sentence="40" number="10">yeah</token>
  <token t_id="873" sentence="40" number="11">,</token>
  <token t_id="874" sentence="40" number="12">I</token>
  <token t_id="875" sentence="40" number="13">wasn't</token>
  <token t_id="876" sentence="40" number="14">pleased</token>
  <token t_id="877" sentence="40" number="15">,</token>
  <token t_id="878" sentence="40" number="16">"</token>
  <token t_id="879" sentence="40" number="17">King</token>
  <token t_id="880" sentence="40" number="18">said</token>
  <token t_id="881" sentence="40" number="19">.</token>
  <token t_id="882" sentence="41" number="0">The</token>
  <token t_id="883" sentence="41" number="1">Sixers</token>
  <token t_id="884" sentence="41" number="2">also</token>
  <token t_id="885" sentence="41" number="3">failed</token>
  <token t_id="886" sentence="41" number="4">to</token>
  <token t_id="887" sentence="41" number="5">really</token>
  <token t_id="888" sentence="41" number="6">understand</token>
  <token t_id="889" sentence="41" number="7">O'Brien's</token>
  <token t_id="890" sentence="41" number="8">defense</token>
  <token t_id="891" sentence="41" number="9">,</token>
  <token t_id="892" sentence="41" number="10">a</token>
  <token t_id="893" sentence="41" number="11">sticking</token>
  <token t_id="894" sentence="41" number="12">point</token>
  <token t_id="895" sentence="41" number="13">even</token>
  <token t_id="896" sentence="41" number="14">in</token>
  <token t_id="897" sentence="41" number="15">the</token>
  <token t_id="898" sentence="41" number="16">postseason</token>
  <token t_id="899" sentence="41" number="17">.</token>
  <token t_id="900" sentence="42" number="0">"Some</token>
  <token t_id="901" sentence="42" number="1">of</token>
  <token t_id="902" sentence="42" number="2">the</token>
  <token t_id="903" sentence="42" number="3">criteria</token>
  <token t_id="904" sentence="42" number="4">on</token>
  <token t_id="905" sentence="42" number="5">our</token>
  <token t_id="906" sentence="42" number="6">defense</token>
  <token t_id="907" sentence="42" number="7">wasn't</token>
  <token t_id="908" sentence="42" number="8">there</token>
  <token t_id="909" sentence="42" number="9">,</token>
  <token t_id="910" sentence="42" number="10">"</token>
  <token t_id="911" sentence="42" number="11">King</token>
  <token t_id="912" sentence="42" number="12">said</token>
  <token t_id="913" sentence="42" number="13">.</token>
  <token t_id="914" sentence="43" number="0">Cheeks</token>
  <token t_id="915" sentence="43" number="1">,</token>
  <token t_id="916" sentence="43" number="2">who</token>
  <token t_id="917" sentence="43" number="3">once</token>
  <token t_id="918" sentence="43" number="4">famously</token>
  <token t_id="919" sentence="43" number="5">came</token>
  <token t_id="920" sentence="43" number="6">to</token>
  <token t_id="921" sentence="43" number="7">the</token>
  <token t_id="922" sentence="43" number="8">rescue</token>
  <token t_id="923" sentence="43" number="9">of</token>
  <token t_id="924" sentence="43" number="10">a</token>
  <token t_id="925" sentence="43" number="11">13</token>
  <token t_id="926" sentence="43" number="12">-</token>
  <token t_id="927" sentence="43" number="13">year</token>
  <token t_id="928" sentence="43" number="14">-</token>
  <token t_id="929" sentence="43" number="15">old</token>
  <token t_id="930" sentence="43" number="16">girl</token>
  <token t_id="931" sentence="43" number="17">who</token>
  <token t_id="932" sentence="43" number="18">forgot</token>
  <token t_id="933" sentence="43" number="19">the</token>
  <token t_id="934" sentence="43" number="20">words</token>
  <token t_id="935" sentence="43" number="21">to</token>
  <token t_id="936" sentence="43" number="22">the</token>
  <token t_id="937" sentence="43" number="23">national</token>
  <token t_id="938" sentence="43" number="24">anthem</token>
  <token t_id="939" sentence="43" number="25">before</token>
  <token t_id="940" sentence="43" number="26">a</token>
  <token t_id="941" sentence="43" number="27">playoff</token>
  <token t_id="942" sentence="43" number="28">game</token>
  <token t_id="943" sentence="43" number="29">,</token>
  <token t_id="944" sentence="43" number="30">now</token>
  <token t_id="945" sentence="43" number="31">hopes</token>
  <token t_id="946" sentence="43" number="32">to</token>
  <token t_id="947" sentence="43" number="33">bail</token>
  <token t_id="948" sentence="43" number="34">out</token>
  <token t_id="949" sentence="43" number="35">his</token>
  <token t_id="950" sentence="43" number="36">former</token>
  <token t_id="951" sentence="43" number="37">team</token>
  <token t_id="952" sentence="43" number="38">and</token>
  <token t_id="953" sentence="43" number="39">bring</token>
  <token t_id="954" sentence="43" number="40">them</token>
  <token t_id="955" sentence="43" number="41">another</token>
  <token t_id="956" sentence="43" number="42">championship</token>
  <token t_id="957" sentence="43" number="43">.</token>
  <token t_id="958" sentence="44" number="0">"Mo</token>
  <token t_id="959" sentence="44" number="1">has</token>
  <token t_id="960" sentence="44" number="2">played</token>
  <token t_id="961" sentence="44" number="3">this</token>
  <token t_id="962" sentence="44" number="4">game</token>
  <token t_id="963" sentence="44" number="5">here</token>
  <token t_id="964" sentence="44" number="6">in</token>
  <token t_id="965" sentence="44" number="7">Philadelphia</token>
  <token t_id="966" sentence="44" number="8">,</token>
  <token t_id="967" sentence="44" number="9">won</token>
  <token t_id="968" sentence="44" number="10">a</token>
  <token t_id="969" sentence="44" number="11">championship</token>
  <token t_id="970" sentence="44" number="12">here</token>
  <token t_id="971" sentence="44" number="13">in</token>
  <token t_id="972" sentence="44" number="14">Philadelphia</token>
  <token t_id="973" sentence="44" number="15">,</token>
  <token t_id="974" sentence="44" number="16">understands</token>
  <token t_id="975" sentence="44" number="17">players</token>
  <token t_id="976" sentence="44" number="18">,</token>
  <token t_id="977" sentence="44" number="19">understands</token>
  <token t_id="978" sentence="44" number="20">defenses</token>
  <token t_id="979" sentence="44" number="21">,</token>
  <token t_id="980" sentence="44" number="22">understands</token>
  <token t_id="981" sentence="44" number="23">the</token>
  <token t_id="982" sentence="44" number="24">way</token>
  <token t_id="983" sentence="44" number="25">I</token>
  <token t_id="984" sentence="44" number="26">think</token>
  <token t_id="985" sentence="44" number="27">we</token>
  <token t_id="986" sentence="44" number="28">want</token>
  <token t_id="987" sentence="44" number="29">to</token>
  <token t_id="988" sentence="44" number="30">play</token>
  <token t_id="989" sentence="44" number="31">,</token>
  <token t_id="990" sentence="44" number="32">"</token>
  <token t_id="991" sentence="44" number="33">King</token>
  <token t_id="992" sentence="44" number="34">said</token>
  <token t_id="993" sentence="44" number="35">.</token>
  <Markables>
    <ACTION_OCCURRENCE m_id="1" comment="" climaxEvent="FALSE">
      <token_anchor t_id="55"/>
    </ACTION_OCCURRENCE>
    <ACTION_OCCURRENCE m_id="66" comment="" climaxEvent="FALSE">
      <token_anchor t_id="631"/>
    </ACTION_OCCURRENCE>
    <ACTION_OCCURRENCE m_id="2" climaxEvent="TRUE" comment="">
      <token_anchor t_id="23"/>
      <token_anchor t_id="24"/>
    </ACTION_OCCURRENCE>
    <ACTION_OCCURRENCE m_id="3" comment="" climaxEvent="FALSE">
      <token_anchor t_id="168"/>
    </ACTION_OCCURRENCE>
    <ACTION_OCCURRENCE m_id="4" comment="" climaxEvent="FALSE">
      <token_anchor t_id="171"/>
    </ACTION_OCCURRENCE>
    <ACTION_OCCURRENCE m_id="5" comment="" climaxEvent="FALSE">
      <token_anchor t_id="180"/>
    </ACTION_OCCURRENCE>
    <ACTION_OCCURRENCE m_id="6" comment="" climaxEvent="FALSE">
      <token_anchor t_id="68"/>
    </ACTION_OCCURRENCE>
    <ACTION_OCCURRENCE m_id="7" comment="" climaxEvent="FALSE">
      <token_anchor t_id="183"/>
    </ACTION_OCCURRENCE>
    <ACTION_OCCURRENCE m_id="8" comment="" climaxEvent="FALSE">
      <token_anchor t_id="269"/>
    </ACTION_OCCURRENCE>
    <ACTION_OCCURRENCE m_id="9" comment="" climaxEvent="FALSE">
      <token_anchor t_id="273"/>
    </ACTION_OCCURRENCE>
    <ACTION_OCCURRENCE m_id="10" comment="" climaxEvent="FALSE">
      <token_anchor t_id="79"/>
    </ACTION_OCCURRENCE>
    <ACTION_OCCURRENCE m_id="11" comment="" climaxEvent="FALSE">
      <token_anchor t_id="276"/>
    </ACTION_OCCURRENCE>
    <ACTION_OCCURRENCE m_id="12" comment="" climaxEvent="FALSE">
      <token_anchor t_id="92"/>
    </ACTION_OCCURRENCE>
    <ACTION_OCCURRENCE m_id="13" comment="" climaxEvent="FALSE">
      <token_anchor t_id="281"/>
    </ACTION_OCCURRENCE>
    <ACTION_OCCURRENCE m_id="14" comment="" climaxEvent="FALSE">
      <token_anchor t_id="116"/>
    </ACTION_OCCURRENCE>
    <ACTION_OCCURRENCE m_id="15" comment="" climaxEvent="FALSE">
      <token_anchor t_id="283"/>
      <token_anchor t_id="285"/>
    </ACTION_OCCURRENCE>
    <ACTION_OCCURRENCE m_id="16" comment="" climaxEvent="FALSE">
      <token_anchor t_id="126"/>
    </ACTION_OCCURRENCE>
    <ACTION_OCCURRENCE m_id="17" comment="" climaxEvent="FALSE">
      <token_anchor t_id="131"/>
    </ACTION_OCCURRENCE>
    <ACTION_OCCURRENCE m_id="18" comment="" climaxEvent="FALSE">
      <token_anchor t_id="141"/>
    </ACTION_OCCURRENCE>
    <ACTION_OCCURRENCE m_id="19" comment="" climaxEvent="FALSE">
      <token_anchor t_id="149"/>
    </ACTION_OCCURRENCE>
    <ACTION_REPORTING m_id="20">
      <token_anchor t_id="264"/>
    </ACTION_REPORTING>
    <ACTION_STATE m_id="21" climaxEvent="FALSE" comment="">
      <token_anchor t_id="155"/>
    </ACTION_STATE>
    <ACTION_STATE m_id="22" climaxEvent="FALSE" comment="">
      <token_anchor t_id="159"/>
    </ACTION_STATE>
    <ACTION_STATE m_id="23" climaxEvent="FALSE" comment="">
      <token_anchor t_id="43"/>
      <token_anchor t_id="45"/>
    </ACTION_STATE>
    <ACTION_STATE m_id="24" climaxEvent="FALSE" comment="">
      <token_anchor t_id="140"/>
    </ACTION_STATE>
    <HUMAN_PART_ORG m_id="29">
      <token_anchor t_id="118"/>
    </HUMAN_PART_ORG>
    <HUMAN_PART_ORG m_id="30">
      <token_anchor t_id="128"/>
    </HUMAN_PART_ORG>
    <HUMAN_PART_ORG m_id="31">
      <token_anchor t_id="151"/>
      <token_anchor t_id="152"/>
    </HUMAN_PART_ORG>
    <HUMAN_PART_ORG m_id="25">
      <token_anchor t_id="49"/>
      <token_anchor t_id="50"/>
    </HUMAN_PART_ORG>
    <HUMAN_PART_ORG m_id="26">
      <token_anchor t_id="67"/>
    </HUMAN_PART_ORG>
    <HUMAN_PART_ORG m_id="27">
      <token_anchor t_id="267"/>
    </HUMAN_PART_ORG>
    <HUMAN_PART_ORG m_id="28">
      <token_anchor t_id="278"/>
    </HUMAN_PART_ORG>
    <HUMAN_PART_PER m_id="32" comment="">
      <token_anchor t_id="630"/>
    </HUMAN_PART_PER>
    <HUMAN_PART_PER m_id="33" comment="">
      <token_anchor t_id="167"/>
    </HUMAN_PART_PER>
    <HUMAN_PART_PER m_id="34" comment="">
      <token_anchor t_id="27"/>
    </HUMAN_PART_PER>
    <HUMAN_PART_PER m_id="35" comment="">
      <token_anchor t_id="263"/>
    </HUMAN_PART_PER>
    <HUMAN_PART_PER m_id="36" comment="">
      <token_anchor t_id="77"/>
    </HUMAN_PART_PER>
    <HUMAN_PART_PER m_id="37" comment="">
      <token_anchor t_id="80"/>
    </HUMAN_PART_PER>
    <HUMAN_PART_PER m_id="38" comment="">
      <token_anchor t_id="89"/>
    </HUMAN_PART_PER>
    <HUMAN_PART_PER m_id="39" comment="">
      <token_anchor t_id="280"/>
    </HUMAN_PART_PER>
    <HUMAN_PART_PER m_id="40" comment="">
      <token_anchor t_id="121"/>
    </HUMAN_PART_PER>
    <HUMAN_PART_PER m_id="41" comment="">
      <token_anchor t_id="642"/>
      <token_anchor t_id="643"/>
      <token_anchor t_id="644"/>
    </HUMAN_PART_PER>
    <HUMAN_PART_PER m_id="42" comment="">
      <token_anchor t_id="20"/>
      <token_anchor t_id="21"/>
    </HUMAN_PART_PER>
    <HUMAN_PART_PER m_id="43" comment="">
      <token_anchor t_id="40"/>
      <token_anchor t_id="41"/>
    </HUMAN_PART_PER>
    <HUMAN_PART_PER m_id="44" comment="">
      <token_anchor t_id="135"/>
      <token_anchor t_id="136"/>
    </HUMAN_PART_PER>
    <HUMAN_PART_PER m_id="45" comment="">
      <token_anchor t_id="636"/>
    </HUMAN_PART_PER>
    <HUMAN_PART_PER m_id="46" comment="">
      <token_anchor t_id="69"/>
      <token_anchor t_id="70"/>
    </HUMAN_PART_PER>
    <HUMAN_PART_PER m_id="47" comment="">
      <token_anchor t_id="143"/>
    </HUMAN_PART_PER>
    <HUMAN_PART_PER m_id="48" comment="">
      <token_anchor t_id="82"/>
    </HUMAN_PART_PER>
    <HUMAN_PART_PER m_id="49" comment="">
      <token_anchor t_id="113"/>
    </HUMAN_PART_PER>
    <HUMAN_PART_PER m_id="50" comment="">
      <token_anchor t_id="147"/>
    </HUMAN_PART_PER>
    <HUMAN_PART_PER m_id="51" comment="">
      <token_anchor t_id="154"/>
    </HUMAN_PART_PER>
    <HUMAN_PART_PER m_id="52" comment="">
      <token_anchor t_id="169"/>
    </HUMAN_PART_PER>
    <HUMAN_PART_PER m_id="53" comment="">
      <token_anchor t_id="284"/>
    </HUMAN_PART_PER>
    <LOC_GEO m_id="54" comment="">
      <token_anchor t_id="146"/>
    </LOC_GEO>
    <LOC_GEO m_id="55" comment="">
      <token_anchor t_id="634"/>
    </LOC_GEO>
    <NEG_ACTION_OCCURRENCE m_id="56" comment="" climaxEvent="FALSE">
      <token_anchor t_id="165"/>
    </NEG_ACTION_OCCURRENCE>
    <NEG_ACTION_STATE m_id="57" comment="" climaxEvent="FALSE">
      <token_anchor t_id="649"/>
    </NEG_ACTION_STATE>
    <NON_HUMAN_PART m_id="58" comment="">
      <token_anchor t_id="162"/>
    </NON_HUMAN_PART>
    <NON_HUMAN_PART m_id="59" comment="">
      <token_anchor t_id="177"/>
    </NON_HUMAN_PART>
    <TIME_DATE m_id="61" value="" anchorTimeID="" DCT="FALSE" comment="">
      <token_anchor t_id="56"/>
      <token_anchor t_id="57"/>
      <token_anchor t_id="58"/>
      <token_anchor t_id="59"/>
      <token_anchor t_id="60"/>
      <token_anchor t_id="61"/>
      <token_anchor t_id="62"/>
      <token_anchor t_id="63"/>
      <token_anchor t_id="64"/>
    </TIME_DATE>
    <TIME_DATE m_id="62" comment="" DCT="FALSE" value="2005-05-24" anchorTimeID="">
      <token_anchor t_id="123"/>
      <token_anchor t_id="124"/>
    </TIME_DATE>
    <TIME_DATE m_id="60" comment="" DCT="FALSE" value="2005-05-23" anchorTimeID="64">
      <token_anchor t_id="71"/>
      <token_anchor t_id="72"/>
    </TIME_DATE>
    <TIME_DURATION m_id="63" value="" anchorTimeID="" begin="" endPoint="">
      <token_anchor t_id="73"/>
      <token_anchor t_id="74"/>
      <token_anchor t_id="75"/>
    </TIME_DURATION>
    <TIME_OF_THE_DAY m_id="64" DCT="TRUE" value="2005-05-24T15:23" anchorTimeID="64">
      <token_anchor t_id="30"/>
      <token_anchor t_id="31"/>
      <token_anchor t_id="32"/>
      <token_anchor t_id="33"/>
      <token_anchor t_id="34"/>
      <token_anchor t_id="35"/>
      <token_anchor t_id="36"/>
      <token_anchor t_id="37"/>
      <token_anchor t_id="38"/>
      <token_anchor t_id="39"/>
    </TIME_OF_THE_DAY>
    <TIME_REPETITION m_id="65" value="" quant="" freq="">
      <token_anchor t_id="639"/>
      <token_anchor t_id="640"/>
      <token_anchor t_id="641"/>
    </TIME_REPETITION>
    <HUMAN_PART_PER m_id="67" RELATED_TO="" TAG_DESCRIPTOR="t5_obrien" comment=""/>
    <LOC_GEO m_id="68" RELATED_TO="" TAG_DESCRIPTOR="t5_philadelphia" comment=""/>
    <HUMAN_PART_PER m_id="69" RELATED_TO="" TAG_DESCRIPTOR="t5_cheeks" comment=""/>
    <TIME_DURATION m_id="70" RELATED_TO="" TAG_DESCRIPTOR="t5_all_season" value="" anchorTimeID="" begin="" endPoint=""/>
    <ACTION_OCCURRENCE m_id="71" RELATED_TO="" TAG_DESCRIPTOR="t5_replacing_coaches" comment="" climaxEvent="FALSE"/>
    <ACTION_OCCURRENCE m_id="72" RELATED_TO="" TAG_DESCRIPTOR="t5_cheeks_made_new_coach" comment="" climaxEvent="FALSE"/>
    <ACTION_OCCURRENCE m_id="73" RELATED_TO="" TAG_DESCRIPTOR="t5_obrien_relieved_of_duties" comment="" climaxEvent="FALSE"/>
    <TIME_DATE m_id="74" RELATED_TO="" TAG_DESCRIPTOR="t5_may_23" value="" anchorTimeID="" DCT="FALSE" comment=""/>
    <HUMAN_PART_ORG m_id="75" RELATED_TO="" TAG_DESCRIPTOR="t5_sixers"/>
    <HUMAN_PART_PER m_id="76" RELATED_TO="" TAG_DESCRIPTOR="t5_king" comment=""/>
  </Markables>
  <Relations>
    <TLINK r_id="105587" contextualModality="" relType="CONTAINS" comment="">
      <source m_id="60"/>
      <target m_id="2"/>
    </TLINK>
    <TLINK r_id="105588" contextualModality="" relType="CONTAINS" comment="">
      <source m_id="60"/>
      <target m_id="23"/>
    </TLINK>
    <TLINK r_id="105590" contextualModality="" relType="CONTAINS" comment="">
      <source m_id="60"/>
      <target m_id="6"/>
    </TLINK>
    <TLINK r_id="105591" contextualModality="" relType="CONTAINS" comment="">
      <source m_id="60"/>
      <target m_id="10"/>
    </TLINK>
    <TLINK r_id="105592" contextualModality="" relType="CONTAINS" comment="">
      <source m_id="62"/>
      <target m_id="14"/>
    </TLINK>
    <TLINK r_id="105593" contextualModality="" relType="CONTAINS" comment="">
      <source m_id="62"/>
      <target m_id="16"/>
    </TLINK>
    <TLINK r_id="105594" contextualModality="" relType="OVERLAP" comment="">
      <source m_id="62"/>
      <target m_id="17"/>
    </TLINK>
    <TLINK r_id="105595" contextualModality="" relType="OVERLAP" comment="">
      <source m_id="62"/>
      <target m_id="18"/>
    </TLINK>
    <TLINK r_id="105596" contextualModality="" relType="AFTER" comment="">
      <source m_id="62"/>
      <target m_id="19"/>
    </TLINK>
    <TLINK r_id="105597" contextualModality="" relType="OVERLAP" comment="">
      <source m_id="62"/>
      <target m_id="21"/>
    </TLINK>
    <TLINK r_id="105598" contextualModality="" relType="AFTER" comment="">
      <source m_id="62"/>
      <target m_id="56"/>
    </TLINK>
    <TLINK r_id="105599" contextualModality="" relType="OVERLAP" comment="">
      <source m_id="62"/>
      <target m_id="22"/>
    </TLINK>
    <TLINK r_id="105600" contextualModality="" relType="AFTER" comment="">
      <source m_id="62"/>
      <target m_id="4"/>
    </TLINK>
    <TLINK r_id="105601" contextualModality="" relType="AFTER" comment="">
      <source m_id="62"/>
      <target m_id="7"/>
    </TLINK>
    <TLINK r_id="105602" contextualModality="" relType="AFTER" comment="">
      <source m_id="62"/>
      <target m_id="8"/>
    </TLINK>
    <TLINK r_id="105603" contextualModality="" relType="AFTER" comment="">
      <source m_id="62"/>
      <target m_id="11"/>
    </TLINK>
    <TLINK r_id="105604" contextualModality="" relType="AFTER" comment="">
      <source m_id="62"/>
      <target m_id="15"/>
    </TLINK>
    <TLINK r_id="105605" contextualModality="" relType="CONTAINS" comment="">
      <source m_id="62"/>
      <target m_id="66"/>
    </TLINK>
    <TLINK r_id="105606" contextualModality="" relType="CONTAINS" comment="">
      <source m_id="62"/>
      <target m_id="57"/>
    </TLINK>
    <TLINK r_id="105607" contextualModality="" relType="AFTER" comment="">
      <source m_id="64"/>
      <target m_id="2"/>
    </TLINK>
    <TLINK r_id="105608" contextualModality="" relType="AFTER" comment="">
      <source m_id="64"/>
      <target m_id="23"/>
    </TLINK>
    <TLINK r_id="105609" contextualModality="" relType="AFTER" comment="">
      <source m_id="64"/>
      <target m_id="1"/>
    </TLINK>
    <TLINK r_id="105610" contextualModality="" relType="AFTER" comment="">
      <source m_id="64"/>
      <target m_id="6"/>
    </TLINK>
    <TLINK r_id="105611" contextualModality="" relType="AFTER" comment="">
      <source m_id="64"/>
      <target m_id="10"/>
    </TLINK>
    <TLINK r_id="105612" contextualModality="" relType="AFTER" comment="">
      <source m_id="64"/>
      <target m_id="14"/>
    </TLINK>
    <TLINK r_id="105613" contextualModality="" relType="AFTER" comment="">
      <source m_id="64"/>
      <target m_id="16"/>
    </TLINK>
    <TLINK r_id="105614" contextualModality="" relType="OVERLAP" comment="">
      <source m_id="64"/>
      <target m_id="18"/>
    </TLINK>
    <TLINK r_id="105616" contextualModality="" relType="AFTER" comment="">
      <source m_id="64"/>
      <target m_id="17"/>
    </TLINK>
    <TLINK r_id="105617" contextualModality="" relType="OVERLAP" comment="">
      <source m_id="64"/>
      <target m_id="21"/>
    </TLINK>
    <TLINK r_id="105618" contextualModality="" relType="OVERLAP" comment="">
      <source m_id="64"/>
      <target m_id="22"/>
    </TLINK>
    <TLINK r_id="105619" contextualModality="" relType="AFTER" comment="">
      <source m_id="64"/>
      <target m_id="56"/>
    </TLINK>
    <TLINK r_id="105620" contextualModality="" relType="AFTER" comment="">
      <source m_id="64"/>
      <target m_id="4"/>
    </TLINK>
    <TLINK r_id="105621" contextualModality="" relType="AFTER" comment="">
      <source m_id="64"/>
      <target m_id="7"/>
    </TLINK>
    <TLINK r_id="105622" contextualModality="" relType="AFTER" comment="">
      <source m_id="64"/>
      <target m_id="8"/>
    </TLINK>
    <TLINK r_id="105624" contextualModality="" relType="AFTER" comment="">
      <source m_id="64"/>
      <target m_id="15"/>
    </TLINK>
    <TLINK r_id="105625" contextualModality="" relType="AFTER" comment="">
      <source m_id="64"/>
      <target m_id="66"/>
    </TLINK>
    <TLINK r_id="105626" contextualModality="" relType="AFTER" comment="">
      <source m_id="64"/>
      <target m_id="57"/>
    </TLINK>
    <PLOT_LINK r_id="105627" SIGNAL="" relType="FALLING_ACTION" CAUSES="FALSE" CAUSED_BY="FALSE">
      <source m_id="2"/>
      <target m_id="6"/>
    </PLOT_LINK>
    <PLOT_LINK r_id="105628" SIGNAL="" relType="FALLING_ACTION" CAUSES="FALSE" CAUSED_BY="FALSE">
      <source m_id="23"/>
      <target m_id="6"/>
    </PLOT_LINK>
    <PLOT_LINK r_id="105629" SIGNAL="" relType="PRECONDITION" CAUSES="FALSE" CAUSED_BY="FALSE">
      <source m_id="6"/>
      <target m_id="10"/>
    </PLOT_LINK>
    <PLOT_LINK r_id="105630" SIGNAL="" relType="PRECONDITION" CAUSES="FALSE" CAUSED_BY="FALSE">
      <source m_id="6"/>
      <target m_id="14"/>
    </PLOT_LINK>
    <PLOT_LINK r_id="105631" SIGNAL="" relType="PRECONDITION" CAUSES="FALSE" CAUSED_BY="FALSE">
      <source m_id="10"/>
      <target m_id="14"/>
    </PLOT_LINK>
    <PLOT_LINK r_id="105632" SIGNAL="" relType="PRECONDITION" CAUSES="FALSE" CAUSED_BY="FALSE">
      <source m_id="14"/>
      <target m_id="16"/>
    </PLOT_LINK>
    <PLOT_LINK r_id="105633" SIGNAL="" relType="PRECONDITION" CAUSES="FALSE" CAUSED_BY="FALSE">
      <source m_id="21"/>
      <target m_id="4"/>
    </PLOT_LINK>
    <PLOT_LINK r_id="105634" SIGNAL="" relType="PRECONDITION" CAUSES="FALSE" CAUSED_BY="FALSE">
      <source m_id="22"/>
      <target m_id="4"/>
    </PLOT_LINK>
    <PLOT_LINK r_id="105635" SIGNAL="" relType="PRECONDITION" CAUSES="FALSE" CAUSED_BY="FALSE">
      <source m_id="56"/>
      <target m_id="4"/>
    </PLOT_LINK>
    <PLOT_LINK r_id="105636" SIGNAL="" relType="PRECONDITION" CAUSES="FALSE" CAUSED_BY="FALSE">
      <source m_id="66"/>
      <target m_id="57"/>
    </PLOT_LINK>
    <PLOT_LINK r_id="105637" SIGNAL="" relType="FALLING_ACTION" CAUSES="FALSE" CAUSED_BY="FALSE">
      <source m_id="8"/>
      <target m_id="11"/>
    </PLOT_LINK>
    <PLOT_LINK r_id="106270" SIGNAL="" relType="PRECONDITION" CAUSES="FALSE" CAUSED_BY="FALSE">
      <source m_id="8"/>
      <target m_id="15"/>
    </PLOT_LINK>
  </Relations>
</Document>
