<?xml version='1.0' encoding='UTF-8'?>
<Document doc_name="5_4ecbplus.xml">
  <token t_id="1" sentence="0" number="0">http</token>
  <token t_id="2" sentence="0" number="1">:</token>
  <token t_id="3" sentence="0" number="2">/</token>
  <token t_id="4" sentence="0" number="3">/</token>
  <token t_id="5" sentence="0" number="4">www</token>
  <token t_id="6" sentence="0" number="5">.</token>
  <token t_id="7" sentence="0" number="6">insidehoops</token>
  <token t_id="8" sentence="0" number="7">.</token>
  <token t_id="9" sentence="0" number="8">com</token>
  <token t_id="10" sentence="0" number="9">/</token>
  <token t_id="11" sentence="0" number="10">obrien</token>
  <token t_id="12" sentence="0" number="11">-</token>
  <token t_id="13" sentence="0" number="12">cheeks</token>
  <token t_id="14" sentence="0" number="13">-</token>
  <token t_id="15" sentence="0" number="14">052305</token>
  <token t_id="16" sentence="0" number="15">.</token>
  <token t_id="17" sentence="0" number="16">shtml</token>
  <token t_id="18" sentence="1" number="0">Philadelphia</token>
  <token t_id="19" sentence="1" number="1">76ers</token>
  <token t_id="20" sentence="1" number="2">Fire</token>
  <token t_id="21" sentence="1" number="3">Coach</token>
  <token t_id="22" sentence="1" number="4">Jim</token>
  <token t_id="23" sentence="1" number="5">O'Brien</token>
  <token t_id="24" sentence="1" number="6">,</token>
  <token t_id="25" sentence="1" number="7">Hire</token>
  <token t_id="26" sentence="1" number="8">Maurice</token>
  <token t_id="27" sentence="1" number="9">Cheeks</token>
  <token t_id="28" sentence="2" number="0">May</token>
  <token t_id="29" sentence="2" number="1">23</token>
  <token t_id="30" sentence="2" number="2">,</token>
  <token t_id="31" sentence="2" number="3">2005</token>
  <token t_id="32" sentence="3" number="0">Philadelphia</token>
  <token t_id="33" sentence="3" number="1">76ers</token>
  <token t_id="34" sentence="3" number="2">President</token>
  <token t_id="35" sentence="3" number="3">and</token>
  <token t_id="36" sentence="3" number="4">General</token>
  <token t_id="37" sentence="3" number="5">Manager</token>
  <token t_id="38" sentence="3" number="6">Billy</token>
  <token t_id="39" sentence="3" number="7">King</token>
  <token t_id="40" sentence="3" number="8">announced</token>
  <token t_id="41" sentence="3" number="9">today</token>
  <token t_id="42" sentence="3" number="10">that</token>
  <token t_id="43" sentence="3" number="11">Jim</token>
  <token t_id="44" sentence="3" number="12">O'Brien</token>
  <token t_id="45" sentence="3" number="13">has</token>
  <token t_id="46" sentence="3" number="14">been</token>
  <token t_id="47" sentence="3" number="15">relieved</token>
  <token t_id="48" sentence="3" number="16">of</token>
  <token t_id="49" sentence="3" number="17">his</token>
  <token t_id="50" sentence="3" number="18">duties</token>
  <token t_id="51" sentence="3" number="19">as</token>
  <token t_id="52" sentence="3" number="20">head</token>
  <token t_id="53" sentence="3" number="21">coach</token>
  <token t_id="54" sentence="3" number="22">of</token>
  <token t_id="55" sentence="3" number="23">the</token>
  <token t_id="56" sentence="3" number="24">Philadelphia</token>
  <token t_id="57" sentence="3" number="25">76ers</token>
  <token t_id="58" sentence="3" number="26">.</token>
  <token t_id="59" sentence="4" number="0">No</token>
  <token t_id="60" sentence="4" number="1">decision</token>
  <token t_id="61" sentence="4" number="2">has</token>
  <token t_id="62" sentence="4" number="3">been</token>
  <token t_id="63" sentence="4" number="4">reached</token>
  <token t_id="64" sentence="4" number="5">on</token>
  <token t_id="65" sentence="4" number="6">O'Brien's</token>
  <token t_id="66" sentence="4" number="7">staff</token>
  <token t_id="67" sentence="4" number="8">at</token>
  <token t_id="68" sentence="4" number="9">this</token>
  <token t_id="69" sentence="4" number="10">time</token>
  <token t_id="70" sentence="4" number="11">.</token>
  <token t_id="71" sentence="5" number="0">O'Brien</token>
  <token t_id="72" sentence="5" number="1">was</token>
  <token t_id="73" sentence="5" number="2">hired</token>
  <token t_id="74" sentence="5" number="3">as</token>
  <token t_id="75" sentence="5" number="4">the</token>
  <token t_id="76" sentence="5" number="5">20th</token>
  <token t_id="77" sentence="5" number="6">coach</token>
  <token t_id="78" sentence="5" number="7">of</token>
  <token t_id="79" sentence="5" number="8">the</token>
  <token t_id="80" sentence="5" number="9">76ers</token>
  <token t_id="81" sentence="5" number="10">on</token>
  <token t_id="82" sentence="5" number="11">April</token>
  <token t_id="83" sentence="5" number="12">21</token>
  <token t_id="84" sentence="5" number="13">,</token>
  <token t_id="85" sentence="5" number="14">2004</token>
  <token t_id="86" sentence="5" number="15">and</token>
  <token t_id="87" sentence="5" number="16">posted</token>
  <token t_id="88" sentence="5" number="17">a</token>
  <token t_id="89" sentence="5" number="18">record</token>
  <token t_id="90" sentence="5" number="19">of</token>
  <token t_id="91" sentence="5" number="20">43</token>
  <token t_id="92" sentence="5" number="21">-</token>
  <token t_id="93" sentence="5" number="22">39</token>
  <token t_id="94" sentence="5" number="23">in</token>
  <token t_id="95" sentence="5" number="24">2004</token>
  <token t_id="96" sentence="5" number="25">-</token>
  <token t_id="97" sentence="5" number="26">05</token>
  <token t_id="98" sentence="5" number="27">.</token>
  <token t_id="99" sentence="6" number="0">Overall</token>
  <token t_id="100" sentence="6" number="1">,</token>
  <token t_id="101" sentence="6" number="2">in</token>
  <token t_id="102" sentence="6" number="3">five</token>
  <token t_id="103" sentence="6" number="4">seasons</token>
  <token t_id="104" sentence="6" number="5">as</token>
  <token t_id="105" sentence="6" number="6">an</token>
  <token t_id="106" sentence="6" number="7">NBA</token>
  <token t_id="107" sentence="6" number="8">head</token>
  <token t_id="108" sentence="6" number="9">coach</token>
  <token t_id="109" sentence="6" number="10">,</token>
  <token t_id="110" sentence="6" number="11">O'Brien</token>
  <token t_id="111" sentence="6" number="12">recorded</token>
  <token t_id="112" sentence="6" number="13">a</token>
  <token t_id="113" sentence="6" number="14">mark</token>
  <token t_id="114" sentence="6" number="15">of</token>
  <token t_id="115" sentence="6" number="16">182</token>
  <token t_id="116" sentence="6" number="17">-</token>
  <token t_id="117" sentence="6" number="18">158</token>
  <token t_id="118" sentence="6" number="19">(</token>
  <token t_id="119" sentence="6" number="20">.</token>
  <token t_id="120" sentence="6" number="21">535</token>
  <token t_id="121" sentence="6" number="22">)</token>
  <token t_id="122" sentence="6" number="23">,</token>
  <token t_id="123" sentence="6" number="24">including</token>
  <token t_id="124" sentence="6" number="25">a</token>
  <token t_id="125" sentence="6" number="26">record</token>
  <token t_id="126" sentence="6" number="27">of</token>
  <token t_id="127" sentence="6" number="28">139</token>
  <token t_id="128" sentence="6" number="29">-</token>
  <token t_id="129" sentence="6" number="30">119</token>
  <token t_id="130" sentence="6" number="31">(</token>
  <token t_id="131" sentence="6" number="32">.</token>
  <token t_id="132" sentence="6" number="33">539</token>
  <token t_id="133" sentence="6" number="34">)</token>
  <token t_id="134" sentence="6" number="35">with</token>
  <token t_id="135" sentence="6" number="36">the</token>
  <token t_id="136" sentence="6" number="37">Boston</token>
  <token t_id="137" sentence="6" number="38">Celtics</token>
  <token t_id="138" sentence="6" number="39">from</token>
  <token t_id="139" sentence="6" number="40">2000</token>
  <token t_id="140" sentence="6" number="41">-</token>
  <token t_id="141" sentence="6" number="42">04</token>
  <token t_id="142" sentence="6" number="43">.</token>
  <token t_id="143" sentence="7" number="0">O'Brien</token>
  <token t_id="144" sentence="7" number="1">has</token>
  <token t_id="145" sentence="7" number="2">served</token>
  <token t_id="146" sentence="7" number="3">on</token>
  <token t_id="147" sentence="7" number="4">the</token>
  <token t_id="148" sentence="7" number="5">coaching</token>
  <token t_id="149" sentence="7" number="6">staffs</token>
  <token t_id="150" sentence="7" number="7">at</token>
  <token t_id="151" sentence="7" number="8">seven</token>
  <token t_id="152" sentence="7" number="9">different</token>
  <token t_id="153" sentence="7" number="10">universities</token>
  <token t_id="154" sentence="7" number="11">,</token>
  <token t_id="155" sentence="7" number="12">including</token>
  <token t_id="156" sentence="7" number="13">head</token>
  <token t_id="157" sentence="7" number="14">coaching</token>
  <token t_id="158" sentence="7" number="15">positions</token>
  <token t_id="159" sentence="7" number="16">at</token>
  <token t_id="160" sentence="7" number="17">Wheeling</token>
  <token t_id="161" sentence="7" number="18">Jesuit</token>
  <token t_id="162" sentence="7" number="19">College</token>
  <token t_id="163" sentence="7" number="20">(</token>
  <token t_id="164" sentence="7" number="21">1982</token>
  <token t_id="165" sentence="7" number="22">-</token>
  <token t_id="166" sentence="7" number="23">87</token>
  <token t_id="167" sentence="7" number="24">)</token>
  <token t_id="168" sentence="7" number="25">and</token>
  <token t_id="169" sentence="7" number="26">University</token>
  <token t_id="170" sentence="7" number="27">of</token>
  <token t_id="171" sentence="7" number="28">Dayton</token>
  <token t_id="172" sentence="7" number="29">(</token>
  <token t_id="173" sentence="7" number="30">1989</token>
  <token t_id="174" sentence="7" number="31">-</token>
  <token t_id="175" sentence="7" number="32">94</token>
  <token t_id="176" sentence="7" number="33">)</token>
  <token t_id="177" sentence="7" number="34">.</token>
  <token t_id="178" sentence="8" number="0">He</token>
  <token t_id="179" sentence="8" number="1">owns</token>
  <token t_id="180" sentence="8" number="2">a</token>
  <token t_id="181" sentence="8" number="3">135</token>
  <token t_id="182" sentence="8" number="4">-</token>
  <token t_id="183" sentence="8" number="5">156</token>
  <token t_id="184" sentence="8" number="6">(</token>
  <token t_id="185" sentence="8" number="7">.</token>
  <token t_id="186" sentence="8" number="8">464</token>
  <token t_id="187" sentence="8" number="9">)</token>
  <token t_id="188" sentence="8" number="10">record</token>
  <token t_id="189" sentence="8" number="11">at</token>
  <token t_id="190" sentence="8" number="12">the</token>
  <token t_id="191" sentence="8" number="13">collegiate</token>
  <token t_id="192" sentence="8" number="14">level</token>
  <token t_id="193" sentence="8" number="15">in</token>
  <token t_id="194" sentence="8" number="16">10</token>
  <token t_id="195" sentence="8" number="17">seasons</token>
  <token t_id="196" sentence="8" number="18">as</token>
  <token t_id="197" sentence="8" number="19">a</token>
  <token t_id="198" sentence="8" number="20">head</token>
  <token t_id="199" sentence="8" number="21">coach</token>
  <token t_id="200" sentence="8" number="22">.</token>
  <token t_id="201" sentence="9" number="0">Also</token>
  <token t_id="202" sentence="9" number="1">today</token>
  <token t_id="203" sentence="9" number="2">,</token>
  <token t_id="204" sentence="9" number="3">Philadelphia</token>
  <token t_id="205" sentence="9" number="4">76ers</token>
  <token t_id="206" sentence="9" number="5">President</token>
  <token t_id="207" sentence="9" number="6">and</token>
  <token t_id="208" sentence="9" number="7">General</token>
  <token t_id="209" sentence="9" number="8">Manager</token>
  <token t_id="210" sentence="9" number="9">Billy</token>
  <token t_id="211" sentence="9" number="10">King</token>
  <token t_id="212" sentence="9" number="11">announced</token>
  <token t_id="213" sentence="9" number="12">that</token>
  <token t_id="214" sentence="9" number="13">Maurice</token>
  <token t_id="215" sentence="9" number="14">Cheeks</token>
  <token t_id="216" sentence="9" number="15">has</token>
  <token t_id="217" sentence="9" number="16">been</token>
  <token t_id="218" sentence="9" number="17">hired</token>
  <token t_id="219" sentence="9" number="18">as</token>
  <token t_id="220" sentence="9" number="19">the</token>
  <token t_id="221" sentence="9" number="20">21st</token>
  <token t_id="222" sentence="9" number="21">head</token>
  <token t_id="223" sentence="9" number="22">coach</token>
  <token t_id="224" sentence="9" number="23">of</token>
  <token t_id="225" sentence="9" number="24">the</token>
  <token t_id="226" sentence="9" number="25">Philadelphia</token>
  <token t_id="227" sentence="9" number="26">76ers</token>
  <token t_id="228" sentence="9" number="27">.</token>
  <token t_id="229" sentence="10" number="0">Cheeks</token>
  <token t_id="230" sentence="10" number="1">arrives</token>
  <token t_id="231" sentence="10" number="2">in</token>
  <token t_id="232" sentence="10" number="3">Philadelphia</token>
  <token t_id="233" sentence="10" number="4">after</token>
  <token t_id="234" sentence="10" number="5">three</token>
  <token t_id="235" sentence="10" number="6">-</token>
  <token t_id="236" sentence="10" number="7">plus</token>
  <token t_id="237" sentence="10" number="8">seasons</token>
  <token t_id="238" sentence="10" number="9">as</token>
  <token t_id="239" sentence="10" number="10">head</token>
  <token t_id="240" sentence="10" number="11">coach</token>
  <token t_id="241" sentence="10" number="12">of</token>
  <token t_id="242" sentence="10" number="13">the</token>
  <token t_id="243" sentence="10" number="14">Portland</token>
  <token t_id="244" sentence="10" number="15">Trail</token>
  <token t_id="245" sentence="10" number="16">Blazers</token>
  <token t_id="246" sentence="10" number="17">.</token>
  <token t_id="247" sentence="11" number="0">He</token>
  <token t_id="248" sentence="11" number="1">recorded</token>
  <token t_id="249" sentence="11" number="2">a</token>
  <token t_id="250" sentence="11" number="3">mark</token>
  <token t_id="251" sentence="11" number="4">of</token>
  <token t_id="252" sentence="11" number="5">162</token>
  <token t_id="253" sentence="11" number="6">-</token>
  <token t_id="254" sentence="11" number="7">139</token>
  <token t_id="255" sentence="11" number="8">(</token>
  <token t_id="256" sentence="11" number="9">.</token>
  <token t_id="257" sentence="11" number="10">538</token>
  <token t_id="258" sentence="11" number="11">)</token>
  <token t_id="259" sentence="11" number="12">in</token>
  <token t_id="260" sentence="11" number="13">Portland</token>
  <token t_id="261" sentence="11" number="14">,</token>
  <token t_id="262" sentence="11" number="15">the</token>
  <token t_id="263" sentence="11" number="16">fourth</token>
  <token t_id="264" sentence="11" number="17">-</token>
  <token t_id="265" sentence="11" number="18">highest</token>
  <token t_id="266" sentence="11" number="19">win</token>
  <token t_id="267" sentence="11" number="20">total</token>
  <token t_id="268" sentence="11" number="21">in</token>
  <token t_id="269" sentence="11" number="22">Blazers</token>
  <token t_id="270" sentence="11" number="23">history</token>
  <token t_id="271" sentence="11" number="24">.</token>
  <token t_id="272" sentence="12" number="0">During</token>
  <token t_id="273" sentence="12" number="1">his</token>
  <token t_id="274" sentence="12" number="2">time</token>
  <token t_id="275" sentence="12" number="3">in</token>
  <token t_id="276" sentence="12" number="4">Portland</token>
  <token t_id="277" sentence="12" number="5">,</token>
  <token t_id="278" sentence="12" number="6">the</token>
  <token t_id="279" sentence="12" number="7">Blazers</token>
  <token t_id="280" sentence="12" number="8">reached</token>
  <token t_id="281" sentence="12" number="9">the</token>
  <token t_id="282" sentence="12" number="10">NBA</token>
  <token t_id="283" sentence="12" number="11">Playoffs</token>
  <token t_id="284" sentence="12" number="12">twice</token>
  <token t_id="285" sentence="12" number="13">,</token>
  <token t_id="286" sentence="12" number="14">and</token>
  <token t_id="287" sentence="12" number="15">his</token>
  <token t_id="288" sentence="12" number="16">2002</token>
  <token t_id="289" sentence="12" number="17">-</token>
  <token t_id="290" sentence="12" number="18">03</token>
  <token t_id="291" sentence="12" number="19">squad</token>
  <token t_id="292" sentence="12" number="20">tied</token>
  <token t_id="293" sentence="12" number="21">for</token>
  <token t_id="294" sentence="12" number="22">second</token>
  <token t_id="295" sentence="12" number="23">in</token>
  <token t_id="296" sentence="12" number="24">the</token>
  <token t_id="297" sentence="12" number="25">Pacific</token>
  <token t_id="298" sentence="12" number="26">Division</token>
  <token t_id="299" sentence="12" number="27">with</token>
  <token t_id="300" sentence="12" number="28">a</token>
  <token t_id="301" sentence="12" number="29">50</token>
  <token t_id="302" sentence="12" number="30">-</token>
  <token t_id="303" sentence="12" number="31">32</token>
  <token t_id="304" sentence="12" number="32">record</token>
  <token t_id="305" sentence="12" number="33">.</token>
  <token t_id="306" sentence="13" number="0">He</token>
  <token t_id="307" sentence="13" number="1">joined</token>
  <token t_id="308" sentence="13" number="2">the</token>
  <token t_id="309" sentence="13" number="3">Blazers</token>
  <token t_id="310" sentence="13" number="4">on</token>
  <token t_id="311" sentence="13" number="5">June</token>
  <token t_id="312" sentence="13" number="6">27</token>
  <token t_id="313" sentence="13" number="7">,</token>
  <token t_id="314" sentence="13" number="8">2001</token>
  <token t_id="315" sentence="13" number="9">,</token>
  <token t_id="316" sentence="13" number="10">after</token>
  <token t_id="317" sentence="13" number="11">serving</token>
  <token t_id="318" sentence="13" number="12">seven</token>
  <token t_id="319" sentence="13" number="13">seasons</token>
  <token t_id="320" sentence="13" number="14">as</token>
  <token t_id="321" sentence="13" number="15">an</token>
  <token t_id="322" sentence="13" number="16">assistant</token>
  <token t_id="323" sentence="13" number="17">coach</token>
  <token t_id="324" sentence="13" number="18">for</token>
  <token t_id="325" sentence="13" number="19">the</token>
  <token t_id="326" sentence="13" number="20">76ers</token>
  <token t_id="327" sentence="13" number="21">.</token>
  <token t_id="328" sentence="14" number="0">Cheeks</token>
  <token t_id="329" sentence="14" number="1">worked</token>
  <token t_id="330" sentence="14" number="2">under</token>
  <token t_id="331" sentence="14" number="3">head</token>
  <token t_id="332" sentence="14" number="4">coaches</token>
  <token t_id="333" sentence="14" number="5">John</token>
  <token t_id="334" sentence="14" number="6">Lucas</token>
  <token t_id="335" sentence="14" number="7">(</token>
  <token t_id="336" sentence="14" number="8">1994</token>
  <token t_id="337" sentence="14" number="9">-</token>
  <token t_id="338" sentence="14" number="10">96</token>
  <token t_id="339" sentence="14" number="11">)</token>
  <token t_id="340" sentence="14" number="12">,</token>
  <token t_id="341" sentence="14" number="13">Johnny</token>
  <token t_id="342" sentence="14" number="14">Davis</token>
  <token t_id="343" sentence="14" number="15">(</token>
  <token t_id="344" sentence="14" number="16">1996</token>
  <token t_id="345" sentence="14" number="17">-</token>
  <token t_id="346" sentence="14" number="18">97</token>
  <token t_id="347" sentence="14" number="19">)</token>
  <token t_id="348" sentence="14" number="20">,</token>
  <token t_id="349" sentence="14" number="21">and</token>
  <token t_id="350" sentence="14" number="22">Larry</token>
  <token t_id="351" sentence="14" number="23">Brown</token>
  <token t_id="352" sentence="14" number="24">(</token>
  <token t_id="353" sentence="14" number="25">1997</token>
  <token t_id="354" sentence="14" number="26">-</token>
  <token t_id="355" sentence="14" number="27">2001</token>
  <token t_id="356" sentence="14" number="28">)</token>
  <token t_id="357" sentence="14" number="29">.</token>
  <token t_id="358" sentence="15" number="0">In</token>
  <token t_id="359" sentence="15" number="1">2000</token>
  <token t_id="360" sentence="15" number="2">-</token>
  <token t_id="361" sentence="15" number="3">01</token>
  <token t_id="362" sentence="15" number="4">under</token>
  <token t_id="363" sentence="15" number="5">Brown</token>
  <token t_id="364" sentence="15" number="6">,</token>
  <token t_id="365" sentence="15" number="7">Cheeks</token>
  <token t_id="366" sentence="15" number="8">helped</token>
  <token t_id="367" sentence="15" number="9">guide</token>
  <token t_id="368" sentence="15" number="10">the</token>
  <token t_id="369" sentence="15" number="11">76ers</token>
  <token t_id="370" sentence="15" number="12">to</token>
  <token t_id="371" sentence="15" number="13">a</token>
  <token t_id="372" sentence="15" number="14">record</token>
  <token t_id="373" sentence="15" number="15">of</token>
  <token t_id="374" sentence="15" number="16">56</token>
  <token t_id="375" sentence="15" number="17">-</token>
  <token t_id="376" sentence="15" number="18">26</token>
  <token t_id="377" sentence="15" number="19">(</token>
  <token t_id="378" sentence="15" number="20">.</token>
  <token t_id="379" sentence="15" number="21">683</token>
  <token t_id="380" sentence="15" number="22">)</token>
  <token t_id="381" sentence="15" number="23">and</token>
  <token t_id="382" sentence="15" number="24">a</token>
  <token t_id="383" sentence="15" number="25">spot</token>
  <token t_id="384" sentence="15" number="26">in</token>
  <token t_id="385" sentence="15" number="27">the</token>
  <token t_id="386" sentence="15" number="28">NBA</token>
  <token t_id="387" sentence="15" number="29">Finals</token>
  <token t_id="388" sentence="15" number="30">.</token>
  <token t_id="389" sentence="16" number="0">Cheeks</token>
  <token t_id="390" sentence="16" number="1">,</token>
  <token t_id="391" sentence="16" number="2">48</token>
  <token t_id="392" sentence="16" number="3">,</token>
  <token t_id="393" sentence="16" number="4">logged</token>
  <token t_id="394" sentence="16" number="5">an</token>
  <token t_id="395" sentence="16" number="6">impressive</token>
  <token t_id="396" sentence="16" number="7">15</token>
  <token t_id="397" sentence="16" number="8">-</token>
  <token t_id="398" sentence="16" number="9">year</token>
  <token t_id="399" sentence="16" number="10">NBA</token>
  <token t_id="400" sentence="16" number="11">career</token>
  <token t_id="401" sentence="16" number="12">,</token>
  <token t_id="402" sentence="16" number="13">spending</token>
  <token t_id="403" sentence="16" number="14">11</token>
  <token t_id="404" sentence="16" number="15">seasons</token>
  <token t_id="405" sentence="16" number="16">in</token>
  <token t_id="406" sentence="16" number="17">Philadelphia</token>
  <token t_id="407" sentence="16" number="18">.</token>
  <token t_id="408" sentence="17" number="0">The</token>
  <token t_id="409" sentence="17" number="1">four</token>
  <token t_id="410" sentence="17" number="2">-</token>
  <token t_id="411" sentence="17" number="3">time</token>
  <token t_id="412" sentence="17" number="4">All</token>
  <token t_id="413" sentence="17" number="5">-</token>
  <token t_id="414" sentence="17" number="6">Star</token>
  <token t_id="415" sentence="17" number="7">(</token>
  <token t_id="416" sentence="17" number="8">1983</token>
  <token t_id="417" sentence="17" number="9">,</token>
  <token t_id="418" sentence="17" number="10">'86</token>
  <token t_id="419" sentence="17" number="11">,</token>
  <token t_id="420" sentence="17" number="12">'87</token>
  <token t_id="421" sentence="17" number="13">,</token>
  <token t_id="422" sentence="17" number="14">'88</token>
  <token t_id="423" sentence="17" number="15">)</token>
  <token t_id="424" sentence="17" number="16">helped</token>
  <token t_id="425" sentence="17" number="17">guide</token>
  <token t_id="426" sentence="17" number="18">the</token>
  <token t_id="427" sentence="17" number="19">76ers</token>
  <token t_id="428" sentence="17" number="20">to</token>
  <token t_id="429" sentence="17" number="21">10</token>
  <token t_id="430" sentence="17" number="22">playoff</token>
  <token t_id="431" sentence="17" number="23">appearances</token>
  <token t_id="432" sentence="17" number="24">,</token>
  <token t_id="433" sentence="17" number="25">including</token>
  <token t_id="434" sentence="17" number="26">a</token>
  <token t_id="435" sentence="17" number="27">World</token>
  <token t_id="436" sentence="17" number="28">Championship</token>
  <token t_id="437" sentence="17" number="29">in</token>
  <token t_id="438" sentence="17" number="30">1983</token>
  <token t_id="439" sentence="17" number="31">.</token>
  <token t_id="440" sentence="18" number="0">In</token>
  <token t_id="441" sentence="18" number="1">133</token>
  <token t_id="442" sentence="18" number="2">career</token>
  <token t_id="443" sentence="18" number="3">playoff</token>
  <token t_id="444" sentence="18" number="4">games</token>
  <token t_id="445" sentence="18" number="5">,</token>
  <token t_id="446" sentence="18" number="6">he</token>
  <token t_id="447" sentence="18" number="7">averaged</token>
  <token t_id="448" sentence="18" number="8">14</token>
  <token t_id="449" sentence="18" number="9">.</token>
  <token t_id="450" sentence="18" number="10">4</token>
  <token t_id="451" sentence="18" number="11">points</token>
  <token t_id="452" sentence="18" number="12">,</token>
  <token t_id="453" sentence="18" number="13">6</token>
  <token t_id="454" sentence="18" number="14">.</token>
  <token t_id="455" sentence="18" number="15">9</token>
  <token t_id="456" sentence="18" number="16">assists</token>
  <token t_id="457" sentence="18" number="17">,</token>
  <token t_id="458" sentence="18" number="18">and</token>
  <token t_id="459" sentence="18" number="19">3</token>
  <token t_id="460" sentence="18" number="20">.</token>
  <token t_id="461" sentence="18" number="21">4</token>
  <token t_id="462" sentence="18" number="22">rebounds</token>
  <token t_id="463" sentence="18" number="23">while</token>
  <token t_id="464" sentence="18" number="24">shooting</token>
  <token t_id="465" sentence="18" number="25">51</token>
  <token t_id="466" sentence="18" number="26">.</token>
  <token t_id="467" sentence="18" number="27">2</token>
  <token t_id="468" sentence="18" number="28">percent</token>
  <token t_id="469" sentence="18" number="29">from</token>
  <token t_id="470" sentence="18" number="30">the</token>
  <token t_id="471" sentence="18" number="31">field</token>
  <token t_id="472" sentence="18" number="32">.</token>
  <token t_id="473" sentence="19" number="0">Cheeks</token>
  <token t_id="474" sentence="19" number="1">is</token>
  <token t_id="475" sentence="19" number="2">also</token>
  <token t_id="476" sentence="19" number="3">a</token>
  <token t_id="477" sentence="19" number="4">five</token>
  <token t_id="478" sentence="19" number="5">-</token>
  <token t_id="479" sentence="19" number="6">time</token>
  <token t_id="480" sentence="19" number="7">NBA</token>
  <token t_id="481" sentence="19" number="8">All</token>
  <token t_id="482" sentence="19" number="9">-</token>
  <token t_id="483" sentence="19" number="10">Defensive</token>
  <token t_id="484" sentence="19" number="11">Team</token>
  <token t_id="485" sentence="19" number="12">honoree</token>
  <token t_id="486" sentence="19" number="13">.</token>
  <token t_id="487" sentence="20" number="0">The</token>
  <token t_id="488" sentence="20" number="1">native</token>
  <token t_id="489" sentence="20" number="2">of</token>
  <token t_id="490" sentence="20" number="3">Chicago</token>
  <token t_id="491" sentence="20" number="4">,</token>
  <token t_id="492" sentence="20" number="5">Ill</token>
  <token t_id="493" sentence="20" number="6">.</token>
  <token t_id="494" sentence="20" number="7">,</token>
  <token t_id="495" sentence="20" number="8">he</token>
  <token t_id="496" sentence="20" number="9">averaged</token>
  <token t_id="497" sentence="20" number="10">11</token>
  <token t_id="498" sentence="20" number="11">.</token>
  <token t_id="499" sentence="20" number="12">1</token>
  <token t_id="500" sentence="20" number="13">points</token>
  <token t_id="501" sentence="20" number="14">,</token>
  <token t_id="502" sentence="20" number="15">6</token>
  <token t_id="503" sentence="20" number="16">.</token>
  <token t_id="504" sentence="20" number="17">7</token>
  <token t_id="505" sentence="20" number="18">assists</token>
  <token t_id="506" sentence="20" number="19">and</token>
  <token t_id="507" sentence="20" number="20">2</token>
  <token t_id="508" sentence="20" number="21">.</token>
  <token t_id="509" sentence="20" number="22">1</token>
  <token t_id="510" sentence="20" number="23">steals</token>
  <token t_id="511" sentence="20" number="24">in</token>
  <token t_id="512" sentence="20" number="25">1</token>
  <token t_id="513" sentence="20" number="26">,</token>
  <token t_id="514" sentence="20" number="27">101</token>
  <token t_id="515" sentence="20" number="28">career</token>
  <token t_id="516" sentence="20" number="29">games</token>
  <token t_id="517" sentence="20" number="30">while</token>
  <token t_id="518" sentence="20" number="31">shooting</token>
  <token t_id="519" sentence="20" number="32">52</token>
  <token t_id="520" sentence="20" number="33">.</token>
  <token t_id="521" sentence="20" number="34">3</token>
  <token t_id="522" sentence="20" number="35">percent</token>
  <token t_id="523" sentence="20" number="36">from</token>
  <token t_id="524" sentence="20" number="37">the</token>
  <token t_id="525" sentence="20" number="38">field</token>
  <token t_id="526" sentence="20" number="39">and</token>
  <token t_id="527" sentence="20" number="40">79</token>
  <token t_id="528" sentence="20" number="41">.</token>
  <token t_id="529" sentence="20" number="42">3</token>
  <token t_id="530" sentence="20" number="43">percent</token>
  <token t_id="531" sentence="20" number="44">from</token>
  <token t_id="532" sentence="20" number="45">the</token>
  <token t_id="533" sentence="20" number="46">charity</token>
  <token t_id="534" sentence="20" number="47">stripe</token>
  <token t_id="535" sentence="20" number="48">.</token>
  <token t_id="536" sentence="21" number="0">He</token>
  <token t_id="537" sentence="21" number="1">retired</token>
  <token t_id="538" sentence="21" number="2">in</token>
  <token t_id="539" sentence="21" number="3">1993</token>
  <token t_id="540" sentence="21" number="4">as</token>
  <token t_id="541" sentence="21" number="5">the</token>
  <token t_id="542" sentence="21" number="6">league's</token>
  <token t_id="543" sentence="21" number="7">all</token>
  <token t_id="544" sentence="21" number="8">-</token>
  <token t_id="545" sentence="21" number="9">time</token>
  <token t_id="546" sentence="21" number="10">leader</token>
  <token t_id="547" sentence="21" number="11">in</token>
  <token t_id="548" sentence="21" number="12">steals</token>
  <token t_id="549" sentence="21" number="13">,</token>
  <token t_id="550" sentence="21" number="14">and</token>
  <token t_id="551" sentence="21" number="15">was</token>
  <token t_id="552" sentence="21" number="16">fifth</token>
  <token t_id="553" sentence="21" number="17">on</token>
  <token t_id="554" sentence="21" number="18">the</token>
  <token t_id="555" sentence="21" number="19">career</token>
  <token t_id="556" sentence="21" number="20">assists</token>
  <token t_id="557" sentence="21" number="21">list</token>
  <token t_id="558" sentence="21" number="22">at</token>
  <token t_id="559" sentence="21" number="23">that</token>
  <token t_id="560" sentence="21" number="24">time</token>
  <token t_id="561" sentence="21" number="25">.</token>
  <token t_id="562" sentence="22" number="0">Currently</token>
  <token t_id="563" sentence="22" number="1">,</token>
  <token t_id="564" sentence="22" number="2">he</token>
  <token t_id="565" sentence="22" number="3">ranks</token>
  <token t_id="566" sentence="22" number="4">fourth</token>
  <token t_id="567" sentence="22" number="5">in</token>
  <token t_id="568" sentence="22" number="6">steals</token>
  <token t_id="569" sentence="22" number="7">and</token>
  <token t_id="570" sentence="22" number="8">eighth</token>
  <token t_id="571" sentence="22" number="9">in</token>
  <token t_id="572" sentence="22" number="10">assists</token>
  <token t_id="573" sentence="22" number="11">all</token>
  <token t_id="574" sentence="22" number="12">-</token>
  <token t_id="575" sentence="22" number="13">time</token>
  <token t_id="576" sentence="22" number="14">.</token>
  <token t_id="577" sentence="23" number="0">Cheeks</token>
  <token t_id="578" sentence="23" number="1">had</token>
  <token t_id="579" sentence="23" number="2">his</token>
  <token t_id="580" sentence="23" number="3">No</token>
  <token t_id="581" sentence="23" number="4">.</token>
  <token t_id="582" sentence="23" number="5">10</token>
  <token t_id="583" sentence="23" number="6">76ers</token>
  <token t_id="584" sentence="23" number="7">jersey</token>
  <token t_id="585" sentence="23" number="8">retired</token>
  <token t_id="586" sentence="23" number="9">on</token>
  <token t_id="587" sentence="23" number="10">Feb</token>
  <token t_id="588" sentence="23" number="11">.</token>
  <token t_id="589" sentence="23" number="12">6</token>
  <token t_id="590" sentence="23" number="13">,</token>
  <token t_id="591" sentence="23" number="14">1995</token>
  <token t_id="592" sentence="23" number="15">.</token>
  <token t_id="593" sentence="24" number="0">The</token>
  <token t_id="594" sentence="24" number="1">1978</token>
  <token t_id="595" sentence="24" number="2">product</token>
  <token t_id="596" sentence="24" number="3">of</token>
  <token t_id="597" sentence="24" number="4">West</token>
  <token t_id="598" sentence="24" number="5">Texas</token>
  <token t_id="599" sentence="24" number="6">State</token>
  <token t_id="600" sentence="24" number="7">was</token>
  <token t_id="601" sentence="24" number="8">a</token>
  <token t_id="602" sentence="24" number="9">four</token>
  <token t_id="603" sentence="24" number="10">-</token>
  <token t_id="604" sentence="24" number="11">year</token>
  <token t_id="605" sentence="24" number="12">starter</token>
  <token t_id="606" sentence="24" number="13">and</token>
  <token t_id="607" sentence="24" number="14">three</token>
  <token t_id="608" sentence="24" number="15">-</token>
  <token t_id="609" sentence="24" number="16">time</token>
  <token t_id="610" sentence="24" number="17">team</token>
  <token t_id="611" sentence="24" number="18">MVP</token>
  <token t_id="612" sentence="24" number="19">in</token>
  <token t_id="613" sentence="24" number="20">college</token>
  <token t_id="614" sentence="24" number="21">.</token>
  <token t_id="615" sentence="25" number="0">He</token>
  <token t_id="616" sentence="25" number="1">finished</token>
  <token t_id="617" sentence="25" number="2">his</token>
  <token t_id="618" sentence="25" number="3">collegiate</token>
  <token t_id="619" sentence="25" number="4">career</token>
  <token t_id="620" sentence="25" number="5">third</token>
  <token t_id="621" sentence="25" number="6">on</token>
  <token t_id="622" sentence="25" number="7">the</token>
  <token t_id="623" sentence="25" number="8">Buffalos'</token>
  <token t_id="624" sentence="25" number="9">all</token>
  <token t_id="625" sentence="25" number="10">-</token>
  <token t_id="626" sentence="25" number="11">time</token>
  <token t_id="627" sentence="25" number="12">scoring</token>
  <token t_id="628" sentence="25" number="13">list</token>
  <token t_id="629" sentence="25" number="14">,</token>
  <token t_id="630" sentence="25" number="15">averaging</token>
  <token t_id="631" sentence="25" number="16">16</token>
  <token t_id="632" sentence="25" number="17">.</token>
  <token t_id="633" sentence="25" number="18">8</token>
  <token t_id="634" sentence="25" number="19">points</token>
  <token t_id="635" sentence="25" number="20">per</token>
  <token t_id="636" sentence="25" number="21">game</token>
  <token t_id="637" sentence="25" number="22">.</token>
  <token t_id="638" sentence="26" number="0">Cheeks</token>
  <token t_id="639" sentence="26" number="1">was</token>
  <token t_id="640" sentence="26" number="2">selected</token>
  <token t_id="641" sentence="26" number="3">in</token>
  <token t_id="642" sentence="26" number="4">the</token>
  <token t_id="643" sentence="26" number="5">second</token>
  <token t_id="644" sentence="26" number="6">round</token>
  <token t_id="645" sentence="26" number="7">of</token>
  <token t_id="646" sentence="26" number="8">the</token>
  <token t_id="647" sentence="26" number="9">1978</token>
  <token t_id="648" sentence="26" number="10">NBA</token>
  <token t_id="649" sentence="26" number="11">Draft</token>
  <token t_id="650" sentence="26" number="12">(</token>
  <token t_id="651" sentence="26" number="13">36th</token>
  <token t_id="652" sentence="26" number="14">overall</token>
  <token t_id="653" sentence="26" number="15">pick</token>
  <token t_id="654" sentence="26" number="16">)</token>
  <token t_id="655" sentence="26" number="17">by</token>
  <token t_id="656" sentence="26" number="18">the</token>
  <token t_id="657" sentence="26" number="19">76ers</token>
  <token t_id="658" sentence="26" number="20">.</token>
  <Markables>
    <ACTION_OCCURRENCE m_id="1" comment="" climaxEvent="FALSE">
      <token_anchor t_id="47"/>
    </ACTION_OCCURRENCE>
    <ACTION_OCCURRENCE m_id="2" comment="" climaxEvent="FALSE">
      <token_anchor t_id="50"/>
    </ACTION_OCCURRENCE>
    <ACTION_OCCURRENCE m_id="3" comment="" climaxEvent="FALSE">
      <token_anchor t_id="218"/>
    </ACTION_OCCURRENCE>
    <ACTION_OCCURRENCE m_id="4" climaxEvent="TRUE" comment="">
      <token_anchor t_id="20"/>
    </ACTION_OCCURRENCE>
    <ACTION_OCCURRENCE m_id="5" climaxEvent="TRUE" comment="">
      <token_anchor t_id="25"/>
    </ACTION_OCCURRENCE>
    <ACTION_REPORTING m_id="6">
      <token_anchor t_id="40"/>
    </ACTION_REPORTING>
    <ACTION_REPORTING m_id="7">
      <token_anchor t_id="212"/>
    </ACTION_REPORTING>
    <HUMAN_PART_ORG m_id="8">
      <token_anchor t_id="56"/>
      <token_anchor t_id="57"/>
    </HUMAN_PART_ORG>
    <HUMAN_PART_ORG m_id="9">
      <token_anchor t_id="226"/>
      <token_anchor t_id="227"/>
    </HUMAN_PART_ORG>
    <HUMAN_PART_ORG m_id="10">
      <token_anchor t_id="18"/>
      <token_anchor t_id="19"/>
    </HUMAN_PART_ORG>
    <HUMAN_PART_PER m_id="11" comment="">
      <token_anchor t_id="49"/>
    </HUMAN_PART_PER>
    <HUMAN_PART_PER m_id="12" comment="">
      <token_anchor t_id="53"/>
    </HUMAN_PART_PER>
    <HUMAN_PART_PER m_id="13" comment="">
      <token_anchor t_id="210"/>
      <token_anchor t_id="211"/>
    </HUMAN_PART_PER>
    <HUMAN_PART_PER m_id="14" comment="">
      <token_anchor t_id="214"/>
      <token_anchor t_id="215"/>
    </HUMAN_PART_PER>
    <HUMAN_PART_PER m_id="15" comment="">
      <token_anchor t_id="223"/>
    </HUMAN_PART_PER>
    <HUMAN_PART_PER m_id="16" comment="">
      <token_anchor t_id="22"/>
      <token_anchor t_id="23"/>
    </HUMAN_PART_PER>
    <HUMAN_PART_PER m_id="17" comment="">
      <token_anchor t_id="26"/>
      <token_anchor t_id="27"/>
    </HUMAN_PART_PER>
    <HUMAN_PART_PER m_id="18" comment="">
      <token_anchor t_id="38"/>
      <token_anchor t_id="39"/>
    </HUMAN_PART_PER>
    <HUMAN_PART_PER m_id="19" comment="">
      <token_anchor t_id="43"/>
      <token_anchor t_id="44"/>
    </HUMAN_PART_PER>
    <TIME_DATE m_id="20" comment="" DCT="FALSE" value="2005-05-23" anchorTimeID="22">
      <token_anchor t_id="41"/>
    </TIME_DATE>
    <TIME_DATE m_id="21" comment="" DCT="FALSE" value="2005-05-23" anchorTimeID="">
      <token_anchor t_id="202"/>
    </TIME_DATE>
    <TIME_DATE m_id="22" comment="" DCT="TRUE" value="2005-05-23" anchorTimeID="22">
      <token_anchor t_id="28"/>
      <token_anchor t_id="29"/>
      <token_anchor t_id="30"/>
      <token_anchor t_id="31"/>
    </TIME_DATE>
    <ACTION_OCCURRENCE m_id="23" RELATED_TO="" TAG_DESCRIPTOR="t5_cheeks_made_new_coach" comment="" climaxEvent="FALSE"/>
    <TIME_DATE m_id="24" RELATED_TO="" TAG_DESCRIPTOR="t5_may_23" value="" anchorTimeID="" DCT="FALSE" comment=""/>
    <HUMAN_PART_ORG m_id="25" RELATED_TO="" TAG_DESCRIPTOR="t5_sixers"/>
    <HUMAN_PART_PER m_id="26" RELATED_TO="" TAG_DESCRIPTOR="t5_king" comment=""/>
    <ACTION_OCCURRENCE m_id="27" RELATED_TO="" TAG_DESCRIPTOR="t5_coaching_duties" comment="" climaxEvent="FALSE"/>
    <HUMAN_PART_PER m_id="28" RELATED_TO="" TAG_DESCRIPTOR="t5_obrien" comment=""/>
    <ACTION_REPORTING m_id="29" RELATED_TO="" TAG_DESCRIPTOR="t5_king_announces_coach_change"/>
    <HUMAN_PART_PER m_id="30" RELATED_TO="" TAG_DESCRIPTOR="t5_cheeks" comment=""/>
    <ACTION_OCCURRENCE m_id="31" RELATED_TO="" TAG_DESCRIPTOR="t5_obrien_relieved_of_duties" comment="" climaxEvent="FALSE"/>
  </Markables>
  <Relations>
    <TLINK r_id="105643" contextualModality="" relType="CONTAINS" comment="">
      <source m_id="22"/>
      <target m_id="4"/>
    </TLINK>
    <TLINK r_id="105644" contextualModality="" relType="CONTAINS" comment="">
      <source m_id="22"/>
      <target m_id="5"/>
    </TLINK>
    <TLINK r_id="105645" contextualModality="" relType="CONTAINS" comment="">
      <source m_id="22"/>
      <target m_id="1"/>
    </TLINK>
    <TLINK r_id="105646" contextualModality="" relType="ENDED_ON" comment="">
      <source m_id="22"/>
      <target m_id="2"/>
    </TLINK>
    <TLINK r_id="105647" contextualModality="" relType="CONTAINS" comment="">
      <source m_id="22"/>
      <target m_id="3"/>
    </TLINK>
    <TLINK r_id="105648" contextualModality="" relType="CONTAINS" comment="">
      <source m_id="20"/>
      <target m_id="4"/>
    </TLINK>
    <TLINK r_id="105649" contextualModality="" relType="CONTAINS" comment="">
      <source m_id="20"/>
      <target m_id="5"/>
    </TLINK>
    <TLINK r_id="105650" contextualModality="" relType="CONTAINS" comment="">
      <source m_id="20"/>
      <target m_id="1"/>
    </TLINK>
    <TLINK r_id="105651" contextualModality="" relType="ENDS_ON" comment="">
      <source m_id="20"/>
      <target m_id="2"/>
    </TLINK>
    <TLINK r_id="105652" contextualModality="" relType="CONTAINS" comment="">
      <source m_id="21"/>
      <target m_id="3"/>
    </TLINK>
    <PLOT_LINK r_id="105653" SIGNAL="" relType="PRECONDITION" CAUSES="FALSE" CAUSED_BY="FALSE">
      <source m_id="4"/>
      <target m_id="5"/>
    </PLOT_LINK>
    <PLOT_LINK r_id="105654" SIGNAL="" relType="FALLING_ACTION" CAUSES="FALSE" CAUSED_BY="FALSE">
      <source m_id="1"/>
      <target m_id="2"/>
    </PLOT_LINK>
    <PLOT_LINK r_id="105655" SIGNAL="" relType="PRECONDITION" CAUSES="FALSE" CAUSED_BY="FALSE">
      <source m_id="4"/>
      <target m_id="3"/>
    </PLOT_LINK>
  </Relations>
</Document>
