<?xml version='1.0' encoding='UTF-8'?>
<Document doc_name="5_8ecbplus.xml">
  <token t_id="1" sentence="0" number="0">https</token>
  <token t_id="2" sentence="0" number="1">:</token>
  <token t_id="3" sentence="0" number="2">/</token>
  <token t_id="4" sentence="0" number="3">/</token>
  <token t_id="5" sentence="0" number="4">law</token>
  <token t_id="6" sentence="0" number="5">.</token>
  <token t_id="7" sentence="0" number="6">marquette</token>
  <token t_id="8" sentence="0" number="7">.</token>
  <token t_id="9" sentence="0" number="8">edu</token>
  <token t_id="10" sentence="0" number="9">/</token>
  <token t_id="11" sentence="0" number="10">national</token>
  <token t_id="12" sentence="0" number="11">-</token>
  <token t_id="13" sentence="0" number="12">sports</token>
  <token t_id="14" sentence="0" number="13">-</token>
  <token t_id="15" sentence="0" number="14">law</token>
  <token t_id="16" sentence="0" number="15">-</token>
  <token t_id="17" sentence="0" number="16">institute</token>
  <token t_id="18" sentence="0" number="17">/</token>
  <token t_id="19" sentence="0" number="18">volume</token>
  <token t_id="20" sentence="0" number="19">-</token>
  <token t_id="21" sentence="0" number="20">7</token>
  <token t_id="22" sentence="0" number="21">-</token>
  <token t_id="23" sentence="0" number="22">1</token>
  <token t_id="24" sentence="1" number="0">Jim</token>
  <token t_id="25" sentence="1" number="1">O'Brien</token>
  <token t_id="26" sentence="1" number="2">was</token>
  <token t_id="27" sentence="1" number="3">terminated</token>
  <token t_id="28" sentence="1" number="4">from</token>
  <token t_id="29" sentence="1" number="5">his</token>
  <token t_id="30" sentence="1" number="6">position</token>
  <token t_id="31" sentence="1" number="7">as</token>
  <token t_id="32" sentence="1" number="8">head</token>
  <token t_id="33" sentence="1" number="9">men's</token>
  <token t_id="34" sentence="1" number="10">basketball</token>
  <token t_id="35" sentence="1" number="11">coach</token>
  <token t_id="36" sentence="1" number="12">at</token>
  <token t_id="37" sentence="1" number="13">Ohio</token>
  <token t_id="38" sentence="1" number="14">State</token>
  <token t_id="39" sentence="1" number="15">University</token>
  <token t_id="40" sentence="1" number="16">following</token>
  <token t_id="41" sentence="1" number="17">the</token>
  <token t_id="42" sentence="1" number="18">disclosure</token>
  <token t_id="43" sentence="1" number="19">that</token>
  <token t_id="44" sentence="1" number="20">he</token>
  <token t_id="45" sentence="1" number="21">loaned</token>
  <token t_id="46" sentence="1" number="22">a</token>
  <token t_id="47" sentence="1" number="23">recruit's</token>
  <token t_id="48" sentence="1" number="24">mother</token>
  <token t_id="49" sentence="1" number="25">money</token>
  <token t_id="50" sentence="1" number="26">.</token>
  <token t_id="51" sentence="2" number="0">O'Brien</token>
  <token t_id="52" sentence="2" number="1">sued</token>
  <token t_id="53" sentence="2" number="2">,</token>
  <token t_id="54" sentence="2" number="3">claiming</token>
  <token t_id="55" sentence="2" number="4">he</token>
  <token t_id="56" sentence="2" number="5">was</token>
  <token t_id="57" sentence="2" number="6">terminated</token>
  <token t_id="58" sentence="2" number="7">without</token>
  <token t_id="59" sentence="2" number="8">cause</token>
  <token t_id="60" sentence="2" number="9">,</token>
  <token t_id="61" sentence="2" number="10">and</token>
  <token t_id="62" sentence="2" number="11">both</token>
  <token t_id="63" sentence="2" number="12">parties</token>
  <token t_id="64" sentence="2" number="13">filed</token>
  <token t_id="65" sentence="2" number="14">motions</token>
  <token t_id="66" sentence="2" number="15">for</token>
  <token t_id="67" sentence="2" number="16">summary</token>
  <token t_id="68" sentence="2" number="17">judgment</token>
  <token t_id="69" sentence="2" number="18">.</token>
  <token t_id="70" sentence="3" number="0">The</token>
  <token t_id="71" sentence="3" number="1">court</token>
  <token t_id="72" sentence="3" number="2">of</token>
  <token t_id="73" sentence="3" number="3">claims</token>
  <token t_id="74" sentence="3" number="4">denied</token>
  <token t_id="75" sentence="3" number="5">the</token>
  <token t_id="76" sentence="3" number="6">motions</token>
  <token t_id="77" sentence="3" number="7">because</token>
  <token t_id="78" sentence="3" number="8">there</token>
  <token t_id="79" sentence="3" number="9">was</token>
  <token t_id="80" sentence="3" number="10">a</token>
  <token t_id="81" sentence="3" number="11">factual</token>
  <token t_id="82" sentence="3" number="12">dispute</token>
  <token t_id="83" sentence="3" number="13">concerning</token>
  <token t_id="84" sentence="3" number="14">what</token>
  <token t_id="85" sentence="3" number="15">constituted</token>
  <token t_id="86" sentence="3" number="16">a</token>
  <token t_id="87" sentence="3" number="17">material</token>
  <token t_id="88" sentence="3" number="18">breach</token>
  <token t_id="89" sentence="3" number="19">under</token>
  <token t_id="90" sentence="3" number="20">the</token>
  <token t_id="91" sentence="3" number="21">employment</token>
  <token t_id="92" sentence="3" number="22">contract</token>
  <token t_id="93" sentence="3" number="23">.</token>
  <Markables>
    <ACTION_OCCURRENCE m_id="1" comment="" climaxEvent="FALSE">
      <token_anchor t_id="52"/>
    </ACTION_OCCURRENCE>
    <ACTION_OCCURRENCE m_id="2" comment="" climaxEvent="FALSE">
      <token_anchor t_id="57"/>
    </ACTION_OCCURRENCE>
    <ACTION_OCCURRENCE m_id="3" comment="" climaxEvent="FALSE">
      <token_anchor t_id="64"/>
    </ACTION_OCCURRENCE>
    <ACTION_OCCURRENCE m_id="4" comment="" climaxEvent="FALSE">
      <token_anchor t_id="68"/>
    </ACTION_OCCURRENCE>
    <ACTION_OCCURRENCE m_id="5" comment="" climaxEvent="FALSE">
      <token_anchor t_id="82"/>
    </ACTION_OCCURRENCE>
    <ACTION_OCCURRENCE m_id="6" comment="" climaxEvent="FALSE">
      <token_anchor t_id="85"/>
    </ACTION_OCCURRENCE>
    <ACTION_OCCURRENCE m_id="7" comment="" climaxEvent="FALSE">
      <token_anchor t_id="88"/>
    </ACTION_OCCURRENCE>
    <ACTION_OCCURRENCE m_id="8" climaxEvent="TRUE" comment="">
      <token_anchor t_id="27"/>
    </ACTION_OCCURRENCE>
    <ACTION_OCCURRENCE m_id="9" comment="" climaxEvent="FALSE">
      <token_anchor t_id="45"/>
    </ACTION_OCCURRENCE>
    <ACTION_OCCURRENCE m_id="27" comment="" climaxEvent="FALSE">
      <token_anchor t_id="30"/>
    </ACTION_OCCURRENCE>
    <ACTION_REPORTING m_id="10">
      <token_anchor t_id="54"/>
    </ACTION_REPORTING>
    <ACTION_REPORTING m_id="11">
      <token_anchor t_id="42"/>
    </ACTION_REPORTING>
    <HUMAN_PART_ORG m_id="12">
      <token_anchor t_id="71"/>
    </HUMAN_PART_ORG>
    <HUMAN_PART_PER m_id="13" comment="">
      <token_anchor t_id="44"/>
    </HUMAN_PART_PER>
    <HUMAN_PART_PER m_id="14" comment="">
      <token_anchor t_id="48"/>
    </HUMAN_PART_PER>
    <HUMAN_PART_PER m_id="15" comment="">
      <token_anchor t_id="51"/>
    </HUMAN_PART_PER>
    <HUMAN_PART_PER m_id="16" comment="">
      <token_anchor t_id="55"/>
    </HUMAN_PART_PER>
    <HUMAN_PART_PER m_id="17" comment="">
      <token_anchor t_id="63"/>
    </HUMAN_PART_PER>
    <HUMAN_PART_PER m_id="18" comment="">
      <token_anchor t_id="24"/>
      <token_anchor t_id="25"/>
    </HUMAN_PART_PER>
    <HUMAN_PART_PER m_id="19" comment="">
      <token_anchor t_id="35"/>
    </HUMAN_PART_PER>
    <LOC_FAC m_id="20">
      <token_anchor t_id="36"/>
      <token_anchor t_id="37"/>
      <token_anchor t_id="38"/>
      <token_anchor t_id="39"/>
    </LOC_FAC>
    <NEG_ACTION_OCCURRENCE m_id="21" comment="" climaxEvent="FALSE">
      <token_anchor t_id="74"/>
    </NEG_ACTION_OCCURRENCE>
    <NON_HUMAN_PART m_id="22" comment="">
      <token_anchor t_id="92"/>
    </NON_HUMAN_PART>
    <NON_HUMAN_PART m_id="23" comment="">
      <token_anchor t_id="49"/>
    </NON_HUMAN_PART>
    <NON_HUMAN_PART_GENERIC m_id="24">
      <token_anchor t_id="59"/>
    </NON_HUMAN_PART_GENERIC>
    <NON_HUMAN_PART_GENERIC m_id="25">
      <token_anchor t_id="65"/>
    </NON_HUMAN_PART_GENERIC>
    <NON_HUMAN_PART_GENERIC m_id="26">
      <token_anchor t_id="76"/>
    </NON_HUMAN_PART_GENERIC>
    <HUMAN_PART_PER m_id="28" RELATED_TO="" TAG_DESCRIPTOR="t5_obrien" comment=""/>
    <ACTION_OCCURRENCE m_id="29" RELATED_TO="" TAG_DESCRIPTOR="t5_obrian_sues_ohio" comment="" climaxEvent="FALSE"/>
    <ACTION_OCCURRENCE m_id="30" RELATED_TO="" TAG_DESCRIPTOR="t5_obrien_relieved_of_duties" comment="" climaxEvent="FALSE"/>
    <ACTION_OCCURRENCE m_id="31" RELATED_TO="" TAG_DESCRIPTOR="t5_coaching_duties" comment="" climaxEvent="FALSE"/>
    <TIME_DATE m_id="32" RELATED_TO="" TAG_DESCRIPTOR="t_2005-05-23" comment="" DCT="FALSE" value="2005-05-23" anchorTimeID=""/>
  </Markables>
  <Relations>
    <TLINK r_id="105683" contextualModality="" relType="CONTAINS" comment="">
      <source m_id="32"/>
      <target m_id="8"/>
    </TLINK>
    <TLINK r_id="105684" contextualModality="" relType="AFTER" comment="">
      <source m_id="32"/>
      <target m_id="11"/>
    </TLINK>
    <TLINK r_id="105686" contextualModality="" relType="AFTER" comment="">
      <source m_id="32"/>
      <target m_id="9"/>
    </TLINK>
    <TLINK r_id="105687" contextualModality="" relType="BEFORE" comment="">
      <source m_id="32"/>
      <target m_id="1"/>
    </TLINK>
    <TLINK r_id="105688" contextualModality="" relType="AFTER" comment="">
      <source m_id="32"/>
      <target m_id="2"/>
    </TLINK>
    <TLINK r_id="105689" contextualModality="" relType="BEFORE" comment="">
      <source m_id="32"/>
      <target m_id="3"/>
    </TLINK>
    <TLINK r_id="105690" contextualModality="" relType="BEFORE" comment="">
      <source m_id="32"/>
      <target m_id="4"/>
    </TLINK>
    <TLINK r_id="105691" contextualModality="" relType="BEFORE" comment="">
      <source m_id="32"/>
      <target m_id="21"/>
    </TLINK>
    <TLINK r_id="105692" contextualModality="" relType="BEFORE" comment="">
      <source m_id="32"/>
      <target m_id="5"/>
    </TLINK>
    <TLINK r_id="105693" contextualModality="" relType="BEFORE" comment="">
      <source m_id="32"/>
      <target m_id="7"/>
    </TLINK>
    <PLOT_LINK r_id="105695" SIGNAL="" relType="FALLING_ACTION" CAUSES="FALSE" CAUSED_BY="FALSE">
      <source m_id="8"/>
      <target m_id="9"/>
    </PLOT_LINK>
    <PLOT_LINK r_id="105696" SIGNAL="" relType="FALLING_ACTION" CAUSES="FALSE" CAUSED_BY="FALSE">
      <source m_id="8"/>
      <target m_id="11"/>
    </PLOT_LINK>
    <PLOT_LINK r_id="105698" SIGNAL="" relType="FALLING_ACTION" CAUSES="FALSE" CAUSED_BY="FALSE">
      <source m_id="1"/>
      <target m_id="2"/>
    </PLOT_LINK>
    <PLOT_LINK r_id="105699" SIGNAL="" relType="PRECONDITION" CAUSES="FALSE" CAUSED_BY="FALSE">
      <source m_id="2"/>
      <target m_id="3"/>
    </PLOT_LINK>
    <PLOT_LINK r_id="105700" SIGNAL="" relType="PRECONDITION" CAUSES="FALSE" CAUSED_BY="FALSE">
      <source m_id="3"/>
      <target m_id="4"/>
    </PLOT_LINK>
    <PLOT_LINK r_id="105701" SIGNAL="" relType="FALLING_ACTION" CAUSES="FALSE" CAUSED_BY="FALSE">
      <source m_id="21"/>
      <target m_id="5"/>
    </PLOT_LINK>
    <PLOT_LINK r_id="105702" SIGNAL="" relType="FALLING_ACTION" CAUSES="FALSE" CAUSED_BY="FALSE">
      <source m_id="5"/>
      <target m_id="7"/>
    </PLOT_LINK>
  </Relations>
</Document>
