<?xml version='1.0' encoding='UTF-8'?>
<Document doc_name="5_9ecbplus.xml">
  <token t_id="1" sentence="0" number="0">http</token>
  <token t_id="2" sentence="0" number="1">:</token>
  <token t_id="3" sentence="0" number="2">/</token>
  <token t_id="4" sentence="0" number="3">/</token>
  <token t_id="5" sentence="0" number="4">sports</token>
  <token t_id="6" sentence="0" number="5">.</token>
  <token t_id="7" sentence="0" number="6">espn</token>
  <token t_id="8" sentence="0" number="7">.</token>
  <token t_id="9" sentence="0" number="8">go</token>
  <token t_id="10" sentence="0" number="9">.</token>
  <token t_id="11" sentence="0" number="10">com</token>
  <token t_id="12" sentence="0" number="11">/</token>
  <token t_id="13" sentence="0" number="12">nba</token>
  <token t_id="14" sentence="0" number="13">/</token>
  <token t_id="15" sentence="0" number="14">news</token>
  <token t_id="16" sentence="0" number="15">/</token>
  <token t_id="17" sentence="0" number="16">story</token>
  <token t_id="18" sentence="0" number="17">?</token>
  <token t_id="19" sentence="0" number="18">id=2115562</token>
  <token t_id="20" sentence="1" number="0">Agent</token>
  <token t_id="21" sentence="1" number="1">says</token>
  <token t_id="22" sentence="1" number="2">Sixers</token>
  <token t_id="23" sentence="1" number="3">to</token>
  <token t_id="24" sentence="1" number="4">sign</token>
  <token t_id="25" sentence="1" number="5">Dalembert</token>
  <token t_id="26" sentence="1" number="6">to</token>
  <token t_id="27" sentence="1" number="7">six</token>
  <token t_id="28" sentence="1" number="8">-</token>
  <token t_id="29" sentence="1" number="9">year</token>
  <token t_id="30" sentence="1" number="10">deal</token>
  <token t_id="31" sentence="2" number="0">July</token>
  <token t_id="32" sentence="2" number="1">25</token>
  <token t_id="33" sentence="2" number="2">,</token>
  <token t_id="34" sentence="2" number="3">2005</token>
  <token t_id="35" sentence="2" number="4">,</token>
  <token t_id="36" sentence="2" number="5">12</token>
  <token t_id="37" sentence="2" number="6">:</token>
  <token t_id="38" sentence="2" number="7">18</token>
  <token t_id="39" sentence="2" number="8">AM</token>
  <token t_id="40" sentence="2" number="9">ET</token>
  <token t_id="41" sentence="3" number="0">Samuel</token>
  <token t_id="42" sentence="3" number="1">Dalembert</token>
  <token t_id="43" sentence="3" number="2">agreed</token>
  <token t_id="44" sentence="3" number="3">to</token>
  <token t_id="45" sentence="3" number="4">a</token>
  <token t_id="46" sentence="3" number="5">six</token>
  <token t_id="47" sentence="3" number="6">year</token>
  <token t_id="48" sentence="3" number="7">deal</token>
  <token t_id="49" sentence="3" number="8">with</token>
  <token t_id="50" sentence="3" number="9">the</token>
  <token t_id="51" sentence="3" number="10">Philadelphia</token>
  <token t_id="52" sentence="3" number="11">76ers</token>
  <token t_id="53" sentence="3" number="12">on</token>
  <token t_id="54" sentence="3" number="13">Saturday</token>
  <token t_id="55" sentence="3" number="14">,</token>
  <token t_id="56" sentence="3" number="15">his</token>
  <token t_id="57" sentence="3" number="16">agent</token>
  <token t_id="58" sentence="3" number="17">Marc</token>
  <token t_id="59" sentence="3" number="18">Cornstein</token>
  <token t_id="60" sentence="3" number="19">,</token>
  <token t_id="61" sentence="3" number="20">told</token>
  <token t_id="62" sentence="3" number="21">ESPN</token>
  <token t_id="63" sentence="3" number="22">.</token>
  <token t_id="64" sentence="3" number="23">com</token>
  <token t_id="65" sentence="3" number="24">.</token>
  <token t_id="66" sentence="4" number="0">Cornstein</token>
  <token t_id="67" sentence="4" number="1">refused</token>
  <token t_id="68" sentence="4" number="2">to</token>
  <token t_id="69" sentence="4" number="3">disclose</token>
  <token t_id="70" sentence="4" number="4">the</token>
  <token t_id="71" sentence="4" number="5">amount</token>
  <token t_id="72" sentence="4" number="6">of</token>
  <token t_id="73" sentence="4" number="7">the</token>
  <token t_id="74" sentence="4" number="8">contract</token>
  <token t_id="75" sentence="4" number="9">,</token>
  <token t_id="76" sentence="4" number="10">but</token>
  <token t_id="77" sentence="4" number="11">it's</token>
  <token t_id="78" sentence="4" number="12">believed</token>
  <token t_id="79" sentence="4" number="13">to</token>
  <token t_id="80" sentence="4" number="14">be</token>
  <token t_id="81" sentence="4" number="15">worth</token>
  <token t_id="82" sentence="4" number="16">between</token>
  <token t_id="83" sentence="4" number="17">$60</token>
  <token t_id="84" sentence="4" number="18">million</token>
  <token t_id="85" sentence="4" number="19">to</token>
  <token t_id="86" sentence="4" number="20">$70</token>
  <token t_id="87" sentence="4" number="21">million</token>
  <token t_id="88" sentence="4" number="22">,</token>
  <token t_id="89" sentence="4" number="23">based</token>
  <token t_id="90" sentence="4" number="24">on</token>
  <token t_id="91" sentence="4" number="25">previous</token>
  <token t_id="92" sentence="4" number="26">negotiations</token>
  <token t_id="93" sentence="4" number="27">.</token>
  <token t_id="94" sentence="5" number="0">The</token>
  <token t_id="95" sentence="5" number="1">signing</token>
  <token t_id="96" sentence="5" number="2">came</token>
  <token t_id="97" sentence="5" number="3">just</token>
  <token t_id="98" sentence="5" number="4">one</token>
  <token t_id="99" sentence="5" number="5">day</token>
  <token t_id="100" sentence="5" number="6">before</token>
  <token t_id="101" sentence="5" number="7">Dalembert</token>
  <token t_id="102" sentence="5" number="8">was</token>
  <token t_id="103" sentence="5" number="9">set</token>
  <token t_id="104" sentence="5" number="10">to</token>
  <token t_id="105" sentence="5" number="11">get</token>
  <token t_id="106" sentence="5" number="12">on</token>
  <token t_id="107" sentence="5" number="13">a</token>
  <token t_id="108" sentence="5" number="14">plane</token>
  <token t_id="109" sentence="5" number="15">and</token>
  <token t_id="110" sentence="5" number="16">visit</token>
  <token t_id="111" sentence="5" number="17">the</token>
  <token t_id="112" sentence="5" number="18">Atlanta</token>
  <token t_id="113" sentence="5" number="19">Hawks</token>
  <token t_id="114" sentence="5" number="20">,</token>
  <token t_id="115" sentence="5" number="21">who</token>
  <token t_id="116" sentence="5" number="22">had</token>
  <token t_id="117" sentence="5" number="23">the</token>
  <token t_id="118" sentence="5" number="24">money</token>
  <token t_id="119" sentence="5" number="25">under</token>
  <token t_id="120" sentence="5" number="26">the</token>
  <token t_id="121" sentence="5" number="27">cap</token>
  <token t_id="122" sentence="5" number="28">to</token>
  <token t_id="123" sentence="5" number="29">pay</token>
  <token t_id="124" sentence="5" number="30">him</token>
  <token t_id="125" sentence="5" number="31">a</token>
  <token t_id="126" sentence="5" number="32">maximum</token>
  <token t_id="127" sentence="5" number="33">five</token>
  <token t_id="128" sentence="5" number="34">-</token>
  <token t_id="129" sentence="5" number="35">year</token>
  <token t_id="130" sentence="5" number="36">,</token>
  <token t_id="131" sentence="5" number="37">$70</token>
  <token t_id="132" sentence="5" number="38">million</token>
  <token t_id="133" sentence="5" number="39">offer</token>
  <token t_id="134" sentence="5" number="40">.</token>
  <token t_id="135" sentence="6" number="0">Of</token>
  <token t_id="136" sentence="6" number="1">the</token>
  <token t_id="137" sentence="6" number="2">three</token>
  <token t_id="138" sentence="6" number="3">top</token>
  <token t_id="139" sentence="6" number="4">big</token>
  <token t_id="140" sentence="6" number="5">men</token>
  <token t_id="141" sentence="6" number="6">on</token>
  <token t_id="142" sentence="6" number="7">the</token>
  <token t_id="143" sentence="6" number="8">market</token>
  <token t_id="144" sentence="6" number="9">,</token>
  <token t_id="145" sentence="6" number="10">Dalembert</token>
  <token t_id="146" sentence="6" number="11">was</token>
  <token t_id="147" sentence="6" number="12">the</token>
  <token t_id="148" sentence="6" number="13">center</token>
  <token t_id="149" sentence="6" number="14">with</token>
  <token t_id="150" sentence="6" number="15">the</token>
  <token t_id="151" sentence="6" number="16">most</token>
  <token t_id="152" sentence="6" number="17">upside</token>
  <token t_id="153" sentence="6" number="18">.</token>
  <token t_id="154" sentence="7" number="0">He</token>
  <token t_id="155" sentence="7" number="1">has</token>
  <token t_id="156" sentence="7" number="2">great</token>
  <token t_id="157" sentence="7" number="3">range</token>
  <token t_id="158" sentence="7" number="4">and</token>
  <token t_id="159" sentence="7" number="5">is</token>
  <token t_id="160" sentence="7" number="6">athletic</token>
  <token t_id="161" sentence="7" number="7">,</token>
  <token t_id="162" sentence="7" number="8">with</token>
  <token t_id="163" sentence="7" number="9">great</token>
  <token t_id="164" sentence="7" number="10">shot</token>
  <token t_id="165" sentence="7" number="11">blocking</token>
  <token t_id="166" sentence="7" number="12">instincts</token>
  <token t_id="167" sentence="7" number="13">.</token>
  <token t_id="168" sentence="8" number="0">He's</token>
  <token t_id="169" sentence="8" number="1">shown</token>
  <token t_id="170" sentence="8" number="2">he</token>
  <token t_id="171" sentence="8" number="3">can</token>
  <token t_id="172" sentence="8" number="4">be</token>
  <token t_id="173" sentence="8" number="5">a</token>
  <token t_id="174" sentence="8" number="6">volume</token>
  <token t_id="175" sentence="8" number="7">rebounder</token>
  <token t_id="176" sentence="8" number="8">and</token>
  <token t_id="177" sentence="8" number="9">his</token>
  <token t_id="178" sentence="8" number="10">offensive</token>
  <token t_id="179" sentence="8" number="11">game</token>
  <token t_id="180" sentence="8" number="12">is</token>
  <token t_id="181" sentence="8" number="13">emerging</token>
  <token t_id="182" sentence="8" number="14">.</token>
  <token t_id="183" sentence="9" number="0">He</token>
  <token t_id="184" sentence="9" number="1">was</token>
  <token t_id="185" sentence="9" number="2">very</token>
  <token t_id="186" sentence="9" number="3">inconsistent</token>
  <token t_id="187" sentence="9" number="4">at</token>
  <token t_id="188" sentence="9" number="5">times</token>
  <token t_id="189" sentence="9" number="6">this</token>
  <token t_id="190" sentence="9" number="7">season</token>
  <token t_id="191" sentence="9" number="8">,</token>
  <token t_id="192" sentence="9" number="9">but</token>
  <token t_id="193" sentence="9" number="10">in</token>
  <token t_id="194" sentence="9" number="11">the</token>
  <token t_id="195" sentence="9" number="12">playoffs</token>
  <token t_id="196" sentence="9" number="13">against</token>
  <token t_id="197" sentence="9" number="14">the</token>
  <token t_id="198" sentence="9" number="15">Detroit</token>
  <token t_id="199" sentence="9" number="16">Pistons</token>
  <token t_id="200" sentence="9" number="17">,</token>
  <token t_id="201" sentence="9" number="18">he</token>
  <token t_id="202" sentence="9" number="19">played</token>
  <token t_id="203" sentence="9" number="20">the</token>
  <token t_id="204" sentence="9" number="21">part</token>
  <token t_id="205" sentence="9" number="22">of</token>
  <token t_id="206" sentence="9" number="23">a</token>
  <token t_id="207" sentence="9" number="24">franchise</token>
  <token t_id="208" sentence="9" number="25">center</token>
  <token t_id="209" sentence="9" number="26">.</token>
  <token t_id="210" sentence="10" number="0">The</token>
  <token t_id="211" sentence="10" number="1">Sixers</token>
  <token t_id="212" sentence="10" number="2">made</token>
  <token t_id="213" sentence="10" number="3">a</token>
  <token t_id="214" sentence="10" number="4">power</token>
  <token t_id="215" sentence="10" number="5">move</token>
  <token t_id="216" sentence="10" number="6">this</token>
  <token t_id="217" sentence="10" number="7">offseason</token>
  <token t_id="218" sentence="10" number="8">,</token>
  <token t_id="219" sentence="10" number="9">firing</token>
  <token t_id="220" sentence="10" number="10">head</token>
  <token t_id="221" sentence="10" number="11">coach</token>
  <token t_id="222" sentence="10" number="12">Jim</token>
  <token t_id="223" sentence="10" number="13">O'Brien</token>
  <token t_id="224" sentence="10" number="14">,</token>
  <token t_id="225" sentence="10" number="15">who</token>
  <token t_id="226" sentence="10" number="16">wasn't</token>
  <token t_id="227" sentence="10" number="17">a</token>
  <token t_id="228" sentence="10" number="18">Dalembert</token>
  <token t_id="229" sentence="10" number="19">fan</token>
  <token t_id="230" sentence="10" number="20">,</token>
  <token t_id="231" sentence="10" number="21">and</token>
  <token t_id="232" sentence="10" number="22">replacing</token>
  <token t_id="233" sentence="10" number="23">him</token>
  <token t_id="234" sentence="10" number="24">with</token>
  <token t_id="235" sentence="10" number="25">Mo</token>
  <token t_id="236" sentence="10" number="26">Cheeks</token>
  <token t_id="237" sentence="10" number="27">,</token>
  <token t_id="238" sentence="10" number="28">who</token>
  <token t_id="239" sentence="10" number="29">is</token>
  <token t_id="240" sentence="10" number="30">.</token>
  <token t_id="241" sentence="11" number="0">Philly</token>
  <token t_id="242" sentence="11" number="1">let</token>
  <token t_id="243" sentence="11" number="2">it</token>
  <token t_id="244" sentence="11" number="3">be</token>
  <token t_id="245" sentence="11" number="4">known</token>
  <token t_id="246" sentence="11" number="5">that</token>
  <token t_id="247" sentence="11" number="6">O'Brien</token>
  <token t_id="248" sentence="11" number="7">was</token>
  <token t_id="249" sentence="11" number="8">fired</token>
  <token t_id="250" sentence="11" number="9">,</token>
  <token t_id="251" sentence="11" number="10">in</token>
  <token t_id="252" sentence="11" number="11">part</token>
  <token t_id="253" sentence="11" number="12">,</token>
  <token t_id="254" sentence="11" number="13">because</token>
  <token t_id="255" sentence="11" number="14">the</token>
  <token t_id="256" sentence="11" number="15">Sixers</token>
  <token t_id="257" sentence="11" number="16">are</token>
  <token t_id="258" sentence="11" number="17">committed</token>
  <token t_id="259" sentence="11" number="18">to</token>
  <token t_id="260" sentence="11" number="19">Dalembert</token>
  <token t_id="261" sentence="11" number="20">.</token>
  <token t_id="262" sentence="12" number="0">This</token>
  <token t_id="263" sentence="12" number="1">is</token>
  <token t_id="264" sentence="12" number="2">the</token>
  <token t_id="265" sentence="12" number="3">third</token>
  <token t_id="266" sentence="12" number="4">deal</token>
  <token t_id="267" sentence="12" number="5">for</token>
  <token t_id="268" sentence="12" number="6">the</token>
  <token t_id="269" sentence="12" number="7">Sixers</token>
  <token t_id="270" sentence="12" number="8">this</token>
  <token t_id="271" sentence="12" number="9">summer</token>
  <token t_id="272" sentence="12" number="10">.</token>
  <token t_id="273" sentence="13" number="0">They</token>
  <token t_id="274" sentence="13" number="1">also</token>
  <token t_id="275" sentence="13" number="2">reached</token>
  <token t_id="276" sentence="13" number="3">six</token>
  <token t_id="277" sentence="13" number="4">-</token>
  <token t_id="278" sentence="13" number="5">year</token>
  <token t_id="279" sentence="13" number="6">deals</token>
  <token t_id="280" sentence="13" number="7">with</token>
  <token t_id="281" sentence="13" number="8">Kyle</token>
  <token t_id="282" sentence="13" number="9">Korver</token>
  <token t_id="283" sentence="13" number="10">for</token>
  <token t_id="284" sentence="13" number="11">$25</token>
  <token t_id="285" sentence="13" number="12">million</token>
  <token t_id="286" sentence="13" number="13">and</token>
  <token t_id="287" sentence="13" number="14">with</token>
  <token t_id="288" sentence="13" number="15">Willie</token>
  <token t_id="289" sentence="13" number="16">Green</token>
  <token t_id="290" sentence="13" number="17">for</token>
  <token t_id="291" sentence="13" number="18">about</token>
  <token t_id="292" sentence="13" number="19">$20</token>
  <token t_id="293" sentence="13" number="20">million</token>
  <token t_id="294" sentence="13" number="21">.</token>
  <Markables>
    <ACTION_OCCURRENCE m_id="1" comment="" climaxEvent="FALSE">
      <token_anchor t_id="249"/>
    </ACTION_OCCURRENCE>
    <ACTION_OCCURRENCE m_id="2" comment="" climaxEvent="FALSE">
      <token_anchor t_id="215"/>
    </ACTION_OCCURRENCE>
    <ACTION_OCCURRENCE m_id="3" comment="" climaxEvent="FALSE">
      <token_anchor t_id="219"/>
    </ACTION_OCCURRENCE>
    <ACTION_OCCURRENCE m_id="4" comment="" climaxEvent="FALSE">
      <token_anchor t_id="232"/>
    </ACTION_OCCURRENCE>
    <ACTION_STATE m_id="5" climaxEvent="FALSE" comment="">
      <token_anchor t_id="239"/>
    </ACTION_STATE>
    <ACTION_STATE m_id="6" climaxEvent="FALSE" comment="">
      <token_anchor t_id="245"/>
    </ACTION_STATE>
    <ACTION_STATE m_id="7" climaxEvent="FALSE" comment="">
      <token_anchor t_id="258"/>
    </ACTION_STATE>
    <HUMAN_PART_ORG m_id="8">
      <token_anchor t_id="241"/>
    </HUMAN_PART_ORG>
    <HUMAN_PART_ORG m_id="9">
      <token_anchor t_id="256"/>
    </HUMAN_PART_ORG>
    <HUMAN_PART_ORG m_id="10">
      <token_anchor t_id="211"/>
    </HUMAN_PART_ORG>
    <HUMAN_PART_PER m_id="11" comment="">
      <token_anchor t_id="233"/>
    </HUMAN_PART_PER>
    <HUMAN_PART_PER m_id="12" comment="">
      <token_anchor t_id="247"/>
    </HUMAN_PART_PER>
    <HUMAN_PART_PER m_id="13" comment="">
      <token_anchor t_id="260"/>
    </HUMAN_PART_PER>
    <HUMAN_PART_PER m_id="14" comment="">
      <token_anchor t_id="222"/>
      <token_anchor t_id="223"/>
    </HUMAN_PART_PER>
    <HUMAN_PART_PER m_id="15" comment="">
      <token_anchor t_id="228"/>
    </HUMAN_PART_PER>
    <HUMAN_PART_PER m_id="16" comment="">
      <token_anchor t_id="235"/>
      <token_anchor t_id="236"/>
    </HUMAN_PART_PER>
    <HUMAN_PART_PER m_id="19" comment="">
      <token_anchor t_id="225"/>
    </HUMAN_PART_PER>
    <NEG_ACTION_STATE m_id="17" comment="" climaxEvent="FALSE">
      <token_anchor t_id="229"/>
    </NEG_ACTION_STATE>
    <TIME_DATE m_id="18" value="" anchorTimeID="" DCT="FALSE" comment="">
      <token_anchor t_id="216"/>
      <token_anchor t_id="217"/>
    </TIME_DATE>
    <HUMAN_PART_PER m_id="20" RELATED_TO="" TAG_DESCRIPTOR="t5_obrien" comment=""/>
    <HUMAN_PART_PER m_id="21" RELATED_TO="" TAG_DESCRIPTOR="t5_cheeks" comment=""/>
    <ACTION_OCCURRENCE m_id="22" RELATED_TO="" TAG_DESCRIPTOR="t5_replacing_coaches" comment="" climaxEvent="FALSE"/>
    <ACTION_OCCURRENCE m_id="23" RELATED_TO="" TAG_DESCRIPTOR="t5_obrien_relieved_of_duties" comment="" climaxEvent="FALSE"/>
    <HUMAN_PART_ORG m_id="24" RELATED_TO="" TAG_DESCRIPTOR="t5_sixers"/>
    <HUMAN_PART_PER m_id="25" RELATED_TO="" TAG_DESCRIPTOR="dalembert" comment=""/>
    <TIME_DATE m_id="26" RELATED_TO="" TAG_DESCRIPTOR="t_2005-05-23" value="" anchorTimeID="" DCT="FALSE" comment=""/>
    <TIME_DATE m_id="27" RELATED_TO="" TAG_DESCRIPTOR="t_2005-07-24" comment="" DCT="TRUE" value="2005-07-24" anchorTimeID=""/>
  </Markables>
  <Relations>
    <TLINK r_id="106013" contextualModality="" relType="CONTAINS" comment="">
      <source m_id="26"/>
      <target m_id="2"/>
    </TLINK>
    <TLINK r_id="106015" contextualModality="" relType="CONTAINS" comment="">
      <source m_id="26"/>
      <target m_id="3"/>
    </TLINK>
    <TLINK r_id="106016" contextualModality="" relType="CONTAINS" comment="">
      <source m_id="26"/>
      <target m_id="4"/>
    </TLINK>
    <TLINK r_id="106020" contextualModality="" relType="CONTAINS" comment="">
      <source m_id="26"/>
      <target m_id="1"/>
    </TLINK>
    <TLINK r_id="106023" contextualModality="" relType="OVERLAP" comment="">
      <source m_id="26"/>
      <target m_id="7"/>
    </TLINK>
    <TLINK r_id="106028" contextualModality="" relType="AFTER" comment="">
      <source m_id="27"/>
      <target m_id="2"/>
    </TLINK>
    <TLINK r_id="106030" contextualModality="" relType="AFTER" comment="">
      <source m_id="27"/>
      <target m_id="4"/>
    </TLINK>
    <TLINK r_id="106035" contextualModality="" relType="AFTER" comment="">
      <source m_id="27"/>
      <target m_id="1"/>
    </TLINK>
    <TLINK r_id="106037" contextualModality="" relType="OVERLAP" comment="">
      <source m_id="27"/>
      <target m_id="7"/>
    </TLINK>
    <PLOT_LINK r_id="106040" SIGNAL="" relType="PRECONDITION" CAUSES="FALSE" CAUSED_BY="FALSE">
      <source m_id="3"/>
      <target m_id="4"/>
    </PLOT_LINK>
    <PLOT_LINK r_id="106042" SIGNAL="" relType="FALLING_ACTION" CAUSES="FALSE" CAUSED_BY="FALSE">
      <source m_id="3"/>
      <target m_id="17"/>
    </PLOT_LINK>
    <PLOT_LINK r_id="106043" SIGNAL="" relType="FALLING_ACTION" CAUSES="FALSE" CAUSED_BY="FALSE">
      <source m_id="2"/>
      <target m_id="17"/>
    </PLOT_LINK>
    <PLOT_LINK r_id="106044" SIGNAL="" relType="PRECONDITION" CAUSES="FALSE" CAUSED_BY="FALSE">
      <source m_id="2"/>
      <target m_id="4"/>
    </PLOT_LINK>
    <PLOT_LINK r_id="106055" SIGNAL="" relType="FALLING_ACTION" CAUSES="FALSE" CAUSED_BY="FALSE">
      <source m_id="1"/>
      <target m_id="7"/>
    </PLOT_LINK>
    <PLOT_LINK r_id="106057" SIGNAL="" relType="FALLING_ACTION" CAUSES="FALSE" CAUSED_BY="FALSE">
      <source m_id="4"/>
      <target m_id="5"/>
    </PLOT_LINK>
  </Relations>
</Document>
