<?xml version='1.0' encoding='UTF-8'?>
<Document doc_name="23_11ecbplus.xml">
  <token t_id="1" sentence="0" number="0">http</token>
  <token t_id="2" sentence="0" number="1">:</token>
  <token t_id="3" sentence="0" number="2">/</token>
  <token t_id="4" sentence="0" number="3">/</token>
  <token t_id="5" sentence="0" number="4">news</token>
  <token t_id="6" sentence="0" number="5">.</token>
  <token t_id="7" sentence="0" number="6">sky</token>
  <token t_id="8" sentence="0" number="7">.</token>
  <token t_id="9" sentence="0" number="8">com</token>
  <token t_id="10" sentence="0" number="9">/</token>
  <token t_id="11" sentence="0" number="10">story</token>
  <token t_id="12" sentence="0" number="11">/</token>
  <token t_id="13" sentence="0" number="12">1142198</token>
  <token t_id="14" sentence="0" number="13">/</token>
  <token t_id="15" sentence="0" number="14">new</token>
  <token t_id="16" sentence="0" number="15">-</token>
  <token t_id="17" sentence="0" number="16">zealand</token>
  <token t_id="18" sentence="0" number="17">-</token>
  <token t_id="19" sentence="0" number="18">british</token>
  <token t_id="20" sentence="0" number="19">-</token>
  <token t_id="21" sentence="0" number="20">climber</token>
  <token t_id="22" sentence="0" number="21">-</token>
  <token t_id="23" sentence="0" number="22">killed</token>
  <token t_id="24" sentence="0" number="23">-</token>
  <token t_id="25" sentence="0" number="24">in</token>
  <token t_id="26" sentence="0" number="25">-</token>
  <token t_id="27" sentence="0" number="26">fall</token>
  <token t_id="28" sentence="1" number="0">New</token>
  <token t_id="29" sentence="1" number="1">Zealand</token>
  <token t_id="30" sentence="1" number="2">:</token>
  <token t_id="31" sentence="1" number="3">British</token>
  <token t_id="32" sentence="1" number="4">Climber</token>
  <token t_id="33" sentence="1" number="5">Killed</token>
  <token t_id="34" sentence="1" number="6">In</token>
  <token t_id="35" sentence="1" number="7">Fall</token>
  <token t_id="36" sentence="2" number="0">8</token>
  <token t_id="37" sentence="2" number="1">:</token>
  <token t_id="38" sentence="2" number="2">05am</token>
  <token t_id="39" sentence="2" number="3">UK</token>
  <token t_id="40" sentence="2" number="4">,</token>
  <token t_id="41" sentence="2" number="5">Monday</token>
  <token t_id="42" sentence="2" number="6">16</token>
  <token t_id="43" sentence="2" number="7">September</token>
  <token t_id="44" sentence="2" number="8">2013</token>
  <token t_id="45" sentence="3" number="0">A</token>
  <token t_id="46" sentence="3" number="1">32</token>
  <token t_id="47" sentence="3" number="2">-</token>
  <token t_id="48" sentence="3" number="3">year</token>
  <token t_id="49" sentence="3" number="4">-</token>
  <token t_id="50" sentence="3" number="5">old</token>
  <token t_id="51" sentence="3" number="6">British</token>
  <token t_id="52" sentence="3" number="7">climber</token>
  <token t_id="53" sentence="3" number="8">,</token>
  <token t_id="54" sentence="3" number="9">described</token>
  <token t_id="55" sentence="3" number="10">as</token>
  <token t_id="56" sentence="3" number="11">"lacking</token>
  <token t_id="57" sentence="3" number="12">experience"</token>
  <token t_id="58" sentence="3" number="13">,</token>
  <token t_id="59" sentence="3" number="14">dies</token>
  <token t_id="60" sentence="3" number="15">after</token>
  <token t_id="61" sentence="3" number="16">falling</token>
  <token t_id="62" sentence="3" number="17">from</token>
  <token t_id="63" sentence="3" number="18">a</token>
  <token t_id="64" sentence="3" number="19">mountain</token>
  <token t_id="65" sentence="3" number="20">in</token>
  <token t_id="66" sentence="3" number="21">New</token>
  <token t_id="67" sentence="3" number="22">Zealand</token>
  <token t_id="68" sentence="3" number="23">.</token>
  <token t_id="69" sentence="4" number="0">A</token>
  <token t_id="70" sentence="4" number="1">British</token>
  <token t_id="71" sentence="4" number="2">man</token>
  <token t_id="72" sentence="4" number="3">has</token>
  <token t_id="73" sentence="4" number="4">been</token>
  <token t_id="74" sentence="4" number="5">killed</token>
  <token t_id="75" sentence="4" number="6">after</token>
  <token t_id="76" sentence="4" number="7">falling</token>
  <token t_id="77" sentence="4" number="8">around</token>
  <token t_id="78" sentence="4" number="9">2</token>
  <token t_id="79" sentence="4" number="10">,</token>
  <token t_id="80" sentence="4" number="11">000ft</token>
  <token t_id="81" sentence="4" number="12">while</token>
  <token t_id="82" sentence="4" number="13">climbing</token>
  <token t_id="83" sentence="4" number="14">in</token>
  <token t_id="84" sentence="4" number="15">New</token>
  <token t_id="85" sentence="4" number="16">Zealand</token>
  <token t_id="86" sentence="4" number="17">.</token>
  <token t_id="87" sentence="5" number="0">Robert</token>
  <token t_id="88" sentence="5" number="1">Buckley</token>
  <token t_id="89" sentence="5" number="2">,</token>
  <token t_id="90" sentence="5" number="3">32</token>
  <token t_id="91" sentence="5" number="4">,</token>
  <token t_id="92" sentence="5" number="5">was</token>
  <token t_id="93" sentence="5" number="6">climbing</token>
  <token t_id="94" sentence="5" number="7">to</token>
  <token t_id="95" sentence="5" number="8">a</token>
  <token t_id="96" sentence="5" number="9">small</token>
  <token t_id="97" sentence="5" number="10">hut</token>
  <token t_id="98" sentence="5" number="11">on</token>
  <token t_id="99" sentence="5" number="12">Mount</token>
  <token t_id="100" sentence="5" number="13">Sefton</token>
  <token t_id="101" sentence="5" number="14">in</token>
  <token t_id="102" sentence="5" number="15">the</token>
  <token t_id="103" sentence="5" number="16">Aoraki</token>
  <token t_id="104" sentence="5" number="17">-</token>
  <token t_id="105" sentence="5" number="18">Mt</token>
  <token t_id="106" sentence="5" number="19">Cook</token>
  <token t_id="107" sentence="5" number="20">National</token>
  <token t_id="108" sentence="5" number="21">Park</token>
  <token t_id="109" sentence="5" number="22">on</token>
  <token t_id="110" sentence="5" number="23">Saturday</token>
  <token t_id="111" sentence="5" number="24">.</token>
  <token t_id="112" sentence="6" number="0">He</token>
  <token t_id="113" sentence="6" number="1">was</token>
  <token t_id="114" sentence="6" number="2">wearing</token>
  <token t_id="115" sentence="6" number="3">crampons</token>
  <token t_id="116" sentence="6" number="4">but</token>
  <token t_id="117" sentence="6" number="5">was</token>
  <token t_id="118" sentence="6" number="6">inexperienced</token>
  <token t_id="119" sentence="6" number="7">,</token>
  <token t_id="120" sentence="6" number="8">local</token>
  <token t_id="121" sentence="6" number="9">police</token>
  <token t_id="122" sentence="6" number="10">inspector</token>
  <token t_id="123" sentence="6" number="11">Dave</token>
  <token t_id="124" sentence="6" number="12">Gaskin</token>
  <token t_id="125" sentence="6" number="13">said</token>
  <token t_id="126" sentence="6" number="14">.</token>
  <token t_id="127" sentence="7" number="0">His</token>
  <token t_id="128" sentence="7" number="1">body</token>
  <token t_id="129" sentence="7" number="2">was</token>
  <token t_id="130" sentence="7" number="3">recovered</token>
  <token t_id="131" sentence="7" number="4">by</token>
  <token t_id="132" sentence="7" number="5">a</token>
  <token t_id="133" sentence="7" number="6">team</token>
  <token t_id="134" sentence="7" number="7">of</token>
  <token t_id="135" sentence="7" number="8">rescuers</token>
  <token t_id="136" sentence="7" number="9">on</token>
  <token t_id="137" sentence="7" number="10">Sunday</token>
  <token t_id="138" sentence="7" number="11">afternoon</token>
  <token t_id="139" sentence="7" number="12">after</token>
  <token t_id="140" sentence="7" number="13">previous</token>
  <token t_id="141" sentence="7" number="14">attempts</token>
  <token t_id="142" sentence="7" number="15">proved</token>
  <token t_id="143" sentence="7" number="16">unsuccessful</token>
  <token t_id="144" sentence="7" number="17">.</token>
  <token t_id="145" sentence="8" number="0">Three</token>
  <token t_id="146" sentence="8" number="1">climbers</token>
  <token t_id="147" sentence="8" number="2">who</token>
  <token t_id="148" sentence="8" number="3">were</token>
  <token t_id="149" sentence="8" number="4">with</token>
  <token t_id="150" sentence="8" number="5">Mr</token>
  <token t_id="151" sentence="8" number="6">Buckley</token>
  <token t_id="152" sentence="8" number="7">were</token>
  <token t_id="153" sentence="8" number="8">rescued</token>
  <token t_id="154" sentence="8" number="9">after</token>
  <token t_id="155" sentence="8" number="10">spending</token>
  <token t_id="156" sentence="8" number="11">the</token>
  <token t_id="157" sentence="8" number="12">night</token>
  <token t_id="158" sentence="8" number="13">on</token>
  <token t_id="159" sentence="8" number="14">the</token>
  <token t_id="160" sentence="8" number="15">mountain</token>
  <token t_id="161" sentence="8" number="16">.</token>
  <token t_id="162" sentence="9" number="0">They</token>
  <token t_id="163" sentence="9" number="1">were</token>
  <token t_id="164" sentence="9" number="2">also</token>
  <token t_id="165" sentence="9" number="3">released</token>
  <token t_id="166" sentence="9" number="4">after</token>
  <token t_id="167" sentence="9" number="5">being</token>
  <token t_id="168" sentence="9" number="6">examined</token>
  <token t_id="169" sentence="9" number="7">by</token>
  <token t_id="170" sentence="9" number="8">medics</token>
  <token t_id="171" sentence="9" number="9">.</token>
  <token t_id="172" sentence="10" number="0">Mr</token>
  <token t_id="173" sentence="10" number="1">Gaskin</token>
  <token t_id="174" sentence="10" number="2">said</token>
  <token t_id="175" sentence="10" number="3">:</token>
  <token t_id="176" sentence="10" number="4">"There</token>
  <token t_id="177" sentence="10" number="5">was</token>
  <token t_id="178" sentence="10" number="6">a</token>
  <token t_id="179" sentence="10" number="7">lot</token>
  <token t_id="180" sentence="10" number="8">of</token>
  <token t_id="181" sentence="10" number="9">snow</token>
  <token t_id="182" sentence="10" number="10">and</token>
  <token t_id="183" sentence="10" number="11">ice</token>
  <token t_id="184" sentence="10" number="12">in</token>
  <token t_id="185" sentence="10" number="13">very</token>
  <token t_id="186" sentence="10" number="14">steep</token>
  <token t_id="187" sentence="10" number="15">conditions</token>
  <token t_id="188" sentence="10" number="16">.</token>
  <token t_id="189" sentence="11" number="0">"It</token>
  <token t_id="190" sentence="11" number="1">appears</token>
  <token t_id="191" sentence="11" number="2">as</token>
  <token t_id="192" sentence="11" number="3">if</token>
  <token t_id="193" sentence="11" number="4">the</token>
  <token t_id="194" sentence="11" number="5">party</token>
  <token t_id="195" sentence="11" number="6">were</token>
  <token t_id="196" sentence="11" number="7">insufficiently</token>
  <token t_id="197" sentence="11" number="8">equipped</token>
  <token t_id="198" sentence="11" number="9">and</token>
  <token t_id="199" sentence="11" number="10">inexperienced</token>
  <token t_id="200" sentence="11" number="11">for</token>
  <token t_id="201" sentence="11" number="12">the</token>
  <token t_id="202" sentence="11" number="13">climb</token>
  <token t_id="203" sentence="11" number="14">they</token>
  <token t_id="204" sentence="11" number="15">had</token>
  <token t_id="205" sentence="11" number="16">undertaken</token>
  <token t_id="206" sentence="11" number="17">.</token>
  <token t_id="207" sentence="11" number="18">"</token>
  <token t_id="208" sentence="12" number="0">Mr</token>
  <token t_id="209" sentence="12" number="1">Buckley's</token>
  <token t_id="210" sentence="12" number="2">death</token>
  <token t_id="211" sentence="12" number="3">came</token>
  <token t_id="212" sentence="12" number="4">a</token>
  <token t_id="213" sentence="12" number="5">day</token>
  <token t_id="214" sentence="12" number="6">after</token>
  <token t_id="215" sentence="12" number="7">36</token>
  <token t_id="216" sentence="12" number="8">-</token>
  <token t_id="217" sentence="12" number="9">year</token>
  <token t_id="218" sentence="12" number="10">-</token>
  <token t_id="219" sentence="12" number="11">old</token>
  <token t_id="220" sentence="12" number="12">Duncan</token>
  <token t_id="221" sentence="12" number="13">Raite</token>
  <token t_id="222" sentence="12" number="14">died</token>
  <token t_id="223" sentence="12" number="15">when</token>
  <token t_id="224" sentence="12" number="16">he</token>
  <token t_id="225" sentence="12" number="17">slipped</token>
  <token t_id="226" sentence="12" number="18">and</token>
  <token t_id="227" sentence="12" number="19">fell</token>
  <token t_id="228" sentence="12" number="20">around</token>
  <token t_id="229" sentence="12" number="21">200ft</token>
  <token t_id="230" sentence="12" number="22">from</token>
  <token t_id="231" sentence="12" number="23">a</token>
  <token t_id="232" sentence="12" number="24">ridge</token>
  <token t_id="233" sentence="12" number="25">in</token>
  <token t_id="234" sentence="12" number="26">the</token>
  <token t_id="235" sentence="12" number="27">same</token>
  <token t_id="236" sentence="12" number="28">national</token>
  <token t_id="237" sentence="12" number="29">park</token>
  <token t_id="238" sentence="12" number="30">.</token>
  <token t_id="239" sentence="13" number="0">The</token>
  <token t_id="240" sentence="13" number="1">New</token>
  <token t_id="241" sentence="13" number="2">Zealand</token>
  <token t_id="242" sentence="13" number="3">-</token>
  <token t_id="243" sentence="13" number="4">born</token>
  <token t_id="244" sentence="13" number="5">man</token>
  <token t_id="245" sentence="13" number="6">,</token>
  <token t_id="246" sentence="13" number="7">who</token>
  <token t_id="247" sentence="13" number="8">lived</token>
  <token t_id="248" sentence="13" number="9">in</token>
  <token t_id="249" sentence="13" number="10">Australia</token>
  <token t_id="250" sentence="13" number="11">,</token>
  <token t_id="251" sentence="13" number="12">had</token>
  <token t_id="252" sentence="13" number="13">been</token>
  <token t_id="253" sentence="13" number="14">dropped</token>
  <token t_id="254" sentence="13" number="15">off</token>
  <token t_id="255" sentence="13" number="16">by</token>
  <token t_id="256" sentence="13" number="17">helicopter</token>
  <token t_id="257" sentence="13" number="18">and</token>
  <token t_id="258" sentence="13" number="19">was</token>
  <token t_id="259" sentence="13" number="20">walking</token>
  <token t_id="260" sentence="13" number="21">to</token>
  <token t_id="261" sentence="13" number="22">a</token>
  <token t_id="262" sentence="13" number="23">hut</token>
  <token t_id="263" sentence="13" number="24">when</token>
  <token t_id="264" sentence="13" number="25">he</token>
  <token t_id="265" sentence="13" number="26">fell</token>
  <token t_id="266" sentence="13" number="27">in</token>
  <token t_id="267" sentence="13" number="28">the</token>
  <token t_id="268" sentence="13" number="29">Tasman</token>
  <token t_id="269" sentence="13" number="30">Glacier</token>
  <token t_id="270" sentence="13" number="31">area</token>
  <token t_id="271" sentence="13" number="32">.</token>
  <token t_id="272" sentence="14" number="0">Mr</token>
  <token t_id="273" sentence="14" number="1">Gaskin</token>
  <token t_id="274" sentence="14" number="2">said</token>
  <token t_id="275" sentence="14" number="3">the</token>
  <token t_id="276" sentence="14" number="4">deaths</token>
  <token t_id="277" sentence="14" number="5">were</token>
  <token t_id="278" sentence="14" number="6">a</token>
  <token t_id="279" sentence="14" number="7">reminder</token>
  <token t_id="280" sentence="14" number="8">that</token>
  <token t_id="281" sentence="14" number="9">climbers</token>
  <token t_id="282" sentence="14" number="10">needed</token>
  <token t_id="283" sentence="14" number="11">to</token>
  <token t_id="284" sentence="14" number="12">use</token>
  <token t_id="285" sentence="14" number="13">extreme</token>
  <token t_id="286" sentence="14" number="14">caution</token>
  <token t_id="287" sentence="14" number="15">.</token>
  <token t_id="288" sentence="15" number="0">He</token>
  <token t_id="289" sentence="15" number="1">said</token>
  <token t_id="290" sentence="15" number="2">:</token>
  <token t_id="291" sentence="15" number="3">"I</token>
  <token t_id="292" sentence="15" number="4">can't</token>
  <token t_id="293" sentence="15" number="5">speak</token>
  <token t_id="294" sentence="15" number="6">for</token>
  <token t_id="295" sentence="15" number="7">the</token>
  <token t_id="296" sentence="15" number="8">first</token>
  <token t_id="297" sentence="15" number="9">death</token>
  <token t_id="298" sentence="15" number="10">,</token>
  <token t_id="299" sentence="15" number="11">but</token>
  <token t_id="300" sentence="15" number="12">in</token>
  <token t_id="301" sentence="15" number="13">this</token>
  <token t_id="302" sentence="15" number="14">case</token>
  <token t_id="303" sentence="15" number="15">it</token>
  <token t_id="304" sentence="15" number="16">looks</token>
  <token t_id="305" sentence="15" number="17">like</token>
  <token t_id="306" sentence="15" number="18">to</token>
  <token t_id="307" sentence="15" number="19">be</token>
  <token t_id="308" sentence="15" number="20">a</token>
  <token t_id="309" sentence="15" number="21">lack</token>
  <token t_id="310" sentence="15" number="22">of</token>
  <token t_id="311" sentence="15" number="23">experience</token>
  <token t_id="312" sentence="15" number="24">.</token>
  <token t_id="313" sentence="15" number="25">"</token>
  <token t_id="314" sentence="16" number="0">A</token>
  <token t_id="315" sentence="16" number="1">Foreign</token>
  <token t_id="316" sentence="16" number="2">Office</token>
  <token t_id="317" sentence="16" number="3">spokeswoman</token>
  <token t_id="318" sentence="16" number="4">said</token>
  <token t_id="319" sentence="16" number="5">:</token>
  <token t_id="320" sentence="16" number="6">"We</token>
  <token t_id="321" sentence="16" number="7">are</token>
  <token t_id="322" sentence="16" number="8">aware</token>
  <token t_id="323" sentence="16" number="9">of</token>
  <token t_id="324" sentence="16" number="10">the</token>
  <token t_id="325" sentence="16" number="11">death</token>
  <token t_id="326" sentence="16" number="12">of</token>
  <token t_id="327" sentence="16" number="13">a</token>
  <token t_id="328" sentence="16" number="14">British</token>
  <token t_id="329" sentence="16" number="15">man</token>
  <token t_id="330" sentence="16" number="16">in</token>
  <token t_id="331" sentence="16" number="17">New</token>
  <token t_id="332" sentence="16" number="18">Zealand</token>
  <token t_id="333" sentence="16" number="19">.</token>
  <token t_id="334" sentence="17" number="0">"We</token>
  <token t_id="335" sentence="17" number="1">are</token>
  <token t_id="336" sentence="17" number="2">providing</token>
  <token t_id="337" sentence="17" number="3">consular</token>
  <token t_id="338" sentence="17" number="4">assistance</token>
  <token t_id="339" sentence="17" number="5">at</token>
  <token t_id="340" sentence="17" number="6">this</token>
  <token t_id="341" sentence="17" number="7">time</token>
  <token t_id="342" sentence="17" number="8">.</token>
  <token t_id="343" sentence="17" number="9">"</token>
  <Markables>
    <ACTION_OCCURRENCE m_id="1" climaxEvent="TRUE" comment="">
      <token_anchor t_id="33"/>
    </ACTION_OCCURRENCE>
    <ACTION_OCCURRENCE m_id="2" comment="" climaxEvent="FALSE">
      <token_anchor t_id="35"/>
    </ACTION_OCCURRENCE>
    <ACTION_OCCURRENCE m_id="3" comment="" climaxEvent="FALSE">
      <token_anchor t_id="54"/>
    </ACTION_OCCURRENCE>
    <ACTION_OCCURRENCE m_id="4" comment="" climaxEvent="FALSE">
      <token_anchor t_id="59"/>
    </ACTION_OCCURRENCE>
    <ACTION_OCCURRENCE m_id="5" comment="" climaxEvent="FALSE">
      <token_anchor t_id="61"/>
    </ACTION_OCCURRENCE>
    <ACTION_OCCURRENCE m_id="6" comment="" climaxEvent="FALSE">
      <token_anchor t_id="74"/>
    </ACTION_OCCURRENCE>
    <ACTION_OCCURRENCE m_id="7" comment="" climaxEvent="FALSE">
      <token_anchor t_id="76"/>
    </ACTION_OCCURRENCE>
    <ACTION_OCCURRENCE m_id="8" comment="" climaxEvent="FALSE">
      <token_anchor t_id="82"/>
    </ACTION_OCCURRENCE>
    <ACTION_OCCURRENCE m_id="9" comment="" climaxEvent="FALSE">
      <token_anchor t_id="210"/>
    </ACTION_OCCURRENCE>
    <ACTION_OCCURRENCE m_id="10" comment="" climaxEvent="FALSE">
      <token_anchor t_id="222"/>
    </ACTION_OCCURRENCE>
    <ACTION_OCCURRENCE m_id="11" comment="" climaxEvent="FALSE">
      <token_anchor t_id="225"/>
    </ACTION_OCCURRENCE>
    <ACTION_OCCURRENCE m_id="12" comment="" climaxEvent="FALSE">
      <token_anchor t_id="227"/>
    </ACTION_OCCURRENCE>
    <ACTION_OCCURRENCE m_id="13" comment="" climaxEvent="FALSE">
      <token_anchor t_id="253"/>
      <token_anchor t_id="254"/>
    </ACTION_OCCURRENCE>
    <ACTION_OCCURRENCE m_id="14" comment="" climaxEvent="FALSE">
      <token_anchor t_id="259"/>
    </ACTION_OCCURRENCE>
    <ACTION_OCCURRENCE m_id="15" comment="" climaxEvent="FALSE">
      <token_anchor t_id="265"/>
    </ACTION_OCCURRENCE>
    <ACTION_STATE m_id="16" climaxEvent="FALSE" comment="">
      <token_anchor t_id="247"/>
    </ACTION_STATE>
    <HUMAN_PART_PER m_id="17" comment="">
      <token_anchor t_id="224"/>
    </HUMAN_PART_PER>
    <HUMAN_PART_PER m_id="18" comment="">
      <token_anchor t_id="244"/>
    </HUMAN_PART_PER>
    <HUMAN_PART_PER m_id="19" comment="">
      <token_anchor t_id="264"/>
    </HUMAN_PART_PER>
    <HUMAN_PART_PER m_id="20" comment="">
      <token_anchor t_id="32"/>
    </HUMAN_PART_PER>
    <HUMAN_PART_PER m_id="21" comment="">
      <token_anchor t_id="52"/>
    </HUMAN_PART_PER>
    <HUMAN_PART_PER m_id="22" comment="">
      <token_anchor t_id="71"/>
    </HUMAN_PART_PER>
    <HUMAN_PART_PER m_id="23" comment="">
      <token_anchor t_id="209"/>
    </HUMAN_PART_PER>
    <HUMAN_PART_PER m_id="24" comment="">
      <token_anchor t_id="220"/>
      <token_anchor t_id="221"/>
    </HUMAN_PART_PER>
    <LOC_GEO m_id="29" comment="">
      <token_anchor t_id="83"/>
      <token_anchor t_id="84"/>
      <token_anchor t_id="85"/>
    </LOC_GEO>
    <LOC_GEO m_id="30" comment="">
      <token_anchor t_id="230"/>
      <token_anchor t_id="231"/>
      <token_anchor t_id="232"/>
      <token_anchor t_id="233"/>
      <token_anchor t_id="234"/>
      <token_anchor t_id="235"/>
      <token_anchor t_id="236"/>
      <token_anchor t_id="237"/>
    </LOC_GEO>
    <LOC_GEO m_id="34" comment="">
      <token_anchor t_id="262"/>
    </LOC_GEO>
    <LOC_GEO m_id="25" comment="">
      <token_anchor t_id="63"/>
      <token_anchor t_id="64"/>
      <token_anchor t_id="65"/>
      <token_anchor t_id="66"/>
      <token_anchor t_id="67"/>
    </LOC_GEO>
    <LOC_GEO m_id="26" comment="">
      <token_anchor t_id="248"/>
      <token_anchor t_id="249"/>
    </LOC_GEO>
    <LOC_GEO m_id="27" comment="">
      <token_anchor t_id="28"/>
      <token_anchor t_id="29"/>
    </LOC_GEO>
    <LOC_GEO m_id="28" comment="">
      <token_anchor t_id="266"/>
      <token_anchor t_id="267"/>
      <token_anchor t_id="268"/>
      <token_anchor t_id="269"/>
      <token_anchor t_id="270"/>
    </LOC_GEO>
    <NEG_ACTION_STATE m_id="31" comment="" climaxEvent="FALSE">
      <token_anchor t_id="57"/>
    </NEG_ACTION_STATE>
    <NON_HUMAN_PART m_id="32" comment="">
      <token_anchor t_id="256"/>
    </NON_HUMAN_PART>
    <TIME_DATE m_id="35" comment="" DCT="FALSE" value="2013-09-14" anchorTimeID="">
      <token_anchor t_id="212"/>
      <token_anchor t_id="213"/>
      <token_anchor t_id="214"/>
    </TIME_DATE>
    <TIME_OF_THE_DAY m_id="33" DCT="TRUE" value="2013-09-16T08:05" anchorTimeID="33">
      <token_anchor t_id="36"/>
      <token_anchor t_id="37"/>
      <token_anchor t_id="38"/>
      <token_anchor t_id="39"/>
      <token_anchor t_id="40"/>
      <token_anchor t_id="41"/>
      <token_anchor t_id="42"/>
      <token_anchor t_id="43"/>
      <token_anchor t_id="44"/>
    </TIME_OF_THE_DAY>
    <HUMAN_PART_PER m_id="36" RELATED_TO="" TAG_DESCRIPTOR="t23_raite" comment=""/>
    <NON_HUMAN_PART m_id="37" RELATED_TO="" TAG_DESCRIPTOR="t23_helicopter" comment=""/>
    <ACTION_OCCURRENCE m_id="38" RELATED_TO="" TAG_DESCRIPTOR="t23_death_british_man" comment="" climaxEvent="FALSE"/>
    <ACTION_OCCURRENCE m_id="39" RELATED_TO="" TAG_DESCRIPTOR="t23_slip_raite" comment="" climaxEvent="FALSE"/>
    <LOC_GEO m_id="40" RELATED_TO="" TAG_DESCRIPTOR="t23_hut_glacier" comment=""/>
    <HUMAN_PART_PER m_id="41" RELATED_TO="" TAG_DESCRIPTOR="t23_buckley" comment=""/>
    <ACTION_OCCURRENCE m_id="42" RELATED_TO="" TAG_DESCRIPTOR="t23_fall_new_zealand" comment="" climaxEvent="FALSE"/>
    <LOC_GEO m_id="43" RELATED_TO="" TAG_DESCRIPTOR="t23_australia" comment=""/>
    <ACTION_OCCURRENCE m_id="44" RELATED_TO="" TAG_DESCRIPTOR="t23_death_australian" comment="" climaxEvent="FALSE"/>
    <ACTION_OCCURRENCE m_id="45" RELATED_TO="" TAG_DESCRIPTOR="t23_fall_british" comment="" climaxEvent="FALSE"/>
    <ACTION_OCCURRENCE m_id="46" RELATED_TO="" TAG_DESCRIPTOR="t23_walking_raite" comment="" climaxEvent="FALSE"/>
    <LOC_GEO m_id="47" RELATED_TO="" TAG_DESCRIPTOR="t23_tasman_glacier" comment=""/>
    <TIME_DATE m_id="48" RELATED_TO="" TAG_DESCRIPTOR="t23_saturday" value="" anchorTimeID="" DCT="FALSE" comment=""/>
    <LOC_GEO m_id="49" RELATED_TO="" TAG_DESCRIPTOR="t23_ridge" comment=""/>
    <LOC_GEO m_id="50" RELATED_TO="" TAG_DESCRIPTOR="t23_new_zealand" comment=""/>
    <LOC_GEO m_id="51" RELATED_TO="" TAG_DESCRIPTOR="t23_cook" comment=""/>
    <ACTION_OCCURRENCE m_id="52" RELATED_TO="" TAG_DESCRIPTOR="t23_climbing_british" comment="" climaxEvent="FALSE"/>
  </Markables>
  <Relations>
    <TLINK r_id="123665" contextualModality="" relType="AFTER" comment="">
      <source m_id="33"/>
      <target m_id="1"/>
    </TLINK>
    <TLINK r_id="123666" contextualModality="" relType="AFTER" comment="">
      <source m_id="33"/>
      <target m_id="2"/>
    </TLINK>
    <TLINK r_id="123667" contextualModality="" relType="AFTER" comment="">
      <source m_id="33"/>
      <target m_id="4"/>
    </TLINK>
    <TLINK r_id="123668" contextualModality="" relType="AFTER" comment="">
      <source m_id="33"/>
      <target m_id="5"/>
    </TLINK>
    <TLINK r_id="123669" contextualModality="" relType="AFTER" comment="">
      <source m_id="33"/>
      <target m_id="6"/>
    </TLINK>
    <TLINK r_id="123670" contextualModality="" relType="AFTER" comment="">
      <source m_id="33"/>
      <target m_id="7"/>
    </TLINK>
    <TLINK r_id="123671" contextualModality="" relType="AFTER" comment="">
      <source m_id="33"/>
      <target m_id="8"/>
    </TLINK>
    <TLINK r_id="123672" contextualModality="" relType="AFTER" comment="">
      <source m_id="33"/>
      <target m_id="9"/>
    </TLINK>
    <TLINK r_id="123673" contextualModality="" relType="AFTER" comment="">
      <source m_id="33"/>
      <target m_id="10"/>
    </TLINK>
    <TLINK r_id="123674" contextualModality="" relType="AFTER" comment="">
      <source m_id="33"/>
      <target m_id="11"/>
    </TLINK>
    <TLINK r_id="123675" contextualModality="" relType="AFTER" comment="">
      <source m_id="33"/>
      <target m_id="12"/>
    </TLINK>
    <TLINK r_id="123676" contextualModality="" relType="AFTER" comment="">
      <source m_id="33"/>
      <target m_id="16"/>
    </TLINK>
    <TLINK r_id="123677" contextualModality="" relType="AFTER" comment="">
      <source m_id="33"/>
      <target m_id="13"/>
    </TLINK>
    <TLINK r_id="123678" contextualModality="" relType="AFTER" comment="">
      <source m_id="33"/>
      <target m_id="14"/>
    </TLINK>
    <TLINK r_id="123679" contextualModality="" relType="AFTER" comment="">
      <source m_id="33"/>
      <target m_id="15"/>
    </TLINK>
    <PLOT_LINK r_id="123697" SIGNAL="" relType="FALLING_ACTION" CAUSES="FALSE" CAUSED_BY="FALSE">
      <source m_id="1"/>
      <target m_id="2"/>
    </PLOT_LINK>
    <PLOT_LINK r_id="123698" SIGNAL="" relType="FALLING_ACTION" CAUSES="FALSE" CAUSED_BY="FALSE">
      <source m_id="4"/>
      <target m_id="5"/>
    </PLOT_LINK>
    <PLOT_LINK r_id="123699" SIGNAL="" relType="FALLING_ACTION" CAUSES="FALSE" CAUSED_BY="FALSE">
      <source m_id="6"/>
      <target m_id="7"/>
    </PLOT_LINK>
    <PLOT_LINK r_id="123700" SIGNAL="" relType="FALLING_ACTION" CAUSES="FALSE" CAUSED_BY="FALSE">
      <source m_id="7"/>
      <target m_id="8"/>
    </PLOT_LINK>
    <PLOT_LINK r_id="123701" SIGNAL="" relType="FALLING_ACTION" CAUSES="FALSE" CAUSED_BY="FALSE">
      <source m_id="9"/>
      <target m_id="12"/>
    </PLOT_LINK>
    <PLOT_LINK r_id="123702" SIGNAL="" relType="FALLING_ACTION" CAUSES="FALSE" CAUSED_BY="FALSE">
      <source m_id="10"/>
      <target m_id="12"/>
    </PLOT_LINK>
    <PLOT_LINK r_id="123703" SIGNAL="" relType="PRECONDITION" CAUSES="FALSE" CAUSED_BY="FALSE">
      <source m_id="11"/>
      <target m_id="12"/>
    </PLOT_LINK>
    <PLOT_LINK r_id="123704" SIGNAL="" relType="PRECONDITION" CAUSES="FALSE" CAUSED_BY="FALSE">
      <source m_id="14"/>
      <target m_id="15"/>
    </PLOT_LINK>
  </Relations>
</Document>
