<?xml version='1.0' encoding='UTF-8'?>
<Document doc_name="23_5ecbplus.xml">
  <token t_id="1" sentence="0" number="0">http</token>
  <token t_id="2" sentence="0" number="1">:</token>
  <token t_id="3" sentence="0" number="2">/</token>
  <token t_id="4" sentence="0" number="3">/</token>
  <token t_id="5" sentence="0" number="4">www</token>
  <token t_id="6" sentence="0" number="5">.</token>
  <token t_id="7" sentence="0" number="6">bbc</token>
  <token t_id="8" sentence="0" number="7">.</token>
  <token t_id="9" sentence="0" number="8">co</token>
  <token t_id="10" sentence="0" number="9">.</token>
  <token t_id="11" sentence="0" number="10">uk</token>
  <token t_id="12" sentence="0" number="11">/</token>
  <token t_id="13" sentence="0" number="12">news</token>
  <token t_id="14" sentence="0" number="13">/</token>
  <token t_id="15" sentence="0" number="14">world</token>
  <token t_id="16" sentence="0" number="15">-</token>
  <token t_id="17" sentence="0" number="16">24104939</token>
  <token t_id="18" sentence="1" number="0">16</token>
  <token t_id="19" sentence="1" number="1">September</token>
  <token t_id="20" sentence="1" number="2">2013</token>
  <token t_id="21" sentence="1" number="3">Last</token>
  <token t_id="22" sentence="1" number="4">updated</token>
  <token t_id="23" sentence="1" number="5">at</token>
  <token t_id="24" sentence="1" number="6">12</token>
  <token t_id="25" sentence="1" number="7">:</token>
  <token t_id="26" sentence="1" number="8">42</token>
  <token t_id="27" sentence="1" number="9">GMT</token>
  <token t_id="28" sentence="2" number="0">Briton</token>
  <token t_id="29" sentence="2" number="1">dies</token>
  <token t_id="30" sentence="2" number="2">in</token>
  <token t_id="31" sentence="2" number="3">New</token>
  <token t_id="32" sentence="2" number="4">Zealand's</token>
  <token t_id="33" sentence="2" number="5">Aoraki</token>
  <token t_id="34" sentence="2" number="6">Mount</token>
  <token t_id="35" sentence="2" number="7">Cook</token>
  <token t_id="36" sentence="2" number="8">National</token>
  <token t_id="37" sentence="2" number="9">Park</token>
  <token t_id="38" sentence="3" number="0">A</token>
  <token t_id="39" sentence="3" number="1">British</token>
  <token t_id="40" sentence="3" number="2">climber</token>
  <token t_id="41" sentence="3" number="3">has</token>
  <token t_id="42" sentence="3" number="4">fallen</token>
  <token t_id="43" sentence="3" number="5">2</token>
  <token t_id="44" sentence="3" number="6">,</token>
  <token t_id="45" sentence="3" number="7">000ft</token>
  <token t_id="46" sentence="3" number="8">to</token>
  <token t_id="47" sentence="3" number="9">his</token>
  <token t_id="48" sentence="3" number="10">death</token>
  <token t_id="49" sentence="3" number="11">on</token>
  <token t_id="50" sentence="3" number="12">a</token>
  <token t_id="51" sentence="3" number="13">mountain</token>
  <token t_id="52" sentence="3" number="14">in</token>
  <token t_id="53" sentence="3" number="15">New</token>
  <token t_id="54" sentence="3" number="16">Zealand</token>
  <token t_id="55" sentence="3" number="17">,</token>
  <token t_id="56" sentence="3" number="18">police</token>
  <token t_id="57" sentence="3" number="19">there</token>
  <token t_id="58" sentence="3" number="20">have</token>
  <token t_id="59" sentence="3" number="21">said</token>
  <token t_id="60" sentence="3" number="22">.</token>
  <token t_id="61" sentence="4" number="0">Robert</token>
  <token t_id="62" sentence="4" number="1">Buckley</token>
  <token t_id="63" sentence="4" number="2">,</token>
  <token t_id="64" sentence="4" number="3">32</token>
  <token t_id="65" sentence="4" number="4">,</token>
  <token t_id="66" sentence="4" number="5">died</token>
  <token t_id="67" sentence="4" number="6">while</token>
  <token t_id="68" sentence="4" number="7">climbing</token>
  <token t_id="69" sentence="4" number="8">to</token>
  <token t_id="70" sentence="4" number="9">a</token>
  <token t_id="71" sentence="4" number="10">hut</token>
  <token t_id="72" sentence="4" number="11">on</token>
  <token t_id="73" sentence="4" number="12">Mount</token>
  <token t_id="74" sentence="4" number="13">Sefton</token>
  <token t_id="75" sentence="4" number="14">in</token>
  <token t_id="76" sentence="4" number="15">the</token>
  <token t_id="77" sentence="4" number="16">Aoraki</token>
  <token t_id="78" sentence="4" number="17">Mount</token>
  <token t_id="79" sentence="4" number="18">Cook</token>
  <token t_id="80" sentence="4" number="19">National</token>
  <token t_id="81" sentence="4" number="20">Park</token>
  <token t_id="82" sentence="4" number="21">on</token>
  <token t_id="83" sentence="4" number="22">Saturday</token>
  <token t_id="84" sentence="4" number="23">.</token>
  <token t_id="85" sentence="5" number="0">Police</token>
  <token t_id="86" sentence="5" number="1">inspector</token>
  <token t_id="87" sentence="5" number="2">Dave</token>
  <token t_id="88" sentence="5" number="3">Gaskin</token>
  <token t_id="89" sentence="5" number="4">said</token>
  <token t_id="90" sentence="5" number="5">Mr</token>
  <token t_id="91" sentence="5" number="6">Buckley</token>
  <token t_id="92" sentence="5" number="7">was</token>
  <token t_id="93" sentence="5" number="8">well</token>
  <token t_id="94" sentence="5" number="9">equipped</token>
  <token t_id="95" sentence="5" number="10">at</token>
  <token t_id="96" sentence="5" number="11">the</token>
  <token t_id="97" sentence="5" number="12">time</token>
  <token t_id="98" sentence="5" number="13">but</token>
  <token t_id="99" sentence="5" number="14">was</token>
  <token t_id="100" sentence="5" number="15">an</token>
  <token t_id="101" sentence="5" number="16">inexperienced</token>
  <token t_id="102" sentence="5" number="17">climber</token>
  <token t_id="103" sentence="5" number="18">.</token>
  <token t_id="104" sentence="6" number="0">A</token>
  <token t_id="105" sentence="6" number="1">Foreign</token>
  <token t_id="106" sentence="6" number="2">Office</token>
  <token t_id="107" sentence="6" number="3">spokeswoman</token>
  <token t_id="108" sentence="6" number="4">said</token>
  <token t_id="109" sentence="6" number="5">:</token>
  <token t_id="110" sentence="6" number="6">"We</token>
  <token t_id="111" sentence="6" number="7">are</token>
  <token t_id="112" sentence="6" number="8">aware</token>
  <token t_id="113" sentence="6" number="9">of</token>
  <token t_id="114" sentence="6" number="10">the</token>
  <token t_id="115" sentence="6" number="11">death</token>
  <token t_id="116" sentence="6" number="12">of</token>
  <token t_id="117" sentence="6" number="13">a</token>
  <token t_id="118" sentence="6" number="14">British</token>
  <token t_id="119" sentence="6" number="15">man</token>
  <token t_id="120" sentence="6" number="16">in</token>
  <token t_id="121" sentence="6" number="17">New</token>
  <token t_id="122" sentence="6" number="18">Zealand</token>
  <token t_id="123" sentence="6" number="19">.</token>
  <token t_id="124" sentence="7" number="0">We</token>
  <token t_id="125" sentence="7" number="1">are</token>
  <token t_id="126" sentence="7" number="2">providing</token>
  <token t_id="127" sentence="7" number="3">consular</token>
  <token t_id="128" sentence="7" number="4">assistance</token>
  <token t_id="129" sentence="7" number="5">at</token>
  <token t_id="130" sentence="7" number="6">this</token>
  <token t_id="131" sentence="7" number="7">time</token>
  <token t_id="132" sentence="7" number="8">.</token>
  <token t_id="133" sentence="7" number="9">"</token>
  <token t_id="134" sentence="8" number="0">Extreme</token>
  <token t_id="135" sentence="8" number="1">caution</token>
  <token t_id="136" sentence="9" number="0">Mr</token>
  <token t_id="137" sentence="9" number="1">Buckley</token>
  <token t_id="138" sentence="9" number="2">,</token>
  <token t_id="139" sentence="9" number="3">originally</token>
  <token t_id="140" sentence="9" number="4">from</token>
  <token t_id="141" sentence="9" number="5">Essex</token>
  <token t_id="142" sentence="9" number="6">in</token>
  <token t_id="143" sentence="9" number="7">the</token>
  <token t_id="144" sentence="9" number="8">UK</token>
  <token t_id="145" sentence="9" number="9">,</token>
  <token t_id="146" sentence="9" number="10">lived</token>
  <token t_id="147" sentence="9" number="11">in</token>
  <token t_id="148" sentence="9" number="12">New</token>
  <token t_id="149" sentence="9" number="13">Zealand</token>
  <token t_id="150" sentence="9" number="14">,</token>
  <token t_id="151" sentence="9" number="15">says</token>
  <token t_id="152" sentence="9" number="16">the</token>
  <token t_id="153" sentence="9" number="17">Press</token>
  <token t_id="154" sentence="9" number="18">Association</token>
  <token t_id="155" sentence="9" number="19">news</token>
  <token t_id="156" sentence="9" number="20">agency</token>
  <token t_id="157" sentence="9" number="21">.</token>
  <token t_id="158" sentence="10" number="0">His</token>
  <token t_id="159" sentence="10" number="1">body</token>
  <token t_id="160" sentence="10" number="2">was</token>
  <token t_id="161" sentence="10" number="3">recovered</token>
  <token t_id="162" sentence="10" number="4">by</token>
  <token t_id="163" sentence="10" number="5">a</token>
  <token t_id="164" sentence="10" number="6">team</token>
  <token t_id="165" sentence="10" number="7">of</token>
  <token t_id="166" sentence="10" number="8">rescuers</token>
  <token t_id="167" sentence="10" number="9">on</token>
  <token t_id="168" sentence="10" number="10">Sunday</token>
  <token t_id="169" sentence="10" number="11">afternoon</token>
  <token t_id="170" sentence="10" number="12">after</token>
  <token t_id="171" sentence="10" number="13">attempts</token>
  <token t_id="172" sentence="10" number="14">on</token>
  <token t_id="173" sentence="10" number="15">Saturday</token>
  <token t_id="174" sentence="10" number="16">were</token>
  <token t_id="175" sentence="10" number="17">unsuccessful</token>
  <token t_id="176" sentence="10" number="18">,</token>
  <token t_id="177" sentence="10" number="19">according</token>
  <token t_id="178" sentence="10" number="20">to</token>
  <token t_id="179" sentence="10" number="21">local</token>
  <token t_id="180" sentence="10" number="22">media</token>
  <token t_id="181" sentence="10" number="23">reports</token>
  <token t_id="182" sentence="10" number="24">.</token>
  <token t_id="183" sentence="11" number="0">Three</token>
  <token t_id="184" sentence="11" number="1">climbers</token>
  <token t_id="185" sentence="11" number="2">with</token>
  <token t_id="186" sentence="11" number="3">Mr</token>
  <token t_id="187" sentence="11" number="4">Buckley</token>
  <token t_id="188" sentence="11" number="5">were</token>
  <token t_id="189" sentence="11" number="6">said</token>
  <token t_id="190" sentence="11" number="7">to</token>
  <token t_id="191" sentence="11" number="8">have</token>
  <token t_id="192" sentence="11" number="9">been</token>
  <token t_id="193" sentence="11" number="10">rescued</token>
  <token t_id="194" sentence="11" number="11">after</token>
  <token t_id="195" sentence="11" number="12">spending</token>
  <token t_id="196" sentence="11" number="13">the</token>
  <token t_id="197" sentence="11" number="14">night</token>
  <token t_id="198" sentence="11" number="15">on</token>
  <token t_id="199" sentence="11" number="16">the</token>
  <token t_id="200" sentence="11" number="17">mountain</token>
  <token t_id="201" sentence="11" number="18">.</token>
  <token t_id="202" sentence="12" number="0">They</token>
  <token t_id="203" sentence="12" number="1">were</token>
  <token t_id="204" sentence="12" number="2">were</token>
  <token t_id="205" sentence="12" number="3">released</token>
  <token t_id="206" sentence="12" number="4">after</token>
  <token t_id="207" sentence="12" number="5">a</token>
  <token t_id="208" sentence="12" number="6">medical</token>
  <token t_id="209" sentence="12" number="7">examination</token>
  <token t_id="210" sentence="12" number="8">.</token>
  <token t_id="211" sentence="13" number="0">Mr</token>
  <token t_id="212" sentence="13" number="1">Buckley's</token>
  <token t_id="213" sentence="13" number="2">death</token>
  <token t_id="214" sentence="13" number="3">came</token>
  <token t_id="215" sentence="13" number="4">a</token>
  <token t_id="216" sentence="13" number="5">day</token>
  <token t_id="217" sentence="13" number="6">after</token>
  <token t_id="218" sentence="13" number="7">36</token>
  <token t_id="219" sentence="13" number="8">-</token>
  <token t_id="220" sentence="13" number="9">year</token>
  <token t_id="221" sentence="13" number="10">-</token>
  <token t_id="222" sentence="13" number="11">old</token>
  <token t_id="223" sentence="13" number="12">Duncan</token>
  <token t_id="224" sentence="13" number="13">Rait</token>
  <token t_id="225" sentence="13" number="14">was</token>
  <token t_id="226" sentence="13" number="15">killed</token>
  <token t_id="227" sentence="13" number="16">after</token>
  <token t_id="228" sentence="13" number="17">slipping</token>
  <token t_id="229" sentence="13" number="18">and</token>
  <token t_id="230" sentence="13" number="19">falling</token>
  <token t_id="231" sentence="13" number="20">200ft</token>
  <token t_id="232" sentence="13" number="21">from</token>
  <token t_id="233" sentence="13" number="22">a</token>
  <token t_id="234" sentence="13" number="23">ridge</token>
  <token t_id="235" sentence="13" number="24">in</token>
  <token t_id="236" sentence="13" number="25">the</token>
  <token t_id="237" sentence="13" number="26">same</token>
  <token t_id="238" sentence="13" number="27">national</token>
  <token t_id="239" sentence="13" number="28">park</token>
  <token t_id="240" sentence="13" number="29">.</token>
  <token t_id="241" sentence="14" number="0">The</token>
  <token t_id="242" sentence="14" number="1">New</token>
  <token t_id="243" sentence="14" number="2">Zealander</token>
  <token t_id="244" sentence="14" number="3">,</token>
  <token t_id="245" sentence="14" number="4">who</token>
  <token t_id="246" sentence="14" number="5">lived</token>
  <token t_id="247" sentence="14" number="6">in</token>
  <token t_id="248" sentence="14" number="7">Australia</token>
  <token t_id="249" sentence="14" number="8">,</token>
  <token t_id="250" sentence="14" number="9">had</token>
  <token t_id="251" sentence="14" number="10">been</token>
  <token t_id="252" sentence="14" number="11">been</token>
  <token t_id="253" sentence="14" number="12">dropped</token>
  <token t_id="254" sentence="14" number="13">off</token>
  <token t_id="255" sentence="14" number="14">by</token>
  <token t_id="256" sentence="14" number="15">helicopter</token>
  <token t_id="257" sentence="14" number="16">and</token>
  <token t_id="258" sentence="14" number="17">was</token>
  <token t_id="259" sentence="14" number="18">walking</token>
  <token t_id="260" sentence="14" number="19">to</token>
  <token t_id="261" sentence="14" number="20">a</token>
  <token t_id="262" sentence="14" number="21">hut</token>
  <token t_id="263" sentence="14" number="22">when</token>
  <token t_id="264" sentence="14" number="23">he</token>
  <token t_id="265" sentence="14" number="24">fell</token>
  <token t_id="266" sentence="14" number="25">in</token>
  <token t_id="267" sentence="14" number="26">the</token>
  <token t_id="268" sentence="14" number="27">Tasman</token>
  <token t_id="269" sentence="14" number="28">Glacier</token>
  <token t_id="270" sentence="14" number="29">area</token>
  <token t_id="271" sentence="14" number="30">.</token>
  <token t_id="272" sentence="15" number="0">Inspector</token>
  <token t_id="273" sentence="15" number="1">Gaskin</token>
  <token t_id="274" sentence="15" number="2">said</token>
  <token t_id="275" sentence="15" number="3">the</token>
  <token t_id="276" sentence="15" number="4">deaths</token>
  <token t_id="277" sentence="15" number="5">were</token>
  <token t_id="278" sentence="15" number="6">a</token>
  <token t_id="279" sentence="15" number="7">reminder</token>
  <token t_id="280" sentence="15" number="8">that</token>
  <token t_id="281" sentence="15" number="9">climbers</token>
  <token t_id="282" sentence="15" number="10">needed</token>
  <token t_id="283" sentence="15" number="11">to</token>
  <token t_id="284" sentence="15" number="12">use</token>
  <token t_id="285" sentence="15" number="13">extreme</token>
  <token t_id="286" sentence="15" number="14">caution</token>
  <token t_id="287" sentence="15" number="15">.</token>
  <token t_id="288" sentence="16" number="0">"I</token>
  <token t_id="289" sentence="16" number="1">can't</token>
  <token t_id="290" sentence="16" number="2">speak</token>
  <token t_id="291" sentence="16" number="3">for</token>
  <token t_id="292" sentence="16" number="4">the</token>
  <token t_id="293" sentence="16" number="5">first</token>
  <token t_id="294" sentence="16" number="6">death</token>
  <token t_id="295" sentence="16" number="7">but</token>
  <token t_id="296" sentence="16" number="8">in</token>
  <token t_id="297" sentence="16" number="9">this</token>
  <token t_id="298" sentence="16" number="10">case</token>
  <token t_id="299" sentence="16" number="11">it</token>
  <token t_id="300" sentence="16" number="12">looks</token>
  <token t_id="301" sentence="16" number="13">like</token>
  <token t_id="302" sentence="16" number="14">to</token>
  <token t_id="303" sentence="16" number="15">be</token>
  <token t_id="304" sentence="16" number="16">a</token>
  <token t_id="305" sentence="16" number="17">lack</token>
  <token t_id="306" sentence="16" number="18">of</token>
  <token t_id="307" sentence="16" number="19">experience</token>
  <token t_id="308" sentence="16" number="20">,</token>
  <token t_id="309" sentence="16" number="21">"</token>
  <token t_id="310" sentence="16" number="22">he</token>
  <token t_id="311" sentence="16" number="23">told</token>
  <token t_id="312" sentence="16" number="24">the</token>
  <token t_id="313" sentence="16" number="25">Timaru</token>
  <token t_id="314" sentence="16" number="26">Herald</token>
  <token t_id="315" sentence="16" number="27">.</token>
  <Markables>
    <ACTION_OCCURRENCE m_id="1" comment="" climaxEvent="FALSE">
      <token_anchor t_id="68"/>
    </ACTION_OCCURRENCE>
    <ACTION_OCCURRENCE m_id="2" comment="" climaxEvent="FALSE">
      <token_anchor t_id="226"/>
    </ACTION_OCCURRENCE>
    <ACTION_OCCURRENCE m_id="3" comment="" climaxEvent="FALSE">
      <token_anchor t_id="228"/>
    </ACTION_OCCURRENCE>
    <ACTION_OCCURRENCE m_id="4" comment="" climaxEvent="FALSE">
      <token_anchor t_id="230"/>
    </ACTION_OCCURRENCE>
    <ACTION_OCCURRENCE m_id="5" comment="" climaxEvent="FALSE">
      <token_anchor t_id="213"/>
    </ACTION_OCCURRENCE>
    <ACTION_OCCURRENCE m_id="6" comment="" climaxEvent="FALSE">
      <token_anchor t_id="246"/>
    </ACTION_OCCURRENCE>
    <ACTION_OCCURRENCE m_id="7" comment="" climaxEvent="FALSE">
      <token_anchor t_id="253"/>
      <token_anchor t_id="254"/>
    </ACTION_OCCURRENCE>
    <ACTION_OCCURRENCE m_id="8" comment="" climaxEvent="FALSE">
      <token_anchor t_id="259"/>
    </ACTION_OCCURRENCE>
    <ACTION_OCCURRENCE m_id="9" comment="" climaxEvent="FALSE">
      <token_anchor t_id="265"/>
    </ACTION_OCCURRENCE>
    <ACTION_OCCURRENCE m_id="10" climaxEvent="TRUE" comment="">
      <token_anchor t_id="29"/>
    </ACTION_OCCURRENCE>
    <ACTION_OCCURRENCE m_id="11" comment="" climaxEvent="FALSE">
      <token_anchor t_id="42"/>
    </ACTION_OCCURRENCE>
    <ACTION_OCCURRENCE m_id="12" comment="" climaxEvent="FALSE">
      <token_anchor t_id="48"/>
    </ACTION_OCCURRENCE>
    <ACTION_OCCURRENCE m_id="13" comment="" climaxEvent="FALSE">
      <token_anchor t_id="66"/>
    </ACTION_OCCURRENCE>
    <ACTION_REPORTING m_id="14">
      <token_anchor t_id="59"/>
    </ACTION_REPORTING>
    <HUMAN_PART_PER m_id="15" comment="">
      <token_anchor t_id="56"/>
    </HUMAN_PART_PER>
    <HUMAN_PART_PER m_id="16" comment="">
      <token_anchor t_id="212"/>
    </HUMAN_PART_PER>
    <HUMAN_PART_PER m_id="17" comment="">
      <token_anchor t_id="223"/>
      <token_anchor t_id="224"/>
    </HUMAN_PART_PER>
    <HUMAN_PART_PER m_id="18" comment="">
      <token_anchor t_id="242"/>
      <token_anchor t_id="243"/>
    </HUMAN_PART_PER>
    <HUMAN_PART_PER m_id="19" comment="">
      <token_anchor t_id="264"/>
    </HUMAN_PART_PER>
    <HUMAN_PART_PER m_id="20" comment="">
      <token_anchor t_id="28"/>
    </HUMAN_PART_PER>
    <HUMAN_PART_PER m_id="21" comment="">
      <token_anchor t_id="40"/>
    </HUMAN_PART_PER>
    <HUMAN_PART_PER m_id="22" comment="">
      <token_anchor t_id="61"/>
      <token_anchor t_id="62"/>
    </HUMAN_PART_PER>
    <LOC_GEO m_id="32" comment="">
      <token_anchor t_id="70"/>
      <token_anchor t_id="71"/>
      <token_anchor t_id="72"/>
      <token_anchor t_id="73"/>
      <token_anchor t_id="74"/>
      <token_anchor t_id="75"/>
      <token_anchor t_id="76"/>
      <token_anchor t_id="77"/>
      <token_anchor t_id="78"/>
      <token_anchor t_id="79"/>
      <token_anchor t_id="80"/>
      <token_anchor t_id="81"/>
    </LOC_GEO>
    <LOC_GEO m_id="33" comment="">
      <token_anchor t_id="261"/>
      <token_anchor t_id="262"/>
    </LOC_GEO>
    <LOC_GEO m_id="23" comment="">
      <token_anchor t_id="49"/>
      <token_anchor t_id="50"/>
      <token_anchor t_id="51"/>
      <token_anchor t_id="52"/>
      <token_anchor t_id="53"/>
      <token_anchor t_id="54"/>
    </LOC_GEO>
    <LOC_GEO m_id="24" comment="">
      <token_anchor t_id="30"/>
      <token_anchor t_id="31"/>
      <token_anchor t_id="32"/>
      <token_anchor t_id="33"/>
      <token_anchor t_id="34"/>
      <token_anchor t_id="35"/>
      <token_anchor t_id="36"/>
      <token_anchor t_id="37"/>
    </LOC_GEO>
    <LOC_GEO m_id="25" comment="">
      <token_anchor t_id="233"/>
      <token_anchor t_id="234"/>
      <token_anchor t_id="235"/>
      <token_anchor t_id="236"/>
      <token_anchor t_id="237"/>
      <token_anchor t_id="238"/>
      <token_anchor t_id="239"/>
    </LOC_GEO>
    <LOC_GEO m_id="26" comment="">
      <token_anchor t_id="266"/>
      <token_anchor t_id="267"/>
      <token_anchor t_id="268"/>
      <token_anchor t_id="269"/>
      <token_anchor t_id="270"/>
    </LOC_GEO>
    <LOC_GEO m_id="27" comment="">
      <token_anchor t_id="247"/>
      <token_anchor t_id="248"/>
    </LOC_GEO>
    <NON_HUMAN_PART m_id="28" comment="">
      <token_anchor t_id="256"/>
    </NON_HUMAN_PART>
    <TIME_DATE m_id="29" comment="" DCT="FALSE" value="2016-09-14" anchorTimeID="">
      <token_anchor t_id="82"/>
      <token_anchor t_id="83"/>
    </TIME_DATE>
    <TIME_DATE m_id="31" comment="" DCT="FALSE" value="2016-09-14" anchorTimeID="">
      <token_anchor t_id="215"/>
      <token_anchor t_id="216"/>
      <token_anchor t_id="217"/>
    </TIME_DATE>
    <TIME_OF_THE_DAY m_id="30" DCT="TRUE" value="2013-09-16T12:42" anchorTimeID="30">
      <token_anchor t_id="18"/>
      <token_anchor t_id="19"/>
      <token_anchor t_id="20"/>
      <token_anchor t_id="21"/>
      <token_anchor t_id="22"/>
      <token_anchor t_id="23"/>
      <token_anchor t_id="24"/>
      <token_anchor t_id="25"/>
      <token_anchor t_id="26"/>
      <token_anchor t_id="27"/>
    </TIME_OF_THE_DAY>
    <HUMAN_PART_PER m_id="34" RELATED_TO="" TAG_DESCRIPTOR="t23_raite" comment=""/>
    <NON_HUMAN_PART m_id="35" RELATED_TO="" TAG_DESCRIPTOR="t23_helicopter" comment=""/>
    <ACTION_OCCURRENCE m_id="36" RELATED_TO="" TAG_DESCRIPTOR="t23_death_british_man" comment="" climaxEvent="FALSE"/>
    <ACTION_OCCURRENCE m_id="37" RELATED_TO="" TAG_DESCRIPTOR="t23_slip_raite" comment="" climaxEvent="FALSE"/>
    <LOC_GEO m_id="38" RELATED_TO="" TAG_DESCRIPTOR="t23_hut_glacier" comment=""/>
    <HUMAN_PART_PER m_id="39" RELATED_TO="" TAG_DESCRIPTOR="t23_buckley" comment=""/>
    <LOC_GEO m_id="40" RELATED_TO="" TAG_DESCRIPTOR="t23_hut_sefton" comment=""/>
    <ACTION_OCCURRENCE m_id="41" RELATED_TO="" TAG_DESCRIPTOR="t23_fall_new_zealand" comment="" climaxEvent="FALSE"/>
    <LOC_GEO m_id="42" RELATED_TO="" TAG_DESCRIPTOR="t23_australia" comment=""/>
    <ACTION_OCCURRENCE m_id="43" RELATED_TO="" TAG_DESCRIPTOR="t23_death_australian" comment="" climaxEvent="FALSE"/>
    <ACTION_OCCURRENCE m_id="44" RELATED_TO="" TAG_DESCRIPTOR="t23_fall_british" comment="" climaxEvent="FALSE"/>
    <ACTION_OCCURRENCE m_id="45" RELATED_TO="" TAG_DESCRIPTOR="t23_walking_raite" comment="" climaxEvent="FALSE"/>
    <LOC_GEO m_id="46" RELATED_TO="" TAG_DESCRIPTOR="t23_tasman_glacier" comment=""/>
    <TIME_DATE m_id="47" RELATED_TO="" TAG_DESCRIPTOR="t23_saturday" value="" anchorTimeID="" DCT="FALSE" comment=""/>
    <LOC_GEO m_id="48" RELATED_TO="" TAG_DESCRIPTOR="t23_ridge" comment=""/>
    <LOC_GEO m_id="49" RELATED_TO="" TAG_DESCRIPTOR="t23_cook" comment=""/>
    <ACTION_OCCURRENCE m_id="50" RELATED_TO="" TAG_DESCRIPTOR="t23_climbing_british" comment="" climaxEvent="FALSE"/>
  </Markables>
  <Relations>
    <TLINK r_id="123814" contextualModality="" relType="AFTER" comment="">
      <source m_id="30"/>
      <target m_id="10"/>
    </TLINK>
    <TLINK r_id="123815" contextualModality="" relType="AFTER" comment="">
      <source m_id="30"/>
      <target m_id="11"/>
    </TLINK>
    <TLINK r_id="123816" contextualModality="" relType="AFTER" comment="">
      <source m_id="30"/>
      <target m_id="12"/>
    </TLINK>
    <TLINK r_id="123817" contextualModality="" relType="AFTER" comment="">
      <source m_id="30"/>
      <target m_id="13"/>
    </TLINK>
    <TLINK r_id="123818" contextualModality="" relType="AFTER" comment="">
      <source m_id="30"/>
      <target m_id="1"/>
    </TLINK>
    <TLINK r_id="123819" contextualModality="" relType="AFTER" comment="">
      <source m_id="30"/>
      <target m_id="5"/>
    </TLINK>
    <TLINK r_id="123820" contextualModality="" relType="AFTER" comment="">
      <source m_id="30"/>
      <target m_id="2"/>
    </TLINK>
    <TLINK r_id="123821" contextualModality="" relType="AFTER" comment="">
      <source m_id="30"/>
      <target m_id="3"/>
    </TLINK>
    <TLINK r_id="123823" contextualModality="" relType="AFTER" comment="">
      <source m_id="30"/>
      <target m_id="6"/>
    </TLINK>
    <TLINK r_id="123824" contextualModality="" relType="AFTER" comment="">
      <source m_id="30"/>
      <target m_id="7"/>
    </TLINK>
    <TLINK r_id="123825" contextualModality="" relType="AFTER" comment="">
      <source m_id="30"/>
      <target m_id="8"/>
    </TLINK>
    <TLINK r_id="123826" contextualModality="" relType="AFTER" comment="">
      <source m_id="30"/>
      <target m_id="9"/>
    </TLINK>
    <TLINK r_id="123827" contextualModality="" relType="CONTAINS" comment="">
      <source m_id="29"/>
      <target m_id="10"/>
    </TLINK>
    <TLINK r_id="123828" contextualModality="" relType="CONTAINS" comment="">
      <source m_id="29"/>
      <target m_id="11"/>
    </TLINK>
    <TLINK r_id="123829" contextualModality="" relType="CONTAINS" comment="">
      <source m_id="29"/>
      <target m_id="12"/>
    </TLINK>
    <TLINK r_id="123830" contextualModality="" relType="CONTAINS" comment="">
      <source m_id="29"/>
      <target m_id="13"/>
    </TLINK>
    <TLINK r_id="123831" contextualModality="" relType="CONTAINS" comment="">
      <source m_id="29"/>
      <target m_id="1"/>
    </TLINK>
    <TLINK r_id="123832" contextualModality="" relType="CONTAINS" comment="">
      <source m_id="31"/>
      <target m_id="5"/>
    </TLINK>
    <TLINK r_id="123833" contextualModality="" relType="AFTER" comment="">
      <source m_id="31"/>
      <target m_id="2"/>
    </TLINK>
    <TLINK r_id="123834" contextualModality="" relType="AFTER" comment="">
      <source m_id="31"/>
      <target m_id="3"/>
    </TLINK>
    <TLINK r_id="123835" contextualModality="" relType="AFTER" comment="">
      <source m_id="31"/>
      <target m_id="4"/>
    </TLINK>
    <TLINK r_id="123836" contextualModality="" relType="ENDS_ON" comment="">
      <source m_id="31"/>
      <target m_id="6"/>
    </TLINK>
    <TLINK r_id="123837" contextualModality="" relType="CONTAINS" comment="">
      <source m_id="31"/>
      <target m_id="7"/>
    </TLINK>
    <TLINK r_id="123838" contextualModality="" relType="CONTAINS" comment="">
      <source m_id="31"/>
      <target m_id="8"/>
    </TLINK>
    <TLINK r_id="123839" contextualModality="" relType="CONTAINS" comment="">
      <source m_id="31"/>
      <target m_id="9"/>
    </TLINK>
    <PLOT_LINK r_id="123840" SIGNAL="" relType="FALLING_ACTION" CAUSES="FALSE" CAUSED_BY="FALSE">
      <source m_id="10"/>
      <target m_id="11"/>
    </PLOT_LINK>
    <PLOT_LINK r_id="123841" SIGNAL="" relType="PRECONDITION" CAUSES="FALSE" CAUSED_BY="FALSE">
      <source m_id="11"/>
      <target m_id="12"/>
    </PLOT_LINK>
    <PLOT_LINK r_id="123842" SIGNAL="" relType="FALLING_ACTION" CAUSES="FALSE" CAUSED_BY="FALSE">
      <source m_id="13"/>
      <target m_id="1"/>
    </PLOT_LINK>
    <PLOT_LINK r_id="123843" SIGNAL="" relType="FALLING_ACTION" CAUSES="FALSE" CAUSED_BY="FALSE">
      <source m_id="11"/>
      <target m_id="1"/>
    </PLOT_LINK>
    <PLOT_LINK r_id="123844" SIGNAL="" relType="PRECONDITION" CAUSES="FALSE" CAUSED_BY="FALSE">
      <source m_id="11"/>
      <target m_id="13"/>
    </PLOT_LINK>
    <PLOT_LINK r_id="123845" SIGNAL="" relType="FALLING_ACTION" CAUSES="FALSE" CAUSED_BY="FALSE">
      <source m_id="2"/>
      <target m_id="4"/>
    </PLOT_LINK>
    <PLOT_LINK r_id="123846" SIGNAL="" relType="PRECONDITION" CAUSES="FALSE" CAUSED_BY="FALSE">
      <source m_id="3"/>
      <target m_id="4"/>
    </PLOT_LINK>
    <PLOT_LINK r_id="123848" SIGNAL="" relType="PRECONDITION" CAUSES="FALSE" CAUSED_BY="FALSE">
      <source m_id="8"/>
      <target m_id="9"/>
    </PLOT_LINK>
  </Relations>
</Document>
