<?xml version='1.0' encoding='UTF-8'?>
<Document doc_name="23_6ecbplus.xml">
  <token t_id="1" sentence="0" number="0">http</token>
  <token t_id="2" sentence="0" number="1">:</token>
  <token t_id="3" sentence="0" number="2">/</token>
  <token t_id="4" sentence="0" number="3">/</token>
  <token t_id="5" sentence="0" number="4">www</token>
  <token t_id="6" sentence="0" number="5">.</token>
  <token t_id="7" sentence="0" number="6">theaustralian</token>
  <token t_id="8" sentence="0" number="7">.</token>
  <token t_id="9" sentence="0" number="8">com</token>
  <token t_id="10" sentence="0" number="9">.</token>
  <token t_id="11" sentence="0" number="10">au</token>
  <token t_id="12" sentence="0" number="11">/</token>
  <token t_id="13" sentence="0" number="12">news</token>
  <token t_id="14" sentence="0" number="13">/</token>
  <token t_id="15" sentence="0" number="14">world</token>
  <token t_id="16" sentence="0" number="15">/</token>
  <token t_id="17" sentence="0" number="16">australian</token>
  <token t_id="18" sentence="0" number="17">-</token>
  <token t_id="19" sentence="0" number="18">english</token>
  <token t_id="20" sentence="0" number="19">-</token>
  <token t_id="21" sentence="0" number="20">climbers</token>
  <token t_id="22" sentence="0" number="21">-</token>
  <token t_id="23" sentence="0" number="22">killed</token>
  <token t_id="24" sentence="0" number="23">-</token>
  <token t_id="25" sentence="0" number="24">in</token>
  <token t_id="26" sentence="0" number="25">-</token>
  <token t_id="27" sentence="0" number="26">new</token>
  <token t_id="28" sentence="0" number="27">-</token>
  <token t_id="29" sentence="0" number="28">zealand</token>
  <token t_id="30" sentence="0" number="29">/</token>
  <token t_id="31" sentence="0" number="30">story</token>
  <token t_id="32" sentence="0" number="31">-</token>
  <token t_id="33" sentence="0" number="32">e6frg6so</token>
  <token t_id="34" sentence="0" number="33">-</token>
  <token t_id="35" sentence="0" number="34">1226720045327</token>
  <token t_id="36" sentence="1" number="0">Australian</token>
  <token t_id="37" sentence="1" number="1">,</token>
  <token t_id="38" sentence="1" number="2">English</token>
  <token t_id="39" sentence="1" number="3">climbers</token>
  <token t_id="40" sentence="1" number="4">killed</token>
  <token t_id="41" sentence="1" number="5">in</token>
  <token t_id="42" sentence="1" number="6">New</token>
  <token t_id="43" sentence="1" number="7">Zealand</token>
  <token t_id="44" sentence="2" number="0">SEPTEMBER</token>
  <token t_id="45" sentence="2" number="1">16</token>
  <token t_id="46" sentence="2" number="2">,</token>
  <token t_id="47" sentence="2" number="3">2013</token>
  <token t_id="48" sentence="2" number="4">11</token>
  <token t_id="49" sentence="2" number="5">:</token>
  <token t_id="50" sentence="2" number="6">12AM</token>
  <token t_id="51" sentence="3" number="0">ONE</token>
  <token t_id="52" sentence="3" number="1">Australian</token>
  <token t_id="53" sentence="3" number="2">and</token>
  <token t_id="54" sentence="3" number="3">one</token>
  <token t_id="55" sentence="3" number="4">English</token>
  <token t_id="56" sentence="3" number="5">climber</token>
  <token t_id="57" sentence="3" number="6">have</token>
  <token t_id="58" sentence="3" number="7">fallen</token>
  <token t_id="59" sentence="3" number="8">to</token>
  <token t_id="60" sentence="3" number="9">their</token>
  <token t_id="61" sentence="3" number="10">deaths</token>
  <token t_id="62" sentence="3" number="11">in</token>
  <token t_id="63" sentence="3" number="12">New</token>
  <token t_id="64" sentence="3" number="13">Zealand</token>
  <token t_id="65" sentence="3" number="14">,</token>
  <token t_id="66" sentence="3" number="15">police</token>
  <token t_id="67" sentence="3" number="16">confirmed</token>
  <token t_id="68" sentence="3" number="17">today</token>
  <token t_id="69" sentence="3" number="18">.</token>
  <token t_id="70" sentence="4" number="0">Police</token>
  <token t_id="71" sentence="4" number="1">Inspector</token>
  <token t_id="72" sentence="4" number="2">Dave</token>
  <token t_id="73" sentence="4" number="3">Gaskin</token>
  <token t_id="74" sentence="4" number="4">said</token>
  <token t_id="75" sentence="4" number="5">the</token>
  <token t_id="76" sentence="4" number="6">two</token>
  <token t_id="77" sentence="4" number="7">incidents</token>
  <token t_id="78" sentence="4" number="8">on</token>
  <token t_id="79" sentence="4" number="9">consecutive</token>
  <token t_id="80" sentence="4" number="10">days</token>
  <token t_id="81" sentence="4" number="11">in</token>
  <token t_id="82" sentence="4" number="12">the</token>
  <token t_id="83" sentence="4" number="13">Aoraki</token>
  <token t_id="84" sentence="4" number="14">-</token>
  <token t_id="85" sentence="4" number="15">Mt</token>
  <token t_id="86" sentence="4" number="16">.</token>
  <token t_id="87" sentence="4" number="17">Cook</token>
  <token t_id="88" sentence="4" number="18">National</token>
  <token t_id="89" sentence="4" number="19">Park</token>
  <token t_id="90" sentence="4" number="20">were</token>
  <token t_id="91" sentence="4" number="21">not</token>
  <token t_id="92" sentence="4" number="22">related</token>
  <token t_id="93" sentence="4" number="23">and</token>
  <token t_id="94" sentence="4" number="24">were</token>
  <token t_id="95" sentence="4" number="25">not</token>
  <token t_id="96" sentence="4" number="26">due</token>
  <token t_id="97" sentence="4" number="27">to</token>
  <token t_id="98" sentence="4" number="28">bad</token>
  <token t_id="99" sentence="4" number="29">weather</token>
  <token t_id="100" sentence="4" number="30">.</token>
  <token t_id="101" sentence="5" number="0">He</token>
  <token t_id="102" sentence="5" number="1">said</token>
  <token t_id="103" sentence="5" number="2">they</token>
  <token t_id="104" sentence="5" number="3">come</token>
  <token t_id="105" sentence="5" number="4">as</token>
  <token t_id="106" sentence="5" number="5">a</token>
  <token t_id="107" sentence="5" number="6">reminder</token>
  <token t_id="108" sentence="5" number="7">that</token>
  <token t_id="109" sentence="5" number="8">climbers</token>
  <token t_id="110" sentence="5" number="9">need</token>
  <token t_id="111" sentence="5" number="10">to</token>
  <token t_id="112" sentence="5" number="11">use</token>
  <token t_id="113" sentence="5" number="12">extreme</token>
  <token t_id="114" sentence="5" number="13">caution</token>
  <token t_id="115" sentence="5" number="14">.</token>
  <token t_id="116" sentence="6" number="0">On</token>
  <token t_id="117" sentence="6" number="1">Friday</token>
  <token t_id="118" sentence="6" number="2">,</token>
  <token t_id="119" sentence="6" number="3">36</token>
  <token t_id="120" sentence="6" number="4">-</token>
  <token t_id="121" sentence="6" number="5">year</token>
  <token t_id="122" sentence="6" number="6">-</token>
  <token t_id="123" sentence="6" number="7">old</token>
  <token t_id="124" sentence="6" number="8">Duncan</token>
  <token t_id="125" sentence="6" number="9">Rait</token>
  <token t_id="126" sentence="6" number="10">died</token>
  <token t_id="127" sentence="6" number="11">after</token>
  <token t_id="128" sentence="6" number="12">slipping</token>
  <token t_id="129" sentence="6" number="13">and</token>
  <token t_id="130" sentence="6" number="14">falling</token>
  <token t_id="131" sentence="6" number="15">about</token>
  <token t_id="132" sentence="6" number="16">60m</token>
  <token t_id="133" sentence="6" number="17">from</token>
  <token t_id="134" sentence="6" number="18">a</token>
  <token t_id="135" sentence="6" number="19">ridge</token>
  <token t_id="136" sentence="6" number="20">near</token>
  <token t_id="137" sentence="6" number="21">the</token>
  <token t_id="138" sentence="6" number="22">Tasman</token>
  <token t_id="139" sentence="6" number="23">Glacier</token>
  <token t_id="140" sentence="6" number="24">.</token>
  <token t_id="141" sentence="7" number="0">The</token>
  <token t_id="142" sentence="7" number="1">New</token>
  <token t_id="143" sentence="7" number="2">Zealand</token>
  <token t_id="144" sentence="7" number="3">-</token>
  <token t_id="145" sentence="7" number="4">born</token>
  <token t_id="146" sentence="7" number="5">Australian</token>
  <token t_id="147" sentence="7" number="6">was</token>
  <token t_id="148" sentence="7" number="7">planning</token>
  <token t_id="149" sentence="7" number="8">to</token>
  <token t_id="150" sentence="7" number="9">do</token>
  <token t_id="151" sentence="7" number="10">some</token>
  <token t_id="152" sentence="7" number="11">ski</token>
  <token t_id="153" sentence="7" number="12">touring</token>
  <token t_id="154" sentence="7" number="13">.</token>
  <token t_id="155" sentence="8" number="0">He'd</token>
  <token t_id="156" sentence="8" number="1">been</token>
  <token t_id="157" sentence="8" number="2">dropped</token>
  <token t_id="158" sentence="8" number="3">off</token>
  <token t_id="159" sentence="8" number="4">by</token>
  <token t_id="160" sentence="8" number="5">helicopter</token>
  <token t_id="161" sentence="8" number="6">with</token>
  <token t_id="162" sentence="8" number="7">a</token>
  <token t_id="163" sentence="8" number="8">group</token>
  <token t_id="164" sentence="8" number="9">and</token>
  <token t_id="165" sentence="8" number="10">was</token>
  <token t_id="166" sentence="8" number="11">walking</token>
  <token t_id="167" sentence="8" number="12">to</token>
  <token t_id="168" sentence="8" number="13">a</token>
  <token t_id="169" sentence="8" number="14">hut</token>
  <token t_id="170" sentence="8" number="15">when</token>
  <token t_id="171" sentence="8" number="16">he</token>
  <token t_id="172" sentence="8" number="17">fell</token>
  <token t_id="173" sentence="8" number="18">,</token>
  <token t_id="174" sentence="8" number="19">sliding</token>
  <token t_id="175" sentence="8" number="20">down</token>
  <token t_id="176" sentence="8" number="21">a</token>
  <token t_id="177" sentence="8" number="22">steep</token>
  <token t_id="178" sentence="8" number="23">slope</token>
  <token t_id="179" sentence="8" number="24">and</token>
  <token t_id="180" sentence="8" number="25">over</token>
  <token t_id="181" sentence="8" number="26">a</token>
  <token t_id="182" sentence="8" number="27">cliff</token>
  <token t_id="183" sentence="8" number="28">.</token>
  <token t_id="184" sentence="9" number="0">Gaskin</token>
  <token t_id="185" sentence="9" number="1">said</token>
  <token t_id="186" sentence="9" number="2">that</token>
  <token t_id="187" sentence="9" number="3">other</token>
  <token t_id="188" sentence="9" number="4">climbers</token>
  <token t_id="189" sentence="9" number="5">attempted</token>
  <token t_id="190" sentence="9" number="6">to</token>
  <token t_id="191" sentence="9" number="7">rescue</token>
  <token t_id="192" sentence="9" number="8">Rait</token>
  <token t_id="193" sentence="9" number="9">by</token>
  <token t_id="194" sentence="9" number="10">taking</token>
  <token t_id="195" sentence="9" number="11">him</token>
  <token t_id="196" sentence="9" number="12">down</token>
  <token t_id="197" sentence="9" number="13">the</token>
  <token t_id="198" sentence="9" number="14">glacier</token>
  <token t_id="199" sentence="9" number="15">,</token>
  <token t_id="200" sentence="9" number="16">but</token>
  <token t_id="201" sentence="9" number="17">that</token>
  <token t_id="202" sentence="9" number="18">he</token>
  <token t_id="203" sentence="9" number="19">died</token>
  <token t_id="204" sentence="9" number="20">on</token>
  <token t_id="205" sentence="9" number="21">the</token>
  <token t_id="206" sentence="9" number="22">way</token>
  <token t_id="207" sentence="9" number="23">down</token>
  <token t_id="208" sentence="9" number="24">.</token>
  <token t_id="209" sentence="10" number="0">On</token>
  <token t_id="210" sentence="10" number="1">Saturday</token>
  <token t_id="211" sentence="10" number="2">,</token>
  <token t_id="212" sentence="10" number="3">32</token>
  <token t_id="213" sentence="10" number="4">-</token>
  <token t_id="214" sentence="10" number="5">year</token>
  <token t_id="215" sentence="10" number="6">-</token>
  <token t_id="216" sentence="10" number="7">old</token>
  <token t_id="217" sentence="10" number="8">Englishman</token>
  <token t_id="218" sentence="10" number="9">Robert</token>
  <token t_id="219" sentence="10" number="10">Buckley</token>
  <token t_id="220" sentence="10" number="11">fell</token>
  <token t_id="221" sentence="10" number="12">about</token>
  <token t_id="222" sentence="10" number="13">600m</token>
  <token t_id="223" sentence="10" number="14">while</token>
  <token t_id="224" sentence="10" number="15">climbing</token>
  <token t_id="225" sentence="10" number="16">to</token>
  <token t_id="226" sentence="10" number="17">a</token>
  <token t_id="227" sentence="10" number="18">small</token>
  <token t_id="228" sentence="10" number="19">hut</token>
  <token t_id="229" sentence="10" number="20">on</token>
  <token t_id="230" sentence="10" number="21">Mount</token>
  <token t_id="231" sentence="10" number="22">Sefton</token>
  <token t_id="232" sentence="10" number="23">with</token>
  <token t_id="233" sentence="10" number="24">three</token>
  <token t_id="234" sentence="10" number="25">companions</token>
  <token t_id="235" sentence="10" number="26">.</token>
  <token t_id="236" sentence="11" number="0">Gaskin</token>
  <token t_id="237" sentence="11" number="1">said</token>
  <token t_id="238" sentence="11" number="2">Buckley</token>
  <token t_id="239" sentence="11" number="3">was</token>
  <token t_id="240" sentence="11" number="4">wearing</token>
  <token t_id="241" sentence="11" number="5">crampons</token>
  <token t_id="242" sentence="11" number="6">but</token>
  <token t_id="243" sentence="11" number="7">was</token>
  <token t_id="244" sentence="11" number="8">inexperienced</token>
  <token t_id="245" sentence="11" number="9">.</token>
  <Markables>
    <ACTION_OCCURRENCE m_id="1" comment="" climaxEvent="FALSE">
      <token_anchor t_id="172"/>
    </ACTION_OCCURRENCE>
    <ACTION_OCCURRENCE m_id="2" comment="" climaxEvent="FALSE">
      <token_anchor t_id="204"/>
      <token_anchor t_id="205"/>
      <token_anchor t_id="206"/>
    </ACTION_OCCURRENCE>
    <ACTION_OCCURRENCE m_id="3" climaxEvent="TRUE" comment="">
      <token_anchor t_id="40"/>
    </ACTION_OCCURRENCE>
    <ACTION_OCCURRENCE m_id="4" comment="" climaxEvent="FALSE">
      <token_anchor t_id="58"/>
    </ACTION_OCCURRENCE>
    <ACTION_OCCURRENCE m_id="5" comment="" climaxEvent="FALSE">
      <token_anchor t_id="61"/>
    </ACTION_OCCURRENCE>
    <ACTION_OCCURRENCE m_id="6" comment="" climaxEvent="FALSE">
      <token_anchor t_id="126"/>
    </ACTION_OCCURRENCE>
    <ACTION_OCCURRENCE m_id="7" comment="" climaxEvent="FALSE">
      <token_anchor t_id="128"/>
    </ACTION_OCCURRENCE>
    <ACTION_OCCURRENCE m_id="8" comment="" climaxEvent="FALSE">
      <token_anchor t_id="130"/>
    </ACTION_OCCURRENCE>
    <ACTION_OCCURRENCE m_id="9" comment="" climaxEvent="FALSE">
      <token_anchor t_id="157"/>
      <token_anchor t_id="158"/>
    </ACTION_OCCURRENCE>
    <ACTION_OCCURRENCE m_id="10" comment="" climaxEvent="FALSE">
      <token_anchor t_id="166"/>
    </ACTION_OCCURRENCE>
    <ACTION_OCCURRENCE m_id="11" comment="" climaxEvent="FALSE">
      <token_anchor t_id="174"/>
    </ACTION_OCCURRENCE>
    <ACTION_OCCURRENCE m_id="12" comment="" climaxEvent="FALSE">
      <token_anchor t_id="189"/>
    </ACTION_OCCURRENCE>
    <ACTION_OCCURRENCE m_id="13" comment="" climaxEvent="FALSE">
      <token_anchor t_id="191"/>
    </ACTION_OCCURRENCE>
    <ACTION_OCCURRENCE m_id="14" comment="" climaxEvent="FALSE">
      <token_anchor t_id="194"/>
    </ACTION_OCCURRENCE>
    <ACTION_OCCURRENCE m_id="15" comment="" climaxEvent="FALSE">
      <token_anchor t_id="203"/>
    </ACTION_OCCURRENCE>
    <ACTION_OCCURRENCE m_id="16" comment="" climaxEvent="FALSE">
      <token_anchor t_id="220"/>
    </ACTION_OCCURRENCE>
    <ACTION_OCCURRENCE m_id="17" comment="" climaxEvent="FALSE">
      <token_anchor t_id="224"/>
    </ACTION_OCCURRENCE>
    <ACTION_REPORTING m_id="18">
      <token_anchor t_id="67"/>
    </ACTION_REPORTING>
    <ACTION_REPORTING m_id="19">
      <token_anchor t_id="185"/>
    </ACTION_REPORTING>
    <HUMAN_PART_PER m_id="29" comment="">
      <token_anchor t_id="52"/>
    </HUMAN_PART_PER>
    <HUMAN_PART_PER m_id="30" comment="">
      <token_anchor t_id="124"/>
      <token_anchor t_id="125"/>
    </HUMAN_PART_PER>
    <HUMAN_PART_PER m_id="31" comment="">
      <token_anchor t_id="155"/>
    </HUMAN_PART_PER>
    <HUMAN_PART_PER m_id="32" comment="">
      <token_anchor t_id="163"/>
    </HUMAN_PART_PER>
    <HUMAN_PART_PER m_id="33" comment="">
      <token_anchor t_id="171"/>
    </HUMAN_PART_PER>
    <HUMAN_PART_PER m_id="20" comment="">
      <token_anchor t_id="184"/>
    </HUMAN_PART_PER>
    <HUMAN_PART_PER m_id="21" comment="">
      <token_anchor t_id="188"/>
    </HUMAN_PART_PER>
    <HUMAN_PART_PER m_id="22" comment="">
      <token_anchor t_id="192"/>
    </HUMAN_PART_PER>
    <HUMAN_PART_PER m_id="23" comment="">
      <token_anchor t_id="202"/>
    </HUMAN_PART_PER>
    <HUMAN_PART_PER m_id="24" comment="">
      <token_anchor t_id="218"/>
      <token_anchor t_id="219"/>
    </HUMAN_PART_PER>
    <HUMAN_PART_PER m_id="25" comment="">
      <token_anchor t_id="234"/>
    </HUMAN_PART_PER>
    <HUMAN_PART_PER m_id="26" comment="">
      <token_anchor t_id="39"/>
    </HUMAN_PART_PER>
    <HUMAN_PART_PER m_id="27" comment="">
      <token_anchor t_id="56"/>
    </HUMAN_PART_PER>
    <HUMAN_PART_PER m_id="28" comment="">
      <token_anchor t_id="66"/>
    </HUMAN_PART_PER>
    <LOC_GEO m_id="34" comment="">
      <token_anchor t_id="197"/>
      <token_anchor t_id="198"/>
    </LOC_GEO>
    <LOC_GEO m_id="35" comment="">
      <token_anchor t_id="41"/>
      <token_anchor t_id="42"/>
      <token_anchor t_id="43"/>
    </LOC_GEO>
    <LOC_GEO m_id="36" comment="">
      <token_anchor t_id="62"/>
      <token_anchor t_id="63"/>
      <token_anchor t_id="64"/>
    </LOC_GEO>
    <LOC_GEO m_id="37" comment="">
      <token_anchor t_id="134"/>
      <token_anchor t_id="135"/>
      <token_anchor t_id="136"/>
      <token_anchor t_id="137"/>
      <token_anchor t_id="138"/>
      <token_anchor t_id="139"/>
    </LOC_GEO>
    <LOC_GEO m_id="45" comment="">
      <token_anchor t_id="168"/>
      <token_anchor t_id="169"/>
    </LOC_GEO>
    <LOC_GEO m_id="46" comment="">
      <token_anchor t_id="226"/>
      <token_anchor t_id="227"/>
      <token_anchor t_id="228"/>
      <token_anchor t_id="229"/>
      <token_anchor t_id="230"/>
      <token_anchor t_id="231"/>
    </LOC_GEO>
    <NON_HUMAN_PART m_id="38" comment="">
      <token_anchor t_id="178"/>
    </NON_HUMAN_PART>
    <NON_HUMAN_PART m_id="39" comment="">
      <token_anchor t_id="182"/>
    </NON_HUMAN_PART>
    <NON_HUMAN_PART m_id="40" comment="">
      <token_anchor t_id="160"/>
    </NON_HUMAN_PART>
    <TIME_DATE m_id="41" comment="" DCT="FALSE" value="2013-09-16" anchorTimeID="">
      <token_anchor t_id="68"/>
    </TIME_DATE>
    <TIME_DATE m_id="42" comment="" DCT="FALSE" value="2013-09-14" anchorTimeID="">
      <token_anchor t_id="209"/>
      <token_anchor t_id="210"/>
    </TIME_DATE>
    <TIME_DATE m_id="44" comment="" DCT="FALSE" value="2013-09-13" anchorTimeID="43">
      <token_anchor t_id="116"/>
      <token_anchor t_id="117"/>
    </TIME_DATE>
    <TIME_OF_THE_DAY m_id="43" DCT="TRUE" value="2013-09-16T11:12" anchorTimeID="43">
      <token_anchor t_id="44"/>
      <token_anchor t_id="45"/>
      <token_anchor t_id="46"/>
      <token_anchor t_id="47"/>
      <token_anchor t_id="48"/>
      <token_anchor t_id="49"/>
      <token_anchor t_id="50"/>
    </TIME_OF_THE_DAY>
    <ACTION_OCCURRENCE m_id="47" RELATED_TO="" TAG_DESCRIPTOR="t23_fall_british" comment="" climaxEvent="FALSE"/>
    <ACTION_OCCURRENCE m_id="48" RELATED_TO="" TAG_DESCRIPTOR="t23_walking_raite" comment="" climaxEvent="FALSE"/>
    <LOC_GEO m_id="49" RELATED_TO="" TAG_DESCRIPTOR="t23_tasman_glacier" comment=""/>
    <TIME_DATE m_id="50" RELATED_TO="" TAG_DESCRIPTOR="t23_saturday" value="" anchorTimeID="" DCT="FALSE" comment=""/>
    <LOC_GEO m_id="51" RELATED_TO="" TAG_DESCRIPTOR="t23_ridge" comment=""/>
    <LOC_GEO m_id="52" RELATED_TO="" TAG_DESCRIPTOR="t23_new_zealand" comment=""/>
    <ACTION_OCCURRENCE m_id="53" RELATED_TO="" TAG_DESCRIPTOR="t23_climbing_british" comment="" climaxEvent="FALSE"/>
    <HUMAN_PART_PER m_id="54" RELATED_TO="" TAG_DESCRIPTOR="t23_raite" comment=""/>
    <NON_HUMAN_PART m_id="55" RELATED_TO="" TAG_DESCRIPTOR="t23_helicopter" comment=""/>
    <HUMAN_PART_PER m_id="56" RELATED_TO="" TAG_DESCRIPTOR="t23_both_climbers" comment=""/>
    <ACTION_OCCURRENCE m_id="57" RELATED_TO="" TAG_DESCRIPTOR="t23_death_australian" comment="" climaxEvent="FALSE"/>
    <ACTION_OCCURRENCE m_id="58" RELATED_TO="" TAG_DESCRIPTOR="t23_both_deaths" comment="" climaxEvent="FALSE"/>
    <TIME_DATE m_id="59" RELATED_TO="" TAG_DESCRIPTOR="t23_friday" value="" anchorTimeID="" DCT="FALSE" comment=""/>
    <ACTION_OCCURRENCE m_id="60" RELATED_TO="" TAG_DESCRIPTOR="t23_both_falls" comment="" climaxEvent="FALSE"/>
    <ACTION_OCCURRENCE m_id="61" RELATED_TO="" TAG_DESCRIPTOR="t23_slip_raite" comment="" climaxEvent="FALSE"/>
    <LOC_GEO m_id="62" RELATED_TO="" TAG_DESCRIPTOR="t23_hut_glacier" comment=""/>
    <HUMAN_PART_PER m_id="63" RELATED_TO="" TAG_DESCRIPTOR="t23_buckley" comment=""/>
    <ACTION_OCCURRENCE m_id="64" RELATED_TO="" TAG_DESCRIPTOR="t23_fall_new_zealand" comment="" climaxEvent="FALSE"/>
    <LOC_GEO m_id="65" RELATED_TO="" TAG_DESCRIPTOR="t23_hut_sefton" comment=""/>
  </Markables>
  <Relations>
    <TLINK r_id="123849" contextualModality="" relType="AFTER" comment="">
      <source m_id="43"/>
      <target m_id="3"/>
    </TLINK>
    <TLINK r_id="123850" contextualModality="" relType="AFTER" comment="">
      <source m_id="43"/>
      <target m_id="4"/>
    </TLINK>
    <TLINK r_id="123851" contextualModality="" relType="AFTER" comment="">
      <source m_id="43"/>
      <target m_id="5"/>
    </TLINK>
    <TLINK r_id="123852" contextualModality="" relType="AFTER" comment="">
      <source m_id="43"/>
      <target m_id="18"/>
    </TLINK>
    <TLINK r_id="123853" contextualModality="" relType="AFTER" comment="">
      <source m_id="43"/>
      <target m_id="6"/>
    </TLINK>
    <TLINK r_id="123854" contextualModality="" relType="AFTER" comment="">
      <source m_id="43"/>
      <target m_id="7"/>
    </TLINK>
    <TLINK r_id="123855" contextualModality="" relType="AFTER" comment="">
      <source m_id="43"/>
      <target m_id="8"/>
    </TLINK>
    <TLINK r_id="123856" contextualModality="" relType="AFTER" comment="">
      <source m_id="43"/>
      <target m_id="9"/>
    </TLINK>
    <TLINK r_id="123857" contextualModality="" relType="AFTER" comment="">
      <source m_id="43"/>
      <target m_id="10"/>
    </TLINK>
    <TLINK r_id="123858" contextualModality="" relType="AFTER" comment="">
      <source m_id="43"/>
      <target m_id="1"/>
    </TLINK>
    <TLINK r_id="123859" contextualModality="" relType="AFTER" comment="">
      <source m_id="43"/>
      <target m_id="11"/>
    </TLINK>
    <TLINK r_id="123860" contextualModality="" relType="AFTER" comment="">
      <source m_id="43"/>
      <target m_id="12"/>
    </TLINK>
    <TLINK r_id="123861" contextualModality="" relType="AFTER" comment="">
      <source m_id="43"/>
      <target m_id="13"/>
    </TLINK>
    <TLINK r_id="123862" contextualModality="" relType="AFTER" comment="">
      <source m_id="43"/>
      <target m_id="14"/>
    </TLINK>
    <TLINK r_id="123863" contextualModality="" relType="AFTER" comment="">
      <source m_id="43"/>
      <target m_id="15"/>
    </TLINK>
    <TLINK r_id="123864" contextualModality="" relType="AFTER" comment="">
      <source m_id="43"/>
      <target m_id="16"/>
    </TLINK>
    <TLINK r_id="123865" contextualModality="" relType="AFTER" comment="">
      <source m_id="43"/>
      <target m_id="17"/>
    </TLINK>
    <TLINK r_id="123867" contextualModality="" relType="AFTER" comment="">
      <source m_id="41"/>
      <target m_id="4"/>
    </TLINK>
    <TLINK r_id="123868" contextualModality="" relType="AFTER" comment="">
      <source m_id="41"/>
      <target m_id="5"/>
    </TLINK>
    <TLINK r_id="123869" contextualModality="" relType="AFTER" comment="">
      <source m_id="41"/>
      <target m_id="18"/>
    </TLINK>
    <TLINK r_id="123870" contextualModality="" relType="AFTER" comment="">
      <source m_id="41"/>
      <target m_id="3"/>
    </TLINK>
    <TLINK r_id="123871" contextualModality="" relType="CONTAINS" comment="">
      <source m_id="44"/>
      <target m_id="6"/>
    </TLINK>
    <TLINK r_id="123872" contextualModality="" relType="CONTAINS" comment="">
      <source m_id="44"/>
      <target m_id="7"/>
    </TLINK>
    <TLINK r_id="123873" contextualModality="" relType="CONTAINS" comment="">
      <source m_id="44"/>
      <target m_id="8"/>
    </TLINK>
    <TLINK r_id="123874" contextualModality="" relType="CONTAINS" comment="">
      <source m_id="44"/>
      <target m_id="9"/>
    </TLINK>
    <TLINK r_id="123876" contextualModality="" relType="CONTAINS" comment="">
      <source m_id="44"/>
      <target m_id="10"/>
    </TLINK>
    <TLINK r_id="123877" contextualModality="" relType="CONTAINS" comment="">
      <source m_id="44"/>
      <target m_id="1"/>
    </TLINK>
    <TLINK r_id="123878" contextualModality="" relType="CONTAINS" comment="">
      <source m_id="44"/>
      <target m_id="11"/>
    </TLINK>
    <TLINK r_id="123879" contextualModality="" relType="CONTAINS" comment="">
      <source m_id="44"/>
      <target m_id="12"/>
    </TLINK>
    <TLINK r_id="123880" contextualModality="" relType="CONTAINS" comment="">
      <source m_id="44"/>
      <target m_id="13"/>
    </TLINK>
    <TLINK r_id="123881" contextualModality="" relType="CONTAINS" comment="">
      <source m_id="44"/>
      <target m_id="14"/>
    </TLINK>
    <TLINK r_id="123882" contextualModality="" relType="CONTAINS" comment="">
      <source m_id="44"/>
      <target m_id="15"/>
    </TLINK>
    <TLINK r_id="123883" contextualModality="" relType="CONTAINS" comment="">
      <source m_id="42"/>
      <target m_id="16"/>
    </TLINK>
    <TLINK r_id="123884" contextualModality="" relType="CONTAINS" comment="">
      <source m_id="42"/>
      <target m_id="17"/>
    </TLINK>
    <PLOT_LINK r_id="123885" SIGNAL="" relType="FALLING_ACTION" CAUSES="FALSE" CAUSED_BY="FALSE">
      <source m_id="3"/>
      <target m_id="4"/>
    </PLOT_LINK>
    <PLOT_LINK r_id="123886" SIGNAL="" relType="PRECONDITION" CAUSES="FALSE" CAUSED_BY="FALSE">
      <source m_id="4"/>
      <target m_id="5"/>
    </PLOT_LINK>
    <PLOT_LINK r_id="123887" SIGNAL="" relType="FALLING_ACTION" CAUSES="FALSE" CAUSED_BY="FALSE">
      <source m_id="6"/>
      <target m_id="8"/>
    </PLOT_LINK>
    <PLOT_LINK r_id="123888" SIGNAL="" relType="PRECONDITION" CAUSES="FALSE" CAUSED_BY="FALSE">
      <source m_id="7"/>
      <target m_id="8"/>
    </PLOT_LINK>
    <PLOT_LINK r_id="123889" SIGNAL="" relType="PRECONDITION" CAUSES="FALSE" CAUSED_BY="FALSE">
      <source m_id="9"/>
      <target m_id="10"/>
    </PLOT_LINK>
    <PLOT_LINK r_id="123890" SIGNAL="" relType="PRECONDITION" CAUSES="FALSE" CAUSED_BY="FALSE">
      <source m_id="10"/>
      <target m_id="1"/>
    </PLOT_LINK>
    <PLOT_LINK r_id="123891" SIGNAL="" relType="PRECONDITION" CAUSES="FALSE" CAUSED_BY="FALSE">
      <source m_id="1"/>
      <target m_id="11"/>
    </PLOT_LINK>
    <PLOT_LINK r_id="123892" SIGNAL="" relType="PRECONDITION" CAUSES="FALSE" CAUSED_BY="FALSE">
      <source m_id="1"/>
      <target m_id="13"/>
    </PLOT_LINK>
    <PLOT_LINK r_id="123893" SIGNAL="" relType="FALLING_ACTION" CAUSES="FALSE" CAUSED_BY="FALSE">
      <source m_id="13"/>
      <target m_id="14"/>
    </PLOT_LINK>
    <PLOT_LINK r_id="123894" SIGNAL="" relType="FALLING_ACTION" CAUSES="FALSE" CAUSED_BY="FALSE">
      <source m_id="16"/>
      <target m_id="17"/>
    </PLOT_LINK>
  </Relations>
</Document>
