<?xml version='1.0' encoding='UTF-8'?>
<Document doc_name="23_7ecbplus.xml">
  <token t_id="1" sentence="0" number="0">http</token>
  <token t_id="2" sentence="0" number="1">:</token>
  <token t_id="3" sentence="0" number="2">/</token>
  <token t_id="4" sentence="0" number="3">/</token>
  <token t_id="5" sentence="0" number="4">www</token>
  <token t_id="6" sentence="0" number="5">.</token>
  <token t_id="7" sentence="0" number="6">odt</token>
  <token t_id="8" sentence="0" number="7">.</token>
  <token t_id="9" sentence="0" number="8">co</token>
  <token t_id="10" sentence="0" number="9">.</token>
  <token t_id="11" sentence="0" number="10">nz</token>
  <token t_id="12" sentence="0" number="11">/</token>
  <token t_id="13" sentence="0" number="12">news</token>
  <token t_id="14" sentence="0" number="13">/</token>
  <token t_id="15" sentence="0" number="14">national</token>
  <token t_id="16" sentence="0" number="15">/</token>
  <token t_id="17" sentence="0" number="16">273204</token>
  <token t_id="18" sentence="0" number="17">/</token>
  <token t_id="19" sentence="0" number="18">second</token>
  <token t_id="20" sentence="0" number="19">-</token>
  <token t_id="21" sentence="0" number="20">climber</token>
  <token t_id="22" sentence="0" number="21">-</token>
  <token t_id="23" sentence="0" number="22">dies</token>
  <token t_id="24" sentence="0" number="23">-</token>
  <token t_id="25" sentence="0" number="24">mt</token>
  <token t_id="26" sentence="0" number="25">-</token>
  <token t_id="27" sentence="0" number="26">cook</token>
  <token t_id="28" sentence="1" number="0">Second</token>
  <token t_id="29" sentence="1" number="1">climber</token>
  <token t_id="30" sentence="1" number="2">dies</token>
  <token t_id="31" sentence="1" number="3">at</token>
  <token t_id="32" sentence="1" number="4">Mt</token>
  <token t_id="33" sentence="1" number="5">Cook</token>
  <token t_id="34" sentence="2" number="0">Sun</token>
  <token t_id="35" sentence="2" number="1">,</token>
  <token t_id="36" sentence="2" number="2">15</token>
  <token t_id="37" sentence="2" number="3">Sep</token>
  <token t_id="38" sentence="2" number="4">2013</token>
  <token t_id="39" sentence="3" number="0">Two</token>
  <token t_id="40" sentence="3" number="1">men</token>
  <token t_id="41" sentence="3" number="2">have</token>
  <token t_id="42" sentence="3" number="3">died</token>
  <token t_id="43" sentence="3" number="4">in</token>
  <token t_id="44" sentence="3" number="5">separate</token>
  <token t_id="45" sentence="3" number="6">climbing</token>
  <token t_id="46" sentence="3" number="7">accidents</token>
  <token t_id="47" sentence="3" number="8">at</token>
  <token t_id="48" sentence="3" number="9">Mt</token>
  <token t_id="49" sentence="3" number="10">Cook</token>
  <token t_id="50" sentence="3" number="11">this</token>
  <token t_id="51" sentence="3" number="12">weekend</token>
  <token t_id="52" sentence="3" number="13">.</token>
  <token t_id="53" sentence="4" number="0">The</token>
  <token t_id="54" sentence="4" number="1">Aoraki</token>
  <token t_id="55" sentence="4" number="2">Mt</token>
  <token t_id="56" sentence="4" number="3">Cook</token>
  <token t_id="57" sentence="4" number="4">Alpine</token>
  <token t_id="58" sentence="4" number="5">Rescue</token>
  <token t_id="59" sentence="4" number="6">Team</token>
  <token t_id="60" sentence="4" number="7">worked</token>
  <token t_id="61" sentence="4" number="8">today</token>
  <token t_id="62" sentence="4" number="9">to</token>
  <token t_id="63" sentence="4" number="10">recover</token>
  <token t_id="64" sentence="4" number="11">the</token>
  <token t_id="65" sentence="4" number="12">body</token>
  <token t_id="66" sentence="4" number="13">of</token>
  <token t_id="67" sentence="4" number="14">a</token>
  <token t_id="68" sentence="4" number="15">climber</token>
  <token t_id="69" sentence="4" number="16">after</token>
  <token t_id="70" sentence="4" number="17">bad</token>
  <token t_id="71" sentence="4" number="18">weather</token>
  <token t_id="72" sentence="4" number="19">hindered</token>
  <token t_id="73" sentence="4" number="20">efforts</token>
  <token t_id="74" sentence="4" number="21">yesterday</token>
  <token t_id="75" sentence="4" number="22">.</token>
  <token t_id="76" sentence="5" number="0">The</token>
  <token t_id="77" sentence="5" number="1">climber</token>
  <token t_id="78" sentence="5" number="2">fell</token>
  <token t_id="79" sentence="5" number="3">in</token>
  <token t_id="80" sentence="5" number="4">fading</token>
  <token t_id="81" sentence="5" number="5">light</token>
  <token t_id="82" sentence="5" number="6">yesterday</token>
  <token t_id="83" sentence="5" number="7">near</token>
  <token t_id="84" sentence="5" number="8">the</token>
  <token t_id="85" sentence="5" number="9">Mt</token>
  <token t_id="86" sentence="5" number="10">Sefton</token>
  <token t_id="87" sentence="5" number="11">Bivvy</token>
  <token t_id="88" sentence="5" number="12">,</token>
  <token t_id="89" sentence="5" number="13">and</token>
  <token t_id="90" sentence="5" number="14">rescue</token>
  <token t_id="91" sentence="5" number="15">teams</token>
  <token t_id="92" sentence="5" number="16">were</token>
  <token t_id="93" sentence="5" number="17">unable</token>
  <token t_id="94" sentence="5" number="18">to</token>
  <token t_id="95" sentence="5" number="19">reach</token>
  <token t_id="96" sentence="5" number="20">him</token>
  <token t_id="97" sentence="5" number="21">or</token>
  <token t_id="98" sentence="5" number="22">his</token>
  <token t_id="99" sentence="5" number="23">companions</token>
  <token t_id="100" sentence="5" number="24">due</token>
  <token t_id="101" sentence="5" number="25">to</token>
  <token t_id="102" sentence="5" number="26">the</token>
  <token t_id="103" sentence="5" number="27">weather</token>
  <token t_id="104" sentence="5" number="28">.</token>
  <token t_id="105" sentence="6" number="0">Police</token>
  <token t_id="106" sentence="6" number="1">are</token>
  <token t_id="107" sentence="6" number="2">still</token>
  <token t_id="108" sentence="6" number="3">at</token>
  <token t_id="109" sentence="6" number="4">the</token>
  <token t_id="110" sentence="6" number="5">scene</token>
  <token t_id="111" sentence="6" number="6">and</token>
  <token t_id="112" sentence="6" number="7">say</token>
  <token t_id="113" sentence="6" number="8">more</token>
  <token t_id="114" sentence="6" number="9">details</token>
  <token t_id="115" sentence="6" number="10">will</token>
  <token t_id="116" sentence="6" number="11">be</token>
  <token t_id="117" sentence="6" number="12">released</token>
  <token t_id="118" sentence="6" number="13">later</token>
  <token t_id="119" sentence="6" number="14">.</token>
  <token t_id="120" sentence="7" number="0">The</token>
  <token t_id="121" sentence="7" number="1">first</token>
  <token t_id="122" sentence="7" number="2">of</token>
  <token t_id="123" sentence="7" number="3">the</token>
  <token t_id="124" sentence="7" number="4">deaths</token>
  <token t_id="125" sentence="7" number="5">this</token>
  <token t_id="126" sentence="7" number="6">weekend</token>
  <token t_id="127" sentence="7" number="7">was</token>
  <token t_id="128" sentence="7" number="8">that</token>
  <token t_id="129" sentence="7" number="9">of</token>
  <token t_id="130" sentence="7" number="10">a</token>
  <token t_id="131" sentence="7" number="11">New</token>
  <token t_id="132" sentence="7" number="12">Zealand</token>
  <token t_id="133" sentence="7" number="13">climber</token>
  <token t_id="134" sentence="7" number="14">who</token>
  <token t_id="135" sentence="7" number="15">fell</token>
  <token t_id="136" sentence="7" number="16">on</token>
  <token t_id="137" sentence="7" number="17">Friday</token>
  <token t_id="138" sentence="7" number="18">morning</token>
  <token t_id="139" sentence="7" number="19">.</token>
  <token t_id="140" sentence="8" number="0">The</token>
  <token t_id="141" sentence="8" number="1">36</token>
  <token t_id="142" sentence="8" number="2">-</token>
  <token t_id="143" sentence="8" number="3">year</token>
  <token t_id="144" sentence="8" number="4">-</token>
  <token t_id="145" sentence="8" number="5">old</token>
  <token t_id="146" sentence="8" number="6">,</token>
  <token t_id="147" sentence="8" number="7">who</token>
  <token t_id="148" sentence="8" number="8">had</token>
  <token t_id="149" sentence="8" number="9">been</token>
  <token t_id="150" sentence="8" number="10">living</token>
  <token t_id="151" sentence="8" number="11">in</token>
  <token t_id="152" sentence="8" number="12">Melbourne</token>
  <token t_id="153" sentence="8" number="13">,</token>
  <token t_id="154" sentence="8" number="14">slipped</token>
  <token t_id="155" sentence="8" number="15">and</token>
  <token t_id="156" sentence="8" number="16">fell</token>
  <token t_id="157" sentence="8" number="17">approximately</token>
  <token t_id="158" sentence="8" number="18">200</token>
  <token t_id="159" sentence="8" number="19">metres</token>
  <token t_id="160" sentence="8" number="20">down</token>
  <token t_id="161" sentence="8" number="21">a</token>
  <token t_id="162" sentence="8" number="22">steep</token>
  <token t_id="163" sentence="8" number="23">ice</token>
  <token t_id="164" sentence="8" number="24">gully</token>
  <token t_id="165" sentence="8" number="25">as</token>
  <token t_id="166" sentence="8" number="26">he</token>
  <token t_id="167" sentence="8" number="27">was</token>
  <token t_id="168" sentence="8" number="28">approaching</token>
  <token t_id="169" sentence="8" number="29">the</token>
  <token t_id="170" sentence="8" number="30">Tasman</token>
  <token t_id="171" sentence="8" number="31">Saddle</token>
  <token t_id="172" sentence="8" number="32">Hut</token>
  <token t_id="173" sentence="8" number="33">,</token>
  <token t_id="174" sentence="8" number="34">police</token>
  <token t_id="175" sentence="8" number="35">said</token>
  <token t_id="176" sentence="8" number="36">.</token>
  <token t_id="177" sentence="9" number="0">His</token>
  <token t_id="178" sentence="9" number="1">brother</token>
  <token t_id="179" sentence="9" number="2">witnessed</token>
  <token t_id="180" sentence="9" number="3">the</token>
  <token t_id="181" sentence="9" number="4">fall</token>
  <token t_id="182" sentence="9" number="5">and</token>
  <token t_id="183" sentence="9" number="6">had</token>
  <token t_id="184" sentence="9" number="7">to</token>
  <token t_id="185" sentence="9" number="8">spend</token>
  <token t_id="186" sentence="9" number="9">the</token>
  <token t_id="187" sentence="9" number="10">night</token>
  <token t_id="188" sentence="9" number="11">in</token>
  <token t_id="189" sentence="9" number="12">a</token>
  <token t_id="190" sentence="9" number="13">hut</token>
  <token t_id="191" sentence="9" number="14">before</token>
  <token t_id="192" sentence="9" number="15">rescuers</token>
  <token t_id="193" sentence="9" number="16">could</token>
  <token t_id="194" sentence="9" number="17">reach</token>
  <token t_id="195" sentence="9" number="18">him</token>
  <token t_id="196" sentence="9" number="19">.</token>
  <token t_id="197" sentence="10" number="0">The</token>
  <token t_id="198" sentence="10" number="1">victim</token>
  <token t_id="199" sentence="10" number="2">was</token>
  <token t_id="200" sentence="10" number="3">still</token>
  <token t_id="201" sentence="10" number="4">alive</token>
  <token t_id="202" sentence="10" number="5">when</token>
  <token t_id="203" sentence="10" number="6">rescuers</token>
  <token t_id="204" sentence="10" number="7">reached</token>
  <token t_id="205" sentence="10" number="8">him</token>
  <token t_id="206" sentence="10" number="9">,</token>
  <token t_id="207" sentence="10" number="10">Helicopter</token>
  <token t_id="208" sentence="10" number="11">Line</token>
  <token t_id="209" sentence="10" number="12">pilot</token>
  <token t_id="210" sentence="10" number="13">Jim</token>
  <token t_id="211" sentence="10" number="14">Campbell</token>
  <token t_id="212" sentence="10" number="15">told</token>
  <token t_id="213" sentence="10" number="16">the</token>
  <token t_id="214" sentence="10" number="17">Herald</token>
  <token t_id="215" sentence="10" number="18">on</token>
  <token t_id="216" sentence="10" number="19">Sunday</token>
  <token t_id="217" sentence="10" number="20">.</token>
  <token t_id="218" sentence="11" number="0">"He</token>
  <token t_id="219" sentence="11" number="1">was</token>
  <token t_id="220" sentence="11" number="2">very</token>
  <token t_id="221" sentence="11" number="3">badly</token>
  <token t_id="222" sentence="11" number="4">hurt</token>
  <token t_id="223" sentence="11" number="5">and</token>
  <token t_id="224" sentence="11" number="6">he'd</token>
  <token t_id="225" sentence="11" number="7">lost</token>
  <token t_id="226" sentence="11" number="8">his</token>
  <token t_id="227" sentence="11" number="9">hat</token>
  <token t_id="228" sentence="11" number="10">and</token>
  <token t_id="229" sentence="11" number="11">gloves</token>
  <token t_id="230" sentence="11" number="12">in</token>
  <token t_id="231" sentence="11" number="13">the</token>
  <token t_id="232" sentence="11" number="14">fall</token>
  <token t_id="233" sentence="11" number="15">so</token>
  <token t_id="234" sentence="11" number="16">he</token>
  <token t_id="235" sentence="11" number="17">was</token>
  <token t_id="236" sentence="11" number="18">very</token>
  <token t_id="237" sentence="11" number="19">cold</token>
  <token t_id="238" sentence="11" number="20">.</token>
  <token t_id="239" sentence="11" number="21">"</token>
  <token t_id="240" sentence="12" number="0">The</token>
  <token t_id="241" sentence="12" number="1">rescue</token>
  <token t_id="242" sentence="12" number="2">team</token>
  <token t_id="243" sentence="12" number="3">had</token>
  <token t_id="244" sentence="12" number="4">to</token>
  <token t_id="245" sentence="12" number="5">carry</token>
  <token t_id="246" sentence="12" number="6">the</token>
  <token t_id="247" sentence="12" number="7">man</token>
  <token t_id="248" sentence="12" number="8">by</token>
  <token t_id="249" sentence="12" number="9">stretcher</token>
  <token t_id="250" sentence="12" number="10">down</token>
  <token t_id="251" sentence="12" number="11">a</token>
  <token t_id="252" sentence="12" number="12">glacier</token>
  <token t_id="253" sentence="12" number="13">,</token>
  <token t_id="254" sentence="12" number="14">walking</token>
  <token t_id="255" sentence="12" number="15">two</token>
  <token t_id="256" sentence="12" number="16">hours</token>
  <token t_id="257" sentence="12" number="17">to</token>
  <token t_id="258" sentence="12" number="18">reach</token>
  <token t_id="259" sentence="12" number="19">a</token>
  <token t_id="260" sentence="12" number="20">rescue</token>
  <token t_id="261" sentence="12" number="21">helicopter</token>
  <token t_id="262" sentence="12" number="22">.</token>
  <token t_id="263" sentence="13" number="0">A</token>
  <token t_id="264" sentence="13" number="1">Westpac</token>
  <token t_id="265" sentence="13" number="2">Rescue</token>
  <token t_id="266" sentence="13" number="3">Helicopter</token>
  <token t_id="267" sentence="13" number="4">from</token>
  <token t_id="268" sentence="13" number="5">Christchurch</token>
  <token t_id="269" sentence="13" number="6">was</token>
  <token t_id="270" sentence="13" number="7">called</token>
  <token t_id="271" sentence="13" number="8">to</token>
  <token t_id="272" sentence="13" number="9">help</token>
  <token t_id="273" sentence="13" number="10">with</token>
  <token t_id="274" sentence="13" number="11">search</token>
  <token t_id="275" sentence="13" number="12">and</token>
  <token t_id="276" sentence="13" number="13">rescue</token>
  <token t_id="277" sentence="13" number="14">co</token>
  <token t_id="278" sentence="13" number="15">-</token>
  <token t_id="279" sentence="13" number="16">ordination</token>
  <token t_id="280" sentence="13" number="17">at</token>
  <token t_id="281" sentence="13" number="18">the</token>
  <token t_id="282" sentence="13" number="19">Mt</token>
  <token t_id="283" sentence="13" number="20">Cook</token>
  <token t_id="284" sentence="13" number="21">base</token>
  <token t_id="285" sentence="13" number="22">.</token>
  <token t_id="286" sentence="14" number="0">By</token>
  <token t_id="287" sentence="14" number="1">the</token>
  <token t_id="288" sentence="14" number="2">time</token>
  <token t_id="289" sentence="14" number="3">it</token>
  <token t_id="290" sentence="14" number="4">arrived</token>
  <token t_id="291" sentence="14" number="5">,</token>
  <token t_id="292" sentence="14" number="6">the</token>
  <token t_id="293" sentence="14" number="7">man</token>
  <token t_id="294" sentence="14" number="8">had</token>
  <token t_id="295" sentence="14" number="9">been</token>
  <token t_id="296" sentence="14" number="10">transported</token>
  <token t_id="297" sentence="14" number="11">to</token>
  <token t_id="298" sentence="14" number="12">Mt</token>
  <token t_id="299" sentence="14" number="13">Cook</token>
  <token t_id="300" sentence="14" number="14">Village</token>
  <token t_id="301" sentence="14" number="15">by</token>
  <token t_id="302" sentence="14" number="16">a</token>
  <token t_id="303" sentence="14" number="17">local</token>
  <token t_id="304" sentence="14" number="18">helicopter</token>
  <token t_id="305" sentence="14" number="19">service</token>
  <token t_id="306" sentence="14" number="20">and</token>
  <token t_id="307" sentence="14" number="21">had</token>
  <token t_id="308" sentence="14" number="22">been</token>
  <token t_id="309" sentence="14" number="23">pronounced</token>
  <token t_id="310" sentence="14" number="24">dead</token>
  <token t_id="311" sentence="14" number="25">by</token>
  <token t_id="312" sentence="14" number="26">paramedics</token>
  <token t_id="313" sentence="14" number="27">.</token>
  <token t_id="314" sentence="15" number="0">He</token>
  <token t_id="315" sentence="15" number="1">had</token>
  <token t_id="316" sentence="15" number="2">been</token>
  <token t_id="317" sentence="15" number="3">planning</token>
  <token t_id="318" sentence="15" number="4">a</token>
  <token t_id="319" sentence="15" number="5">four</token>
  <token t_id="320" sentence="15" number="6">-</token>
  <token t_id="321" sentence="15" number="7">day</token>
  <token t_id="322" sentence="15" number="8">ski</token>
  <token t_id="323" sentence="15" number="9">tour</token>
  <token t_id="324" sentence="15" number="10">of</token>
  <token t_id="325" sentence="15" number="11">the</token>
  <token t_id="326" sentence="15" number="12">area</token>
  <token t_id="327" sentence="15" number="13">and</token>
  <token t_id="328" sentence="15" number="14">was</token>
  <token t_id="329" sentence="15" number="15">using</token>
  <token t_id="330" sentence="15" number="16">the</token>
  <token t_id="331" sentence="15" number="17">Tasman</token>
  <token t_id="332" sentence="15" number="18">Saddle</token>
  <token t_id="333" sentence="15" number="19">Hut</token>
  <token t_id="334" sentence="15" number="20">as</token>
  <token t_id="335" sentence="15" number="21">a</token>
  <token t_id="336" sentence="15" number="22">base</token>
  <token t_id="337" sentence="15" number="23">,</token>
  <token t_id="338" sentence="15" number="24">police</token>
  <token t_id="339" sentence="15" number="25">said</token>
  <token t_id="340" sentence="15" number="26">.</token>
  <token t_id="341" sentence="16" number="0">Mr</token>
  <token t_id="342" sentence="16" number="1">Campbell</token>
  <token t_id="343" sentence="16" number="2">said</token>
  <token t_id="344" sentence="16" number="3">police</token>
  <token t_id="345" sentence="16" number="4">told</token>
  <token t_id="346" sentence="16" number="5">him</token>
  <token t_id="347" sentence="16" number="6">the</token>
  <token t_id="348" sentence="16" number="7">man</token>
  <token t_id="349" sentence="16" number="8">was</token>
  <token t_id="350" sentence="16" number="9">well</token>
  <token t_id="351" sentence="16" number="10">-</token>
  <token t_id="352" sentence="16" number="11">equipped</token>
  <token t_id="353" sentence="16" number="12">but</token>
  <token t_id="354" sentence="16" number="13">was</token>
  <token t_id="355" sentence="16" number="14">not</token>
  <token t_id="356" sentence="16" number="15">wearing</token>
  <token t_id="357" sentence="16" number="16">crampons</token>
  <token t_id="358" sentence="16" number="17">when</token>
  <token t_id="359" sentence="16" number="18">he</token>
  <token t_id="360" sentence="16" number="19">slipped</token>
  <token t_id="361" sentence="16" number="20">.</token>
  <token t_id="362" sentence="17" number="0">A</token>
  <token t_id="363" sentence="17" number="1">massive</token>
  <token t_id="364" sentence="17" number="2">rescue</token>
  <token t_id="365" sentence="17" number="3">bid</token>
  <token t_id="366" sentence="17" number="4">was</token>
  <token t_id="367" sentence="17" number="5">made</token>
  <token t_id="368" sentence="17" number="6">shortly</token>
  <token t_id="369" sentence="17" number="7">after</token>
  <token t_id="370" sentence="17" number="8">11am</token>
  <token t_id="371" sentence="17" number="9">on</token>
  <token t_id="372" sentence="17" number="10">Friday</token>
  <token t_id="373" sentence="17" number="11">,</token>
  <token t_id="374" sentence="17" number="12">with</token>
  <token t_id="375" sentence="17" number="13">members</token>
  <token t_id="376" sentence="17" number="14">of</token>
  <token t_id="377" sentence="17" number="15">the</token>
  <token t_id="378" sentence="17" number="16">Aoraki</token>
  <token t_id="379" sentence="17" number="17">Mt</token>
  <token t_id="380" sentence="17" number="18">Cook</token>
  <token t_id="381" sentence="17" number="19">Department</token>
  <token t_id="382" sentence="17" number="20">of</token>
  <token t_id="383" sentence="17" number="21">Conservation</token>
  <token t_id="384" sentence="17" number="22">Alpine</token>
  <token t_id="385" sentence="17" number="23">Rescue</token>
  <token t_id="386" sentence="17" number="24">Team</token>
  <token t_id="387" sentence="17" number="25">,</token>
  <token t_id="388" sentence="17" number="26">Alpine</token>
  <token t_id="389" sentence="17" number="27">Guides</token>
  <token t_id="390" sentence="17" number="28">,</token>
  <token t_id="391" sentence="17" number="29">The</token>
  <token t_id="392" sentence="17" number="30">Helicopter</token>
  <token t_id="393" sentence="17" number="31">Line</token>
  <token t_id="394" sentence="17" number="32">,</token>
  <token t_id="395" sentence="17" number="33">Twizel</token>
  <token t_id="396" sentence="17" number="34">and</token>
  <token t_id="397" sentence="17" number="35">Fairlie</token>
  <token t_id="398" sentence="17" number="36">police</token>
  <token t_id="399" sentence="17" number="37">and</token>
  <token t_id="400" sentence="17" number="38">Westpac</token>
  <token t_id="401" sentence="17" number="39">Rescue</token>
  <token t_id="402" sentence="17" number="40">paramedics</token>
  <token t_id="403" sentence="17" number="41">all</token>
  <token t_id="404" sentence="17" number="42">called</token>
  <token t_id="405" sentence="17" number="43">in</token>
  <token t_id="406" sentence="17" number="44">to</token>
  <token t_id="407" sentence="17" number="45">help</token>
  <token t_id="408" sentence="17" number="46">.</token>
  <token t_id="409" sentence="18" number="0">Constable</token>
  <token t_id="410" sentence="18" number="1">Joseph</token>
  <token t_id="411" sentence="18" number="2">Rush</token>
  <token t_id="412" sentence="18" number="3">,</token>
  <token t_id="413" sentence="18" number="4">of</token>
  <token t_id="414" sentence="18" number="5">Twizel</token>
  <token t_id="415" sentence="18" number="6">police</token>
  <token t_id="416" sentence="18" number="7">,</token>
  <token t_id="417" sentence="18" number="8">said</token>
  <token t_id="418" sentence="18" number="9">the</token>
  <token t_id="419" sentence="18" number="10">weather</token>
  <token t_id="420" sentence="18" number="11">conditions</token>
  <token t_id="421" sentence="18" number="12">were</token>
  <token t_id="422" sentence="18" number="13">severe</token>
  <token t_id="423" sentence="18" number="14">,</token>
  <token t_id="424" sentence="18" number="15">with</token>
  <token t_id="425" sentence="18" number="16">poor</token>
  <token t_id="426" sentence="18" number="17">visibility</token>
  <token t_id="427" sentence="18" number="18">,</token>
  <token t_id="428" sentence="18" number="19">strong</token>
  <token t_id="429" sentence="18" number="20">wind</token>
  <token t_id="430" sentence="18" number="21">gusts</token>
  <token t_id="431" sentence="18" number="22">and</token>
  <token t_id="432" sentence="18" number="23">-</token>
  <token t_id="433" sentence="18" number="24">15C</token>
  <token t_id="434" sentence="18" number="25">temperatures</token>
  <token t_id="435" sentence="18" number="26">.</token>
  <token t_id="436" sentence="19" number="0">The</token>
  <token t_id="437" sentence="19" number="1">man's</token>
  <token t_id="438" sentence="19" number="2">name</token>
  <token t_id="439" sentence="19" number="3">will</token>
  <token t_id="440" sentence="19" number="4">not</token>
  <token t_id="441" sentence="19" number="5">be</token>
  <token t_id="442" sentence="19" number="6">released</token>
  <token t_id="443" sentence="19" number="7">until</token>
  <token t_id="444" sentence="19" number="8">family</token>
  <token t_id="445" sentence="19" number="9">have</token>
  <token t_id="446" sentence="19" number="10">been</token>
  <token t_id="447" sentence="19" number="11">notified</token>
  <token t_id="448" sentence="19" number="12">.</token>
  <Markables>
    <ACTION_OCCURRENCE m_id="1" comment="" climaxEvent="FALSE">
      <token_anchor t_id="135"/>
    </ACTION_OCCURRENCE>
    <ACTION_OCCURRENCE m_id="2" comment="" climaxEvent="FALSE">
      <token_anchor t_id="194"/>
    </ACTION_OCCURRENCE>
    <ACTION_OCCURRENCE m_id="3" comment="" climaxEvent="FALSE">
      <token_anchor t_id="154"/>
    </ACTION_OCCURRENCE>
    <ACTION_OCCURRENCE m_id="4" comment="" climaxEvent="FALSE">
      <token_anchor t_id="156"/>
    </ACTION_OCCURRENCE>
    <ACTION_OCCURRENCE m_id="5" comment="" climaxEvent="FALSE">
      <token_anchor t_id="168"/>
    </ACTION_OCCURRENCE>
    <ACTION_OCCURRENCE m_id="6" climaxEvent="TRUE" comment="">
      <token_anchor t_id="30"/>
    </ACTION_OCCURRENCE>
    <ACTION_OCCURRENCE m_id="7" comment="" climaxEvent="FALSE">
      <token_anchor t_id="42"/>
    </ACTION_OCCURRENCE>
    <ACTION_OCCURRENCE m_id="8" comment="" climaxEvent="FALSE">
      <token_anchor t_id="46"/>
    </ACTION_OCCURRENCE>
    <ACTION_OCCURRENCE m_id="9" comment="" climaxEvent="FALSE">
      <token_anchor t_id="45"/>
    </ACTION_OCCURRENCE>
    <ACTION_OCCURRENCE m_id="10" comment="" climaxEvent="FALSE">
      <token_anchor t_id="179"/>
    </ACTION_OCCURRENCE>
    <ACTION_OCCURRENCE m_id="11" comment="" climaxEvent="FALSE">
      <token_anchor t_id="78"/>
    </ACTION_OCCURRENCE>
    <ACTION_OCCURRENCE m_id="12" comment="" climaxEvent="FALSE">
      <token_anchor t_id="181"/>
    </ACTION_OCCURRENCE>
    <ACTION_OCCURRENCE m_id="13" comment="" climaxEvent="FALSE">
      <token_anchor t_id="124"/>
    </ACTION_OCCURRENCE>
    <ACTION_OCCURRENCE m_id="14" comment="" climaxEvent="FALSE">
      <token_anchor t_id="185"/>
    </ACTION_OCCURRENCE>
    <ACTION_STATE m_id="15" climaxEvent="FALSE" comment="">
      <token_anchor t_id="150"/>
    </ACTION_STATE>
    <HUMAN_PART_PER m_id="16" comment="">
      <token_anchor t_id="174"/>
    </HUMAN_PART_PER>
    <HUMAN_PART_PER m_id="17" comment="">
      <token_anchor t_id="40"/>
    </HUMAN_PART_PER>
    <HUMAN_PART_PER m_id="18" comment="">
      <token_anchor t_id="77"/>
    </HUMAN_PART_PER>
    <HUMAN_PART_PER m_id="19" comment="">
      <token_anchor t_id="91"/>
    </HUMAN_PART_PER>
    <HUMAN_PART_PER m_id="20" comment="">
      <token_anchor t_id="99"/>
    </HUMAN_PART_PER>
    <HUMAN_PART_PER m_id="21" comment="">
      <token_anchor t_id="133"/>
    </HUMAN_PART_PER>
    <HUMAN_PART_PER m_id="22" comment="">
      <token_anchor t_id="141"/>
      <token_anchor t_id="142"/>
      <token_anchor t_id="143"/>
      <token_anchor t_id="144"/>
      <token_anchor t_id="145"/>
    </HUMAN_PART_PER>
    <HUMAN_PART_PER m_id="23" comment="">
      <token_anchor t_id="96"/>
    </HUMAN_PART_PER>
    <HUMAN_PART_PER m_id="24" comment="">
      <token_anchor t_id="166"/>
    </HUMAN_PART_PER>
    <HUMAN_PART_PER m_id="25" comment="">
      <token_anchor t_id="29"/>
    </HUMAN_PART_PER>
    <HUMAN_PART_PER m_id="26" comment="">
      <token_anchor t_id="178"/>
    </HUMAN_PART_PER>
    <HUMAN_PART_PER m_id="27" comment="">
      <token_anchor t_id="192"/>
    </HUMAN_PART_PER>
    <HUMAN_PART_PER m_id="28" comment="">
      <token_anchor t_id="195"/>
    </HUMAN_PART_PER>
    <LOC_GEO m_id="29" comment="">
      <token_anchor t_id="31"/>
      <token_anchor t_id="32"/>
      <token_anchor t_id="33"/>
    </LOC_GEO>
    <LOC_GEO m_id="30" comment="">
      <token_anchor t_id="47"/>
      <token_anchor t_id="48"/>
      <token_anchor t_id="49"/>
    </LOC_GEO>
    <LOC_GEO m_id="31" comment="">
      <token_anchor t_id="83"/>
      <token_anchor t_id="84"/>
      <token_anchor t_id="85"/>
      <token_anchor t_id="86"/>
      <token_anchor t_id="87"/>
    </LOC_GEO>
    <LOC_GEO m_id="32" comment="">
      <token_anchor t_id="151"/>
      <token_anchor t_id="152"/>
    </LOC_GEO>
    <LOC_GEO m_id="42" comment="">
      <token_anchor t_id="169"/>
      <token_anchor t_id="170"/>
      <token_anchor t_id="171"/>
      <token_anchor t_id="172"/>
    </LOC_GEO>
    <LOC_GEO m_id="43" comment="">
      <token_anchor t_id="188"/>
      <token_anchor t_id="189"/>
      <token_anchor t_id="190"/>
    </LOC_GEO>
    <NEG_ACTION_OCCURRENCE m_id="33" comment="" climaxEvent="FALSE">
      <token_anchor t_id="95"/>
    </NEG_ACTION_OCCURRENCE>
    <NON_HUMAN_PART m_id="34" comment="">
      <token_anchor t_id="103"/>
    </NON_HUMAN_PART>
    <NON_HUMAN_PART m_id="35" comment="">
      <token_anchor t_id="164"/>
    </NON_HUMAN_PART>
    <TIME_DATE m_id="36" comment="" DCT="FALSE" value="2013-09-13" anchorTimeID="">
      <token_anchor t_id="186"/>
      <token_anchor t_id="187"/>
    </TIME_DATE>
    <TIME_DATE m_id="37" value="" anchorTimeID="" DCT="FALSE" comment="">
      <token_anchor t_id="125"/>
      <token_anchor t_id="126"/>
    </TIME_DATE>
    <TIME_DATE m_id="38" value="" anchorTimeID="" DCT="FALSE" comment="">
      <token_anchor t_id="50"/>
      <token_anchor t_id="51"/>
    </TIME_DATE>
    <TIME_DATE m_id="39" comment="" DCT="FALSE" value="2013-09-14" anchorTimeID="41">
      <token_anchor t_id="82"/>
    </TIME_DATE>
    <TIME_DATE m_id="40" comment="" DCT="FALSE" value="2013-09-13" anchorTimeID="">
      <token_anchor t_id="136"/>
      <token_anchor t_id="137"/>
      <token_anchor t_id="138"/>
    </TIME_DATE>
    <TIME_DATE m_id="41" comment="" DCT="TRUE" value="2013-09-15" anchorTimeID="41">
      <token_anchor t_id="34"/>
      <token_anchor t_id="35"/>
      <token_anchor t_id="36"/>
      <token_anchor t_id="37"/>
      <token_anchor t_id="38"/>
    </TIME_DATE>
    <ACTION_OCCURRENCE m_id="44" RELATED_TO="" TAG_DESCRIPTOR="t23_death_australian" comment="" climaxEvent="FALSE"/>
    <ACTION_OCCURRENCE m_id="45" RELATED_TO="" TAG_DESCRIPTOR="t23_both_deaths" comment="" climaxEvent="FALSE"/>
    <TIME_DATE m_id="46" RELATED_TO="" TAG_DESCRIPTOR="t23_friday" value="" anchorTimeID="" DCT="FALSE" comment=""/>
    <ACTION_OCCURRENCE m_id="47" RELATED_TO="" TAG_DESCRIPTOR="t23_fall_british" comment="" climaxEvent="FALSE"/>
    <TIME_DATE m_id="48" RELATED_TO="" TAG_DESCRIPTOR="t23_saturday" value="" anchorTimeID="" DCT="FALSE" comment=""/>
    <HUMAN_PART_PER m_id="49" RELATED_TO="" TAG_DESCRIPTOR="brother" comment=""/>
    <LOC_GEO m_id="50" RELATED_TO="" TAG_DESCRIPTOR="t23_cook" comment=""/>
    <HUMAN_PART_PER m_id="51" RELATED_TO="" TAG_DESCRIPTOR="t23_raite" comment=""/>
    <HUMAN_PART_PER m_id="52" RELATED_TO="" TAG_DESCRIPTOR="t23_both_climbers" comment=""/>
    <ACTION_OCCURRENCE m_id="53" RELATED_TO="" TAG_DESCRIPTOR="t23_death_british_man" comment="" climaxEvent="FALSE"/>
    <ACTION_OCCURRENCE m_id="54" RELATED_TO="" TAG_DESCRIPTOR="t23_slip_raite" comment="" climaxEvent="FALSE"/>
    <LOC_GEO m_id="55" RELATED_TO="" TAG_DESCRIPTOR="t23_hut_glacier" comment=""/>
    <HUMAN_PART_PER m_id="56" RELATED_TO="" TAG_DESCRIPTOR="t23_buckley" comment=""/>
    <ACTION_OCCURRENCE m_id="57" RELATED_TO="" TAG_DESCRIPTOR="t23_fall_new_zealand" comment="" climaxEvent="FALSE"/>
    <LOC_GEO m_id="58" RELATED_TO="" TAG_DESCRIPTOR="t23_hut_sefton" comment=""/>
  </Markables>
  <Relations>
    <TLINK r_id="123895" contextualModality="" relType="AFTER" comment="">
      <source m_id="41"/>
      <target m_id="6"/>
    </TLINK>
    <TLINK r_id="123896" contextualModality="" relType="AFTER" comment="">
      <source m_id="41"/>
      <target m_id="7"/>
    </TLINK>
    <TLINK r_id="123898" contextualModality="" relType="AFTER" comment="">
      <source m_id="41"/>
      <target m_id="8"/>
    </TLINK>
    <TLINK r_id="123899" contextualModality="" relType="AFTER" comment="">
      <source m_id="41"/>
      <target m_id="11"/>
    </TLINK>
    <TLINK r_id="123900" contextualModality="" relType="AFTER" comment="">
      <source m_id="41"/>
      <target m_id="33"/>
    </TLINK>
    <TLINK r_id="123901" contextualModality="" relType="AFTER" comment="">
      <source m_id="41"/>
      <target m_id="13"/>
    </TLINK>
    <TLINK r_id="123902" contextualModality="" relType="AFTER" comment="">
      <source m_id="41"/>
      <target m_id="15"/>
    </TLINK>
    <TLINK r_id="123903" contextualModality="" relType="AFTER" comment="">
      <source m_id="41"/>
      <target m_id="3"/>
    </TLINK>
    <TLINK r_id="123904" contextualModality="" relType="AFTER" comment="">
      <source m_id="41"/>
      <target m_id="4"/>
    </TLINK>
    <TLINK r_id="123905" contextualModality="" relType="AFTER" comment="">
      <source m_id="41"/>
      <target m_id="5"/>
    </TLINK>
    <TLINK r_id="123906" contextualModality="" relType="AFTER" comment="">
      <source m_id="41"/>
      <target m_id="10"/>
    </TLINK>
    <TLINK r_id="123907" contextualModality="" relType="AFTER" comment="">
      <source m_id="41"/>
      <target m_id="12"/>
    </TLINK>
    <TLINK r_id="123908" contextualModality="" relType="AFTER" comment="">
      <source m_id="41"/>
      <target m_id="14"/>
    </TLINK>
    <TLINK r_id="123909" contextualModality="" relType="AFTER" comment="">
      <source m_id="41"/>
      <target m_id="2"/>
    </TLINK>
    <TLINK r_id="123910" contextualModality="" relType="AFTER" comment="">
      <source m_id="41"/>
      <target m_id="1"/>
    </TLINK>
    <TLINK r_id="123911" contextualModality="" relType="CONTAINS" comment="">
      <source m_id="39"/>
      <target m_id="6"/>
    </TLINK>
    <TLINK r_id="123912" contextualModality="" relType="CONTAINS" comment="">
      <source m_id="39"/>
      <target m_id="7"/>
    </TLINK>
    <TLINK r_id="123913" contextualModality="" relType="CONTAINS" comment="">
      <source m_id="39"/>
      <target m_id="9"/>
    </TLINK>
    <TLINK r_id="123914" contextualModality="" relType="CONTAINS" comment="">
      <source m_id="39"/>
      <target m_id="8"/>
    </TLINK>
    <TLINK r_id="123915" contextualModality="" relType="CONTAINS" comment="">
      <source m_id="39"/>
      <target m_id="11"/>
    </TLINK>
    <TLINK r_id="123916" contextualModality="" relType="CONTAINS" comment="">
      <source m_id="39"/>
      <target m_id="33"/>
    </TLINK>
    <TLINK r_id="123917" contextualModality="" relType="CONTAINS" comment="">
      <source m_id="40"/>
      <target m_id="13"/>
    </TLINK>
    <TLINK r_id="123918" contextualModality="" relType="CONTAINS" comment="">
      <source m_id="40"/>
      <target m_id="1"/>
    </TLINK>
    <TLINK r_id="123919" contextualModality="" relType="ENDS_ON" comment="">
      <source m_id="40"/>
      <target m_id="15"/>
    </TLINK>
    <TLINK r_id="123920" contextualModality="" relType="CONTAINS" comment="">
      <source m_id="40"/>
      <target m_id="3"/>
    </TLINK>
    <TLINK r_id="123921" contextualModality="" relType="CONTAINS" comment="">
      <source m_id="40"/>
      <target m_id="4"/>
    </TLINK>
    <TLINK r_id="123922" contextualModality="" relType="CONTAINS" comment="">
      <source m_id="40"/>
      <target m_id="5"/>
    </TLINK>
    <TLINK r_id="123923" contextualModality="" relType="CONTAINS" comment="">
      <source m_id="40"/>
      <target m_id="10"/>
    </TLINK>
    <TLINK r_id="123924" contextualModality="" relType="CONTAINS" comment="">
      <source m_id="40"/>
      <target m_id="12"/>
    </TLINK>
    <TLINK r_id="123926" contextualModality="" relType="BEFORE" comment="">
      <source m_id="40"/>
      <target m_id="2"/>
    </TLINK>
    <TLINK r_id="123927" contextualModality="" relType="CONTAINS" comment="">
      <source m_id="36"/>
      <target m_id="14"/>
    </TLINK>
    <PLOT_LINK r_id="123928" SIGNAL="" relType="FALLING_ACTION" CAUSES="FALSE" CAUSED_BY="FALSE">
      <source m_id="6"/>
      <target m_id="8"/>
    </PLOT_LINK>
    <PLOT_LINK r_id="123929" SIGNAL="" relType="FALLING_ACTION" CAUSES="FALSE" CAUSED_BY="FALSE">
      <source m_id="7"/>
      <target m_id="8"/>
    </PLOT_LINK>
    <PLOT_LINK r_id="123930" SIGNAL="" relType="FALLING_ACTION" CAUSES="FALSE" CAUSED_BY="FALSE">
      <source m_id="7"/>
      <target m_id="11"/>
    </PLOT_LINK>
    <PLOT_LINK r_id="123931" SIGNAL="" relType="PRECONDITION" CAUSES="FALSE" CAUSED_BY="FALSE">
      <source m_id="11"/>
      <target m_id="33"/>
    </PLOT_LINK>
    <PLOT_LINK r_id="123932" SIGNAL="" relType="PRECONDITION" CAUSES="FALSE" CAUSED_BY="FALSE">
      <source m_id="11"/>
      <target m_id="13"/>
    </PLOT_LINK>
    <PLOT_LINK r_id="123933" SIGNAL="" relType="FALLING_ACTION" CAUSES="FALSE" CAUSED_BY="FALSE">
      <source m_id="13"/>
      <target m_id="1"/>
    </PLOT_LINK>
    <PLOT_LINK r_id="123934" SIGNAL="" relType="PRECONDITION" CAUSES="FALSE" CAUSED_BY="FALSE">
      <source m_id="3"/>
      <target m_id="4"/>
    </PLOT_LINK>
    <PLOT_LINK r_id="123935" SIGNAL="" relType="PRECONDITION" CAUSES="FALSE" CAUSED_BY="FALSE">
      <source m_id="12"/>
      <target m_id="2"/>
    </PLOT_LINK>
  </Relations>
</Document>
