<?xml version='1.0' encoding='UTF-8'?>
<Document doc_name="19_3ecbplus.xml">
  <token t_id="1" sentence="0" number="0">http</token>
  <token t_id="2" sentence="0" number="1">:</token>
  <token t_id="3" sentence="0" number="2">/</token>
  <token t_id="4" sentence="0" number="3">/</token>
  <token t_id="5" sentence="0" number="4">www</token>
  <token t_id="6" sentence="0" number="5">.</token>
  <token t_id="7" sentence="0" number="6">nydailynews</token>
  <token t_id="8" sentence="0" number="7">.</token>
  <token t_id="9" sentence="0" number="8">com</token>
  <token t_id="10" sentence="0" number="9">/</token>
  <token t_id="11" sentence="0" number="10">new</token>
  <token t_id="12" sentence="0" number="11">-</token>
  <token t_id="13" sentence="0" number="12">york</token>
  <token t_id="14" sentence="0" number="13">/</token>
  <token t_id="15" sentence="0" number="14">7</token>
  <token t_id="16" sentence="0" number="15">-</token>
  <token t_id="17" sentence="0" number="16">nypd</token>
  <token t_id="18" sentence="0" number="17">-</token>
  <token t_id="19" sentence="0" number="18">bullets</token>
  <token t_id="20" sentence="0" number="19">-</token>
  <token t_id="21" sentence="0" number="20">killed</token>
  <token t_id="22" sentence="0" number="21">-</token>
  <token t_id="23" sentence="0" number="22">teen</token>
  <token t_id="24" sentence="0" number="23">-</token>
  <token t_id="25" sentence="0" number="24">kimani</token>
  <token t_id="26" sentence="0" number="25">-</token>
  <token t_id="27" sentence="0" number="26">gray</token>
  <token t_id="28" sentence="0" number="27">-</token>
  <token t_id="29" sentence="0" number="28">article</token>
  <token t_id="30" sentence="0" number="29">-</token>
  <token t_id="31" sentence="0" number="30">1</token>
  <token t_id="32" sentence="0" number="31">.</token>
  <token t_id="33" sentence="0" number="32">1287452</token>
  <token t_id="34" sentence="1" number="0">Enraged</token>
  <token t_id="35" sentence="1" number="1">protesters</token>
  <token t_id="36" sentence="1" number="2">battle</token>
  <token t_id="37" sentence="1" number="3">cops</token>
  <token t_id="38" sentence="1" number="4">in</token>
  <token t_id="39" sentence="1" number="5">Brooklyn</token>
  <token t_id="40" sentence="1" number="6">streets</token>
  <token t_id="41" sentence="1" number="7">during</token>
  <token t_id="42" sentence="1" number="8">third</token>
  <token t_id="43" sentence="1" number="9">night</token>
  <token t_id="44" sentence="1" number="10">of</token>
  <token t_id="45" sentence="1" number="11">rioting</token>
  <token t_id="46" sentence="1" number="12">after</token>
  <token t_id="47" sentence="1" number="13">it's</token>
  <token t_id="48" sentence="1" number="14">revealed</token>
  <token t_id="49" sentence="1" number="15">that</token>
  <token t_id="50" sentence="1" number="16">16</token>
  <token t_id="51" sentence="1" number="17">-</token>
  <token t_id="52" sentence="1" number="18">year</token>
  <token t_id="53" sentence="1" number="19">-</token>
  <token t_id="54" sentence="1" number="20">old</token>
  <token t_id="55" sentence="1" number="21">Kimani</token>
  <token t_id="56" sentence="1" number="22">Gray</token>
  <token t_id="57" sentence="1" number="23">was</token>
  <token t_id="58" sentence="1" number="24">shot</token>
  <token t_id="59" sentence="1" number="25">in</token>
  <token t_id="60" sentence="1" number="26">the</token>
  <token t_id="61" sentence="1" number="27">back</token>
  <token t_id="62" sentence="2" number="0">As</token>
  <token t_id="63" sentence="2" number="1">fights</token>
  <token t_id="64" sentence="2" number="2">between</token>
  <token t_id="65" sentence="2" number="3">cops</token>
  <token t_id="66" sentence="2" number="4">and</token>
  <token t_id="67" sentence="2" number="5">angry</token>
  <token t_id="68" sentence="2" number="6">teens</token>
  <token t_id="69" sentence="2" number="7">erupted</token>
  <token t_id="70" sentence="2" number="8">in</token>
  <token t_id="71" sentence="2" number="9">East</token>
  <token t_id="72" sentence="2" number="10">Flatbush</token>
  <token t_id="73" sentence="2" number="11">,</token>
  <token t_id="74" sentence="2" number="12">46</token>
  <token t_id="75" sentence="2" number="13">were</token>
  <token t_id="76" sentence="2" number="14">arrested</token>
  <token t_id="77" sentence="2" number="15">Wednesday</token>
  <token t_id="78" sentence="2" number="16">night</token>
  <token t_id="79" sentence="2" number="17">.</token>
  <token t_id="80" sentence="3" number="0">Police</token>
  <token t_id="81" sentence="3" number="1">struggled</token>
  <token t_id="82" sentence="3" number="2">to</token>
  <token t_id="83" sentence="3" number="3">control</token>
  <token t_id="84" sentence="3" number="4">a</token>
  <token t_id="85" sentence="3" number="5">furious</token>
  <token t_id="86" sentence="3" number="6">crowd</token>
  <token t_id="87" sentence="3" number="7">that</token>
  <token t_id="88" sentence="3" number="8">broke</token>
  <token t_id="89" sentence="3" number="9">away</token>
  <token t_id="90" sentence="3" number="10">from</token>
  <token t_id="91" sentence="3" number="11">a</token>
  <token t_id="92" sentence="3" number="12">planned</token>
  <token t_id="93" sentence="3" number="13">peaceful</token>
  <token t_id="94" sentence="3" number="14">vigil</token>
  <token t_id="95" sentence="3" number="15">.</token>
  <token t_id="96" sentence="4" number="0">PUBLISHED</token>
  <token t_id="97" sentence="4" number="1">:</token>
  <token t_id="98" sentence="4" number="2">WEDNESDAY</token>
  <token t_id="99" sentence="4" number="3">,</token>
  <token t_id="100" sentence="4" number="4">MARCH</token>
  <token t_id="101" sentence="4" number="5">13</token>
  <token t_id="102" sentence="4" number="6">,</token>
  <token t_id="103" sentence="4" number="7">2013</token>
  <token t_id="104" sentence="4" number="8">,</token>
  <token t_id="105" sentence="4" number="9">2</token>
  <token t_id="106" sentence="4" number="10">:</token>
  <token t_id="107" sentence="4" number="11">29</token>
  <token t_id="108" sentence="4" number="12">PM</token>
  <token t_id="109" sentence="5" number="0">UPDATED</token>
  <token t_id="110" sentence="5" number="1">:</token>
  <token t_id="111" sentence="5" number="2">THURSDAY</token>
  <token t_id="112" sentence="5" number="3">,</token>
  <token t_id="113" sentence="5" number="4">MARCH</token>
  <token t_id="114" sentence="5" number="5">14</token>
  <token t_id="115" sentence="5" number="6">,</token>
  <token t_id="116" sentence="5" number="7">2013</token>
  <token t_id="117" sentence="5" number="8">,</token>
  <token t_id="118" sentence="5" number="9">9</token>
  <token t_id="119" sentence="5" number="10">:</token>
  <token t_id="120" sentence="5" number="11">31</token>
  <token t_id="121" sentence="5" number="12">AM</token>
  <token t_id="122" sentence="6" number="0">Protesters</token>
  <token t_id="123" sentence="6" number="1">enraged</token>
  <token t_id="124" sentence="6" number="2">over</token>
  <token t_id="125" sentence="6" number="3">the</token>
  <token t_id="126" sentence="6" number="4">fatal</token>
  <token t_id="127" sentence="6" number="5">shooting</token>
  <token t_id="128" sentence="6" number="6">of</token>
  <token t_id="129" sentence="6" number="7">a</token>
  <token t_id="130" sentence="6" number="8">teenager</token>
  <token t_id="131" sentence="6" number="9">by</token>
  <token t_id="132" sentence="6" number="10">police</token>
  <token t_id="133" sentence="6" number="11">poured</token>
  <token t_id="134" sentence="6" number="12">into</token>
  <token t_id="135" sentence="6" number="13">Brooklyn</token>
  <token t_id="136" sentence="6" number="14">streets</token>
  <token t_id="137" sentence="6" number="15">for</token>
  <token t_id="138" sentence="6" number="16">a</token>
  <token t_id="139" sentence="6" number="17">third</token>
  <token t_id="140" sentence="6" number="18">straight</token>
  <token t_id="141" sentence="6" number="19">night</token>
  <token t_id="142" sentence="6" number="20">Wednesday</token>
  <token t_id="143" sentence="6" number="21">,</token>
  <token t_id="144" sentence="6" number="22">pitching</token>
  <token t_id="145" sentence="6" number="23">bricks</token>
  <token t_id="146" sentence="6" number="24">,</token>
  <token t_id="147" sentence="6" number="25">bottles</token>
  <token t_id="148" sentence="6" number="26">and</token>
  <token t_id="149" sentence="6" number="27">garbage</token>
  <token t_id="150" sentence="6" number="28">in</token>
  <token t_id="151" sentence="6" number="29">furious</token>
  <token t_id="152" sentence="6" number="30">clashes</token>
  <token t_id="153" sentence="6" number="31">with</token>
  <token t_id="154" sentence="6" number="32">cops</token>
  <token t_id="155" sentence="6" number="33">.</token>
  <token t_id="156" sentence="7" number="0">At</token>
  <token t_id="157" sentence="7" number="1">least</token>
  <token t_id="158" sentence="7" number="2">46</token>
  <token t_id="159" sentence="7" number="3">demonstrators</token>
  <token t_id="160" sentence="7" number="4">were</token>
  <token t_id="161" sentence="7" number="5">arrested</token>
  <token t_id="162" sentence="7" number="6">along</token>
  <token t_id="163" sentence="7" number="7">Church</token>
  <token t_id="164" sentence="7" number="8">Ave</token>
  <token t_id="165" sentence="7" number="9">.</token>
  <token t_id="166" sentence="7" number="10">in</token>
  <token t_id="167" sentence="7" number="11">East</token>
  <token t_id="168" sentence="7" number="12">Flatbush</token>
  <token t_id="169" sentence="7" number="13">.</token>
  <token t_id="170" sentence="8" number="0">Police</token>
  <token t_id="171" sentence="8" number="1">struggled</token>
  <token t_id="172" sentence="8" number="2">to</token>
  <token t_id="173" sentence="8" number="3">control</token>
  <token t_id="174" sentence="8" number="4">a</token>
  <token t_id="175" sentence="8" number="5">hostile</token>
  <token t_id="176" sentence="8" number="6">crowd</token>
  <token t_id="177" sentence="8" number="7">that</token>
  <token t_id="178" sentence="8" number="8">broke</token>
  <token t_id="179" sentence="8" number="9">away</token>
  <token t_id="180" sentence="8" number="10">from</token>
  <token t_id="181" sentence="8" number="11">a</token>
  <token t_id="182" sentence="8" number="12">planned</token>
  <token t_id="183" sentence="8" number="13">peaceful</token>
  <token t_id="184" sentence="8" number="14">vigil</token>
  <token t_id="185" sentence="8" number="15">for</token>
  <token t_id="186" sentence="8" number="16">Kimani</token>
  <token t_id="187" sentence="8" number="17">(</token>
  <token t_id="188" sentence="8" number="18">Kiki</token>
  <token t_id="189" sentence="8" number="19">)</token>
  <token t_id="190" sentence="8" number="20">Gray</token>
  <token t_id="191" sentence="8" number="21">,</token>
  <token t_id="192" sentence="8" number="22">16</token>
  <token t_id="193" sentence="8" number="23">,</token>
  <token t_id="194" sentence="8" number="24">killed</token>
  <token t_id="195" sentence="8" number="25">by</token>
  <token t_id="196" sentence="8" number="26">police</token>
  <token t_id="197" sentence="8" number="27">on</token>
  <token t_id="198" sentence="8" number="28">Saturday</token>
  <token t_id="199" sentence="8" number="29">night</token>
  <token t_id="200" sentence="8" number="30">.</token>
  <token t_id="201" sentence="9" number="0">Gray</token>
  <token t_id="202" sentence="9" number="1">’</token>
  <token t_id="203" sentence="9" number="2">s</token>
  <token t_id="204" sentence="9" number="3">sister</token>
  <token t_id="205" sentence="9" number="4">Mahnefeh</token>
  <token t_id="206" sentence="9" number="5">was</token>
  <token t_id="207" sentence="9" number="6">among</token>
  <token t_id="208" sentence="9" number="7">those</token>
  <token t_id="209" sentence="9" number="8">arrested</token>
  <token t_id="210" sentence="9" number="9">.</token>
  <token t_id="211" sentence="10" number="0">A</token>
  <token t_id="212" sentence="10" number="1">police</token>
  <token t_id="213" sentence="10" number="2">officer</token>
  <token t_id="214" sentence="10" number="3">suffered</token>
  <token t_id="215" sentence="10" number="4">a</token>
  <token t_id="216" sentence="10" number="5">gash</token>
  <token t_id="217" sentence="10" number="6">in</token>
  <token t_id="218" sentence="10" number="7">the</token>
  <token t_id="219" sentence="10" number="8">face</token>
  <token t_id="220" sentence="10" number="9">when</token>
  <token t_id="221" sentence="10" number="10">a</token>
  <token t_id="222" sentence="10" number="11">tossed</token>
  <token t_id="223" sentence="10" number="12">brick</token>
  <token t_id="224" sentence="10" number="13">hit</token>
  <token t_id="225" sentence="10" number="14">him</token>
  <token t_id="226" sentence="10" number="15">,</token>
  <token t_id="227" sentence="10" number="16">NYPD</token>
  <token t_id="228" sentence="10" number="17">spokesman</token>
  <token t_id="229" sentence="10" number="18">Paul</token>
  <token t_id="230" sentence="10" number="19">Browne</token>
  <token t_id="231" sentence="10" number="20">said</token>
  <token t_id="232" sentence="10" number="21">,</token>
  <token t_id="233" sentence="10" number="22">and</token>
  <token t_id="234" sentence="10" number="23">a</token>
  <token t_id="235" sentence="10" number="24">window</token>
  <token t_id="236" sentence="10" number="25">was</token>
  <token t_id="237" sentence="10" number="26">smashed</token>
  <token t_id="238" sentence="10" number="27">in</token>
  <token t_id="239" sentence="10" number="28">an</token>
  <token t_id="240" sentence="10" number="29">inspector</token>
  <token t_id="241" sentence="10" number="30">’</token>
  <token t_id="242" sentence="10" number="31">s</token>
  <token t_id="243" sentence="10" number="32">car</token>
  <token t_id="244" sentence="10" number="33">.</token>
  <token t_id="245" sentence="11" number="0">“</token>
  <token t_id="246" sentence="11" number="1">They</token>
  <token t_id="247" sentence="11" number="2">didn</token>
  <token t_id="248" sentence="11" number="3">’</token>
  <token t_id="249" sentence="11" number="4">t</token>
  <token t_id="250" sentence="11" number="5">have</token>
  <token t_id="251" sentence="11" number="6">to</token>
  <token t_id="252" sentence="11" number="7">kill</token>
  <token t_id="253" sentence="11" number="8">him</token>
  <token t_id="254" sentence="11" number="9">,</token>
  <token t_id="255" sentence="11" number="10">”</token>
  <token t_id="256" sentence="11" number="11">Makaeo</token>
  <token t_id="257" sentence="11" number="12">Williams</token>
  <token t_id="258" sentence="11" number="13">,</token>
  <token t_id="259" sentence="11" number="14">18</token>
  <token t_id="260" sentence="11" number="15">,</token>
  <token t_id="261" sentence="11" number="16">said</token>
  <token t_id="262" sentence="11" number="17">as</token>
  <token t_id="263" sentence="11" number="18">police</token>
  <token t_id="264" sentence="11" number="19">on</token>
  <token t_id="265" sentence="11" number="20">motorcycles</token>
  <token t_id="266" sentence="11" number="21">tracked</token>
  <token t_id="267" sentence="11" number="22">alongside</token>
  <token t_id="268" sentence="11" number="23">him</token>
  <token t_id="269" sentence="11" number="24">.</token>
  <token t_id="270" sentence="12" number="0">“</token>
  <token t_id="271" sentence="12" number="1">I</token>
  <token t_id="272" sentence="12" number="2">’</token>
  <token t_id="273" sentence="12" number="3">m</token>
  <token t_id="274" sentence="12" number="4">feeling</token>
  <token t_id="275" sentence="12" number="5">mad</token>
  <token t_id="276" sentence="12" number="6">inside</token>
  <token t_id="277" sentence="12" number="7">.</token>
  <token t_id="278" sentence="13" number="0">I</token>
  <token t_id="279" sentence="13" number="1">’</token>
  <token t_id="280" sentence="13" number="2">m</token>
  <token t_id="281" sentence="13" number="3">angry</token>
  <token t_id="282" sentence="13" number="4">.</token>
  <token t_id="283" sentence="14" number="0">That</token>
  <token t_id="284" sentence="14" number="1">’</token>
  <token t_id="285" sentence="14" number="2">s</token>
  <token t_id="286" sentence="14" number="3">why</token>
  <token t_id="287" sentence="14" number="4">I</token>
  <token t_id="288" sentence="14" number="5">’</token>
  <token t_id="289" sentence="14" number="6">m</token>
  <token t_id="290" sentence="14" number="7">out</token>
  <token t_id="291" sentence="14" number="8">here</token>
  <token t_id="292" sentence="14" number="9">.</token>
  <token t_id="293" sentence="14" number="10">”</token>
  <token t_id="294" sentence="15" number="0">Many</token>
  <token t_id="295" sentence="15" number="1">in</token>
  <token t_id="296" sentence="15" number="2">the</token>
  <token t_id="297" sentence="15" number="3">community</token>
  <token t_id="298" sentence="15" number="4">contest</token>
  <token t_id="299" sentence="15" number="5">police</token>
  <token t_id="300" sentence="15" number="6">allegations</token>
  <token t_id="301" sentence="15" number="7">that</token>
  <token t_id="302" sentence="15" number="8">Gray</token>
  <token t_id="303" sentence="15" number="9">pointed</token>
  <token t_id="304" sentence="15" number="10">a</token>
  <token t_id="305" sentence="15" number="11">gun</token>
  <token t_id="306" sentence="15" number="12">at</token>
  <token t_id="307" sentence="15" number="13">cops</token>
  <token t_id="308" sentence="15" number="14">when</token>
  <token t_id="309" sentence="15" number="15">he</token>
  <token t_id="310" sentence="15" number="16">was</token>
  <token t_id="311" sentence="15" number="17">shot</token>
  <token t_id="312" sentence="15" number="18">during</token>
  <token t_id="313" sentence="15" number="19">a</token>
  <token t_id="314" sentence="15" number="20">confrontation</token>
  <token t_id="315" sentence="15" number="21">with</token>
  <token t_id="316" sentence="15" number="22">two</token>
  <token t_id="317" sentence="15" number="23">plainclothes</token>
  <token t_id="318" sentence="15" number="24">officers</token>
  <token t_id="319" sentence="15" number="25">on</token>
  <token t_id="320" sentence="15" number="26">E</token>
  <token t_id="321" sentence="15" number="27">.</token>
  <token t_id="322" sentence="15" number="28">52nd</token>
  <token t_id="323" sentence="15" number="29">St</token>
  <token t_id="324" sentence="15" number="30">.</token>
  <token t_id="325" sentence="15" number="31">Saturday</token>
  <token t_id="326" sentence="15" number="32">night</token>
  <token t_id="327" sentence="15" number="33">.</token>
  <token t_id="328" sentence="16" number="0">Those</token>
  <token t_id="329" sentence="16" number="1">suspicions</token>
  <token t_id="330" sentence="16" number="2">on</token>
  <token t_id="331" sentence="16" number="3">the</token>
  <token t_id="332" sentence="16" number="4">street</token>
  <token t_id="333" sentence="16" number="5">intensified</token>
  <token t_id="334" sentence="16" number="6">Wednesday</token>
  <token t_id="335" sentence="16" number="7">when</token>
  <token t_id="336" sentence="16" number="8">an</token>
  <token t_id="337" sentence="16" number="9">autopsy</token>
  <token t_id="338" sentence="16" number="10">report</token>
  <token t_id="339" sentence="16" number="11">revealed</token>
  <token t_id="340" sentence="16" number="12">Gray</token>
  <token t_id="341" sentence="16" number="13">was</token>
  <token t_id="342" sentence="16" number="14">hit</token>
  <token t_id="343" sentence="16" number="15">by</token>
  <token t_id="344" sentence="16" number="16">seven</token>
  <token t_id="345" sentence="16" number="17">bullets</token>
  <token t_id="346" sentence="16" number="18">—</token>
  <token t_id="347" sentence="16" number="19">three</token>
  <token t_id="348" sentence="16" number="20">to</token>
  <token t_id="349" sentence="16" number="21">the</token>
  <token t_id="350" sentence="16" number="22">back</token>
  <token t_id="351" sentence="16" number="23">.</token>
  <token t_id="352" sentence="17" number="0">It</token>
  <token t_id="353" sentence="17" number="1">was</token>
  <token t_id="354" sentence="17" number="2">not</token>
  <token t_id="355" sentence="17" number="3">clear</token>
  <token t_id="356" sentence="17" number="4">in</token>
  <token t_id="357" sentence="17" number="5">what</token>
  <token t_id="358" sentence="17" number="6">order</token>
  <token t_id="359" sentence="17" number="7">the</token>
  <token t_id="360" sentence="17" number="8">shots</token>
  <token t_id="361" sentence="17" number="9">struck</token>
  <token t_id="362" sentence="17" number="10">the</token>
  <token t_id="363" sentence="17" number="11">teen</token>
  <token t_id="364" sentence="17" number="12">or</token>
  <token t_id="365" sentence="17" number="13">whether</token>
  <token t_id="366" sentence="17" number="14">he</token>
  <token t_id="367" sentence="17" number="15">had</token>
  <token t_id="368" sentence="17" number="16">his</token>
  <token t_id="369" sentence="17" number="17">back</token>
  <token t_id="370" sentence="17" number="18">to</token>
  <token t_id="371" sentence="17" number="19">the</token>
  <token t_id="372" sentence="17" number="20">police</token>
  <token t_id="373" sentence="17" number="21">when</token>
  <token t_id="374" sentence="17" number="22">they</token>
  <token t_id="375" sentence="17" number="23">opened</token>
  <token t_id="376" sentence="17" number="24">fire</token>
  <token t_id="377" sentence="17" number="25">.</token>
  <token t_id="378" sentence="18" number="0">A</token>
  <token t_id="379" sentence="18" number="1">witness</token>
  <token t_id="380" sentence="18" number="2">told</token>
  <token t_id="381" sentence="18" number="3">the</token>
  <token t_id="382" sentence="18" number="4">Daily</token>
  <token t_id="383" sentence="18" number="5">News</token>
  <token t_id="384" sentence="18" number="6">Tuesday</token>
  <token t_id="385" sentence="18" number="7">that</token>
  <token t_id="386" sentence="18" number="8">the</token>
  <token t_id="387" sentence="18" number="9">youth</token>
  <token t_id="388" sentence="18" number="10">did</token>
  <token t_id="389" sentence="18" number="11">not</token>
  <token t_id="390" sentence="18" number="12">have</token>
  <token t_id="391" sentence="18" number="13">a</token>
  <token t_id="392" sentence="18" number="14">gun</token>
  <token t_id="393" sentence="18" number="15">in</token>
  <token t_id="394" sentence="18" number="16">his</token>
  <token t_id="395" sentence="18" number="17">hand</token>
  <token t_id="396" sentence="18" number="18">.</token>
  <token t_id="397" sentence="19" number="0">But</token>
  <token t_id="398" sentence="19" number="1">a</token>
  <token t_id="399" sentence="19" number="2">police</token>
  <token t_id="400" sentence="19" number="3">spokesman</token>
  <token t_id="401" sentence="19" number="4">said</token>
  <token t_id="402" sentence="19" number="5">the</token>
  <token t_id="403" sentence="19" number="6">witness</token>
  <token t_id="404" sentence="19" number="7">told</token>
  <token t_id="405" sentence="19" number="8">detectives</token>
  <token t_id="406" sentence="19" number="9">she</token>
  <token t_id="407" sentence="19" number="10">couldn</token>
  <token t_id="408" sentence="19" number="11">’</token>
  <token t_id="409" sentence="19" number="12">t</token>
  <token t_id="410" sentence="19" number="13">see</token>
  <token t_id="411" sentence="19" number="14">the</token>
  <token t_id="412" sentence="19" number="15">incident</token>
  <token t_id="413" sentence="19" number="16">clearly</token>
  <token t_id="414" sentence="19" number="17">“</token>
  <token t_id="415" sentence="19" number="18">from</token>
  <token t_id="416" sentence="19" number="19">the</token>
  <token t_id="417" sentence="19" number="20">angle</token>
  <token t_id="418" sentence="19" number="21">I</token>
  <token t_id="419" sentence="19" number="22">was</token>
  <token t_id="420" sentence="19" number="23">at</token>
  <token t_id="421" sentence="19" number="24">.</token>
  <token t_id="422" sentence="19" number="25">”</token>
  <token t_id="423" sentence="20" number="0">A</token>
  <token t_id="424" sentence="20" number="1">woman</token>
  <token t_id="425" sentence="20" number="2">who</token>
  <token t_id="426" sentence="20" number="3">identified</token>
  <token t_id="427" sentence="20" number="4">herself</token>
  <token t_id="428" sentence="20" number="5">as</token>
  <token t_id="429" sentence="20" number="6">Gray</token>
  <token t_id="430" sentence="20" number="7">’</token>
  <token t_id="431" sentence="20" number="8">s</token>
  <token t_id="432" sentence="20" number="9">cousin</token>
  <token t_id="433" sentence="20" number="10">told</token>
  <token t_id="434" sentence="20" number="11">news</token>
  <token t_id="435" sentence="20" number="12">outlets</token>
  <token t_id="436" sentence="20" number="13">Wednesday</token>
  <token t_id="437" sentence="20" number="14">that</token>
  <token t_id="438" sentence="20" number="15">the</token>
  <token t_id="439" sentence="20" number="16">teen</token>
  <token t_id="440" sentence="20" number="17">was</token>
  <token t_id="441" sentence="20" number="18">carrying</token>
  <token t_id="442" sentence="20" number="19">a</token>
  <token t_id="443" sentence="20" number="20">gun</token>
  <token t_id="444" sentence="20" number="21">for</token>
  <token t_id="445" sentence="20" number="22">a</token>
  <token t_id="446" sentence="20" number="23">friend</token>
  <token t_id="447" sentence="20" number="24">and</token>
  <token t_id="448" sentence="20" number="25">was</token>
  <token t_id="449" sentence="20" number="26">trying</token>
  <token t_id="450" sentence="20" number="27">to</token>
  <token t_id="451" sentence="20" number="28">alert</token>
  <token t_id="452" sentence="20" number="29">cops</token>
  <token t_id="453" sentence="20" number="30">that</token>
  <token t_id="454" sentence="20" number="31">he</token>
  <token t_id="455" sentence="20" number="32">had</token>
  <token t_id="456" sentence="20" number="33">a</token>
  <token t_id="457" sentence="20" number="34">weapon</token>
  <token t_id="458" sentence="20" number="35">when</token>
  <token t_id="459" sentence="20" number="36">he</token>
  <token t_id="460" sentence="20" number="37">was</token>
  <token t_id="461" sentence="20" number="38">shot</token>
  <token t_id="462" sentence="20" number="39">.</token>
  <token t_id="463" sentence="21" number="0">A</token>
  <token t_id="464" sentence="21" number="1">loaded</token>
  <token t_id="465" sentence="21" number="2">.</token>
  <token t_id="466" sentence="21" number="3">38</token>
  <token t_id="467" sentence="21" number="4">-</token>
  <token t_id="468" sentence="21" number="5">caliber</token>
  <token t_id="469" sentence="21" number="6">revolver</token>
  <token t_id="470" sentence="21" number="7">was</token>
  <token t_id="471" sentence="21" number="8">recovered</token>
  <token t_id="472" sentence="21" number="9">at</token>
  <token t_id="473" sentence="21" number="10">the</token>
  <token t_id="474" sentence="21" number="11">scene</token>
  <token t_id="475" sentence="21" number="12">.</token>
  <token t_id="476" sentence="22" number="0">The</token>
  <token t_id="477" sentence="22" number="1">trouble</token>
  <token t_id="478" sentence="22" number="2">Wednesday</token>
  <token t_id="479" sentence="22" number="3">night</token>
  <token t_id="480" sentence="22" number="4">began</token>
  <token t_id="481" sentence="22" number="5">soon</token>
  <token t_id="482" sentence="22" number="6">after</token>
  <token t_id="483" sentence="22" number="7">more</token>
  <token t_id="484" sentence="22" number="8">than</token>
  <token t_id="485" sentence="22" number="9">200</token>
  <token t_id="486" sentence="22" number="10">people</token>
  <token t_id="487" sentence="22" number="11">set</token>
  <token t_id="488" sentence="22" number="12">off</token>
  <token t_id="489" sentence="22" number="13">from</token>
  <token t_id="490" sentence="22" number="14">the</token>
  <token t_id="491" sentence="22" number="15">vigil</token>
  <token t_id="492" sentence="22" number="16">site</token>
  <token t_id="493" sentence="22" number="17">at</token>
  <token t_id="494" sentence="22" number="18">Church</token>
  <token t_id="495" sentence="22" number="19">Ave</token>
  <token t_id="496" sentence="22" number="20">.</token>
  <token t_id="497" sentence="22" number="21">and</token>
  <token t_id="498" sentence="22" number="22">E</token>
  <token t_id="499" sentence="22" number="23">.</token>
  <token t_id="500" sentence="22" number="24">55th</token>
  <token t_id="501" sentence="22" number="25">St</token>
  <token t_id="502" sentence="22" number="26">.</token>
  <token t_id="503" sentence="22" number="27">around</token>
  <token t_id="504" sentence="22" number="28">8</token>
  <token t_id="505" sentence="22" number="29">:</token>
  <token t_id="506" sentence="22" number="30">30</token>
  <token t_id="507" sentence="22" number="31">p</token>
  <token t_id="508" sentence="22" number="32">.</token>
  <token t_id="509" sentence="22" number="33">m</token>
  <token t_id="510" sentence="22" number="34">.</token>
  <token t_id="511" sentence="23" number="0">Dozens</token>
  <token t_id="512" sentence="23" number="1">chanted</token>
  <token t_id="513" sentence="23" number="2">“</token>
  <token t_id="514" sentence="23" number="3">NYPD</token>
  <token t_id="515" sentence="23" number="4">,</token>
  <token t_id="516" sentence="23" number="5">KKK</token>
  <token t_id="517" sentence="23" number="6">,</token>
  <token t_id="518" sentence="23" number="7">how</token>
  <token t_id="519" sentence="23" number="8">many</token>
  <token t_id="520" sentence="23" number="9">kids</token>
  <token t_id="521" sentence="23" number="10">did</token>
  <token t_id="522" sentence="23" number="11">you</token>
  <token t_id="523" sentence="23" number="12">kill</token>
  <token t_id="524" sentence="23" number="13">today</token>
  <token t_id="525" sentence="23" number="14">”</token>
  <token t_id="526" sentence="23" number="15">as</token>
  <token t_id="527" sentence="23" number="16">they</token>
  <token t_id="528" sentence="23" number="17">marched</token>
  <token t_id="529" sentence="23" number="18">west</token>
  <token t_id="530" sentence="23" number="19">on</token>
  <token t_id="531" sentence="23" number="20">Church</token>
  <token t_id="532" sentence="23" number="21">Ave</token>
  <token t_id="533" sentence="23" number="22">.</token>
  <token t_id="534" sentence="23" number="23">toward</token>
  <token t_id="535" sentence="23" number="24">the</token>
  <token t_id="536" sentence="23" number="25">67th</token>
  <token t_id="537" sentence="23" number="26">Precinct</token>
  <token t_id="538" sentence="23" number="27">stationhouse</token>
  <token t_id="539" sentence="23" number="28">.</token>
  <token t_id="540" sentence="24" number="0">But</token>
  <token t_id="541" sentence="24" number="1">things</token>
  <token t_id="542" sentence="24" number="2">quickly</token>
  <token t_id="543" sentence="24" number="3">got</token>
  <token t_id="544" sentence="24" number="4">out</token>
  <token t_id="545" sentence="24" number="5">of</token>
  <token t_id="546" sentence="24" number="6">hand</token>
  <token t_id="547" sentence="24" number="7">as</token>
  <token t_id="548" sentence="24" number="8">some</token>
  <token t_id="549" sentence="24" number="9">protesters</token>
  <token t_id="550" sentence="24" number="10">tried</token>
  <token t_id="551" sentence="24" number="11">to</token>
  <token t_id="552" sentence="24" number="12">climb</token>
  <token t_id="553" sentence="24" number="13">on</token>
  <token t_id="554" sentence="24" number="14">police</token>
  <token t_id="555" sentence="24" number="15">motorcycles</token>
  <token t_id="556" sentence="24" number="16">.</token>
  <token t_id="557" sentence="25" number="0">Men</token>
  <token t_id="558" sentence="25" number="1">and</token>
  <token t_id="559" sentence="25" number="2">women</token>
  <token t_id="560" sentence="25" number="3">were</token>
  <token t_id="561" sentence="25" number="4">pepper</token>
  <token t_id="562" sentence="25" number="5">-</token>
  <token t_id="563" sentence="25" number="6">sprayed</token>
  <token t_id="564" sentence="25" number="7">and</token>
  <token t_id="565" sentence="25" number="8">thrown</token>
  <token t_id="566" sentence="25" number="9">to</token>
  <token t_id="567" sentence="25" number="10">the</token>
  <token t_id="568" sentence="25" number="11">ground</token>
  <token t_id="569" sentence="25" number="12">and</token>
  <token t_id="570" sentence="25" number="13">handcuffed</token>
  <token t_id="571" sentence="25" number="14">.</token>
  <token t_id="572" sentence="26" number="0">“</token>
  <token t_id="573" sentence="26" number="1">I</token>
  <token t_id="574" sentence="26" number="2">’</token>
  <token t_id="575" sentence="26" number="3">m</token>
  <token t_id="576" sentence="26" number="4">scared</token>
  <token t_id="577" sentence="26" number="5">for</token>
  <token t_id="578" sentence="26" number="6">everything</token>
  <token t_id="579" sentence="26" number="7">,</token>
  <token t_id="580" sentence="26" number="8">myself</token>
  <token t_id="581" sentence="26" number="9">,</token>
  <token t_id="582" sentence="26" number="10">my</token>
  <token t_id="583" sentence="26" number="11">store</token>
  <token t_id="584" sentence="26" number="12">,</token>
  <token t_id="585" sentence="26" number="13">my</token>
  <token t_id="586" sentence="26" number="14">workers</token>
  <token t_id="587" sentence="26" number="15">,</token>
  <token t_id="588" sentence="26" number="16">”</token>
  <token t_id="589" sentence="26" number="17">said</token>
  <token t_id="590" sentence="26" number="18">Salm</token>
  <token t_id="591" sentence="26" number="19">Sami</token>
  <token t_id="592" sentence="26" number="20">,</token>
  <token t_id="593" sentence="26" number="21">45</token>
  <token t_id="594" sentence="26" number="22">,</token>
  <token t_id="595" sentence="26" number="23">who</token>
  <token t_id="596" sentence="26" number="24">owns</token>
  <token t_id="597" sentence="26" number="25">the</token>
  <token t_id="598" sentence="26" number="26">Deli</token>
  <token t_id="599" sentence="26" number="27">,</token>
  <token t_id="600" sentence="26" number="28">Grill</token>
  <token t_id="601" sentence="26" number="29">&amp;</token>
  <token t_id="602" sentence="26" number="30">Grocery</token>
  <token t_id="603" sentence="26" number="31">at</token>
  <token t_id="604" sentence="26" number="32">Church</token>
  <token t_id="605" sentence="26" number="33">and</token>
  <token t_id="606" sentence="26" number="34">New</token>
  <token t_id="607" sentence="26" number="35">York</token>
  <token t_id="608" sentence="26" number="36">Aves</token>
  <token t_id="609" sentence="26" number="37">.</token>
  <token t_id="610" sentence="27" number="0">“</token>
  <token t_id="611" sentence="27" number="1">This</token>
  <token t_id="612" sentence="27" number="2">is</token>
  <token t_id="613" sentence="27" number="3">three</token>
  <token t_id="614" sentence="27" number="4">days</token>
  <token t_id="615" sentence="27" number="5">of</token>
  <token t_id="616" sentence="27" number="6">this</token>
  <token t_id="617" sentence="27" number="7">.</token>
  <token t_id="618" sentence="27" number="8">”</token>
  <token t_id="619" sentence="28" number="0">The</token>
  <token t_id="620" sentence="28" number="1">protesters</token>
  <token t_id="621" sentence="28" number="2">eventually</token>
  <token t_id="622" sentence="28" number="3">backtracked</token>
  <token t_id="623" sentence="28" number="4">to</token>
  <token t_id="624" sentence="28" number="5">the</token>
  <token t_id="625" sentence="28" number="6">vigil</token>
  <token t_id="626" sentence="28" number="7">site</token>
  <token t_id="627" sentence="28" number="8">where</token>
  <token t_id="628" sentence="28" number="9">the</token>
  <token t_id="629" sentence="28" number="10">parents</token>
  <token t_id="630" sentence="28" number="11">of</token>
  <token t_id="631" sentence="28" number="12">Ramarley</token>
  <token t_id="632" sentence="28" number="13">Graham</token>
  <token t_id="633" sentence="28" number="14">—</token>
  <token t_id="634" sentence="28" number="15">an</token>
  <token t_id="635" sentence="28" number="16">unarmed</token>
  <token t_id="636" sentence="28" number="17">teenager</token>
  <token t_id="637" sentence="28" number="18">fatally</token>
  <token t_id="638" sentence="28" number="19">shot</token>
  <token t_id="639" sentence="28" number="20">by</token>
  <token t_id="640" sentence="28" number="21">police</token>
  <token t_id="641" sentence="28" number="22">in</token>
  <token t_id="642" sentence="28" number="23">the</token>
  <token t_id="643" sentence="28" number="24">Bronx</token>
  <token t_id="644" sentence="28" number="25">last</token>
  <token t_id="645" sentence="28" number="26">year</token>
  <token t_id="646" sentence="28" number="27">—</token>
  <token t_id="647" sentence="28" number="28">were</token>
  <token t_id="648" sentence="28" number="29">waiting</token>
  <token t_id="649" sentence="28" number="30">.</token>
  <token t_id="650" sentence="29" number="0">“</token>
  <token t_id="651" sentence="29" number="1">It</token>
  <token t_id="652" sentence="29" number="2">never</token>
  <token t_id="653" sentence="29" number="3">seems</token>
  <token t_id="654" sentence="29" number="4">to</token>
  <token t_id="655" sentence="29" number="5">end</token>
  <token t_id="656" sentence="29" number="6">,</token>
  <token t_id="657" sentence="29" number="7">”</token>
  <token t_id="658" sentence="29" number="8">said</token>
  <token t_id="659" sentence="29" number="9">Frank</token>
  <token t_id="660" sentence="29" number="10">Graham</token>
  <token t_id="661" sentence="29" number="11">,</token>
  <token t_id="662" sentence="29" number="12">Ramarley</token>
  <token t_id="663" sentence="29" number="13">’</token>
  <token t_id="664" sentence="29" number="14">s</token>
  <token t_id="665" sentence="29" number="15">father</token>
  <token t_id="666" sentence="29" number="16">.</token>
  <token t_id="667" sentence="30" number="0">“</token>
  <token t_id="668" sentence="30" number="1">The</token>
  <token t_id="669" sentence="30" number="2">community</token>
  <token t_id="670" sentence="30" number="3">has</token>
  <token t_id="671" sentence="30" number="4">a</token>
  <token t_id="672" sentence="30" number="5">right</token>
  <token t_id="673" sentence="30" number="6">to</token>
  <token t_id="674" sentence="30" number="7">be</token>
  <token t_id="675" sentence="30" number="8">angry</token>
  <token t_id="676" sentence="30" number="9">.</token>
  <token t_id="677" sentence="30" number="10">”</token>
  <token t_id="678" sentence="31" number="0">But</token>
  <token t_id="679" sentence="31" number="1">City</token>
  <token t_id="680" sentence="31" number="2">Councilman</token>
  <token t_id="681" sentence="31" number="3">Jumaane</token>
  <token t_id="682" sentence="31" number="4">Williams</token>
  <token t_id="683" sentence="31" number="5">,</token>
  <token t_id="684" sentence="31" number="6">a</token>
  <token t_id="685" sentence="31" number="7">frequent</token>
  <token t_id="686" sentence="31" number="8">NYPD</token>
  <token t_id="687" sentence="31" number="9">critic</token>
  <token t_id="688" sentence="31" number="10">,</token>
  <token t_id="689" sentence="31" number="11">blasted</token>
  <token t_id="690" sentence="31" number="12">outsiders</token>
  <token t_id="691" sentence="31" number="13">who</token>
  <token t_id="692" sentence="31" number="14">he</token>
  <token t_id="693" sentence="31" number="15">said</token>
  <token t_id="694" sentence="31" number="16">escalated</token>
  <token t_id="695" sentence="31" number="17">tensions</token>
  <token t_id="696" sentence="31" number="18">.</token>
  <token t_id="697" sentence="32" number="0">“</token>
  <token t_id="698" sentence="32" number="1">Please</token>
  <token t_id="699" sentence="32" number="2">stay</token>
  <token t_id="700" sentence="32" number="3">the</token>
  <token t_id="701" sentence="32" number="4">HELL</token>
  <token t_id="702" sentence="32" number="5">out</token>
  <token t_id="703" sentence="32" number="6">of</token>
  <token t_id="704" sentence="32" number="7">our</token>
  <token t_id="705" sentence="32" number="8">community</token>
  <token t_id="706" sentence="32" number="9">will</token>
  <token t_id="707" sentence="32" number="10">only</token>
  <token t_id="708" sentence="32" number="11">agitate</token>
  <token t_id="709" sentence="32" number="12">our</token>
  <token t_id="710" sentence="32" number="13">kids</token>
  <token t_id="711" sentence="32" number="14">,</token>
  <token t_id="712" sentence="32" number="15">”</token>
  <token t_id="713" sentence="32" number="16">Williams</token>
  <token t_id="714" sentence="32" number="17">fumed</token>
  <token t_id="715" sentence="32" number="18">on</token>
  <token t_id="716" sentence="32" number="19">Twitter</token>
  <token t_id="717" sentence="32" number="20">.</token>
  <token t_id="718" sentence="33" number="0">“</token>
  <token t_id="719" sentence="33" number="1">It</token>
  <token t_id="720" sentence="33" number="2">’</token>
  <token t_id="721" sentence="33" number="3">s</token>
  <token t_id="722" sentence="33" number="4">dangerous</token>
  <token t_id="723" sentence="33" number="5">and</token>
  <token t_id="724" sentence="33" number="6">counterproductive</token>
  <token t_id="725" sentence="33" number="7">.</token>
  <token t_id="726" sentence="33" number="8">”</token>
  <Markables>
    <ACTION_OCCURRENCE m_id="1" comment="" climaxEvent="FALSE">
      <token_anchor t_id="36"/>
    </ACTION_OCCURRENCE>
    <ACTION_OCCURRENCE m_id="2" comment="" climaxEvent="FALSE">
      <token_anchor t_id="173"/>
    </ACTION_OCCURRENCE>
    <ACTION_OCCURRENCE m_id="3" climaxEvent="TRUE" comment="">
      <token_anchor t_id="45"/>
    </ACTION_OCCURRENCE>
    <ACTION_OCCURRENCE m_id="4" comment="" climaxEvent="FALSE">
      <token_anchor t_id="178"/>
      <token_anchor t_id="179"/>
    </ACTION_OCCURRENCE>
    <ACTION_OCCURRENCE m_id="5" comment="" climaxEvent="FALSE">
      <token_anchor t_id="48"/>
    </ACTION_OCCURRENCE>
    <ACTION_OCCURRENCE m_id="6" comment="" climaxEvent="FALSE">
      <token_anchor t_id="184"/>
    </ACTION_OCCURRENCE>
    <ACTION_OCCURRENCE m_id="7" climaxEvent="TRUE" comment="">
      <token_anchor t_id="58"/>
    </ACTION_OCCURRENCE>
    <ACTION_OCCURRENCE m_id="8" comment="" climaxEvent="FALSE">
      <token_anchor t_id="194"/>
    </ACTION_OCCURRENCE>
    <ACTION_OCCURRENCE m_id="9" comment="" climaxEvent="FALSE">
      <token_anchor t_id="63"/>
    </ACTION_OCCURRENCE>
    <ACTION_OCCURRENCE m_id="10" comment="" climaxEvent="FALSE">
      <token_anchor t_id="69"/>
    </ACTION_OCCURRENCE>
    <ACTION_OCCURRENCE m_id="11" comment="" climaxEvent="FALSE">
      <token_anchor t_id="76"/>
    </ACTION_OCCURRENCE>
    <ACTION_OCCURRENCE m_id="12" comment="" climaxEvent="FALSE">
      <token_anchor t_id="81"/>
    </ACTION_OCCURRENCE>
    <ACTION_OCCURRENCE m_id="13" comment="" climaxEvent="FALSE">
      <token_anchor t_id="83"/>
    </ACTION_OCCURRENCE>
    <ACTION_OCCURRENCE m_id="14" comment="" climaxEvent="FALSE">
      <token_anchor t_id="88"/>
      <token_anchor t_id="89"/>
    </ACTION_OCCURRENCE>
    <ACTION_OCCURRENCE m_id="15" comment="" climaxEvent="FALSE">
      <token_anchor t_id="94"/>
    </ACTION_OCCURRENCE>
    <ACTION_OCCURRENCE m_id="16" comment="" climaxEvent="FALSE">
      <token_anchor t_id="127"/>
    </ACTION_OCCURRENCE>
    <ACTION_OCCURRENCE m_id="17" comment="" climaxEvent="FALSE">
      <token_anchor t_id="133"/>
    </ACTION_OCCURRENCE>
    <ACTION_OCCURRENCE m_id="18" comment="" climaxEvent="FALSE">
      <token_anchor t_id="144"/>
    </ACTION_OCCURRENCE>
    <ACTION_OCCURRENCE m_id="19" comment="" climaxEvent="FALSE">
      <token_anchor t_id="152"/>
    </ACTION_OCCURRENCE>
    <ACTION_OCCURRENCE m_id="20" comment="" climaxEvent="FALSE">
      <token_anchor t_id="171"/>
    </ACTION_OCCURRENCE>
    <ACTION_STATE m_id="21" climaxEvent="FALSE" comment="">
      <token_anchor t_id="175"/>
    </ACTION_STATE>
    <ACTION_STATE m_id="22" climaxEvent="FALSE" comment="">
      <token_anchor t_id="123"/>
    </ACTION_STATE>
    <ACTION_STATE m_id="23" climaxEvent="FALSE" comment="">
      <token_anchor t_id="85"/>
    </ACTION_STATE>
    <ACTION_STATE m_id="24" climaxEvent="FALSE" comment="">
      <token_anchor t_id="34"/>
    </ACTION_STATE>
    <ACTION_STATE m_id="25" climaxEvent="FALSE" comment="">
      <token_anchor t_id="67"/>
    </ACTION_STATE>
    <HUMAN_PART_PER m_id="29" comment="">
      <token_anchor t_id="154"/>
    </HUMAN_PART_PER>
    <HUMAN_PART_PER m_id="30" comment="">
      <token_anchor t_id="170"/>
    </HUMAN_PART_PER>
    <HUMAN_PART_PER m_id="31" comment="">
      <token_anchor t_id="35"/>
    </HUMAN_PART_PER>
    <HUMAN_PART_PER m_id="32" comment="">
      <token_anchor t_id="176"/>
    </HUMAN_PART_PER>
    <HUMAN_PART_PER m_id="33" comment="">
      <token_anchor t_id="37"/>
    </HUMAN_PART_PER>
    <HUMAN_PART_PER m_id="34" comment="">
      <token_anchor t_id="186"/>
      <token_anchor t_id="187"/>
      <token_anchor t_id="188"/>
      <token_anchor t_id="189"/>
      <token_anchor t_id="190"/>
    </HUMAN_PART_PER>
    <HUMAN_PART_PER m_id="35" comment="">
      <token_anchor t_id="55"/>
      <token_anchor t_id="56"/>
    </HUMAN_PART_PER>
    <HUMAN_PART_PER m_id="36" comment="">
      <token_anchor t_id="196"/>
    </HUMAN_PART_PER>
    <HUMAN_PART_PER m_id="37" comment="">
      <token_anchor t_id="65"/>
    </HUMAN_PART_PER>
    <HUMAN_PART_PER m_id="38" comment="">
      <token_anchor t_id="68"/>
    </HUMAN_PART_PER>
    <HUMAN_PART_PER m_id="39" comment="">
      <token_anchor t_id="74"/>
    </HUMAN_PART_PER>
    <HUMAN_PART_PER m_id="40" comment="">
      <token_anchor t_id="80"/>
    </HUMAN_PART_PER>
    <HUMAN_PART_PER m_id="41" comment="">
      <token_anchor t_id="86"/>
    </HUMAN_PART_PER>
    <HUMAN_PART_PER m_id="26" comment="">
      <token_anchor t_id="122"/>
    </HUMAN_PART_PER>
    <HUMAN_PART_PER m_id="27" comment="">
      <token_anchor t_id="130"/>
    </HUMAN_PART_PER>
    <HUMAN_PART_PER m_id="28" comment="">
      <token_anchor t_id="132"/>
    </HUMAN_PART_PER>
    <LOC_GEO m_id="42" comment="">
      <token_anchor t_id="135"/>
      <token_anchor t_id="136"/>
    </LOC_GEO>
    <LOC_GEO m_id="43" comment="">
      <token_anchor t_id="38"/>
      <token_anchor t_id="39"/>
      <token_anchor t_id="40"/>
    </LOC_GEO>
    <LOC_GEO m_id="44" comment="">
      <token_anchor t_id="70"/>
      <token_anchor t_id="71"/>
      <token_anchor t_id="72"/>
    </LOC_GEO>
    <LOC_OTHER m_id="45">
      <token_anchor t_id="59"/>
      <token_anchor t_id="60"/>
      <token_anchor t_id="61"/>
    </LOC_OTHER>
    <NON_HUMAN_PART m_id="46" comment="">
      <token_anchor t_id="149"/>
    </NON_HUMAN_PART>
    <NON_HUMAN_PART m_id="47" comment="">
      <token_anchor t_id="145"/>
    </NON_HUMAN_PART>
    <NON_HUMAN_PART m_id="48" comment="">
      <token_anchor t_id="147"/>
    </NON_HUMAN_PART>
    <TIME_DATE m_id="49" comment="" DCT="FALSE" value="2013-03-13" anchorTimeID="">
      <token_anchor t_id="42"/>
      <token_anchor t_id="43"/>
    </TIME_DATE>
    <TIME_DATE m_id="52" comment="" DCT="FALSE" value="2013-03-13" anchorTimeID="50">
      <token_anchor t_id="77"/>
      <token_anchor t_id="78"/>
    </TIME_DATE>
    <TIME_DATE m_id="53" comment="" DCT="FALSE" value="2013-03-13" anchorTimeID="50">
      <token_anchor t_id="138"/>
      <token_anchor t_id="139"/>
      <token_anchor t_id="140"/>
      <token_anchor t_id="141"/>
      <token_anchor t_id="142"/>
    </TIME_DATE>
    <TIME_DATE m_id="54" comment="" DCT="FALSE" value="2013-03-09" anchorTimeID="50">
      <token_anchor t_id="197"/>
      <token_anchor t_id="198"/>
      <token_anchor t_id="199"/>
    </TIME_DATE>
    <TIME_OF_THE_DAY m_id="50" DCT="TRUE" value="2013-03-13T14:29" anchorTimeID="50">
      <token_anchor t_id="98"/>
      <token_anchor t_id="99"/>
      <token_anchor t_id="100"/>
      <token_anchor t_id="101"/>
      <token_anchor t_id="102"/>
      <token_anchor t_id="103"/>
      <token_anchor t_id="104"/>
      <token_anchor t_id="105"/>
      <token_anchor t_id="106"/>
      <token_anchor t_id="107"/>
      <token_anchor t_id="108"/>
    </TIME_OF_THE_DAY>
    <TIME_OF_THE_DAY m_id="51" value="" anchorTimeID="" DCT="FALSE">
      <token_anchor t_id="111"/>
      <token_anchor t_id="112"/>
      <token_anchor t_id="113"/>
      <token_anchor t_id="114"/>
      <token_anchor t_id="115"/>
      <token_anchor t_id="116"/>
      <token_anchor t_id="117"/>
      <token_anchor t_id="118"/>
      <token_anchor t_id="119"/>
      <token_anchor t_id="120"/>
      <token_anchor t_id="121"/>
    </TIME_OF_THE_DAY>
    <TIME_DATE m_id="55" RELATED_TO="" TAG_DESCRIPTOR="t19_saturday" value="" anchorTimeID="" DCT="FALSE" comment=""/>
    <ACTION_OCCURRENCE m_id="56" RELATED_TO="" TAG_DESCRIPTOR="t19_riot" comment="" climaxEvent="FALSE"/>
    <ACTION_OCCURRENCE m_id="57" RELATED_TO="" TAG_DESCRIPTOR="t19_killed" comment="" climaxEvent="FALSE"/>
    <HUMAN_PART_PER m_id="58" RELATED_TO="" TAG_DESCRIPTOR="t19_police" comment=""/>
    <ACTION_STATE m_id="59" RELATED_TO="" TAG_DESCRIPTOR="t19_fury" climaxEvent="FALSE" comment=""/>
    <HUMAN_PART_PER m_id="60" RELATED_TO="" TAG_DESCRIPTOR="t19_shooting_officers" comment=""/>
    <NON_HUMAN_PART m_id="61" RELATED_TO="" TAG_DESCRIPTOR="t19_brick" comment=""/>
    <ACTION_OCCURRENCE m_id="62" RELATED_TO="" TAG_DESCRIPTOR="t19_arrests" comment="" climaxEvent="FALSE"/>
    <ACTION_OCCURRENCE m_id="63" RELATED_TO="" TAG_DESCRIPTOR="t19_vigil" comment="" climaxEvent="FALSE"/>
    <LOC_GEO m_id="64" RELATED_TO="" TAG_DESCRIPTOR="t19_east_flatbush" comment=""/>
    <HUMAN_PART_PER m_id="65" RELATED_TO="" TAG_DESCRIPTOR="t19_kimani_gray" comment=""/>
    <NON_HUMAN_PART m_id="66" RELATED_TO="" TAG_DESCRIPTOR="t19_bottles" comment=""/>
    <TIME_DATE m_id="67" RELATED_TO="" TAG_DESCRIPTOR="t19_wednesday" value="" anchorTimeID="" DCT="FALSE" comment=""/>
    <HUMAN_PART_PER m_id="68" RELATED_TO="" TAG_DESCRIPTOR="t19_crowd" comment=""/>
    <LOC_GEO m_id="69" RELATED_TO="" TAG_DESCRIPTOR="t19_brooklyn" comment=""/>
    <ACTION_OCCURRENCE m_id="70" RELATED_TO="" TAG_DESCRIPTOR="t19_shot" comment="" climaxEvent="FALSE"/>
    <ACTION_OCCURRENCE m_id="71" RELATED_TO="" TAG_DESCRIPTOR="t19_riot_breaks_out" comment="" climaxEvent="FALSE"/>
  </Markables>
  <Relations>
    <PLOT_LINK r_id="95280" SIGNAL="" relType="PRECONDITION" CAUSES="FALSE" CAUSED_BY="FALSE">
      <source m_id="24"/>
      <target m_id="1"/>
    </PLOT_LINK>
    <PLOT_LINK r_id="95281" SIGNAL="" relType="FALLING_ACTION" CAUSES="FALSE" CAUSED_BY="FALSE">
      <source m_id="3"/>
      <target m_id="7"/>
    </PLOT_LINK>
    <PLOT_LINK r_id="95284" SIGNAL="" relType="FALLING_ACTION" CAUSES="FALSE" CAUSED_BY="FALSE">
      <source m_id="24"/>
      <target m_id="7"/>
    </PLOT_LINK>
    <PLOT_LINK r_id="95286" SIGNAL="" relType="FALLING_ACTION" CAUSES="FALSE" CAUSED_BY="FALSE">
      <source m_id="1"/>
      <target m_id="7"/>
    </PLOT_LINK>
    <PLOT_LINK r_id="95287" SIGNAL="" relType="PRECONDITION" CAUSES="FALSE" CAUSED_BY="FALSE">
      <source m_id="9"/>
      <target m_id="11"/>
    </PLOT_LINK>
    <PLOT_LINK r_id="95288" SIGNAL="" relType="PRECONDITION" CAUSES="FALSE" CAUSED_BY="FALSE">
      <source m_id="25"/>
      <target m_id="11"/>
    </PLOT_LINK>
    <PLOT_LINK r_id="95290" SIGNAL="" relType="PRECONDITION" CAUSES="FALSE" CAUSED_BY="FALSE">
      <source m_id="7"/>
      <target m_id="9"/>
    </PLOT_LINK>
    <PLOT_LINK r_id="95291" SIGNAL="" relType="PRECONDITION" CAUSES="FALSE" CAUSED_BY="FALSE">
      <source m_id="7"/>
      <target m_id="25"/>
    </PLOT_LINK>
    <PLOT_LINK r_id="95294" SIGNAL="" relType="FALLING_ACTION" CAUSES="FALSE" CAUSED_BY="FALSE">
      <source m_id="13"/>
      <target m_id="23"/>
    </PLOT_LINK>
    <PLOT_LINK r_id="95295" SIGNAL="" relType="FALLING_ACTION" CAUSES="FALSE" CAUSED_BY="FALSE">
      <source m_id="22"/>
      <target m_id="16"/>
    </PLOT_LINK>
    <PLOT_LINK r_id="95296" SIGNAL="" relType="PRECONDITION" CAUSES="FALSE" CAUSED_BY="FALSE">
      <source m_id="16"/>
      <target m_id="17"/>
    </PLOT_LINK>
    <PLOT_LINK r_id="95297" SIGNAL="" relType="PRECONDITION" CAUSES="FALSE" CAUSED_BY="FALSE">
      <source m_id="16"/>
      <target m_id="18"/>
    </PLOT_LINK>
    <PLOT_LINK r_id="95298" SIGNAL="" relType="PRECONDITION" CAUSES="FALSE" CAUSED_BY="FALSE">
      <source m_id="16"/>
      <target m_id="19"/>
    </PLOT_LINK>
    <PLOT_LINK r_id="95300" SIGNAL="" relType="FALLING_ACTION" CAUSES="FALSE" CAUSED_BY="FALSE">
      <source m_id="2"/>
      <target m_id="21"/>
    </PLOT_LINK>
    <PLOT_LINK r_id="95301" SIGNAL="" relType="FALLING_ACTION" CAUSES="FALSE" CAUSED_BY="FALSE">
      <source m_id="6"/>
      <target m_id="8"/>
    </PLOT_LINK>
    <PLOT_LINK r_id="96092" SIGNAL="" relType="PRECONDITION" CAUSES="FALSE" CAUSED_BY="FALSE">
      <source m_id="24"/>
      <target m_id="3"/>
    </PLOT_LINK>
    <PLOT_LINK r_id="96093" SIGNAL="" relType="FALLING_ACTION" CAUSES="FALSE" CAUSED_BY="FALSE">
      <source m_id="13"/>
      <target m_id="14"/>
    </PLOT_LINK>
    <PLOT_LINK r_id="96095" SIGNAL="" relType="PRECONDITION" CAUSES="FALSE" CAUSED_BY="FALSE">
      <source m_id="7"/>
      <target m_id="23"/>
    </PLOT_LINK>
    <PLOT_LINK r_id="96097" SIGNAL="" relType="PRECONDITION" CAUSES="FALSE" CAUSED_BY="FALSE">
      <source m_id="7"/>
      <target m_id="15"/>
    </PLOT_LINK>
    <PLOT_LINK r_id="96099" SIGNAL="" relType="FALLING_ACTION" CAUSES="FALSE" CAUSED_BY="FALSE">
      <source m_id="2"/>
      <target m_id="4"/>
    </PLOT_LINK>
    <PLOT_LINK r_id="96100" SIGNAL="" relType="FALLING_ACTION" CAUSES="FALSE" CAUSED_BY="FALSE">
      <source m_id="21"/>
      <target m_id="8"/>
    </PLOT_LINK>
    <TLINK r_id="97005" contextualModality="" relType="CONTAINS" comment="">
      <source m_id="49"/>
      <target m_id="24"/>
    </TLINK>
    <TLINK r_id="97006" contextualModality="" relType="CONTAINS" comment="">
      <source m_id="49"/>
      <target m_id="1"/>
    </TLINK>
    <TLINK r_id="97007" contextualModality="" relType="CONTAINS" comment="">
      <source m_id="49"/>
      <target m_id="3"/>
    </TLINK>
    <TLINK r_id="97008" contextualModality="" relType="CONTAINS" comment="">
      <source m_id="49"/>
      <target m_id="5"/>
    </TLINK>
    <TLINK r_id="97009" contextualModality="" relType="AFTER" comment="">
      <source m_id="49"/>
      <target m_id="7"/>
    </TLINK>
    <TLINK r_id="97010" contextualModality="" relType="CONTAINS" comment="">
      <source m_id="52"/>
      <target m_id="9"/>
    </TLINK>
    <TLINK r_id="97011" contextualModality="" relType="CONTAINS" comment="">
      <source m_id="52"/>
      <target m_id="25"/>
    </TLINK>
    <TLINK r_id="97012" contextualModality="" relType="CONTAINS" comment="">
      <source m_id="52"/>
      <target m_id="10"/>
    </TLINK>
    <TLINK r_id="97013" contextualModality="" relType="CONTAINS" comment="">
      <source m_id="52"/>
      <target m_id="11"/>
    </TLINK>
    <TLINK r_id="97014" contextualModality="" relType="CONTAINS" comment="">
      <source m_id="52"/>
      <target m_id="12"/>
    </TLINK>
    <TLINK r_id="97015" contextualModality="" relType="CONTAINS" comment="">
      <source m_id="52"/>
      <target m_id="13"/>
    </TLINK>
    <TLINK r_id="97016" contextualModality="" relType="CONTAINS" comment="">
      <source m_id="52"/>
      <target m_id="23"/>
    </TLINK>
    <TLINK r_id="97017" contextualModality="" relType="CONTAINS" comment="">
      <source m_id="52"/>
      <target m_id="14"/>
    </TLINK>
    <TLINK r_id="97018" contextualModality="" relType="CONTAINS" comment="">
      <source m_id="52"/>
      <target m_id="15"/>
    </TLINK>
    <TLINK r_id="97019" contextualModality="" relType="CONTAINS" comment="">
      <source m_id="53"/>
      <target m_id="22"/>
    </TLINK>
    <TLINK r_id="97020" contextualModality="" relType="CONTAINS" comment="">
      <source m_id="53"/>
      <target m_id="16"/>
    </TLINK>
    <TLINK r_id="97021" contextualModality="" relType="CONTAINS" comment="">
      <source m_id="53"/>
      <target m_id="17"/>
    </TLINK>
    <TLINK r_id="97022" contextualModality="" relType="CONTAINS" comment="">
      <source m_id="53"/>
      <target m_id="18"/>
    </TLINK>
    <TLINK r_id="97023" contextualModality="" relType="CONTAINS" comment="">
      <source m_id="53"/>
      <target m_id="19"/>
    </TLINK>
    <TLINK r_id="97024" contextualModality="" relType="BEFORE" comment="">
      <source m_id="54"/>
      <target m_id="20"/>
    </TLINK>
    <TLINK r_id="97025" contextualModality="" relType="BEFORE" comment="">
      <source m_id="54"/>
      <target m_id="2"/>
    </TLINK>
    <TLINK r_id="97026" contextualModality="" relType="BEFORE" comment="">
      <source m_id="54"/>
      <target m_id="21"/>
    </TLINK>
    <TLINK r_id="97027" contextualModality="" relType="BEFORE" comment="">
      <source m_id="54"/>
      <target m_id="4"/>
    </TLINK>
    <TLINK r_id="97028" contextualModality="" relType="BEFORE" comment="">
      <source m_id="54"/>
      <target m_id="6"/>
    </TLINK>
    <TLINK r_id="97029" contextualModality="" relType="CONTAINS" comment="">
      <source m_id="54"/>
      <target m_id="8"/>
    </TLINK>
    <TLINK r_id="97030" contextualModality="" relType="BEFORE" comment="">
      <source m_id="50"/>
      <target m_id="24"/>
    </TLINK>
    <TLINK r_id="97031" contextualModality="" relType="BEFORE" comment="">
      <source m_id="50"/>
      <target m_id="1"/>
    </TLINK>
    <TLINK r_id="97032" contextualModality="" relType="BEFORE" comment="">
      <source m_id="50"/>
      <target m_id="3"/>
    </TLINK>
    <TLINK r_id="97033" contextualModality="" relType="BEFORE" comment="">
      <source m_id="50"/>
      <target m_id="5"/>
    </TLINK>
    <TLINK r_id="97034" contextualModality="" relType="AFTER" comment="">
      <source m_id="50"/>
      <target m_id="7"/>
    </TLINK>
    <TLINK r_id="97035" contextualModality="" relType="BEFORE" comment="">
      <source m_id="50"/>
      <target m_id="9"/>
    </TLINK>
    <TLINK r_id="97036" contextualModality="" relType="BEFORE" comment="">
      <source m_id="50"/>
      <target m_id="25"/>
    </TLINK>
    <TLINK r_id="97037" contextualModality="" relType="BEFORE" comment="">
      <source m_id="50"/>
      <target m_id="10"/>
    </TLINK>
    <TLINK r_id="97038" contextualModality="" relType="BEFORE" comment="">
      <source m_id="50"/>
      <target m_id="11"/>
    </TLINK>
    <TLINK r_id="97039" contextualModality="" relType="BEFORE" comment="">
      <source m_id="50"/>
      <target m_id="12"/>
    </TLINK>
    <TLINK r_id="97040" contextualModality="" relType="BEFORE" comment="">
      <source m_id="50"/>
      <target m_id="13"/>
    </TLINK>
    <TLINK r_id="97041" contextualModality="" relType="BEFORE" comment="">
      <source m_id="50"/>
      <target m_id="23"/>
    </TLINK>
    <TLINK r_id="97042" contextualModality="" relType="BEFORE" comment="">
      <source m_id="50"/>
      <target m_id="14"/>
    </TLINK>
    <TLINK r_id="97043" contextualModality="" relType="BEFORE" comment="">
      <source m_id="50"/>
      <target m_id="15"/>
    </TLINK>
    <TLINK r_id="97044" contextualModality="" relType="BEFORE" comment="">
      <source m_id="50"/>
      <target m_id="22"/>
    </TLINK>
    <TLINK r_id="97045" contextualModality="" relType="AFTER" comment="">
      <source m_id="50"/>
      <target m_id="16"/>
    </TLINK>
    <TLINK r_id="97046" contextualModality="" relType="BEFORE" comment="">
      <source m_id="50"/>
      <target m_id="17"/>
    </TLINK>
    <TLINK r_id="97047" contextualModality="" relType="BEFORE" comment="">
      <source m_id="50"/>
      <target m_id="18"/>
    </TLINK>
    <TLINK r_id="97048" contextualModality="" relType="BEFORE" comment="">
      <source m_id="50"/>
      <target m_id="19"/>
    </TLINK>
    <TLINK r_id="97049" contextualModality="" relType="BEFORE" comment="">
      <source m_id="50"/>
      <target m_id="20"/>
    </TLINK>
    <TLINK r_id="97050" contextualModality="" relType="BEFORE" comment="">
      <source m_id="50"/>
      <target m_id="2"/>
    </TLINK>
    <TLINK r_id="97051" contextualModality="" relType="BEFORE" comment="">
      <source m_id="50"/>
      <target m_id="21"/>
    </TLINK>
    <TLINK r_id="97052" contextualModality="" relType="BEFORE" comment="">
      <source m_id="50"/>
      <target m_id="4"/>
    </TLINK>
    <TLINK r_id="97053" contextualModality="" relType="BEFORE" comment="">
      <source m_id="50"/>
      <target m_id="6"/>
    </TLINK>
    <TLINK r_id="97054" contextualModality="" relType="AFTER" comment="">
      <source m_id="50"/>
      <target m_id="8"/>
    </TLINK>
  </Relations>
</Document>
