<?xml version='1.0' encoding='UTF-8'?>
<Document doc_name="18_1ecbplus.xml">
  <token t_id="1" sentence="0" number="0">http</token>
  <token t_id="2" sentence="0" number="1">:</token>
  <token t_id="3" sentence="0" number="2">/</token>
  <token t_id="4" sentence="0" number="3">/</token>
  <token t_id="5" sentence="0" number="4">edition</token>
  <token t_id="6" sentence="0" number="5">.</token>
  <token t_id="7" sentence="0" number="6">cnn</token>
  <token t_id="8" sentence="0" number="7">.</token>
  <token t_id="9" sentence="0" number="8">com</token>
  <token t_id="10" sentence="0" number="9">/</token>
  <token t_id="11" sentence="0" number="10">2007</token>
  <token t_id="12" sentence="0" number="11">/</token>
  <token t_id="13" sentence="0" number="12">US</token>
  <token t_id="14" sentence="0" number="13">/</token>
  <token t_id="15" sentence="0" number="14">04</token>
  <token t_id="16" sentence="0" number="15">/</token>
  <token t_id="17" sentence="0" number="16">09</token>
  <token t_id="18" sentence="0" number="17">/</token>
  <token t_id="19" sentence="0" number="18">michigan</token>
  <token t_id="20" sentence="0" number="19">.</token>
  <token t_id="21" sentence="0" number="20">shooting</token>
  <token t_id="22" sentence="0" number="21">/</token>
  <token t_id="23" sentence="1" number="0">Sheriff</token>
  <token t_id="24" sentence="1" number="1">:</token>
  <token t_id="25" sentence="1" number="2">Michigan</token>
  <token t_id="26" sentence="1" number="3">office</token>
  <token t_id="27" sentence="1" number="4">shooting</token>
  <token t_id="28" sentence="1" number="5">kills</token>
  <token t_id="29" sentence="1" number="6">1</token>
  <token t_id="30" sentence="1" number="7">,</token>
  <token t_id="31" sentence="1" number="8">injures</token>
  <token t_id="32" sentence="1" number="9">2</token>
  <token t_id="33" sentence="2" number="0">POSTED</token>
  <token t_id="34" sentence="2" number="1">:</token>
  <token t_id="35" sentence="2" number="2">1052</token>
  <token t_id="36" sentence="2" number="3">GMT</token>
  <token t_id="37" sentence="2" number="4">(</token>
  <token t_id="38" sentence="2" number="5">1852</token>
  <token t_id="39" sentence="2" number="6">HKT</token>
  <token t_id="40" sentence="2" number="7">)</token>
  <token t_id="41" sentence="2" number="8">,</token>
  <token t_id="42" sentence="2" number="9">April</token>
  <token t_id="43" sentence="2" number="10">10</token>
  <token t_id="44" sentence="2" number="11">,</token>
  <token t_id="45" sentence="2" number="12">2007</token>
  <token t_id="46" sentence="3" number="0">A</token>
  <token t_id="47" sentence="3" number="1">Michigan</token>
  <token t_id="48" sentence="3" number="2">man</token>
  <token t_id="49" sentence="3" number="3">shot</token>
  <token t_id="50" sentence="3" number="4">to</token>
  <token t_id="51" sentence="3" number="5">death</token>
  <token t_id="52" sentence="3" number="6">one</token>
  <token t_id="53" sentence="3" number="7">person</token>
  <token t_id="54" sentence="3" number="8">and</token>
  <token t_id="55" sentence="3" number="9">injured</token>
  <token t_id="56" sentence="3" number="10">two</token>
  <token t_id="57" sentence="3" number="11">others</token>
  <token t_id="58" sentence="3" number="12">Monday</token>
  <token t_id="59" sentence="3" number="13">at</token>
  <token t_id="60" sentence="3" number="14">the</token>
  <token t_id="61" sentence="3" number="15">suburban</token>
  <token t_id="62" sentence="3" number="16">Detroit</token>
  <token t_id="63" sentence="3" number="17">accounting</token>
  <token t_id="64" sentence="3" number="18">firm</token>
  <token t_id="65" sentence="3" number="19">from</token>
  <token t_id="66" sentence="3" number="20">which</token>
  <token t_id="67" sentence="3" number="21">he</token>
  <token t_id="68" sentence="3" number="22">was</token>
  <token t_id="69" sentence="3" number="23">fired</token>
  <token t_id="70" sentence="3" number="24">last</token>
  <token t_id="71" sentence="3" number="25">week</token>
  <token t_id="72" sentence="3" number="26">,</token>
  <token t_id="73" sentence="3" number="27">police</token>
  <token t_id="74" sentence="3" number="28">said</token>
  <token t_id="75" sentence="3" number="29">.</token>
  <token t_id="76" sentence="4" number="0">The</token>
  <token t_id="77" sentence="4" number="1">suspect</token>
  <token t_id="78" sentence="4" number="2">,</token>
  <token t_id="79" sentence="4" number="3">38</token>
  <token t_id="80" sentence="4" number="4">-</token>
  <token t_id="81" sentence="4" number="5">year</token>
  <token t_id="82" sentence="4" number="6">-</token>
  <token t_id="83" sentence="4" number="7">old</token>
  <token t_id="84" sentence="4" number="8">Anthony</token>
  <token t_id="85" sentence="4" number="9">LaCalamita</token>
  <token t_id="86" sentence="4" number="10">,</token>
  <token t_id="87" sentence="4" number="11">was</token>
  <token t_id="88" sentence="4" number="12">"deliberately</token>
  <token t_id="89" sentence="4" number="13">seeking</token>
  <token t_id="90" sentence="4" number="14">out</token>
  <token t_id="91" sentence="4" number="15">these</token>
  <token t_id="92" sentence="4" number="16">individuals</token>
  <token t_id="93" sentence="4" number="17">,</token>
  <token t_id="94" sentence="4" number="18">"</token>
  <token t_id="95" sentence="4" number="19">according</token>
  <token t_id="96" sentence="4" number="20">to</token>
  <token t_id="97" sentence="4" number="21">Troy</token>
  <token t_id="98" sentence="4" number="22">police</token>
  <token t_id="99" sentence="4" number="23">Lt</token>
  <token t_id="100" sentence="4" number="24">.</token>
  <token t_id="101" sentence="4" number="25">Gerry</token>
  <token t_id="102" sentence="4" number="26">Scherlinck</token>
  <token t_id="103" sentence="4" number="27">.</token>
  <token t_id="104" sentence="5" number="0">A</token>
  <token t_id="105" sentence="5" number="1">female</token>
  <token t_id="106" sentence="5" number="2">receptionist</token>
  <token t_id="107" sentence="5" number="3">died</token>
  <token t_id="108" sentence="5" number="4">and</token>
  <token t_id="109" sentence="5" number="5">two</token>
  <token t_id="110" sentence="5" number="6">men</token>
  <token t_id="111" sentence="5" number="7">,</token>
  <token t_id="112" sentence="5" number="8">believed</token>
  <token t_id="113" sentence="5" number="9">to</token>
  <token t_id="114" sentence="5" number="10">be</token>
  <token t_id="115" sentence="5" number="11">"management</token>
  <token t_id="116" sentence="5" number="12">level</token>
  <token t_id="117" sentence="5" number="13">employees</token>
  <token t_id="118" sentence="5" number="14">,</token>
  <token t_id="119" sentence="5" number="15">"</token>
  <token t_id="120" sentence="5" number="16">underwent</token>
  <token t_id="121" sentence="5" number="17">surgery</token>
  <token t_id="122" sentence="5" number="18">for</token>
  <token t_id="123" sentence="5" number="19">gunshot</token>
  <token t_id="124" sentence="5" number="20">wounds</token>
  <token t_id="125" sentence="5" number="21">at</token>
  <token t_id="126" sentence="5" number="22">Royal</token>
  <token t_id="127" sentence="5" number="23">Oak</token>
  <token t_id="128" sentence="5" number="24">Beaumont</token>
  <token t_id="129" sentence="5" number="25">Hospital</token>
  <token t_id="130" sentence="5" number="26">,</token>
  <token t_id="131" sentence="5" number="27">Scherlinck</token>
  <token t_id="132" sentence="5" number="28">said</token>
  <token t_id="133" sentence="5" number="29">.</token>
  <token t_id="134" sentence="6" number="0">A</token>
  <token t_id="135" sentence="6" number="1">50</token>
  <token t_id="136" sentence="6" number="2">-</token>
  <token t_id="137" sentence="6" number="3">year</token>
  <token t_id="138" sentence="6" number="4">-</token>
  <token t_id="139" sentence="6" number="5">old</token>
  <token t_id="140" sentence="6" number="6">man</token>
  <token t_id="141" sentence="6" number="7">from</token>
  <token t_id="142" sentence="6" number="8">Dexter</token>
  <token t_id="143" sentence="6" number="9">,</token>
  <token t_id="144" sentence="6" number="10">Michigan</token>
  <token t_id="145" sentence="6" number="11">,</token>
  <token t_id="146" sentence="6" number="12">tipped</token>
  <token t_id="147" sentence="6" number="13">off</token>
  <token t_id="148" sentence="6" number="14">authorities</token>
  <token t_id="149" sentence="6" number="15">to</token>
  <token t_id="150" sentence="6" number="16">LaCalamita's</token>
  <token t_id="151" sentence="6" number="17">location</token>
  <token t_id="152" sentence="6" number="18">after</token>
  <token t_id="153" sentence="6" number="19">hearing</token>
  <token t_id="154" sentence="6" number="20">a</token>
  <token t_id="155" sentence="6" number="21">description</token>
  <token t_id="156" sentence="6" number="22">of</token>
  <token t_id="157" sentence="6" number="23">the</token>
  <token t_id="158" sentence="6" number="24">suspect's</token>
  <token t_id="159" sentence="6" number="25">vehicle</token>
  <token t_id="160" sentence="6" number="26">-</token>
  <token t_id="161" sentence="6" number="27">-</token>
  <token t_id="162" sentence="6" number="28">a</token>
  <token t_id="163" sentence="6" number="29">2007</token>
  <token t_id="164" sentence="6" number="30">silver</token>
  <token t_id="165" sentence="6" number="31">Ford</token>
  <token t_id="166" sentence="6" number="32">Fusion</token>
  <token t_id="167" sentence="6" number="33">-</token>
  <token t_id="168" sentence="6" number="34">-</token>
  <token t_id="169" sentence="6" number="35">on</token>
  <token t_id="170" sentence="6" number="36">the</token>
  <token t_id="171" sentence="6" number="37">radio</token>
  <token t_id="172" sentence="6" number="38">.</token>
  <token t_id="173" sentence="7" number="0">The</token>
  <token t_id="174" sentence="7" number="1">man</token>
  <token t_id="175" sentence="7" number="2">,</token>
  <token t_id="176" sentence="7" number="3">who</token>
  <token t_id="177" sentence="7" number="4">did</token>
  <token t_id="178" sentence="7" number="5">not</token>
  <token t_id="179" sentence="7" number="6">want</token>
  <token t_id="180" sentence="7" number="7">to</token>
  <token t_id="181" sentence="7" number="8">be</token>
  <token t_id="182" sentence="7" number="9">identified</token>
  <token t_id="183" sentence="7" number="10">,</token>
  <token t_id="184" sentence="7" number="11">called</token>
  <token t_id="185" sentence="7" number="12">911</token>
  <token t_id="186" sentence="7" number="13">when</token>
  <token t_id="187" sentence="7" number="14">he</token>
  <token t_id="188" sentence="7" number="15">realized</token>
  <token t_id="189" sentence="7" number="16">the</token>
  <token t_id="190" sentence="7" number="17">vehicle</token>
  <token t_id="191" sentence="7" number="18">directly</token>
  <token t_id="192" sentence="7" number="19">next</token>
  <token t_id="193" sentence="7" number="20">to</token>
  <token t_id="194" sentence="7" number="21">him</token>
  <token t_id="195" sentence="7" number="22">matched</token>
  <token t_id="196" sentence="7" number="23">the</token>
  <token t_id="197" sentence="7" number="24">description</token>
  <token t_id="198" sentence="7" number="25">on</token>
  <token t_id="199" sentence="7" number="26">the</token>
  <token t_id="200" sentence="7" number="27">radio</token>
  <token t_id="201" sentence="7" number="28">,</token>
  <token t_id="202" sentence="7" number="29">according</token>
  <token t_id="203" sentence="7" number="30">to</token>
  <token t_id="204" sentence="7" number="31">Genesee</token>
  <token t_id="205" sentence="7" number="32">County</token>
  <token t_id="206" sentence="7" number="33">Sheriff</token>
  <token t_id="207" sentence="7" number="34">Robert</token>
  <token t_id="208" sentence="7" number="35">Pickell</token>
  <token t_id="209" sentence="7" number="36">.</token>
  <token t_id="210" sentence="8" number="0">Police</token>
  <token t_id="211" sentence="8" number="1">attempted</token>
  <token t_id="212" sentence="8" number="2">to</token>
  <token t_id="213" sentence="8" number="3">stop</token>
  <token t_id="214" sentence="8" number="4">the</token>
  <token t_id="215" sentence="8" number="5">vehicle</token>
  <token t_id="216" sentence="8" number="6">as</token>
  <token t_id="217" sentence="8" number="7">it</token>
  <token t_id="218" sentence="8" number="8">entered</token>
  <token t_id="219" sentence="8" number="9">Vienna</token>
  <token t_id="220" sentence="8" number="10">township</token>
  <token t_id="221" sentence="8" number="11">,</token>
  <token t_id="222" sentence="8" number="12">but</token>
  <token t_id="223" sentence="8" number="13">LaCalamita</token>
  <token t_id="224" sentence="8" number="14">would</token>
  <token t_id="225" sentence="8" number="15">not</token>
  <token t_id="226" sentence="8" number="16">pull</token>
  <token t_id="227" sentence="8" number="17">over</token>
  <token t_id="228" sentence="8" number="18">,</token>
  <token t_id="229" sentence="8" number="19">Pickell</token>
  <token t_id="230" sentence="8" number="20">said</token>
  <token t_id="231" sentence="8" number="21">.</token>
  <token t_id="232" sentence="9" number="0">LaCalamita</token>
  <token t_id="233" sentence="9" number="1">drove</token>
  <token t_id="234" sentence="9" number="2">across</token>
  <token t_id="235" sentence="9" number="3">several</token>
  <token t_id="236" sentence="9" number="4">counties</token>
  <token t_id="237" sentence="9" number="5">,</token>
  <token t_id="238" sentence="9" number="6">at</token>
  <token t_id="239" sentence="9" number="7">speeds</token>
  <token t_id="240" sentence="9" number="8">up</token>
  <token t_id="241" sentence="9" number="9">to</token>
  <token t_id="242" sentence="9" number="10">120</token>
  <token t_id="243" sentence="9" number="11">miles</token>
  <token t_id="244" sentence="9" number="12">per</token>
  <token t_id="245" sentence="9" number="13">hour</token>
  <token t_id="246" sentence="9" number="14">,</token>
  <token t_id="247" sentence="9" number="15">surrendering</token>
  <token t_id="248" sentence="9" number="16">only</token>
  <token t_id="249" sentence="9" number="17">after</token>
  <token t_id="250" sentence="9" number="18">authorities</token>
  <token t_id="251" sentence="9" number="19">boxed</token>
  <token t_id="252" sentence="9" number="20">in</token>
  <token t_id="253" sentence="9" number="21">his</token>
  <token t_id="254" sentence="9" number="22">car</token>
  <token t_id="255" sentence="9" number="23">on</token>
  <token t_id="256" sentence="9" number="24">Interstate</token>
  <token t_id="257" sentence="9" number="25">75</token>
  <token t_id="258" sentence="9" number="26">in</token>
  <token t_id="259" sentence="9" number="27">Saginaw</token>
  <token t_id="260" sentence="9" number="28">,</token>
  <token t_id="261" sentence="9" number="29">Michigan</token>
  <token t_id="262" sentence="9" number="30">.</token>
  <token t_id="263" sentence="10" number="0">He</token>
  <token t_id="264" sentence="10" number="1">surrendered</token>
  <token t_id="265" sentence="10" number="2">"peacefully</token>
  <token t_id="266" sentence="10" number="3">and</token>
  <token t_id="267" sentence="10" number="4">without</token>
  <token t_id="268" sentence="10" number="5">incident</token>
  <token t_id="269" sentence="10" number="6">,</token>
  <token t_id="270" sentence="10" number="7">"</token>
  <token t_id="271" sentence="10" number="8">Pickell</token>
  <token t_id="272" sentence="10" number="9">said</token>
  <token t_id="273" sentence="10" number="10">.</token>
  <token t_id="274" sentence="11" number="0">Upon</token>
  <token t_id="275" sentence="11" number="1">arrest</token>
  <token t_id="276" sentence="11" number="2">,</token>
  <token t_id="277" sentence="11" number="3">police</token>
  <token t_id="278" sentence="11" number="4">seized</token>
  <token t_id="279" sentence="11" number="5">a</token>
  <token t_id="280" sentence="11" number="6">shotgun</token>
  <token t_id="281" sentence="11" number="7">and</token>
  <token t_id="282" sentence="11" number="8">several</token>
  <token t_id="283" sentence="11" number="9">shells</token>
  <token t_id="284" sentence="11" number="10">,</token>
  <token t_id="285" sentence="11" number="11">he</token>
  <token t_id="286" sentence="11" number="12">said</token>
  <token t_id="287" sentence="11" number="13">.</token>
  <token t_id="288" sentence="12" number="0">LaCalamita</token>
  <token t_id="289" sentence="12" number="1">is</token>
  <token t_id="290" sentence="12" number="2">being</token>
  <token t_id="291" sentence="12" number="3">held</token>
  <token t_id="292" sentence="12" number="4">in</token>
  <token t_id="293" sentence="12" number="5">the</token>
  <token t_id="294" sentence="12" number="6">Genesee</token>
  <token t_id="295" sentence="12" number="7">County</token>
  <token t_id="296" sentence="12" number="8">jail</token>
  <token t_id="297" sentence="12" number="9">and</token>
  <token t_id="298" sentence="12" number="10">is</token>
  <token t_id="299" sentence="12" number="11">expected</token>
  <token t_id="300" sentence="12" number="12">to</token>
  <token t_id="301" sentence="12" number="13">be</token>
  <token t_id="302" sentence="12" number="14">handed</token>
  <token t_id="303" sentence="12" number="15">over</token>
  <token t_id="304" sentence="12" number="16">to</token>
  <token t_id="305" sentence="12" number="17">the</token>
  <token t_id="306" sentence="12" number="18">Detroit</token>
  <token t_id="307" sentence="12" number="19">police</token>
  <token t_id="308" sentence="12" number="20">.</token>
  <token t_id="309" sentence="13" number="0">A</token>
  <token t_id="310" sentence="13" number="1">Web</token>
  <token t_id="311" sentence="13" number="2">site</token>
  <token t_id="312" sentence="13" number="3">for</token>
  <token t_id="313" sentence="13" number="4">the</token>
  <token t_id="314" sentence="13" number="5">public</token>
  <token t_id="315" sentence="13" number="6">accounting</token>
  <token t_id="316" sentence="13" number="7">firm</token>
  <token t_id="317" sentence="13" number="8">Gordon</token>
  <token t_id="318" sentence="13" number="9">Advisors</token>
  <token t_id="319" sentence="13" number="10">in</token>
  <token t_id="320" sentence="13" number="11">the</token>
  <token t_id="321" sentence="13" number="12">building</token>
  <token t_id="322" sentence="13" number="13">lists</token>
  <token t_id="323" sentence="13" number="14">LaCalamita</token>
  <token t_id="324" sentence="13" number="15">as</token>
  <token t_id="325" sentence="13" number="16">an</token>
  <token t_id="326" sentence="13" number="17">employee</token>
  <token t_id="327" sentence="13" number="18">.</token>
  <token t_id="328" sentence="14" number="0">"We</token>
  <token t_id="329" sentence="14" number="1">heard</token>
  <token t_id="330" sentence="14" number="2">gunshots</token>
  <token t_id="331" sentence="14" number="3">.</token>
  <token t_id="332" sentence="14" number="4">.</token>
  <token t_id="333" sentence="14" number="5">.</token>
  <token t_id="334" sentence="14" number="6">.</token>
  <token t_id="335" sentence="15" number="0">We're</token>
  <token t_id="336" sentence="15" number="1">on</token>
  <token t_id="337" sentence="15" number="2">the</token>
  <token t_id="338" sentence="15" number="3">third</token>
  <token t_id="339" sentence="15" number="4">floor</token>
  <token t_id="340" sentence="15" number="5">,</token>
  <token t_id="341" sentence="15" number="6">barricaded</token>
  <token t_id="342" sentence="15" number="7">in</token>
  <token t_id="343" sentence="15" number="8">,</token>
  <token t_id="344" sentence="15" number="9">"</token>
  <token t_id="345" sentence="15" number="10">Bill</token>
  <token t_id="346" sentence="15" number="11">Adgate</token>
  <token t_id="347" sentence="15" number="12">,</token>
  <token t_id="348" sentence="15" number="13">who</token>
  <token t_id="349" sentence="15" number="14">works</token>
  <token t_id="350" sentence="15" number="15">for</token>
  <token t_id="351" sentence="15" number="16">LPL</token>
  <token t_id="352" sentence="15" number="17">Financial</token>
  <token t_id="353" sentence="15" number="18">in</token>
  <token t_id="354" sentence="15" number="19">the</token>
  <token t_id="355" sentence="15" number="20">office</token>
  <token t_id="356" sentence="15" number="21">building</token>
  <token t_id="357" sentence="15" number="22">,</token>
  <token t_id="358" sentence="15" number="23">told</token>
  <token t_id="359" sentence="15" number="24">CNN</token>
  <token t_id="360" sentence="15" number="25">affiliate</token>
  <token t_id="361" sentence="15" number="26">WDIV</token>
  <token t_id="362" sentence="15" number="27">-</token>
  <token t_id="363" sentence="15" number="28">TV</token>
  <token t_id="364" sentence="15" number="29">as</token>
  <token t_id="365" sentence="15" number="30">the</token>
  <token t_id="366" sentence="15" number="31">search</token>
  <token t_id="367" sentence="15" number="32">went</token>
  <token t_id="368" sentence="15" number="33">on</token>
  <token t_id="369" sentence="15" number="34">for</token>
  <token t_id="370" sentence="15" number="35">the</token>
  <token t_id="371" sentence="15" number="36">gunman</token>
  <token t_id="372" sentence="15" number="37">.</token>
  <token t_id="373" sentence="16" number="0">"We</token>
  <token t_id="374" sentence="16" number="1">put</token>
  <token t_id="375" sentence="16" number="2">a</token>
  <token t_id="376" sentence="16" number="3">conference</token>
  <token t_id="377" sentence="16" number="4">table</token>
  <token t_id="378" sentence="16" number="5">in</token>
  <token t_id="379" sentence="16" number="6">front</token>
  <token t_id="380" sentence="16" number="7">of</token>
  <token t_id="381" sentence="16" number="8">the</token>
  <token t_id="382" sentence="16" number="9">front</token>
  <token t_id="383" sentence="16" number="10">door</token>
  <token t_id="384" sentence="16" number="11">with</token>
  <token t_id="385" sentence="16" number="12">a</token>
  <token t_id="386" sentence="16" number="13">bunch</token>
  <token t_id="387" sentence="16" number="14">of</token>
  <token t_id="388" sentence="16" number="15">chairs</token>
  <token t_id="389" sentence="16" number="16">,</token>
  <token t_id="390" sentence="16" number="17">"</token>
  <token t_id="391" sentence="16" number="18">Adgate</token>
  <token t_id="392" sentence="16" number="19">told</token>
  <token t_id="393" sentence="16" number="20">WDIV</token>
  <token t_id="394" sentence="16" number="21">,</token>
  <token t_id="395" sentence="16" number="22">a</token>
  <token t_id="396" sentence="16" number="23">Detroit</token>
  <token t_id="397" sentence="16" number="24">station</token>
  <token t_id="398" sentence="16" number="25">.</token>
  <token t_id="399" sentence="17" number="0">"We</token>
  <token t_id="400" sentence="17" number="1">have</token>
  <token t_id="401" sentence="17" number="2">four</token>
  <token t_id="402" sentence="17" number="3">entrances</token>
  <token t_id="403" sentence="17" number="4">-</token>
  <token t_id="404" sentence="17" number="5">-</token>
  <token t_id="405" sentence="17" number="6">three</token>
  <token t_id="406" sentence="17" number="7">entrances</token>
  <token t_id="407" sentence="17" number="8">to</token>
  <token t_id="408" sentence="17" number="9">our</token>
  <token t_id="409" sentence="17" number="10">offices</token>
  <token t_id="410" sentence="17" number="11">.</token>
  <token t_id="411" sentence="18" number="0">We</token>
  <token t_id="412" sentence="18" number="1">put</token>
  <token t_id="413" sentence="18" number="2">file</token>
  <token t_id="414" sentence="18" number="3">cabinets</token>
  <token t_id="415" sentence="18" number="4">and</token>
  <token t_id="416" sentence="18" number="5">things</token>
  <token t_id="417" sentence="18" number="6">of</token>
  <token t_id="418" sentence="18" number="7">that</token>
  <token t_id="419" sentence="18" number="8">nature</token>
  <token t_id="420" sentence="18" number="9">in</token>
  <token t_id="421" sentence="18" number="10">front</token>
  <token t_id="422" sentence="18" number="11">of</token>
  <token t_id="423" sentence="18" number="12">it</token>
  <token t_id="424" sentence="18" number="13">.</token>
  <token t_id="425" sentence="18" number="14">"</token>
  <token t_id="426" sentence="19" number="0">Monday's</token>
  <token t_id="427" sentence="19" number="1">shooting</token>
  <token t_id="428" sentence="19" number="2">follows</token>
  <token t_id="429" sentence="19" number="3">two</token>
  <token t_id="430" sentence="19" number="4">last</token>
  <token t_id="431" sentence="19" number="5">week</token>
  <token t_id="432" sentence="19" number="6">in</token>
  <token t_id="433" sentence="19" number="7">public</token>
  <token t_id="434" sentence="19" number="8">places</token>
  <token t_id="435" sentence="19" number="9">in</token>
  <token t_id="436" sentence="19" number="10">Atlanta</token>
  <token t_id="437" sentence="19" number="11">,</token>
  <token t_id="438" sentence="19" number="12">Georgia</token>
  <token t_id="439" sentence="19" number="13">,</token>
  <token t_id="440" sentence="19" number="14">and</token>
  <token t_id="441" sentence="19" number="15">Seattle</token>
  <token t_id="442" sentence="19" number="16">,</token>
  <token t_id="443" sentence="19" number="17">Washington</token>
  <token t_id="444" sentence="19" number="18">.</token>
  <token t_id="445" sentence="20" number="0">In</token>
  <token t_id="446" sentence="20" number="1">Atlanta's</token>
  <token t_id="447" sentence="20" number="2">CNN</token>
  <token t_id="448" sentence="20" number="3">Center</token>
  <token t_id="449" sentence="20" number="4">on</token>
  <token t_id="450" sentence="20" number="5">Tuesday</token>
  <token t_id="451" sentence="20" number="6">,</token>
  <token t_id="452" sentence="20" number="7">police</token>
  <token t_id="453" sentence="20" number="8">say</token>
  <token t_id="454" sentence="20" number="9">a</token>
  <token t_id="455" sentence="20" number="10">man</token>
  <token t_id="456" sentence="20" number="11">shot</token>
  <token t_id="457" sentence="20" number="12">to</token>
  <token t_id="458" sentence="20" number="13">death</token>
  <token t_id="459" sentence="20" number="14">his</token>
  <token t_id="460" sentence="20" number="15">former</token>
  <token t_id="461" sentence="20" number="16">girlfriend</token>
  <token t_id="462" sentence="20" number="17">just</token>
  <token t_id="463" sentence="20" number="18">downstairs</token>
  <token t_id="464" sentence="20" number="19">from</token>
  <token t_id="465" sentence="20" number="20">the</token>
  <token t_id="466" sentence="20" number="21">center's</token>
  <token t_id="467" sentence="20" number="22">Omni</token>
  <token t_id="468" sentence="20" number="23">Hotel</token>
  <token t_id="469" sentence="20" number="24">and</token>
  <token t_id="470" sentence="20" number="25">outside</token>
  <token t_id="471" sentence="20" number="26">the</token>
  <token t_id="472" sentence="20" number="27">CNN</token>
  <token t_id="473" sentence="20" number="28">.</token>
  <token t_id="474" sentence="20" number="29">com</token>
  <token t_id="475" sentence="20" number="30">newsroom</token>
  <token t_id="476" sentence="20" number="31">.</token>
  <token t_id="477" sentence="21" number="0">On</token>
  <token t_id="478" sentence="21" number="1">Monday</token>
  <token t_id="479" sentence="21" number="2">on</token>
  <token t_id="480" sentence="21" number="3">the</token>
  <token t_id="481" sentence="21" number="4">Seattle</token>
  <token t_id="482" sentence="21" number="5">campus</token>
  <token t_id="483" sentence="21" number="6">of</token>
  <token t_id="484" sentence="21" number="7">the</token>
  <token t_id="485" sentence="21" number="8">University</token>
  <token t_id="486" sentence="21" number="9">of</token>
  <token t_id="487" sentence="21" number="10">Washington</token>
  <token t_id="488" sentence="21" number="11">,</token>
  <token t_id="489" sentence="21" number="12">a</token>
  <token t_id="490" sentence="21" number="13">gunman</token>
  <token t_id="491" sentence="21" number="14">killed</token>
  <token t_id="492" sentence="21" number="15">his</token>
  <token t_id="493" sentence="21" number="16">former</token>
  <token t_id="494" sentence="21" number="17">girlfriend</token>
  <token t_id="495" sentence="21" number="18">and</token>
  <token t_id="496" sentence="21" number="19">then</token>
  <token t_id="497" sentence="21" number="20">himself</token>
  <token t_id="498" sentence="21" number="21">.</token>
  <token t_id="499" sentence="22" number="0">In</token>
  <token t_id="500" sentence="22" number="1">early</token>
  <token t_id="501" sentence="22" number="2">March</token>
  <token t_id="502" sentence="22" number="3">,</token>
  <token t_id="503" sentence="22" number="4">a</token>
  <token t_id="504" sentence="22" number="5">gunman</token>
  <token t_id="505" sentence="22" number="6">shot</token>
  <token t_id="506" sentence="22" number="7">and</token>
  <token t_id="507" sentence="22" number="8">wounded</token>
  <token t_id="508" sentence="22" number="9">three</token>
  <token t_id="509" sentence="22" number="10">people</token>
  <token t_id="510" sentence="22" number="11">at</token>
  <token t_id="511" sentence="22" number="12">a</token>
  <token t_id="512" sentence="22" number="13">printing</token>
  <token t_id="513" sentence="22" number="14">facility</token>
  <token t_id="514" sentence="22" number="15">near</token>
  <token t_id="515" sentence="22" number="16">Los</token>
  <token t_id="516" sentence="22" number="17">Angeles</token>
  <token t_id="517" sentence="22" number="18">,</token>
  <token t_id="518" sentence="22" number="19">California</token>
  <token t_id="519" sentence="22" number="20">,</token>
  <token t_id="520" sentence="22" number="21">before</token>
  <token t_id="521" sentence="22" number="22">killing</token>
  <token t_id="522" sentence="22" number="23">himself</token>
  <token t_id="523" sentence="22" number="24">.</token>
  <token t_id="524" sentence="23" number="0">Police</token>
  <token t_id="525" sentence="23" number="1">said</token>
  <token t_id="526" sentence="23" number="2">he</token>
  <token t_id="527" sentence="23" number="3">was</token>
  <token t_id="528" sentence="23" number="4">a</token>
  <token t_id="529" sentence="23" number="5">disgruntled</token>
  <token t_id="530" sentence="23" number="6">employee</token>
  <token t_id="531" sentence="23" number="7">of</token>
  <token t_id="532" sentence="23" number="8">the</token>
  <token t_id="533" sentence="23" number="9">facility</token>
  <token t_id="534" sentence="23" number="10">in</token>
  <token t_id="535" sentence="23" number="11">Signal</token>
  <token t_id="536" sentence="23" number="12">Hill</token>
  <token t_id="537" sentence="23" number="13">,</token>
  <token t_id="538" sentence="23" number="14">California</token>
  <token t_id="539" sentence="23" number="15">.</token>
  <token t_id="540" sentence="24" number="0">In</token>
  <token t_id="541" sentence="24" number="1">February</token>
  <token t_id="542" sentence="24" number="2">,</token>
  <token t_id="543" sentence="24" number="3">a</token>
  <token t_id="544" sentence="24" number="4">gunman</token>
  <token t_id="545" sentence="24" number="5">killed</token>
  <token t_id="546" sentence="24" number="6">five</token>
  <token t_id="547" sentence="24" number="7">people</token>
  <token t_id="548" sentence="24" number="8">and</token>
  <token t_id="549" sentence="24" number="9">injured</token>
  <token t_id="550" sentence="24" number="10">several</token>
  <token t_id="551" sentence="24" number="11">others</token>
  <token t_id="552" sentence="24" number="12">at</token>
  <token t_id="553" sentence="24" number="13">a</token>
  <token t_id="554" sentence="24" number="14">shopping</token>
  <token t_id="555" sentence="24" number="15">mall</token>
  <token t_id="556" sentence="24" number="16">in</token>
  <token t_id="557" sentence="24" number="17">Salt</token>
  <token t_id="558" sentence="24" number="18">Lake</token>
  <token t_id="559" sentence="24" number="19">City</token>
  <token t_id="560" sentence="24" number="20">,</token>
  <token t_id="561" sentence="24" number="21">Utah</token>
  <token t_id="562" sentence="24" number="22">,</token>
  <token t_id="563" sentence="24" number="23">before</token>
  <token t_id="564" sentence="24" number="24">an</token>
  <token t_id="565" sentence="24" number="25">off</token>
  <token t_id="566" sentence="24" number="26">-</token>
  <token t_id="567" sentence="24" number="27">duty</token>
  <token t_id="568" sentence="24" number="28">policeman</token>
  <token t_id="569" sentence="24" number="29">killed</token>
  <token t_id="570" sentence="24" number="30">the</token>
  <token t_id="571" sentence="24" number="31">shooter</token>
  <token t_id="572" sentence="24" number="32">.</token>
  <Markables>
    <ACTION_ASPECTUAL m_id="1" comment="">
      <token_anchor t_id="428"/>
    </ACTION_ASPECTUAL>
    <ACTION_OCCURRENCE m_id="2" comment="" climaxEvent="FALSE">
      <token_anchor t_id="121"/>
    </ACTION_OCCURRENCE>
    <ACTION_OCCURRENCE m_id="3" comment="" climaxEvent="FALSE">
      <token_anchor t_id="27"/>
    </ACTION_OCCURRENCE>
    <ACTION_OCCURRENCE m_id="4" comment="" climaxEvent="FALSE">
      <token_anchor t_id="427"/>
    </ACTION_OCCURRENCE>
    <ACTION_OCCURRENCE m_id="37" comment="" climaxEvent="FALSE">
      <token_anchor t_id="51"/>
    </ACTION_OCCURRENCE>
    <ACTION_OCCURRENCE m_id="5" climaxEvent="TRUE" comment="">
      <token_anchor t_id="28"/>
    </ACTION_OCCURRENCE>
    <ACTION_OCCURRENCE m_id="6" comment="" climaxEvent="FALSE">
      <token_anchor t_id="429"/>
    </ACTION_OCCURRENCE>
    <ACTION_OCCURRENCE m_id="7" climaxEvent="TRUE" comment="">
      <token_anchor t_id="31"/>
    </ACTION_OCCURRENCE>
    <ACTION_OCCURRENCE m_id="8" comment="" climaxEvent="FALSE">
      <token_anchor t_id="49"/>
    </ACTION_OCCURRENCE>
    <ACTION_OCCURRENCE m_id="9" comment="" climaxEvent="FALSE">
      <token_anchor t_id="55"/>
    </ACTION_OCCURRENCE>
    <ACTION_OCCURRENCE m_id="10" comment="" climaxEvent="FALSE">
      <token_anchor t_id="69"/>
    </ACTION_OCCURRENCE>
    <ACTION_OCCURRENCE m_id="11" comment="" climaxEvent="FALSE">
      <token_anchor t_id="107"/>
    </ACTION_OCCURRENCE>
    <ACTION_OCCURRENCE m_id="12" comment="" climaxEvent="FALSE">
      <token_anchor t_id="120"/>
    </ACTION_OCCURRENCE>
    <ACTION_REPORTING m_id="13">
      <token_anchor t_id="132"/>
    </ACTION_REPORTING>
    <ACTION_REPORTING m_id="14">
      <token_anchor t_id="74"/>
    </ACTION_REPORTING>
    <ACTION_STATE m_id="15" climaxEvent="FALSE" comment="">
      <token_anchor t_id="112"/>
    </ACTION_STATE>
    <HUMAN_PART_PER m_id="16" comment="">
      <token_anchor t_id="29"/>
    </HUMAN_PART_PER>
    <HUMAN_PART_PER m_id="17" comment="">
      <token_anchor t_id="32"/>
    </HUMAN_PART_PER>
    <HUMAN_PART_PER m_id="18" comment="">
      <token_anchor t_id="48"/>
    </HUMAN_PART_PER>
    <HUMAN_PART_PER m_id="19" comment="">
      <token_anchor t_id="53"/>
    </HUMAN_PART_PER>
    <HUMAN_PART_PER m_id="20" comment="">
      <token_anchor t_id="57"/>
    </HUMAN_PART_PER>
    <HUMAN_PART_PER m_id="21" comment="">
      <token_anchor t_id="67"/>
    </HUMAN_PART_PER>
    <HUMAN_PART_PER m_id="22" comment="">
      <token_anchor t_id="73"/>
    </HUMAN_PART_PER>
    <HUMAN_PART_PER m_id="23" comment="">
      <token_anchor t_id="106"/>
    </HUMAN_PART_PER>
    <HUMAN_PART_PER m_id="24" comment="">
      <token_anchor t_id="110"/>
    </HUMAN_PART_PER>
    <HUMAN_PART_PER m_id="25" comment="">
      <token_anchor t_id="117"/>
    </HUMAN_PART_PER>
    <HUMAN_PART_PER m_id="26" comment="">
      <token_anchor t_id="131"/>
    </HUMAN_PART_PER>
    <HUMAN_PART_PER m_id="27" comment="">
      <token_anchor t_id="23"/>
    </HUMAN_PART_PER>
    <LOC_FAC m_id="29">
      <token_anchor t_id="59"/>
      <token_anchor t_id="60"/>
      <token_anchor t_id="61"/>
      <token_anchor t_id="62"/>
      <token_anchor t_id="63"/>
      <token_anchor t_id="64"/>
    </LOC_FAC>
    <LOC_FAC m_id="28">
      <token_anchor t_id="125"/>
      <token_anchor t_id="126"/>
      <token_anchor t_id="127"/>
      <token_anchor t_id="128"/>
      <token_anchor t_id="129"/>
    </LOC_FAC>
    <LOC_GEO m_id="30" comment="">
      <token_anchor t_id="432"/>
      <token_anchor t_id="433"/>
      <token_anchor t_id="434"/>
      <token_anchor t_id="435"/>
      <token_anchor t_id="436"/>
      <token_anchor t_id="437"/>
      <token_anchor t_id="438"/>
      <token_anchor t_id="439"/>
      <token_anchor t_id="440"/>
      <token_anchor t_id="441"/>
      <token_anchor t_id="442"/>
      <token_anchor t_id="443"/>
    </LOC_GEO>
    <NON_HUMAN_PART m_id="31" comment="">
      <token_anchor t_id="123"/>
      <token_anchor t_id="124"/>
    </NON_HUMAN_PART>
    <TIME_DATE m_id="32" value="" anchorTimeID="" DCT="FALSE" comment="">
      <token_anchor t_id="70"/>
      <token_anchor t_id="71"/>
    </TIME_DATE>
    <TIME_DATE m_id="33" comment="" DCT="FALSE" value="2010-04-09" anchorTimeID="36">
      <token_anchor t_id="58"/>
    </TIME_DATE>
    <TIME_DATE m_id="34" comment="" DCT="FALSE" value="2010-04-09" anchorTimeID="36">
      <token_anchor t_id="426"/>
    </TIME_DATE>
    <TIME_DATE m_id="35" value="" anchorTimeID="" DCT="FALSE" comment="">
      <token_anchor t_id="430"/>
      <token_anchor t_id="431"/>
    </TIME_DATE>
    <TIME_OF_THE_DAY m_id="36" DCT="TRUE" value="2007-04-10T10:52" anchorTimeID="36">
      <token_anchor t_id="35"/>
      <token_anchor t_id="36"/>
      <token_anchor t_id="37"/>
      <token_anchor t_id="38"/>
      <token_anchor t_id="39"/>
      <token_anchor t_id="40"/>
      <token_anchor t_id="41"/>
      <token_anchor t_id="42"/>
      <token_anchor t_id="43"/>
      <token_anchor t_id="44"/>
      <token_anchor t_id="45"/>
    </TIME_OF_THE_DAY>
    <HUMAN_PART_PER m_id="38" RELATED_TO="" TAG_DESCRIPTOR="t18_dead_woman" comment=""/>
    <HUMAN_PART_PER m_id="39" RELATED_TO="" TAG_DESCRIPTOR="t18_workers" comment=""/>
    <HUMAN_PART_PER m_id="40" RELATED_TO="" TAG_DESCRIPTOR="t18_shooter" comment=""/>
    <ACTION_OCCURRENCE m_id="41" RELATED_TO="" TAG_DESCRIPTOR="t18_fired" comment="" climaxEvent="FALSE"/>
    <ACTION_OCCURRENCE m_id="42" RELATED_TO="" TAG_DESCRIPTOR="t18_injured" comment="" climaxEvent="FALSE"/>
    <HUMAN_PART_PER m_id="43" RELATED_TO="" TAG_DESCRIPTOR="t18_two_injured" comment=""/>
    <HUMAN_PART_PER m_id="44" RELATED_TO="" TAG_DESCRIPTOR="t18_police" comment=""/>
    <ACTION_OCCURRENCE m_id="45" RELATED_TO="" TAG_DESCRIPTOR="t18_died" comment="" climaxEvent="FALSE"/>
    <ACTION_REPORTING m_id="46" RELATED_TO="" TAG_DESCRIPTOR="t18_police_said"/>
    <TIME_DATE m_id="47" RELATED_TO="" TAG_DESCRIPTOR="t18_monday" value="" anchorTimeID="" DCT="FALSE" comment=""/>
    <TIME_DATE m_id="48" RELATED_TO="" TAG_DESCRIPTOR="t18_last_week_fired" value="" anchorTimeID="" DCT="FALSE" comment=""/>
    <ACTION_OCCURRENCE m_id="49" RELATED_TO="" TAG_DESCRIPTOR="t18_killing" comment="" climaxEvent="FALSE"/>
    <ACTION_OCCURRENCE m_id="50" RELATED_TO="" TAG_DESCRIPTOR="t18_shooting" comment="" climaxEvent="FALSE"/>
    <LOC_FAC m_id="51" RELATED_TO="" TAG_DESCRIPTOR="t18_detroit_accounting_firm"/>
  </Markables>
  <Relations>
    <TLINK r_id="94161" contextualModality="" relType="CONTAINS" comment="">
      <source m_id="33"/>
      <target m_id="8"/>
    </TLINK>
    <TLINK r_id="94162" contextualModality="" relType="CONTAINS" comment="">
      <source m_id="33"/>
      <target m_id="37"/>
    </TLINK>
    <TLINK r_id="94163" contextualModality="" relType="CONTAINS" comment="">
      <source m_id="33"/>
      <target m_id="9"/>
    </TLINK>
    <TLINK r_id="94164" contextualModality="" relType="AFTER" comment="">
      <source m_id="33"/>
      <target m_id="10"/>
    </TLINK>
    <TLINK r_id="94165" contextualModality="" relType="CONTAINS" comment="">
      <source m_id="33"/>
      <target m_id="11"/>
    </TLINK>
    <TLINK r_id="94167" contextualModality="" relType="CONTAINS" comment="">
      <source m_id="34"/>
      <target m_id="4"/>
    </TLINK>
    <TLINK r_id="94168" contextualModality="" relType="AFTER" comment="">
      <source m_id="34"/>
      <target m_id="6"/>
    </TLINK>
    <TLINK r_id="94169" contextualModality="" relType="BEFORE" comment="">
      <source m_id="35"/>
      <target m_id="4"/>
    </TLINK>
    <TLINK r_id="94170" contextualModality="" relType="CONTAINS" comment="">
      <source m_id="35"/>
      <target m_id="6"/>
    </TLINK>
    <TLINK r_id="94171" contextualModality="" relType="AFTER" comment="">
      <source m_id="36"/>
      <target m_id="8"/>
    </TLINK>
    <TLINK r_id="94172" contextualModality="" relType="AFTER" comment="">
      <source m_id="36"/>
      <target m_id="37"/>
    </TLINK>
    <TLINK r_id="94182" contextualModality="" relType="AFTER" comment="">
      <source m_id="36"/>
      <target m_id="9"/>
    </TLINK>
    <TLINK r_id="94183" contextualModality="" relType="AFTER" comment="">
      <source m_id="36"/>
      <target m_id="10"/>
    </TLINK>
    <TLINK r_id="94184" contextualModality="" relType="AFTER" comment="">
      <source m_id="36"/>
      <target m_id="11"/>
    </TLINK>
    <TLINK r_id="94185" contextualModality="" relType="AFTER" comment="">
      <source m_id="36"/>
      <target m_id="12"/>
    </TLINK>
    <TLINK r_id="94186" contextualModality="" relType="AFTER" comment="">
      <source m_id="36"/>
      <target m_id="2"/>
    </TLINK>
    <TLINK r_id="94187" contextualModality="" relType="AFTER" comment="">
      <source m_id="36"/>
      <target m_id="4"/>
    </TLINK>
    <TLINK r_id="94188" contextualModality="" relType="AFTER" comment="">
      <source m_id="36"/>
      <target m_id="6"/>
    </TLINK>
    <TLINK r_id="96016" contextualModality="" relType="CONTAINS" comment="">
      <source m_id="33"/>
      <target m_id="3"/>
    </TLINK>
    <TLINK r_id="96017" contextualModality="" relType="CONTAINS" comment="">
      <source m_id="33"/>
      <target m_id="5"/>
    </TLINK>
    <TLINK r_id="96018" contextualModality="" relType="CONTAINS" comment="">
      <source m_id="33"/>
      <target m_id="7"/>
    </TLINK>
    <TLINK r_id="96019" contextualModality="" relType="AFTER" comment="">
      <source m_id="36"/>
      <target m_id="3"/>
    </TLINK>
    <TLINK r_id="96020" contextualModality="" relType="AFTER" comment="">
      <source m_id="36"/>
      <target m_id="5"/>
    </TLINK>
    <TLINK r_id="96021" contextualModality="" relType="AFTER" comment="">
      <source m_id="36"/>
      <target m_id="7"/>
    </TLINK>
    <PLOT_LINK r_id="99597" SIGNAL="" relType="PRECONDITION" CAUSES="FALSE" CAUSED_BY="FALSE">
      <source m_id="3"/>
      <target m_id="5"/>
    </PLOT_LINK>
    <PLOT_LINK r_id="99598" SIGNAL="" relType="PRECONDITION" CAUSES="FALSE" CAUSED_BY="FALSE">
      <source m_id="3"/>
      <target m_id="7"/>
    </PLOT_LINK>
    <PLOT_LINK r_id="99599" SIGNAL="" relType="PRECONDITION" CAUSES="FALSE" CAUSED_BY="FALSE">
      <source m_id="8"/>
      <target m_id="37"/>
    </PLOT_LINK>
    <PLOT_LINK r_id="99600" SIGNAL="" relType="PRECONDITION" CAUSES="FALSE" CAUSED_BY="FALSE">
      <source m_id="8"/>
      <target m_id="9"/>
    </PLOT_LINK>
    <PLOT_LINK r_id="99601" SIGNAL="" relType="PRECONDITION" CAUSES="FALSE" CAUSED_BY="FALSE">
      <source m_id="8"/>
      <target m_id="11"/>
    </PLOT_LINK>
    <PLOT_LINK r_id="99602" SIGNAL="" relType="PRECONDITION" CAUSES="FALSE" CAUSED_BY="FALSE">
      <source m_id="8"/>
      <target m_id="2"/>
    </PLOT_LINK>
  </Relations>
</Document>
