<?xml version='1.0' encoding='UTF-8'?>
<Document doc_name="18_11ecbplus.xml">
  <token t_id="1" sentence="0" number="0">http</token>
  <token t_id="2" sentence="0" number="1">:</token>
  <token t_id="3" sentence="0" number="2">/</token>
  <token t_id="4" sentence="0" number="3">/</token>
  <token t_id="5" sentence="0" number="4">www</token>
  <token t_id="6" sentence="0" number="5">.</token>
  <token t_id="7" sentence="0" number="6">theage</token>
  <token t_id="8" sentence="0" number="7">.</token>
  <token t_id="9" sentence="0" number="8">com</token>
  <token t_id="10" sentence="0" number="9">.</token>
  <token t_id="11" sentence="0" number="10">au</token>
  <token t_id="12" sentence="0" number="11">/</token>
  <token t_id="13" sentence="0" number="12">articles</token>
  <token t_id="14" sentence="0" number="13">/</token>
  <token t_id="15" sentence="0" number="14">2007</token>
  <token t_id="16" sentence="0" number="15">/</token>
  <token t_id="17" sentence="0" number="16">04</token>
  <token t_id="18" sentence="0" number="17">/</token>
  <token t_id="19" sentence="0" number="18">10</token>
  <token t_id="20" sentence="0" number="19">/</token>
  <token t_id="21" sentence="0" number="20">1175971051701</token>
  <token t_id="22" sentence="0" number="21">.</token>
  <token t_id="23" sentence="0" number="22">html</token>
  <token t_id="24" sentence="1" number="0">Sacked</token>
  <token t_id="25" sentence="1" number="1">worker</token>
  <token t_id="26" sentence="1" number="2">shoots</token>
  <token t_id="27" sentence="1" number="3">ex</token>
  <token t_id="28" sentence="1" number="4">-</token>
  <token t_id="29" sentence="1" number="5">colleagues</token>
  <token t_id="30" sentence="2" number="0">April</token>
  <token t_id="31" sentence="2" number="1">10</token>
  <token t_id="32" sentence="2" number="2">,</token>
  <token t_id="33" sentence="2" number="3">2007</token>
  <token t_id="34" sentence="2" number="4">-</token>
  <token t_id="35" sentence="2" number="5">7</token>
  <token t_id="36" sentence="2" number="6">:</token>
  <token t_id="37" sentence="2" number="7">07AM</token>
  <token t_id="38" sentence="3" number="0">A</token>
  <token t_id="39" sentence="3" number="1">man</token>
  <token t_id="40" sentence="3" number="2">suspected</token>
  <token t_id="41" sentence="3" number="3">of</token>
  <token t_id="42" sentence="3" number="4">shooting</token>
  <token t_id="43" sentence="3" number="5">three</token>
  <token t_id="44" sentence="3" number="6">people</token>
  <token t_id="45" sentence="3" number="7">,</token>
  <token t_id="46" sentence="3" number="8">killing</token>
  <token t_id="47" sentence="3" number="9">one</token>
  <token t_id="48" sentence="3" number="10">,</token>
  <token t_id="49" sentence="3" number="11">at</token>
  <token t_id="50" sentence="3" number="12">a</token>
  <token t_id="51" sentence="3" number="13">suburban</token>
  <token t_id="52" sentence="3" number="14">Detroit</token>
  <token t_id="53" sentence="3" number="15">accounting</token>
  <token t_id="54" sentence="3" number="16">firm</token>
  <token t_id="55" sentence="3" number="17">from</token>
  <token t_id="56" sentence="3" number="18">which</token>
  <token t_id="57" sentence="3" number="19">he</token>
  <token t_id="58" sentence="3" number="20">was</token>
  <token t_id="59" sentence="3" number="21">fired</token>
  <token t_id="60" sentence="3" number="22">last</token>
  <token t_id="61" sentence="3" number="23">week</token>
  <token t_id="62" sentence="3" number="24">was</token>
  <token t_id="63" sentence="3" number="25">arrested</token>
  <token t_id="64" sentence="3" number="26">after</token>
  <token t_id="65" sentence="3" number="27">a</token>
  <token t_id="66" sentence="3" number="28">high</token>
  <token t_id="67" sentence="3" number="29">-</token>
  <token t_id="68" sentence="3" number="30">speed</token>
  <token t_id="69" sentence="3" number="31">chase</token>
  <token t_id="70" sentence="3" number="32">a</token>
  <token t_id="71" sentence="3" number="33">few</token>
  <token t_id="72" sentence="3" number="34">hours</token>
  <token t_id="73" sentence="3" number="35">after</token>
  <token t_id="74" sentence="3" number="36">the</token>
  <token t_id="75" sentence="3" number="37">attack</token>
  <token t_id="76" sentence="3" number="38">this</token>
  <token t_id="77" sentence="3" number="39">morning</token>
  <token t_id="78" sentence="3" number="40">,</token>
  <token t_id="79" sentence="3" number="41">authorities</token>
  <token t_id="80" sentence="3" number="42">said</token>
  <token t_id="81" sentence="3" number="43">.</token>
  <token t_id="82" sentence="4" number="0">Police</token>
  <token t_id="83" sentence="4" number="1">said</token>
  <token t_id="84" sentence="4" number="2">they</token>
  <token t_id="85" sentence="4" number="3">had</token>
  <token t_id="86" sentence="4" number="4">located</token>
  <token t_id="87" sentence="4" number="5">Anthony</token>
  <token t_id="88" sentence="4" number="6">LaCalamita</token>
  <token t_id="89" sentence="4" number="7">,</token>
  <token t_id="90" sentence="4" number="8">38</token>
  <token t_id="91" sentence="4" number="9">,</token>
  <token t_id="92" sentence="4" number="10">on</token>
  <token t_id="93" sentence="4" number="11">the</token>
  <token t_id="94" sentence="4" number="12">Interstate</token>
  <token t_id="95" sentence="4" number="13">75</token>
  <token t_id="96" sentence="4" number="14">highway</token>
  <token t_id="97" sentence="4" number="15">,</token>
  <token t_id="98" sentence="4" number="16">north</token>
  <token t_id="99" sentence="4" number="17">of</token>
  <token t_id="100" sentence="4" number="18">the</token>
  <token t_id="101" sentence="4" number="19">office</token>
  <token t_id="102" sentence="4" number="20">building</token>
  <token t_id="103" sentence="4" number="21">where</token>
  <token t_id="104" sentence="4" number="22">the</token>
  <token t_id="105" sentence="4" number="23">shootings</token>
  <token t_id="106" sentence="4" number="24">took</token>
  <token t_id="107" sentence="4" number="25">place</token>
  <token t_id="108" sentence="4" number="26">.</token>
  <token t_id="109" sentence="5" number="0">Sheriff's</token>
  <token t_id="110" sentence="5" number="1">deputies</token>
  <token t_id="111" sentence="5" number="2">and</token>
  <token t_id="112" sentence="5" number="3">state</token>
  <token t_id="113" sentence="5" number="4">police</token>
  <token t_id="114" sentence="5" number="5">chased</token>
  <token t_id="115" sentence="5" number="6">him</token>
  <token t_id="116" sentence="5" number="7">for</token>
  <token t_id="117" sentence="5" number="8">48km</token>
  <token t_id="118" sentence="5" number="9">,</token>
  <token t_id="119" sentence="5" number="10">including</token>
  <token t_id="120" sentence="5" number="11">through</token>
  <token t_id="121" sentence="5" number="12">a</token>
  <token t_id="122" sentence="5" number="13">construction</token>
  <token t_id="123" sentence="5" number="14">zone</token>
  <token t_id="124" sentence="5" number="15">,</token>
  <token t_id="125" sentence="5" number="16">at</token>
  <token t_id="126" sentence="5" number="17">speeds</token>
  <token t_id="127" sentence="5" number="18">up</token>
  <token t_id="128" sentence="5" number="19">to</token>
  <token t_id="129" sentence="5" number="20">193km</token>
  <token t_id="130" sentence="5" number="21">/</token>
  <token t_id="131" sentence="5" number="22">h</token>
  <token t_id="132" sentence="5" number="23">before</token>
  <token t_id="133" sentence="5" number="24">he</token>
  <token t_id="134" sentence="5" number="25">finally</token>
  <token t_id="135" sentence="5" number="26">pulled</token>
  <token t_id="136" sentence="5" number="27">over</token>
  <token t_id="137" sentence="5" number="28">after</token>
  <token t_id="138" sentence="5" number="29">about</token>
  <token t_id="139" sentence="5" number="30">15</token>
  <token t_id="140" sentence="5" number="31">minutes</token>
  <token t_id="141" sentence="5" number="32">,</token>
  <token t_id="142" sentence="5" number="33">Genesee</token>
  <token t_id="143" sentence="5" number="34">County</token>
  <token t_id="144" sentence="5" number="35">Sheriff</token>
  <token t_id="145" sentence="5" number="36">Robert</token>
  <token t_id="146" sentence="5" number="37">J</token>
  <token t_id="147" sentence="5" number="38">Pickell</token>
  <token t_id="148" sentence="5" number="39">said</token>
  <token t_id="149" sentence="5" number="40">.</token>
  <token t_id="150" sentence="6" number="0">"He</token>
  <token t_id="151" sentence="6" number="1">probably</token>
  <token t_id="152" sentence="6" number="2">realised</token>
  <token t_id="153" sentence="6" number="3">if</token>
  <token t_id="154" sentence="6" number="4">he</token>
  <token t_id="155" sentence="6" number="5">didn't</token>
  <token t_id="156" sentence="6" number="6">,</token>
  <token t_id="157" sentence="6" number="7">he</token>
  <token t_id="158" sentence="6" number="8">was</token>
  <token t_id="159" sentence="6" number="9">going</token>
  <token t_id="160" sentence="6" number="10">to</token>
  <token t_id="161" sentence="6" number="11">be</token>
  <token t_id="162" sentence="6" number="12">shot</token>
  <token t_id="163" sentence="6" number="13">,</token>
  <token t_id="164" sentence="6" number="14">"</token>
  <token t_id="165" sentence="6" number="15">Undersheriff</token>
  <token t_id="166" sentence="6" number="16">James</token>
  <token t_id="167" sentence="6" number="17">Gage</token>
  <token t_id="168" sentence="6" number="18">said</token>
  <token t_id="169" sentence="6" number="19">.</token>
  <token t_id="170" sentence="7" number="0">LaCalamita</token>
  <token t_id="171" sentence="7" number="1">said</token>
  <token t_id="172" sentence="7" number="2">nothing</token>
  <token t_id="173" sentence="7" number="3">after</token>
  <token t_id="174" sentence="7" number="4">officers</token>
  <token t_id="175" sentence="7" number="5">surrounded</token>
  <token t_id="176" sentence="7" number="6">him</token>
  <token t_id="177" sentence="7" number="7">,</token>
  <token t_id="178" sentence="7" number="8">Pickell</token>
  <token t_id="179" sentence="7" number="9">said</token>
  <token t_id="180" sentence="7" number="10">,</token>
  <token t_id="181" sentence="7" number="11">describing</token>
  <token t_id="182" sentence="7" number="12">the</token>
  <token t_id="183" sentence="7" number="13">suspect</token>
  <token t_id="184" sentence="7" number="14">as</token>
  <token t_id="185" sentence="7" number="15">"subdued</token>
  <token t_id="186" sentence="7" number="16">.</token>
  <token t_id="187" sentence="8" number="0">Very</token>
  <token t_id="188" sentence="8" number="1">,</token>
  <token t_id="189" sentence="8" number="2">very</token>
  <token t_id="190" sentence="8" number="3">,</token>
  <token t_id="191" sentence="8" number="4">very</token>
  <token t_id="192" sentence="8" number="5">subdued"</token>
  <token t_id="193" sentence="8" number="6">.</token>
  <token t_id="194" sentence="9" number="0">Officers</token>
  <token t_id="195" sentence="9" number="1">found</token>
  <token t_id="196" sentence="9" number="2">a</token>
  <token t_id="197" sentence="9" number="3">12</token>
  <token t_id="198" sentence="9" number="4">-</token>
  <token t_id="199" sentence="9" number="5">gauge</token>
  <token t_id="200" sentence="9" number="6">pump</token>
  <token t_id="201" sentence="9" number="7">-</token>
  <token t_id="202" sentence="9" number="8">action</token>
  <token t_id="203" sentence="9" number="9">shotgun</token>
  <token t_id="204" sentence="9" number="10">and</token>
  <token t_id="205" sentence="9" number="11">three</token>
  <token t_id="206" sentence="9" number="12">live</token>
  <token t_id="207" sentence="9" number="13">shells</token>
  <token t_id="208" sentence="9" number="14">in</token>
  <token t_id="209" sentence="9" number="15">the</token>
  <token t_id="210" sentence="9" number="16">vehicle</token>
  <token t_id="211" sentence="9" number="17">,</token>
  <token t_id="212" sentence="9" number="18">Pickell</token>
  <token t_id="213" sentence="9" number="19">said</token>
  <token t_id="214" sentence="9" number="20">.</token>
  <token t_id="215" sentence="10" number="0">Witnesses</token>
  <token t_id="216" sentence="10" number="1">said</token>
  <token t_id="217" sentence="10" number="2">the</token>
  <token t_id="218" sentence="10" number="3">shooter</token>
  <token t_id="219" sentence="10" number="4">used</token>
  <token t_id="220" sentence="10" number="5">a</token>
  <token t_id="221" sentence="10" number="6">shotgun</token>
  <token t_id="222" sentence="10" number="7">or</token>
  <token t_id="223" sentence="10" number="8">a</token>
  <token t_id="224" sentence="10" number="9">rifle</token>
  <token t_id="225" sentence="10" number="10">,</token>
  <token t_id="226" sentence="10" number="11">Troy</token>
  <token t_id="227" sentence="10" number="12">police</token>
  <token t_id="228" sentence="10" number="13">Lieutenant</token>
  <token t_id="229" sentence="10" number="14">Gerry</token>
  <token t_id="230" sentence="10" number="15">Scherlinck</token>
  <token t_id="231" sentence="10" number="16">said</token>
  <token t_id="232" sentence="10" number="17">.</token>
  <token t_id="233" sentence="11" number="0">Some</token>
  <token t_id="234" sentence="11" number="1">witnesses</token>
  <token t_id="235" sentence="11" number="2">told</token>
  <token t_id="236" sentence="11" number="3">police</token>
  <token t_id="237" sentence="11" number="4">that</token>
  <token t_id="238" sentence="11" number="5">when</token>
  <token t_id="239" sentence="11" number="6">the</token>
  <token t_id="240" sentence="11" number="7">shooter</token>
  <token t_id="241" sentence="11" number="8">walked</token>
  <token t_id="242" sentence="11" number="9">into</token>
  <token t_id="243" sentence="11" number="10">the</token>
  <token t_id="244" sentence="11" number="11">office</token>
  <token t_id="245" sentence="11" number="12">on</token>
  <token t_id="246" sentence="11" number="13">the</token>
  <token t_id="247" sentence="11" number="14">building's</token>
  <token t_id="248" sentence="11" number="15">second</token>
  <token t_id="249" sentence="11" number="16">floor</token>
  <token t_id="250" sentence="11" number="17">at</token>
  <token t_id="251" sentence="11" number="18">about</token>
  <token t_id="252" sentence="11" number="19">10am</token>
  <token t_id="253" sentence="11" number="20">today</token>
  <token t_id="254" sentence="11" number="21">,</token>
  <token t_id="255" sentence="11" number="22">he</token>
  <token t_id="256" sentence="11" number="23">looked</token>
  <token t_id="257" sentence="11" number="24">as</token>
  <token t_id="258" sentence="11" number="25">if</token>
  <token t_id="259" sentence="11" number="26">he</token>
  <token t_id="260" sentence="11" number="27">was</token>
  <token t_id="261" sentence="11" number="28">trying</token>
  <token t_id="262" sentence="11" number="29">to</token>
  <token t_id="263" sentence="11" number="30">hide</token>
  <token t_id="264" sentence="11" number="31">something</token>
  <token t_id="265" sentence="11" number="32">,</token>
  <token t_id="266" sentence="11" number="33">Troy</token>
  <token t_id="267" sentence="11" number="34">Police</token>
  <token t_id="268" sentence="11" number="35">Chief</token>
  <token t_id="269" sentence="11" number="36">Charles</token>
  <token t_id="270" sentence="11" number="37">Craft</token>
  <token t_id="271" sentence="11" number="38">said</token>
  <token t_id="272" sentence="11" number="39">.</token>
  <token t_id="273" sentence="12" number="0">Police</token>
  <token t_id="274" sentence="12" number="1">could</token>
  <token t_id="275" sentence="12" number="2">not</token>
  <token t_id="276" sentence="12" number="3">say</token>
  <token t_id="277" sentence="12" number="4">how</token>
  <token t_id="278" sentence="12" number="5">many</token>
  <token t_id="279" sentence="12" number="6">shots</token>
  <token t_id="280" sentence="12" number="7">were</token>
  <token t_id="281" sentence="12" number="8">fired</token>
  <token t_id="282" sentence="12" number="9">.</token>
  <token t_id="283" sentence="13" number="0">"I'm</token>
  <token t_id="284" sentence="13" number="1">not</token>
  <token t_id="285" sentence="13" number="2">positive</token>
  <token t_id="286" sentence="13" number="3">all</token>
  <token t_id="287" sentence="13" number="4">three</token>
  <token t_id="288" sentence="13" number="5">of</token>
  <token t_id="289" sentence="13" number="6">the</token>
  <token t_id="290" sentence="13" number="7">people</token>
  <token t_id="291" sentence="13" number="8">were</token>
  <token t_id="292" sentence="13" number="9">targeted</token>
  <token t_id="293" sentence="13" number="10">,</token>
  <token t_id="294" sentence="13" number="11">but</token>
  <token t_id="295" sentence="13" number="12">there</token>
  <token t_id="296" sentence="13" number="13">appeared</token>
  <token t_id="297" sentence="13" number="14">to</token>
  <token t_id="298" sentence="13" number="15">be</token>
  <token t_id="299" sentence="13" number="16">some</token>
  <token t_id="300" sentence="13" number="17">purpose</token>
  <token t_id="301" sentence="13" number="18">,</token>
  <token t_id="302" sentence="13" number="19">"</token>
  <token t_id="303" sentence="13" number="20">Craft</token>
  <token t_id="304" sentence="13" number="21">said</token>
  <token t_id="305" sentence="13" number="22">.</token>
  <token t_id="306" sentence="14" number="0">The</token>
  <token t_id="307" sentence="14" number="1">families</token>
  <token t_id="308" sentence="14" number="2">of</token>
  <token t_id="309" sentence="14" number="3">the</token>
  <token t_id="310" sentence="14" number="4">two</token>
  <token t_id="311" sentence="14" number="5">wounded</token>
  <token t_id="312" sentence="14" number="6">men</token>
  <token t_id="313" sentence="14" number="7">requested</token>
  <token t_id="314" sentence="14" number="8">"total</token>
  <token t_id="315" sentence="14" number="9">privacy"</token>
  <token t_id="316" sentence="14" number="10">,</token>
  <token t_id="317" sentence="14" number="11">and</token>
  <token t_id="318" sentence="14" number="12">the</token>
  <token t_id="319" sentence="14" number="13">hospital</token>
  <token t_id="320" sentence="14" number="14">would</token>
  <token t_id="321" sentence="14" number="15">not</token>
  <token t_id="322" sentence="14" number="16">release</token>
  <token t_id="323" sentence="14" number="17">any</token>
  <token t_id="324" sentence="14" number="18">details</token>
  <token t_id="325" sentence="14" number="19">about</token>
  <token t_id="326" sentence="14" number="20">their</token>
  <token t_id="327" sentence="14" number="21">conditions</token>
  <token t_id="328" sentence="14" number="22">,</token>
  <token t_id="329" sentence="14" number="23">Beaumont</token>
  <token t_id="330" sentence="14" number="24">Hospital</token>
  <token t_id="331" sentence="14" number="25">spokeswoman</token>
  <token t_id="332" sentence="14" number="26">Ilene</token>
  <token t_id="333" sentence="14" number="27">Wolfe</token>
  <token t_id="334" sentence="14" number="28">said</token>
  <token t_id="335" sentence="14" number="29">.</token>
  <token t_id="336" sentence="15" number="0">She</token>
  <token t_id="337" sentence="15" number="1">said</token>
  <token t_id="338" sentence="15" number="2">the</token>
  <token t_id="339" sentence="15" number="3">third</token>
  <token t_id="340" sentence="15" number="4">victim</token>
  <token t_id="341" sentence="15" number="5">died</token>
  <token t_id="342" sentence="15" number="6">on</token>
  <token t_id="343" sentence="15" number="7">the</token>
  <token t_id="344" sentence="15" number="8">way</token>
  <token t_id="345" sentence="15" number="9">to</token>
  <token t_id="346" sentence="15" number="10">the</token>
  <token t_id="347" sentence="15" number="11">hospital</token>
  <token t_id="348" sentence="15" number="12">.</token>
  <token t_id="349" sentence="16" number="0">LaCalamita</token>
  <token t_id="350" sentence="16" number="1">was</token>
  <token t_id="351" sentence="16" number="2">listed</token>
  <token t_id="352" sentence="16" number="3">among</token>
  <token t_id="353" sentence="16" number="4">the</token>
  <token t_id="354" sentence="16" number="5">professional</token>
  <token t_id="355" sentence="16" number="6">staff</token>
  <token t_id="356" sentence="16" number="7">on</token>
  <token t_id="357" sentence="16" number="8">the</token>
  <token t_id="358" sentence="16" number="9">website</token>
  <token t_id="359" sentence="16" number="10">of</token>
  <token t_id="360" sentence="16" number="11">Gordon</token>
  <token t_id="361" sentence="16" number="12">Advisers</token>
  <token t_id="362" sentence="16" number="13">,</token>
  <token t_id="363" sentence="16" number="14">a</token>
  <token t_id="364" sentence="16" number="15">public</token>
  <token t_id="365" sentence="16" number="16">accounting</token>
  <token t_id="366" sentence="16" number="17">and</token>
  <token t_id="367" sentence="16" number="18">business</token>
  <token t_id="368" sentence="16" number="19">consulting</token>
  <token t_id="369" sentence="16" number="20">firm</token>
  <token t_id="370" sentence="16" number="21">in</token>
  <token t_id="371" sentence="16" number="22">the</token>
  <token t_id="372" sentence="16" number="23">building</token>
  <token t_id="373" sentence="16" number="24">.</token>
  <token t_id="374" sentence="17" number="0">Calls</token>
  <token t_id="375" sentence="17" number="1">to</token>
  <token t_id="376" sentence="17" number="2">Gordon</token>
  <token t_id="377" sentence="17" number="3">Advisers</token>
  <token t_id="378" sentence="17" number="4">were</token>
  <token t_id="379" sentence="17" number="5">not</token>
  <token t_id="380" sentence="17" number="6">answered</token>
  <token t_id="381" sentence="17" number="7">this</token>
  <token t_id="382" sentence="17" number="8">afternoon</token>
  <token t_id="383" sentence="17" number="9">,</token>
  <token t_id="384" sentence="17" number="10">and</token>
  <token t_id="385" sentence="17" number="11">a</token>
  <token t_id="386" sentence="17" number="12">recording</token>
  <token t_id="387" sentence="17" number="13">said</token>
  <token t_id="388" sentence="17" number="14">the</token>
  <token t_id="389" sentence="17" number="15">offices</token>
  <token t_id="390" sentence="17" number="16">were</token>
  <token t_id="391" sentence="17" number="17">closed</token>
  <token t_id="392" sentence="17" number="18">.</token>
  <token t_id="393" sentence="18" number="0">The</token>
  <token t_id="394" sentence="18" number="1">15</token>
  <token t_id="395" sentence="18" number="2">,</token>
  <token t_id="396" sentence="18" number="3">800</token>
  <token t_id="397" sentence="18" number="4">-</token>
  <token t_id="398" sentence="18" number="5">square</token>
  <token t_id="399" sentence="18" number="6">-</token>
  <token t_id="400" sentence="18" number="7">metre</token>
  <token t_id="401" sentence="18" number="8">building</token>
  <token t_id="402" sentence="18" number="9">houses</token>
  <token t_id="403" sentence="18" number="10">a</token>
  <token t_id="404" sentence="18" number="11">number</token>
  <token t_id="405" sentence="18" number="12">of</token>
  <token t_id="406" sentence="18" number="13">businesses</token>
  <token t_id="407" sentence="18" number="14">,</token>
  <token t_id="408" sentence="18" number="15">including</token>
  <token t_id="409" sentence="18" number="16">law</token>
  <token t_id="410" sentence="18" number="17">offices</token>
  <token t_id="411" sentence="18" number="18">and</token>
  <token t_id="412" sentence="18" number="19">the</token>
  <token t_id="413" sentence="18" number="20">accounting</token>
  <token t_id="414" sentence="18" number="21">firm</token>
  <token t_id="415" sentence="18" number="22">.</token>
  <token t_id="416" sentence="19" number="0">Police</token>
  <token t_id="417" sentence="19" number="1">at</token>
  <token t_id="418" sentence="19" number="2">first</token>
  <token t_id="419" sentence="19" number="3">told</token>
  <token t_id="420" sentence="19" number="4">workers</token>
  <token t_id="421" sentence="19" number="5">to</token>
  <token t_id="422" sentence="19" number="6">stay</token>
  <token t_id="423" sentence="19" number="7">in</token>
  <token t_id="424" sentence="19" number="8">their</token>
  <token t_id="425" sentence="19" number="9">offices</token>
  <token t_id="426" sentence="19" number="10">but</token>
  <token t_id="427" sentence="19" number="11">a</token>
  <token t_id="428" sentence="19" number="12">short</token>
  <token t_id="429" sentence="19" number="13">time</token>
  <token t_id="430" sentence="19" number="14">later</token>
  <token t_id="431" sentence="19" number="15">evacuated</token>
  <token t_id="432" sentence="19" number="16">the</token>
  <token t_id="433" sentence="19" number="17">building</token>
  <token t_id="434" sentence="19" number="18">,</token>
  <token t_id="435" sentence="19" number="19">about</token>
  <token t_id="436" sentence="19" number="20">24km</token>
  <token t_id="437" sentence="19" number="21">north</token>
  <token t_id="438" sentence="19" number="22">of</token>
  <token t_id="439" sentence="19" number="23">Detroit</token>
  <token t_id="440" sentence="19" number="24">.</token>
  <token t_id="441" sentence="20" number="0">Bill</token>
  <token t_id="442" sentence="20" number="1">Adgate</token>
  <token t_id="443" sentence="20" number="2">,</token>
  <token t_id="444" sentence="20" number="3">who</token>
  <token t_id="445" sentence="20" number="4">works</token>
  <token t_id="446" sentence="20" number="5">at</token>
  <token t_id="447" sentence="20" number="6">LPL</token>
  <token t_id="448" sentence="20" number="7">Financial</token>
  <token t_id="449" sentence="20" number="8">inside</token>
  <token t_id="450" sentence="20" number="9">the</token>
  <token t_id="451" sentence="20" number="10">building</token>
  <token t_id="452" sentence="20" number="11">,</token>
  <token t_id="453" sentence="20" number="12">said</token>
  <token t_id="454" sentence="20" number="13">he</token>
  <token t_id="455" sentence="20" number="14">had</token>
  <token t_id="456" sentence="20" number="15">hunkered</token>
  <token t_id="457" sentence="20" number="16">down</token>
  <token t_id="458" sentence="20" number="17">inside</token>
  <token t_id="459" sentence="20" number="18">the</token>
  <token t_id="460" sentence="20" number="19">office</token>
  <token t_id="461" sentence="20" number="20">for</token>
  <token t_id="462" sentence="20" number="21">a</token>
  <token t_id="463" sentence="20" number="22">couple</token>
  <token t_id="464" sentence="20" number="23">of</token>
  <token t_id="465" sentence="20" number="24">hours</token>
  <token t_id="466" sentence="20" number="25">with</token>
  <token t_id="467" sentence="20" number="26">furniture</token>
  <token t_id="468" sentence="20" number="27">pushed</token>
  <token t_id="469" sentence="20" number="28">up</token>
  <token t_id="470" sentence="20" number="29">against</token>
  <token t_id="471" sentence="20" number="30">the</token>
  <token t_id="472" sentence="20" number="31">door</token>
  <token t_id="473" sentence="20" number="32">.</token>
  <token t_id="474" sentence="21" number="0">He</token>
  <token t_id="475" sentence="21" number="1">said</token>
  <token t_id="476" sentence="21" number="2">police</token>
  <token t_id="477" sentence="21" number="3">told</token>
  <token t_id="478" sentence="21" number="4">the</token>
  <token t_id="479" sentence="21" number="5">group</token>
  <token t_id="480" sentence="21" number="6">to</token>
  <token t_id="481" sentence="21" number="7">stay</token>
  <token t_id="482" sentence="21" number="8">put</token>
  <token t_id="483" sentence="21" number="9">until</token>
  <token t_id="484" sentence="21" number="10">officers</token>
  <token t_id="485" sentence="21" number="11">allowed</token>
  <token t_id="486" sentence="21" number="12">them</token>
  <token t_id="487" sentence="21" number="13">to</token>
  <token t_id="488" sentence="21" number="14">leave</token>
  <token t_id="489" sentence="21" number="15">.</token>
  <token t_id="490" sentence="22" number="0">"It's</token>
  <token t_id="491" sentence="22" number="1">tough</token>
  <token t_id="492" sentence="22" number="2">.</token>
  <token t_id="493" sentence="23" number="0">I</token>
  <token t_id="494" sentence="23" number="1">want</token>
  <token t_id="495" sentence="23" number="2">to</token>
  <token t_id="496" sentence="23" number="3">get</token>
  <token t_id="497" sentence="23" number="4">out</token>
  <token t_id="498" sentence="23" number="5">,</token>
  <token t_id="499" sentence="23" number="6">"</token>
  <token t_id="500" sentence="23" number="7">Adgate</token>
  <token t_id="501" sentence="23" number="8">said</token>
  <token t_id="502" sentence="23" number="9">by</token>
  <token t_id="503" sentence="23" number="10">telephone</token>
  <token t_id="504" sentence="23" number="11">.</token>
  <Markables>
    <ACTION_OCCURRENCE m_id="1" comment="" climaxEvent="FALSE">
      <token_anchor t_id="59"/>
    </ACTION_OCCURRENCE>
    <ACTION_OCCURRENCE m_id="2" climaxEvent="TRUE" comment="">
      <token_anchor t_id="63"/>
    </ACTION_OCCURRENCE>
    <ACTION_OCCURRENCE m_id="3" comment="" climaxEvent="FALSE">
      <token_anchor t_id="69"/>
    </ACTION_OCCURRENCE>
    <ACTION_OCCURRENCE m_id="4" comment="" climaxEvent="FALSE">
      <token_anchor t_id="75"/>
    </ACTION_OCCURRENCE>
    <ACTION_OCCURRENCE m_id="5" climaxEvent="TRUE" comment="">
      <token_anchor t_id="26"/>
    </ACTION_OCCURRENCE>
    <ACTION_OCCURRENCE m_id="6" comment="" climaxEvent="FALSE">
      <token_anchor t_id="42"/>
    </ACTION_OCCURRENCE>
    <ACTION_OCCURRENCE m_id="7" comment="" climaxEvent="FALSE">
      <token_anchor t_id="46"/>
    </ACTION_OCCURRENCE>
    <ACTION_OCCURRENCE m_id="20" comment="" climaxEvent="FALSE">
      <token_anchor t_id="24"/>
    </ACTION_OCCURRENCE>
    <ACTION_OCCURRENCE m_id="21" comment="" climaxEvent="FALSE">
      <token_anchor t_id="40"/>
    </ACTION_OCCURRENCE>
    <ACTION_REPORTING m_id="8">
      <token_anchor t_id="80"/>
    </ACTION_REPORTING>
    <HUMAN_PART_PER m_id="9" comment="">
      <token_anchor t_id="57"/>
    </HUMAN_PART_PER>
    <HUMAN_PART_PER m_id="10" comment="">
      <token_anchor t_id="47"/>
    </HUMAN_PART_PER>
    <HUMAN_PART_PER m_id="11" comment="">
      <token_anchor t_id="25"/>
    </HUMAN_PART_PER>
    <HUMAN_PART_PER m_id="12" comment="">
      <token_anchor t_id="27"/>
      <token_anchor t_id="28"/>
      <token_anchor t_id="29"/>
    </HUMAN_PART_PER>
    <HUMAN_PART_PER m_id="13" comment="">
      <token_anchor t_id="39"/>
    </HUMAN_PART_PER>
    <HUMAN_PART_PER m_id="14" comment="">
      <token_anchor t_id="44"/>
    </HUMAN_PART_PER>
    <HUMAN_PART_PER m_id="15" comment="">
      <token_anchor t_id="79"/>
    </HUMAN_PART_PER>
    <LOC_FAC m_id="16">
      <token_anchor t_id="50"/>
      <token_anchor t_id="51"/>
      <token_anchor t_id="52"/>
      <token_anchor t_id="53"/>
      <token_anchor t_id="54"/>
    </LOC_FAC>
    <TIME_DATE m_id="17" value="" anchorTimeID="" DCT="FALSE" comment="">
      <token_anchor t_id="60"/>
      <token_anchor t_id="61"/>
    </TIME_DATE>
    <TIME_DATE m_id="19" comment="" DCT="FALSE" value="2007-04-10" anchorTimeID="18">
      <token_anchor t_id="76"/>
      <token_anchor t_id="77"/>
    </TIME_DATE>
    <TIME_OF_THE_DAY m_id="18" DCT="FALSE" value="2007-04-10" anchorTimeID="18">
      <token_anchor t_id="30"/>
      <token_anchor t_id="31"/>
      <token_anchor t_id="32"/>
      <token_anchor t_id="33"/>
      <token_anchor t_id="34"/>
      <token_anchor t_id="35"/>
      <token_anchor t_id="36"/>
      <token_anchor t_id="37"/>
    </TIME_OF_THE_DAY>
    <TIME_OF_THE_DAY m_id="22" value="" anchorTimeID="" DCT="FALSE">
      <token_anchor t_id="70"/>
      <token_anchor t_id="71"/>
      <token_anchor t_id="72"/>
      <token_anchor t_id="73"/>
    </TIME_OF_THE_DAY>
    <ACTION_OCCURRENCE m_id="23" RELATED_TO="" TAG_DESCRIPTOR="t18_chase" comment="" climaxEvent="FALSE"/>
    <ACTION_OCCURRENCE m_id="24" RELATED_TO="" TAG_DESCRIPTOR="t18_attack" comment="" climaxEvent="FALSE"/>
    <ACTION_OCCURRENCE m_id="25" RELATED_TO="" TAG_DESCRIPTOR="t18_arrested" comment="" climaxEvent="FALSE"/>
    <HUMAN_PART_PER m_id="26" RELATED_TO="" TAG_DESCRIPTOR="t18_authorities" comment=""/>
    <TIME_OF_THE_DAY m_id="27" RELATED_TO="" TAG_DESCRIPTOR="t18_hours_after_attack" value="" anchorTimeID="" DCT="FALSE"/>
    <ACTION_REPORTING m_id="28" RELATED_TO="" TAG_DESCRIPTOR="t18_authorities_said"/>
    <ACTION_OCCURRENCE m_id="29" RELATED_TO="" TAG_DESCRIPTOR="t18_suspected" comment="" climaxEvent="FALSE"/>
    <TIME_DATE m_id="30" RELATED_TO="" TAG_DESCRIPTOR="t18_monday" value="" anchorTimeID="" DCT="FALSE" comment=""/>
    <TIME_DATE m_id="31" RELATED_TO="" TAG_DESCRIPTOR="t18_last_week_fired" value="" anchorTimeID="" DCT="FALSE" comment=""/>
    <ACTION_OCCURRENCE m_id="32" RELATED_TO="" TAG_DESCRIPTOR="t18_shooting" comment="" climaxEvent="FALSE"/>
    <HUMAN_PART_PER m_id="33" RELATED_TO="" TAG_DESCRIPTOR="t18_dead_woman" comment=""/>
    <HUMAN_PART_PER m_id="34" RELATED_TO="" TAG_DESCRIPTOR="t18_workers" comment=""/>
    <HUMAN_PART_PER m_id="35" RELATED_TO="" TAG_DESCRIPTOR="t18_shooter" comment=""/>
    <ACTION_OCCURRENCE m_id="36" RELATED_TO="" TAG_DESCRIPTOR="t18_fired" comment="" climaxEvent="FALSE"/>
    <ACTION_OCCURRENCE m_id="37" RELATED_TO="" TAG_DESCRIPTOR="t18_killing" comment="" climaxEvent="FALSE"/>
    <LOC_FAC m_id="38" RELATED_TO="" TAG_DESCRIPTOR="t18_detroit_accounting_firm"/>
  </Markables>
  <Relations>
    <TLINK r_id="94145" contextualModality="" relType="CONTAINS" comment="">
      <source m_id="19"/>
      <target m_id="21"/>
    </TLINK>
    <TLINK r_id="94146" contextualModality="" relType="AFTER" comment="">
      <source m_id="19"/>
      <target m_id="6"/>
    </TLINK>
    <TLINK r_id="94147" contextualModality="" relType="AFTER" comment="">
      <source m_id="19"/>
      <target m_id="7"/>
    </TLINK>
    <TLINK r_id="94148" contextualModality="" relType="AFTER" comment="">
      <source m_id="19"/>
      <target m_id="1"/>
    </TLINK>
    <TLINK r_id="94149" contextualModality="" relType="CONTAINS" comment="">
      <source m_id="19"/>
      <target m_id="2"/>
    </TLINK>
    <TLINK r_id="94150" contextualModality="" relType="CONTAINS" comment="">
      <source m_id="19"/>
      <target m_id="3"/>
    </TLINK>
    <TLINK r_id="94151" contextualModality="" relType="CONTAINS" comment="">
      <source m_id="22"/>
      <target m_id="2"/>
    </TLINK>
    <TLINK r_id="94152" contextualModality="" relType="CONTAINS" comment="">
      <source m_id="22"/>
      <target m_id="3"/>
    </TLINK>
    <TLINK r_id="94153" contextualModality="" relType="AFTER" comment="">
      <source m_id="19"/>
      <target m_id="4"/>
    </TLINK>
    <TLINK r_id="94154" contextualModality="" relType="OVERLAP" comment="">
      <source m_id="18"/>
      <target m_id="21"/>
    </TLINK>
    <TLINK r_id="94155" contextualModality="" relType="AFTER" comment="">
      <source m_id="18"/>
      <target m_id="6"/>
    </TLINK>
    <TLINK r_id="94156" contextualModality="" relType="AFTER" comment="">
      <source m_id="18"/>
      <target m_id="7"/>
    </TLINK>
    <TLINK r_id="94157" contextualModality="" relType="AFTER" comment="">
      <source m_id="18"/>
      <target m_id="1"/>
    </TLINK>
    <TLINK r_id="94158" contextualModality="" relType="AFTER" comment="">
      <source m_id="18"/>
      <target m_id="2"/>
    </TLINK>
    <TLINK r_id="94159" contextualModality="" relType="AFTER" comment="">
      <source m_id="18"/>
      <target m_id="3"/>
    </TLINK>
    <TLINK r_id="94160" contextualModality="" relType="AFTER" comment="">
      <source m_id="18"/>
      <target m_id="4"/>
    </TLINK>
    <TLINK r_id="96012" contextualModality="" relType="AFTER" comment="">
      <source m_id="19"/>
      <target m_id="20"/>
    </TLINK>
    <TLINK r_id="96013" contextualModality="" relType="CONTAINS" comment="">
      <source m_id="19"/>
      <target m_id="5"/>
    </TLINK>
    <TLINK r_id="96014" contextualModality="" relType="AFTER" comment="">
      <source m_id="18"/>
      <target m_id="20"/>
    </TLINK>
    <TLINK r_id="96015" contextualModality="" relType="AFTER" comment="">
      <source m_id="18"/>
      <target m_id="5"/>
    </TLINK>
    <PLOT_LINK r_id="99592" SIGNAL="" relType="PRECONDITION" CAUSES="FALSE" CAUSED_BY="FALSE">
      <source m_id="5"/>
      <target m_id="7"/>
    </PLOT_LINK>
    <PLOT_LINK r_id="99593" SIGNAL="" relType="PRECONDITION" CAUSES="FALSE" CAUSED_BY="FALSE">
      <source m_id="6"/>
      <target m_id="7"/>
    </PLOT_LINK>
    <PLOT_LINK r_id="99594" SIGNAL="" relType="PRECONDITION" CAUSES="FALSE" CAUSED_BY="FALSE">
      <source m_id="7"/>
      <target m_id="2"/>
    </PLOT_LINK>
    <PLOT_LINK r_id="99595" SIGNAL="" relType="PRECONDITION" CAUSES="FALSE" CAUSED_BY="FALSE">
      <source m_id="21"/>
      <target m_id="2"/>
    </PLOT_LINK>
    <PLOT_LINK r_id="99596" SIGNAL="" relType="FALLING_ACTION" CAUSES="FALSE" CAUSED_BY="FALSE">
      <source m_id="2"/>
      <target m_id="3"/>
    </PLOT_LINK>
  </Relations>
</Document>
