<?xml version='1.0' encoding='UTF-8'?>
<Document doc_name="41_1ecbplus.xml">
  <token t_id="1" sentence="0" number="0">http</token>
  <token t_id="2" sentence="0" number="1">:</token>
  <token t_id="3" sentence="0" number="2">/</token>
  <token t_id="4" sentence="0" number="3">/</token>
  <token t_id="5" sentence="0" number="4">www</token>
  <token t_id="6" sentence="0" number="5">.</token>
  <token t_id="7" sentence="0" number="6">enoughproject</token>
  <token t_id="8" sentence="0" number="7">.</token>
  <token t_id="9" sentence="0" number="8">org</token>
  <token t_id="10" sentence="0" number="9">/</token>
  <token t_id="11" sentence="0" number="10">blogs</token>
  <token t_id="12" sentence="0" number="11">/</token>
  <token t_id="13" sentence="0" number="12">breaking</token>
  <token t_id="14" sentence="0" number="13">-</token>
  <token t_id="15" sentence="0" number="14">news</token>
  <token t_id="16" sentence="0" number="15">-</token>
  <token t_id="17" sentence="0" number="16">sudan</token>
  <token t_id="18" sentence="0" number="17">-</token>
  <token t_id="19" sentence="0" number="18">bombs</token>
  <token t_id="20" sentence="0" number="19">-</token>
  <token t_id="21" sentence="0" number="20">yida</token>
  <token t_id="22" sentence="0" number="21">-</token>
  <token t_id="23" sentence="0" number="22">refugee</token>
  <token t_id="24" sentence="0" number="23">-</token>
  <token t_id="25" sentence="0" number="24">camp</token>
  <token t_id="26" sentence="0" number="25">-</token>
  <token t_id="27" sentence="0" number="26">south</token>
  <token t_id="28" sentence="0" number="27">-</token>
  <token t_id="29" sentence="0" number="28">sudan</token>
  <token t_id="30" sentence="1" number="0">Breaking</token>
  <token t_id="31" sentence="1" number="1">News</token>
  <token t_id="32" sentence="1" number="2">:</token>
  <token t_id="33" sentence="1" number="3">Sudan</token>
  <token t_id="34" sentence="1" number="4">Bombs</token>
  <token t_id="35" sentence="1" number="5">Yida</token>
  <token t_id="36" sentence="1" number="6">Refugee</token>
  <token t_id="37" sentence="1" number="7">Camp</token>
  <token t_id="38" sentence="1" number="8">in</token>
  <token t_id="39" sentence="1" number="9">South</token>
  <token t_id="40" sentence="1" number="10">Sudan</token>
  <token t_id="41" sentence="2" number="0">on</token>
  <token t_id="42" sentence="2" number="1">Nov</token>
  <token t_id="43" sentence="2" number="2">10</token>
  <token t_id="44" sentence="2" number="3">,</token>
  <token t_id="45" sentence="2" number="4">2011</token>
  <token t_id="46" sentence="3" number="0">The</token>
  <token t_id="47" sentence="3" number="1">Sudan</token>
  <token t_id="48" sentence="3" number="2">Armed</token>
  <token t_id="49" sentence="3" number="3">Forces</token>
  <token t_id="50" sentence="3" number="4">,</token>
  <token t_id="51" sentence="3" number="5">or</token>
  <token t_id="52" sentence="3" number="6">SAF</token>
  <token t_id="53" sentence="3" number="7">,</token>
  <token t_id="54" sentence="3" number="8">attacked</token>
  <token t_id="55" sentence="3" number="9">a</token>
  <token t_id="56" sentence="3" number="10">refugee</token>
  <token t_id="57" sentence="3" number="11">camp</token>
  <token t_id="58" sentence="3" number="12">in</token>
  <token t_id="59" sentence="3" number="13">South</token>
  <token t_id="60" sentence="3" number="14">Sudan</token>
  <token t_id="61" sentence="3" number="15">at</token>
  <token t_id="62" sentence="3" number="16">2</token>
  <token t_id="63" sentence="3" number="17">:</token>
  <token t_id="64" sentence="3" number="18">53</token>
  <token t_id="65" sentence="3" number="19">p</token>
  <token t_id="66" sentence="3" number="20">.</token>
  <token t_id="67" sentence="3" number="21">m</token>
  <token t_id="68" sentence="3" number="22">.</token>
  <token t_id="69" sentence="3" number="23">local</token>
  <token t_id="70" sentence="3" number="24">time</token>
  <token t_id="71" sentence="3" number="25">today</token>
  <token t_id="72" sentence="3" number="26">.</token>
  <token t_id="73" sentence="4" number="0">Enough</token>
  <token t_id="74" sentence="4" number="1">Project</token>
  <token t_id="75" sentence="4" number="2">sources</token>
  <token t_id="76" sentence="4" number="3">indicated</token>
  <token t_id="77" sentence="4" number="4">that</token>
  <token t_id="78" sentence="4" number="5">no</token>
  <token t_id="79" sentence="4" number="6">one</token>
  <token t_id="80" sentence="4" number="7">was</token>
  <token t_id="81" sentence="4" number="8">killed</token>
  <token t_id="82" sentence="4" number="9">or</token>
  <token t_id="83" sentence="4" number="10">injured</token>
  <token t_id="84" sentence="4" number="11">in</token>
  <token t_id="85" sentence="4" number="12">the</token>
  <token t_id="86" sentence="4" number="13">attack</token>
  <token t_id="87" sentence="4" number="14">,</token>
  <token t_id="88" sentence="4" number="15">contrary</token>
  <token t_id="89" sentence="4" number="16">to</token>
  <token t_id="90" sentence="4" number="17">initial</token>
  <token t_id="91" sentence="4" number="18">estimates</token>
  <token t_id="92" sentence="4" number="19">from</token>
  <token t_id="93" sentence="4" number="20">the</token>
  <token t_id="94" sentence="4" number="21">Unity</token>
  <token t_id="95" sentence="4" number="22">state</token>
  <token t_id="96" sentence="4" number="23">government</token>
  <token t_id="97" sentence="4" number="24">.</token>
  <token t_id="98" sentence="5" number="0">However</token>
  <token t_id="99" sentence="5" number="1">,</token>
  <token t_id="100" sentence="5" number="2">casualty</token>
  <token t_id="101" sentence="5" number="3">figures</token>
  <token t_id="102" sentence="5" number="4">remain</token>
  <token t_id="103" sentence="5" number="5">unconfirmed</token>
  <token t_id="104" sentence="5" number="6">.</token>
  <token t_id="105" sentence="6" number="0">A</token>
  <token t_id="106" sentence="6" number="1">SAF</token>
  <token t_id="107" sentence="6" number="2">spokesman</token>
  <token t_id="108" sentence="6" number="3">denied</token>
  <token t_id="109" sentence="6" number="4">the</token>
  <token t_id="110" sentence="6" number="5">attack</token>
  <token t_id="111" sentence="6" number="6">occurred</token>
  <token t_id="112" sentence="6" number="7">.</token>
  <token t_id="113" sentence="7" number="0">At</token>
  <token t_id="114" sentence="7" number="1">least</token>
  <token t_id="115" sentence="7" number="2">four</token>
  <token t_id="116" sentence="7" number="3">bombs</token>
  <token t_id="117" sentence="7" number="4">were</token>
  <token t_id="118" sentence="7" number="5">reportedly</token>
  <token t_id="119" sentence="7" number="6">dropped</token>
  <token t_id="120" sentence="7" number="7">.</token>
  <token t_id="121" sentence="8" number="0">Sources</token>
  <token t_id="122" sentence="8" number="1">on</token>
  <token t_id="123" sentence="8" number="2">the</token>
  <token t_id="124" sentence="8" number="3">ground</token>
  <token t_id="125" sentence="8" number="4">told</token>
  <token t_id="126" sentence="8" number="5">Enough</token>
  <token t_id="127" sentence="8" number="6">that</token>
  <token t_id="128" sentence="8" number="7">one</token>
  <token t_id="129" sentence="8" number="8">bomb</token>
  <token t_id="130" sentence="8" number="9">,</token>
  <token t_id="131" sentence="8" number="10">which</token>
  <token t_id="132" sentence="8" number="11">did</token>
  <token t_id="133" sentence="8" number="12">not</token>
  <token t_id="134" sentence="8" number="13">explode</token>
  <token t_id="135" sentence="8" number="14">,</token>
  <token t_id="136" sentence="8" number="15">fell</token>
  <token t_id="137" sentence="8" number="16">directly</token>
  <token t_id="138" sentence="8" number="17">within</token>
  <token t_id="139" sentence="8" number="18">the</token>
  <token t_id="140" sentence="8" number="19">camp</token>
  <token t_id="141" sentence="8" number="20">,</token>
  <token t_id="142" sentence="8" number="21">in</token>
  <token t_id="143" sentence="8" number="22">a</token>
  <token t_id="144" sentence="8" number="23">primary</token>
  <token t_id="145" sentence="8" number="24">school</token>
  <token t_id="146" sentence="8" number="25">yard</token>
  <token t_id="147" sentence="8" number="26">,</token>
  <token t_id="148" sentence="8" number="27">with</token>
  <token t_id="149" sentence="8" number="28">several</token>
  <token t_id="150" sentence="8" number="29">more</token>
  <token t_id="151" sentence="8" number="30">falling</token>
  <token t_id="152" sentence="8" number="31">in</token>
  <token t_id="153" sentence="8" number="32">the</token>
  <token t_id="154" sentence="8" number="33">close</token>
  <token t_id="155" sentence="8" number="34">vicinity</token>
  <token t_id="156" sentence="8" number="35">.</token>
  <token t_id="157" sentence="9" number="0">A</token>
  <token t_id="158" sentence="9" number="1">Reuters</token>
  <token t_id="159" sentence="9" number="2">correspondent</token>
  <token t_id="160" sentence="9" number="3">reported</token>
  <token t_id="161" sentence="9" number="4">hearing</token>
  <token t_id="162" sentence="9" number="5">a</token>
  <token t_id="163" sentence="9" number="6">large</token>
  <token t_id="164" sentence="9" number="7">explosion</token>
  <token t_id="165" sentence="9" number="8">,</token>
  <token t_id="166" sentence="9" number="9">then</token>
  <token t_id="167" sentence="9" number="10">saw</token>
  <token t_id="168" sentence="9" number="11">"a</token>
  <token t_id="169" sentence="9" number="12">crater</token>
  <token t_id="170" sentence="9" number="13">about</token>
  <token t_id="171" sentence="9" number="14">two</token>
  <token t_id="172" sentence="9" number="15">metres</token>
  <token t_id="173" sentence="9" number="16">(</token>
  <token t_id="174" sentence="9" number="17">6</token>
  <token t_id="175" sentence="9" number="18">.</token>
  <token t_id="176" sentence="9" number="19">6</token>
  <token t_id="177" sentence="9" number="20">feet</token>
  <token t_id="178" sentence="9" number="21">)</token>
  <token t_id="179" sentence="9" number="22">wide</token>
  <token t_id="180" sentence="9" number="23">,</token>
  <token t_id="181" sentence="9" number="24">an</token>
  <token t_id="182" sentence="9" number="25">unexploded</token>
  <token t_id="183" sentence="9" number="26">bomb</token>
  <token t_id="184" sentence="9" number="27">wedged</token>
  <token t_id="185" sentence="9" number="28">in</token>
  <token t_id="186" sentence="9" number="29">the</token>
  <token t_id="187" sentence="9" number="30">side</token>
  <token t_id="188" sentence="9" number="31">of</token>
  <token t_id="189" sentence="9" number="32">a</token>
  <token t_id="190" sentence="9" number="33">school</token>
  <token t_id="191" sentence="9" number="34">building</token>
  <token t_id="192" sentence="9" number="35">and</token>
  <token t_id="193" sentence="9" number="36">a</token>
  <token t_id="194" sentence="9" number="37">white</token>
  <token t_id="195" sentence="9" number="38">aircraft</token>
  <token t_id="196" sentence="9" number="39">flying</token>
  <token t_id="197" sentence="9" number="40">north</token>
  <token t_id="198" sentence="9" number="41">.</token>
  <token t_id="199" sentence="10" number="0">Observers</token>
  <token t_id="200" sentence="10" number="1">believe</token>
  <token t_id="201" sentence="10" number="2">the</token>
  <token t_id="202" sentence="10" number="3">attacks</token>
  <token t_id="203" sentence="10" number="4">were</token>
  <token t_id="204" sentence="10" number="5">carried</token>
  <token t_id="205" sentence="10" number="6">out</token>
  <token t_id="206" sentence="10" number="7">by</token>
  <token t_id="207" sentence="10" number="8">the</token>
  <token t_id="208" sentence="10" number="9">SAF's</token>
  <token t_id="209" sentence="10" number="10">signature</token>
  <token t_id="210" sentence="10" number="11">Antonov</token>
  <token t_id="211" sentence="10" number="12">bombers</token>
  <token t_id="212" sentence="10" number="13">.</token>
  <token t_id="213" sentence="11" number="0">One</token>
  <token t_id="214" sentence="11" number="1">of</token>
  <token t_id="215" sentence="11" number="2">the</token>
  <token t_id="216" sentence="11" number="3">bombs</token>
  <token t_id="217" sentence="11" number="4">landed</token>
  <token t_id="218" sentence="11" number="5">inside</token>
  <token t_id="219" sentence="11" number="6">a</token>
  <token t_id="220" sentence="11" number="7">primary</token>
  <token t_id="221" sentence="11" number="8">school</token>
  <token t_id="222" sentence="11" number="9">yard</token>
  <token t_id="223" sentence="11" number="10">in</token>
  <token t_id="224" sentence="11" number="11">the</token>
  <token t_id="225" sentence="11" number="12">camp</token>
  <token t_id="226" sentence="11" number="13">,</token>
  <token t_id="227" sentence="11" number="14">according</token>
  <token t_id="228" sentence="11" number="15">to</token>
  <token t_id="229" sentence="11" number="16">citizen</token>
  <token t_id="230" sentence="11" number="17">journalist</token>
  <token t_id="231" sentence="11" number="18">Ryan</token>
  <token t_id="232" sentence="11" number="19">Boyette</token>
  <token t_id="233" sentence="11" number="20">,</token>
  <token t_id="234" sentence="11" number="21">who</token>
  <token t_id="235" sentence="11" number="22">was</token>
  <token t_id="236" sentence="11" number="23">on</token>
  <token t_id="237" sentence="11" number="24">the</token>
  <token t_id="238" sentence="11" number="25">phone</token>
  <token t_id="239" sentence="11" number="26">with</token>
  <token t_id="240" sentence="11" number="27">sources</token>
  <token t_id="241" sentence="11" number="28">in</token>
  <token t_id="242" sentence="11" number="29">the</token>
  <token t_id="243" sentence="11" number="30">camp</token>
  <token t_id="244" sentence="11" number="31">when</token>
  <token t_id="245" sentence="11" number="32">the</token>
  <token t_id="246" sentence="11" number="33">raid</token>
  <token t_id="247" sentence="11" number="34">began</token>
  <token t_id="248" sentence="11" number="35">.</token>
  <token t_id="249" sentence="12" number="0">Boyette</token>
  <token t_id="250" sentence="12" number="1">reported</token>
  <token t_id="251" sentence="12" number="2">school</token>
  <token t_id="252" sentence="12" number="3">was</token>
  <token t_id="253" sentence="12" number="4">in</token>
  <token t_id="254" sentence="12" number="5">session</token>
  <token t_id="255" sentence="12" number="6">but</token>
  <token t_id="256" sentence="12" number="7">no</token>
  <token t_id="257" sentence="12" number="8">children</token>
  <token t_id="258" sentence="12" number="9">or</token>
  <token t_id="259" sentence="12" number="10">staff</token>
  <token t_id="260" sentence="12" number="11">were</token>
  <token t_id="261" sentence="12" number="12">injured</token>
  <token t_id="262" sentence="12" number="13">,</token>
  <token t_id="263" sentence="12" number="14">since</token>
  <token t_id="264" sentence="12" number="15">the</token>
  <token t_id="265" sentence="12" number="16">bomb</token>
  <token t_id="266" sentence="12" number="17">did</token>
  <token t_id="267" sentence="12" number="18">not</token>
  <token t_id="268" sentence="12" number="19">explode</token>
  <token t_id="269" sentence="12" number="20">.</token>
  <token t_id="270" sentence="13" number="0">Three</token>
  <token t_id="271" sentence="13" number="1">other</token>
  <token t_id="272" sentence="13" number="2">bombs</token>
  <token t_id="273" sentence="13" number="3">allegedly</token>
  <token t_id="274" sentence="13" number="4">exploded</token>
  <token t_id="275" sentence="13" number="5">outside</token>
  <token t_id="276" sentence="13" number="6">the</token>
  <token t_id="277" sentence="13" number="7">camp</token>
  <token t_id="278" sentence="13" number="8">:</token>
  <token t_id="279" sentence="13" number="9">two</token>
  <token t_id="280" sentence="13" number="10">landed</token>
  <token t_id="281" sentence="13" number="11">and</token>
  <token t_id="282" sentence="13" number="12">exploded</token>
  <token t_id="283" sentence="13" number="13">on</token>
  <token t_id="284" sentence="13" number="14">the</token>
  <token t_id="285" sentence="13" number="15">outskirts</token>
  <token t_id="286" sentence="13" number="16">,</token>
  <token t_id="287" sentence="13" number="17">near</token>
  <token t_id="288" sentence="13" number="18">the</token>
  <token t_id="289" sentence="13" number="19">airfield</token>
  <token t_id="290" sentence="13" number="20">where</token>
  <token t_id="291" sentence="13" number="21">two</token>
  <token t_id="292" sentence="13" number="22">U</token>
  <token t_id="293" sentence="13" number="23">.</token>
  <token t_id="294" sentence="13" number="24">N</token>
  <token t_id="295" sentence="13" number="25">.</token>
  <token t_id="296" sentence="13" number="26">aircraft</token>
  <token t_id="297" sentence="13" number="27">had</token>
  <token t_id="298" sentence="13" number="28">landed</token>
  <token t_id="299" sentence="13" number="29">today</token>
  <token t_id="300" sentence="13" number="30">to</token>
  <token t_id="301" sentence="13" number="31">deliver</token>
  <token t_id="302" sentence="13" number="32">food</token>
  <token t_id="303" sentence="13" number="33">.</token>
  <token t_id="304" sentence="14" number="0">The</token>
  <token t_id="305" sentence="14" number="1">first</token>
  <token t_id="306" sentence="14" number="2">aircraft</token>
  <token t_id="307" sentence="14" number="3">departed</token>
  <token t_id="308" sentence="14" number="4">without</token>
  <token t_id="309" sentence="14" number="5">incident</token>
  <token t_id="310" sentence="14" number="6">,</token>
  <token t_id="311" sentence="14" number="7">but</token>
  <token t_id="312" sentence="14" number="8">the</token>
  <token t_id="313" sentence="14" number="9">bombings</token>
  <token t_id="314" sentence="14" number="10">reportedly</token>
  <token t_id="315" sentence="14" number="11">began</token>
  <token t_id="316" sentence="14" number="12">shortly</token>
  <token t_id="317" sentence="14" number="13">after</token>
  <token t_id="318" sentence="14" number="14">the</token>
  <token t_id="319" sentence="14" number="15">second</token>
  <token t_id="320" sentence="14" number="16">aircraft</token>
  <token t_id="321" sentence="14" number="17">arrived</token>
  <token t_id="322" sentence="14" number="18">.</token>
  <token t_id="323" sentence="15" number="0">The</token>
  <token t_id="324" sentence="15" number="1">plane</token>
  <token t_id="325" sentence="15" number="2">was</token>
  <token t_id="326" sentence="15" number="3">not</token>
  <token t_id="327" sentence="15" number="4">damaged</token>
  <token t_id="328" sentence="15" number="5">.</token>
  <token t_id="329" sentence="16" number="0">Yida</token>
  <token t_id="330" sentence="16" number="1">is</token>
  <token t_id="331" sentence="16" number="2">home</token>
  <token t_id="332" sentence="16" number="3">to</token>
  <token t_id="333" sentence="16" number="4">more</token>
  <token t_id="334" sentence="16" number="5">than</token>
  <token t_id="335" sentence="16" number="6">22</token>
  <token t_id="336" sentence="16" number="7">,</token>
  <token t_id="337" sentence="16" number="8">000</token>
  <token t_id="338" sentence="16" number="9">refugees</token>
  <token t_id="339" sentence="16" number="10">,</token>
  <token t_id="340" sentence="16" number="11">many</token>
  <token t_id="341" sentence="16" number="12">of</token>
  <token t_id="342" sentence="16" number="13">whom</token>
  <token t_id="343" sentence="16" number="14">walked</token>
  <token t_id="344" sentence="16" number="15">at</token>
  <token t_id="345" sentence="16" number="16">least</token>
  <token t_id="346" sentence="16" number="17">seven</token>
  <token t_id="347" sentence="16" number="18">days</token>
  <token t_id="348" sentence="16" number="19">across</token>
  <token t_id="349" sentence="16" number="20">the</token>
  <token t_id="350" sentence="16" number="21">border</token>
  <token t_id="351" sentence="16" number="22">to</token>
  <token t_id="352" sentence="16" number="23">flee</token>
  <token t_id="353" sentence="16" number="24">indiscriminate</token>
  <token t_id="354" sentence="16" number="25">bombing</token>
  <token t_id="355" sentence="16" number="26">and</token>
  <token t_id="356" sentence="16" number="27">approaching</token>
  <token t_id="357" sentence="16" number="28">famine</token>
  <token t_id="358" sentence="16" number="29">conditions</token>
  <token t_id="359" sentence="16" number="30">in</token>
  <token t_id="360" sentence="16" number="31">Sudan's</token>
  <token t_id="361" sentence="16" number="32">South</token>
  <token t_id="362" sentence="16" number="33">Kordofan</token>
  <token t_id="363" sentence="16" number="34">state</token>
  <token t_id="364" sentence="16" number="35">.</token>
  <token t_id="365" sentence="17" number="0">Since</token>
  <token t_id="366" sentence="17" number="1">fighting</token>
  <token t_id="367" sentence="17" number="2">between</token>
  <token t_id="368" sentence="17" number="3">the</token>
  <token t_id="369" sentence="17" number="4">SAF</token>
  <token t_id="370" sentence="17" number="5">and</token>
  <token t_id="371" sentence="17" number="6">the</token>
  <token t_id="372" sentence="17" number="7">Sudanese</token>
  <token t_id="373" sentence="17" number="8">Peoples'</token>
  <token t_id="374" sentence="17" number="9">Liberation</token>
  <token t_id="375" sentence="17" number="10">Army</token>
  <token t_id="376" sentence="17" number="11">-</token>
  <token t_id="377" sentence="17" number="12">North</token>
  <token t_id="378" sentence="17" number="13">,</token>
  <token t_id="379" sentence="17" number="14">or</token>
  <token t_id="380" sentence="17" number="15">SPLA</token>
  <token t_id="381" sentence="17" number="16">-</token>
  <token t_id="382" sentence="17" number="17">N</token>
  <token t_id="383" sentence="17" number="18">,</token>
  <token t_id="384" sentence="17" number="19">began</token>
  <token t_id="385" sentence="17" number="20">in</token>
  <token t_id="386" sentence="17" number="21">July</token>
  <token t_id="387" sentence="17" number="22">,</token>
  <token t_id="388" sentence="17" number="23">hundreds</token>
  <token t_id="389" sentence="17" number="24">of</token>
  <token t_id="390" sentence="17" number="25">thousands</token>
  <token t_id="391" sentence="17" number="26">of</token>
  <token t_id="392" sentence="17" number="27">civilians</token>
  <token t_id="393" sentence="17" number="28">have</token>
  <token t_id="394" sentence="17" number="29">fled</token>
  <token t_id="395" sentence="17" number="30">South</token>
  <token t_id="396" sentence="17" number="31">Kordofan</token>
  <token t_id="397" sentence="17" number="32">,</token>
  <token t_id="398" sentence="17" number="33">many</token>
  <token t_id="399" sentence="17" number="34">into</token>
  <token t_id="400" sentence="17" number="35">the</token>
  <token t_id="401" sentence="17" number="36">border</token>
  <token t_id="402" sentence="17" number="37">areas</token>
  <token t_id="403" sentence="17" number="38">of</token>
  <token t_id="404" sentence="17" number="39">newly</token>
  <token t_id="405" sentence="17" number="40">independent</token>
  <token t_id="406" sentence="17" number="41">South</token>
  <token t_id="407" sentence="17" number="42">Sudan</token>
  <token t_id="408" sentence="17" number="43">.</token>
  <token t_id="409" sentence="18" number="0">The</token>
  <token t_id="410" sentence="18" number="1">attack</token>
  <token t_id="411" sentence="18" number="2">on</token>
  <token t_id="412" sentence="18" number="3">Yida</token>
  <token t_id="413" sentence="18" number="4">camp</token>
  <token t_id="414" sentence="18" number="5">comes</token>
  <token t_id="415" sentence="18" number="6">shortly</token>
  <token t_id="416" sentence="18" number="7">after</token>
  <token t_id="417" sentence="18" number="8">reports</token>
  <token t_id="418" sentence="18" number="9">of</token>
  <token t_id="419" sentence="18" number="10">aerial</token>
  <token t_id="420" sentence="18" number="11">bombardments</token>
  <token t_id="421" sentence="18" number="12">in</token>
  <token t_id="422" sentence="18" number="13">South</token>
  <token t_id="423" sentence="18" number="14">Sudan's</token>
  <token t_id="424" sentence="18" number="15">Upper</token>
  <token t_id="425" sentence="18" number="16">Nile</token>
  <token t_id="426" sentence="18" number="17">state</token>
  <token t_id="427" sentence="18" number="18">,</token>
  <token t_id="428" sentence="18" number="19">making</token>
  <token t_id="429" sentence="18" number="20">it</token>
  <token t_id="430" sentence="18" number="21">Sudan's</token>
  <token t_id="431" sentence="18" number="22">second</token>
  <token t_id="432" sentence="18" number="23">unprovoked</token>
  <token t_id="433" sentence="18" number="24">military</token>
  <token t_id="434" sentence="18" number="25">attack</token>
  <token t_id="435" sentence="18" number="26">on</token>
  <token t_id="436" sentence="18" number="27">the</token>
  <token t_id="437" sentence="18" number="28">sovereign</token>
  <token t_id="438" sentence="18" number="29">state</token>
  <token t_id="439" sentence="18" number="30">of</token>
  <token t_id="440" sentence="18" number="31">South</token>
  <token t_id="441" sentence="18" number="32">Sudan</token>
  <token t_id="442" sentence="18" number="33">in</token>
  <token t_id="443" sentence="18" number="34">the</token>
  <token t_id="444" sentence="18" number="35">last</token>
  <token t_id="445" sentence="18" number="36">three</token>
  <token t_id="446" sentence="18" number="37">days</token>
  <token t_id="447" sentence="18" number="38">.</token>
  <token t_id="448" sentence="19" number="0">In</token>
  <token t_id="449" sentence="19" number="1">a</token>
  <token t_id="450" sentence="19" number="2">November</token>
  <token t_id="451" sentence="19" number="3">9</token>
  <token t_id="452" sentence="19" number="4">press</token>
  <token t_id="453" sentence="19" number="5">conference</token>
  <token t_id="454" sentence="19" number="6">,</token>
  <token t_id="455" sentence="19" number="7">South</token>
  <token t_id="456" sentence="19" number="8">Sudan</token>
  <token t_id="457" sentence="19" number="9">President</token>
  <token t_id="458" sentence="19" number="10">Salva</token>
  <token t_id="459" sentence="19" number="11">Kiir</token>
  <token t_id="460" sentence="19" number="12">stated</token>
  <token t_id="461" sentence="19" number="13">his</token>
  <token t_id="462" sentence="19" number="14">country</token>
  <token t_id="463" sentence="19" number="15">would</token>
  <token t_id="464" sentence="19" number="16">not</token>
  <token t_id="465" sentence="19" number="17">retaliate</token>
  <token t_id="466" sentence="19" number="18">for</token>
  <token t_id="467" sentence="19" number="19">the</token>
  <token t_id="468" sentence="19" number="20">reported</token>
  <token t_id="469" sentence="19" number="21">bombing</token>
  <token t_id="470" sentence="19" number="22">of</token>
  <token t_id="471" sentence="19" number="23">Guffa</token>
  <token t_id="472" sentence="19" number="24">in</token>
  <token t_id="473" sentence="19" number="25">Upper</token>
  <token t_id="474" sentence="19" number="26">Nile</token>
  <token t_id="475" sentence="19" number="27">state</token>
  <token t_id="476" sentence="19" number="28">on</token>
  <token t_id="477" sentence="19" number="29">Tuesday</token>
  <token t_id="478" sentence="19" number="30">,</token>
  <token t_id="479" sentence="19" number="31">which</token>
  <token t_id="480" sentence="19" number="32">he</token>
  <token t_id="481" sentence="19" number="33">said</token>
  <token t_id="482" sentence="19" number="34">killed</token>
  <token t_id="483" sentence="19" number="35">seven</token>
  <token t_id="484" sentence="19" number="36">.</token>
  <token t_id="485" sentence="20" number="0">It</token>
  <token t_id="486" sentence="20" number="1">remains</token>
  <token t_id="487" sentence="20" number="2">to</token>
  <token t_id="488" sentence="20" number="3">be</token>
  <token t_id="489" sentence="20" number="4">seen</token>
  <token t_id="490" sentence="20" number="5">how</token>
  <token t_id="491" sentence="20" number="6">the</token>
  <token t_id="492" sentence="20" number="7">Government</token>
  <token t_id="493" sentence="20" number="8">of</token>
  <token t_id="494" sentence="20" number="9">South</token>
  <token t_id="495" sentence="20" number="10">Sudan</token>
  <token t_id="496" sentence="20" number="11">will</token>
  <token t_id="497" sentence="20" number="12">respond</token>
  <token t_id="498" sentence="20" number="13">to</token>
  <token t_id="499" sentence="20" number="14">this</token>
  <token t_id="500" sentence="20" number="15">second</token>
  <token t_id="501" sentence="20" number="16">attack</token>
  <token t_id="502" sentence="20" number="17">within</token>
  <token t_id="503" sentence="20" number="18">its</token>
  <token t_id="504" sentence="20" number="19">borders</token>
  <token t_id="505" sentence="20" number="20">;</token>
  <token t_id="506" sentence="20" number="21">President</token>
  <token t_id="507" sentence="20" number="22">Kiir</token>
  <token t_id="508" sentence="20" number="23">held</token>
  <token t_id="509" sentence="20" number="24">a</token>
  <token t_id="510" sentence="20" number="25">press</token>
  <token t_id="511" sentence="20" number="26">conference</token>
  <token t_id="512" sentence="20" number="27">today</token>
  <token t_id="513" sentence="20" number="28">on</token>
  <token t_id="514" sentence="20" number="29">relations</token>
  <token t_id="515" sentence="20" number="30">with</token>
  <token t_id="516" sentence="20" number="31">Sudan</token>
  <token t_id="517" sentence="20" number="32">just</token>
  <token t_id="518" sentence="20" number="33">hours</token>
  <token t_id="519" sentence="20" number="34">before</token>
  <token t_id="520" sentence="20" number="35">the</token>
  <token t_id="521" sentence="20" number="36">alleged</token>
  <token t_id="522" sentence="20" number="37">attack</token>
  <token t_id="523" sentence="20" number="38">on</token>
  <token t_id="524" sentence="20" number="39">Yida</token>
  <token t_id="525" sentence="20" number="40">camp</token>
  <token t_id="526" sentence="20" number="41">.</token>
  <token t_id="527" sentence="21" number="0">"The</token>
  <token t_id="528" sentence="21" number="1">regime</token>
  <token t_id="529" sentence="21" number="2">in</token>
  <token t_id="530" sentence="21" number="3">Khartoum</token>
  <token t_id="531" sentence="21" number="4">is</token>
  <token t_id="532" sentence="21" number="5">attempting</token>
  <token t_id="533" sentence="21" number="6">to</token>
  <token t_id="534" sentence="21" number="7">provoke</token>
  <token t_id="535" sentence="21" number="8">South</token>
  <token t_id="536" sentence="21" number="9">Sudan</token>
  <token t_id="537" sentence="21" number="10">into</token>
  <token t_id="538" sentence="21" number="11">restarting</token>
  <token t_id="539" sentence="21" number="12">a</token>
  <token t_id="540" sentence="21" number="13">war</token>
  <token t_id="541" sentence="21" number="14">,</token>
  <token t_id="542" sentence="21" number="15">"</token>
  <token t_id="543" sentence="21" number="16">said</token>
  <token t_id="544" sentence="21" number="17">Enough</token>
  <token t_id="545" sentence="21" number="18">Project</token>
  <token t_id="546" sentence="21" number="19">Co</token>
  <token t_id="547" sentence="21" number="20">-</token>
  <token t_id="548" sentence="21" number="21">Founder</token>
  <token t_id="549" sentence="21" number="22">John</token>
  <token t_id="550" sentence="21" number="23">Prendergast</token>
  <token t_id="551" sentence="21" number="24">,</token>
  <token t_id="552" sentence="21" number="25">quoted</token>
  <token t_id="553" sentence="21" number="26">by</token>
  <token t_id="554" sentence="21" number="27">the</token>
  <token t_id="555" sentence="21" number="28">Associated</token>
  <token t_id="556" sentence="21" number="29">Press</token>
  <token t_id="557" sentence="21" number="30">.</token>
  <token t_id="558" sentence="22" number="0">"The</token>
  <token t_id="559" sentence="22" number="1">regime's</token>
  <token t_id="560" sentence="22" number="2">endgame</token>
  <token t_id="561" sentence="22" number="3">is</token>
  <token t_id="562" sentence="22" number="4">to</token>
  <token t_id="563" sentence="22" number="5">either</token>
  <token t_id="564" sentence="22" number="6">capture</token>
  <token t_id="565" sentence="22" number="7">South</token>
  <token t_id="566" sentence="22" number="8">Sudan's</token>
  <token t_id="567" sentence="22" number="9">oilfields</token>
  <token t_id="568" sentence="22" number="10">along</token>
  <token t_id="569" sentence="22" number="11">their</token>
  <token t_id="570" sentence="22" number="12">common</token>
  <token t_id="571" sentence="22" number="13">border</token>
  <token t_id="572" sentence="22" number="14">,</token>
  <token t_id="573" sentence="22" number="15">or</token>
  <token t_id="574" sentence="22" number="16">achieve</token>
  <token t_id="575" sentence="22" number="17">a</token>
  <token t_id="576" sentence="22" number="18">stronger</token>
  <token t_id="577" sentence="22" number="19">negotiating</token>
  <token t_id="578" sentence="22" number="20">position</token>
  <token t_id="579" sentence="22" number="21">on</token>
  <token t_id="580" sentence="22" number="22">shared</token>
  <token t_id="581" sentence="22" number="23">oil</token>
  <token t_id="582" sentence="22" number="24">revenues</token>
  <token t_id="583" sentence="22" number="25">and</token>
  <token t_id="584" sentence="22" number="26">border</token>
  <token t_id="585" sentence="22" number="27">demarcation</token>
  <token t_id="586" sentence="22" number="28">.</token>
  <token t_id="587" sentence="22" number="29">This</token>
  <token t_id="588" sentence="22" number="30">provocation</token>
  <token t_id="589" sentence="22" number="31">must</token>
  <token t_id="590" sentence="22" number="32">be</token>
  <token t_id="591" sentence="22" number="33">countered</token>
  <token t_id="592" sentence="22" number="34">by</token>
  <token t_id="593" sentence="22" number="35">the</token>
  <token t_id="594" sentence="22" number="36">full</token>
  <token t_id="595" sentence="22" number="37">force</token>
  <token t_id="596" sentence="22" number="38">of</token>
  <token t_id="597" sentence="22" number="39">the</token>
  <token t_id="598" sentence="22" number="40">international</token>
  <token t_id="599" sentence="22" number="41">community</token>
  <token t_id="600" sentence="22" number="42">,</token>
  <token t_id="601" sentence="22" number="43">or</token>
  <token t_id="602" sentence="22" number="44">else</token>
  <token t_id="603" sentence="22" number="45">a</token>
  <token t_id="604" sentence="22" number="46">massive</token>
  <token t_id="605" sentence="22" number="47">war</token>
  <token t_id="606" sentence="22" number="48">could</token>
  <token t_id="607" sentence="22" number="49">unfold</token>
  <token t_id="608" sentence="22" number="50">.</token>
  <token t_id="609" sentence="22" number="51">"</token>
  <Markables>
    <ACTION_OCCURRENCE m_id="1" comment="" climaxEvent="FALSE">
      <token_anchor t_id="119"/>
    </ACTION_OCCURRENCE>
    <ACTION_OCCURRENCE m_id="2" comment="" climaxEvent="FALSE">
      <token_anchor t_id="164"/>
    </ACTION_OCCURRENCE>
    <ACTION_OCCURRENCE m_id="3" comment="" climaxEvent="FALSE">
      <token_anchor t_id="184"/>
    </ACTION_OCCURRENCE>
    <ACTION_OCCURRENCE m_id="4" comment="" climaxEvent="FALSE">
      <token_anchor t_id="196"/>
    </ACTION_OCCURRENCE>
    <ACTION_OCCURRENCE m_id="5" comment="" climaxEvent="FALSE">
      <token_anchor t_id="108"/>
    </ACTION_OCCURRENCE>
    <ACTION_OCCURRENCE m_id="6" comment="" climaxEvent="FALSE">
      <token_anchor t_id="110"/>
    </ACTION_OCCURRENCE>
    <ACTION_OCCURRENCE m_id="7" climaxEvent="TRUE" comment="">
      <token_anchor t_id="34"/>
    </ACTION_OCCURRENCE>
    <ACTION_OCCURRENCE m_id="8" comment="" climaxEvent="FALSE">
      <token_anchor t_id="54"/>
    </ACTION_OCCURRENCE>
    <ACTION_OCCURRENCE m_id="25" comment="" climaxEvent="FALSE">
      <token_anchor t_id="136"/>
    </ACTION_OCCURRENCE>
    <ACTION_PERCEPTION m_id="9">
      <token_anchor t_id="161"/>
    </ACTION_PERCEPTION>
    <ACTION_PERCEPTION m_id="10">
      <token_anchor t_id="167"/>
    </ACTION_PERCEPTION>
    <ACTION_REPORTING m_id="11">
      <token_anchor t_id="160"/>
    </ACTION_REPORTING>
    <ACTION_STATE m_id="12" climaxEvent="FALSE" comment="">
      <token_anchor t_id="197"/>
    </ACTION_STATE>
    <HUMAN_PART_GPE m_id="30">
      <token_anchor t_id="47"/>
      <token_anchor t_id="48"/>
      <token_anchor t_id="49"/>
    </HUMAN_PART_GPE>
    <HUMAN_PART_GPE m_id="13">
      <token_anchor t_id="33"/>
    </HUMAN_PART_GPE>
    <HUMAN_PART_GPE m_id="27">
      <token_anchor t_id="52"/>
    </HUMAN_PART_GPE>
    <HUMAN_PART_PER m_id="14" comment="">
      <token_anchor t_id="106"/>
      <token_anchor t_id="107"/>
    </HUMAN_PART_PER>
    <HUMAN_PART_PER m_id="15" comment="">
      <token_anchor t_id="158"/>
      <token_anchor t_id="159"/>
    </HUMAN_PART_PER>
    <HUMAN_PART_VEH m_id="16">
      <token_anchor t_id="195"/>
    </HUMAN_PART_VEH>
    <LOC_FAC m_id="17">
      <token_anchor t_id="190"/>
      <token_anchor t_id="191"/>
    </LOC_FAC>
    <LOC_GEO m_id="29" comment="">
      <token_anchor t_id="35"/>
      <token_anchor t_id="36"/>
      <token_anchor t_id="37"/>
      <token_anchor t_id="38"/>
      <token_anchor t_id="39"/>
      <token_anchor t_id="40"/>
    </LOC_GEO>
    <LOC_GEO m_id="28" comment="">
      <token_anchor t_id="56"/>
      <token_anchor t_id="57"/>
      <token_anchor t_id="58"/>
      <token_anchor t_id="59"/>
      <token_anchor t_id="60"/>
    </LOC_GEO>
    <NEG_ACTION_OCCURRENCE m_id="18" comment="" climaxEvent="FALSE">
      <token_anchor t_id="111"/>
    </NEG_ACTION_OCCURRENCE>
    <NEG_ACTION_OCCURRENCE m_id="26" comment="" climaxEvent="FALSE">
      <token_anchor t_id="182"/>
    </NEG_ACTION_OCCURRENCE>
    <NON_HUMAN_PART m_id="19" comment="">
      <token_anchor t_id="115"/>
      <token_anchor t_id="116"/>
    </NON_HUMAN_PART>
    <NON_HUMAN_PART m_id="20" comment="">
      <token_anchor t_id="169"/>
    </NON_HUMAN_PART>
    <NON_HUMAN_PART m_id="21" comment="">
      <token_anchor t_id="183"/>
    </NON_HUMAN_PART>
    <NON_HUMAN_PART m_id="22" comment="">
      <token_anchor t_id="187"/>
    </NON_HUMAN_PART>
    <TIME_DATE m_id="23" comment="" DCT="TRUE" value="2011-11-10" anchorTimeID="23">
      <token_anchor t_id="41"/>
      <token_anchor t_id="42"/>
      <token_anchor t_id="43"/>
      <token_anchor t_id="44"/>
      <token_anchor t_id="45"/>
    </TIME_DATE>
    <TIME_OF_THE_DAY m_id="24" DCT="FALSE" value="2011-11-10T14:53" anchorTimeID="23">
      <token_anchor t_id="61"/>
      <token_anchor t_id="62"/>
      <token_anchor t_id="63"/>
      <token_anchor t_id="64"/>
      <token_anchor t_id="65"/>
      <token_anchor t_id="66"/>
      <token_anchor t_id="67"/>
      <token_anchor t_id="68"/>
      <token_anchor t_id="69"/>
      <token_anchor t_id="70"/>
      <token_anchor t_id="71"/>
    </TIME_OF_THE_DAY>
    <ACTION_OCCURRENCE m_id="31" RELATED_TO="" TAG_DESCRIPTOR="t41_aircraft_flew_north" comment="" climaxEvent="FALSE"/>
    <LOC_FAC m_id="32" RELATED_TO="" TAG_DESCRIPTOR="t41_near_school"/>
    <NON_HUMAN_PART m_id="33" RELATED_TO="" TAG_DESCRIPTOR="t41_side_of_school" comment=""/>
    <HUMAN_PART_VEH m_id="34" RELATED_TO="" TAG_DESCRIPTOR="t41_bomber"/>
    <LOC_GEO m_id="35" RELATED_TO="" TAG_DESCRIPTOR="t41_yida_camp" comment=""/>
    <HUMAN_PART_PER m_id="36" RELATED_TO="" TAG_DESCRIPTOR="t41_rcorresp" comment=""/>
    <ACTION_REPORTING m_id="37" RELATED_TO="" TAG_DESCRIPTOR="t41_rcorresp_said_heard"/>
    <HUMAN_PART_GPE m_id="38" RELATED_TO="" TAG_DESCRIPTOR="t41_sudan_part"/>
    <ACTION_PERCEPTION m_id="39" RELATED_TO="" TAG_DESCRIPTOR="t41_rcorresp_heard_explosion"/>
    <ACTION_OCCURRENCE m_id="40" RELATED_TO="" TAG_DESCRIPTOR="t41_bomb_wedged_side" comment="" climaxEvent="FALSE"/>
    <ACTION_OCCURRENCE m_id="41" RELATED_TO="" TAG_DESCRIPTOR="t41_explosion_was_heard" comment="" climaxEvent="FALSE"/>
    <NON_HUMAN_PART m_id="42" RELATED_TO="" TAG_DESCRIPTOR="t41_crater" comment=""/>
    <NEG_ACTION_OCCURRENCE m_id="43" RELATED_TO="" TAG_DESCRIPTOR="t41_unexploded" comment="" climaxEvent="FALSE"/>
    <ACTION_OCCURRENCE m_id="44" RELATED_TO="" TAG_DESCRIPTOR="t41_drop_bombs_camp" comment="" climaxEvent="FALSE"/>
    <TIME_OF_THE_DAY m_id="45" RELATED_TO="" TAG_DESCRIPTOR="t41_thurs_nov_10_3pm" value="" anchorTimeID="" DCT="FALSE"/>
    <NON_HUMAN_PART m_id="46" RELATED_TO="" TAG_DESCRIPTOR="t41_unexploded_bomb" comment=""/>
    <ACTION_PERCEPTION m_id="47" RELATED_TO="" TAG_DESCRIPTOR="t41_rcorresp_saw_aircraft"/>
    <ACTION_OCCURRENCE m_id="48" RELATED_TO="" TAG_DESCRIPTOR="t41_drop_bombs_school" comment="" climaxEvent="FALSE"/>
  </Markables>
  <Relations>
    <TLINK r_id="104345" contextualModality="" relType="CONTAINS" comment="">
      <source m_id="24"/>
      <target m_id="7"/>
    </TLINK>
    <TLINK r_id="104346" contextualModality="" relType="CONTAINS" comment="">
      <source m_id="24"/>
      <target m_id="8"/>
    </TLINK>
    <TLINK r_id="104347" contextualModality="" relType="CONTAINS" comment="">
      <source m_id="24"/>
      <target m_id="6"/>
    </TLINK>
    <TLINK r_id="104348" contextualModality="" relType="CONTAINS" comment="">
      <source m_id="24"/>
      <target m_id="18"/>
    </TLINK>
    <TLINK r_id="104349" contextualModality="" relType="CONTAINS" comment="">
      <source m_id="24"/>
      <target m_id="1"/>
    </TLINK>
    <TLINK r_id="104350" contextualModality="" relType="CONTAINS" comment="">
      <source m_id="24"/>
      <target m_id="2"/>
    </TLINK>
    <TLINK r_id="104351" contextualModality="" relType="CONTAINS" comment="">
      <source m_id="24"/>
      <target m_id="9"/>
    </TLINK>
    <TLINK r_id="104352" contextualModality="" relType="BEFORE" comment="">
      <source m_id="24"/>
      <target m_id="26"/>
    </TLINK>
    <TLINK r_id="104353" contextualModality="" relType="BEFORE" comment="">
      <source m_id="24"/>
      <target m_id="3"/>
    </TLINK>
    <TLINK r_id="104354" contextualModality="" relType="BEFORE" comment="">
      <source m_id="24"/>
      <target m_id="4"/>
    </TLINK>
    <TLINK r_id="104355" contextualModality="" relType="CONTAINS" comment="">
      <source m_id="23"/>
      <target m_id="7"/>
    </TLINK>
    <TLINK r_id="104356" contextualModality="" relType="CONTAINS" comment="">
      <source m_id="23"/>
      <target m_id="8"/>
    </TLINK>
    <TLINK r_id="104357" contextualModality="" relType="CONTAINS" comment="">
      <source m_id="23"/>
      <target m_id="6"/>
    </TLINK>
    <TLINK r_id="104358" contextualModality="" relType="CONTAINS" comment="">
      <source m_id="23"/>
      <target m_id="18"/>
    </TLINK>
    <TLINK r_id="104359" contextualModality="" relType="CONTAINS" comment="">
      <source m_id="23"/>
      <target m_id="1"/>
    </TLINK>
    <TLINK r_id="104360" contextualModality="" relType="BEFORE" comment="">
      <source m_id="23"/>
      <target m_id="9"/>
    </TLINK>
    <TLINK r_id="104361" contextualModality="" relType="CONTAINS" comment="">
      <source m_id="23"/>
      <target m_id="2"/>
    </TLINK>
    <TLINK r_id="104362" contextualModality="" relType="CONTAINS" comment="">
      <source m_id="23"/>
      <target m_id="26"/>
    </TLINK>
    <TLINK r_id="104363" contextualModality="" relType="CONTAINS" comment="">
      <source m_id="23"/>
      <target m_id="3"/>
    </TLINK>
    <TLINK r_id="104364" contextualModality="" relType="CONTAINS" comment="">
      <source m_id="23"/>
      <target m_id="4"/>
    </TLINK>
    <PLOT_LINK r_id="104366" SIGNAL="" relType="FALLING_ACTION" CAUSES="FALSE" CAUSED_BY="FALSE">
      <source m_id="7"/>
      <target m_id="8"/>
    </PLOT_LINK>
    <PLOT_LINK r_id="104367" SIGNAL="" relType="PRECONDITION" CAUSES="FALSE" CAUSED_BY="FALSE">
      <source m_id="6"/>
      <target m_id="1"/>
    </PLOT_LINK>
    <PLOT_LINK r_id="104368" SIGNAL="" relType="PRECONDITION" CAUSES="FALSE" CAUSED_BY="FALSE">
      <source m_id="6"/>
      <target m_id="25"/>
    </PLOT_LINK>
    <PLOT_LINK r_id="104369" SIGNAL="" relType="PRECONDITION" CAUSES="FALSE" CAUSED_BY="FALSE">
      <source m_id="1"/>
      <target m_id="9"/>
    </PLOT_LINK>
    <PLOT_LINK r_id="104370" SIGNAL="" relType="PRECONDITION" CAUSES="FALSE" CAUSED_BY="FALSE">
      <source m_id="1"/>
      <target m_id="2"/>
    </PLOT_LINK>
    <PLOT_LINK r_id="104372" SIGNAL="" relType="PRECONDITION" CAUSES="FALSE" CAUSED_BY="FALSE">
      <source m_id="1"/>
      <target m_id="3"/>
    </PLOT_LINK>
    <PLOT_LINK r_id="104373" SIGNAL="" relType="PRECONDITION" CAUSES="FALSE" CAUSED_BY="FALSE">
      <source m_id="6"/>
      <target m_id="4"/>
    </PLOT_LINK>
  </Relations>
</Document>
