<?xml version='1.0' encoding='UTF-8'?>
<Document doc_name="41_10ecbplus.xml">
  <token t_id="1" sentence="0" number="0">http</token>
  <token t_id="2" sentence="0" number="1">:</token>
  <token t_id="3" sentence="0" number="2">/</token>
  <token t_id="4" sentence="0" number="3">/</token>
  <token t_id="5" sentence="0" number="4">usatoday30</token>
  <token t_id="6" sentence="0" number="5">.</token>
  <token t_id="7" sentence="0" number="6">usatoday</token>
  <token t_id="8" sentence="0" number="7">.</token>
  <token t_id="9" sentence="0" number="8">com</token>
  <token t_id="10" sentence="0" number="9">/</token>
  <token t_id="11" sentence="0" number="10">news</token>
  <token t_id="12" sentence="0" number="11">/</token>
  <token t_id="13" sentence="0" number="12">world</token>
  <token t_id="14" sentence="0" number="13">/</token>
  <token t_id="15" sentence="0" number="14">story</token>
  <token t_id="16" sentence="0" number="15">/</token>
  <token t_id="17" sentence="0" number="16">2011</token>
  <token t_id="18" sentence="0" number="17">-</token>
  <token t_id="19" sentence="0" number="18">11</token>
  <token t_id="20" sentence="0" number="19">-</token>
  <token t_id="21" sentence="0" number="20">10</token>
  <token t_id="22" sentence="0" number="21">/</token>
  <token t_id="23" sentence="0" number="22">sudan</token>
  <token t_id="24" sentence="0" number="23">-</token>
  <token t_id="25" sentence="0" number="24">violence</token>
  <token t_id="26" sentence="0" number="25">/</token>
  <token t_id="27" sentence="0" number="26">51150434</token>
  <token t_id="28" sentence="0" number="27">/</token>
  <token t_id="29" sentence="0" number="28">1</token>
  <token t_id="30" sentence="1" number="0">South</token>
  <token t_id="31" sentence="1" number="1">Sudan</token>
  <token t_id="32" sentence="1" number="2">warns</token>
  <token t_id="33" sentence="1" number="3">of</token>
  <token t_id="34" sentence="1" number="4">war</token>
  <token t_id="35" sentence="1" number="5">after</token>
  <token t_id="36" sentence="1" number="6">Sudan</token>
  <token t_id="37" sentence="1" number="7">bombs</token>
  <token t_id="38" sentence="1" number="8">refugee</token>
  <token t_id="39" sentence="1" number="9">camp</token>
  <token t_id="40" sentence="2" number="0">Military</token>
  <token t_id="41" sentence="2" number="1">aircraft</token>
  <token t_id="42" sentence="2" number="2">from</token>
  <token t_id="43" sentence="2" number="3">Sudan</token>
  <token t_id="44" sentence="2" number="4">crossed</token>
  <token t_id="45" sentence="2" number="5">the</token>
  <token t_id="46" sentence="2" number="6">new</token>
  <token t_id="47" sentence="2" number="7">international</token>
  <token t_id="48" sentence="2" number="8">border</token>
  <token t_id="49" sentence="2" number="9">with</token>
  <token t_id="50" sentence="2" number="10">South</token>
  <token t_id="51" sentence="2" number="11">Sudan</token>
  <token t_id="52" sentence="2" number="12">and</token>
  <token t_id="53" sentence="2" number="13">dropped</token>
  <token t_id="54" sentence="2" number="14">bombs</token>
  <token t_id="55" sentence="2" number="15">Thursday</token>
  <token t_id="56" sentence="2" number="16">in</token>
  <token t_id="57" sentence="2" number="17">and</token>
  <token t_id="58" sentence="2" number="18">around</token>
  <token t_id="59" sentence="2" number="19">a</token>
  <token t_id="60" sentence="2" number="20">camp</token>
  <token t_id="61" sentence="2" number="21">filled</token>
  <token t_id="62" sentence="2" number="22">with</token>
  <token t_id="63" sentence="2" number="23">refugees</token>
  <token t_id="64" sentence="2" number="24">,</token>
  <token t_id="65" sentence="2" number="25">officials</token>
  <token t_id="66" sentence="2" number="26">said</token>
  <token t_id="67" sentence="2" number="27">.</token>
  <token t_id="68" sentence="3" number="0">A</token>
  <token t_id="69" sentence="3" number="1">government</token>
  <token t_id="70" sentence="3" number="2">official</token>
  <token t_id="71" sentence="3" number="3">initially</token>
  <token t_id="72" sentence="3" number="4">reported</token>
  <token t_id="73" sentence="3" number="5">deaths</token>
  <token t_id="74" sentence="3" number="6">,</token>
  <token t_id="75" sentence="3" number="7">but</token>
  <token t_id="76" sentence="3" number="8">an</token>
  <token t_id="77" sentence="3" number="9">American</token>
  <token t_id="78" sentence="3" number="10">activist</token>
  <token t_id="79" sentence="3" number="11">who</token>
  <token t_id="80" sentence="3" number="12">spoke</token>
  <token t_id="81" sentence="3" number="13">to</token>
  <token t_id="82" sentence="3" number="14">aid</token>
  <token t_id="83" sentence="3" number="15">workers</token>
  <token t_id="84" sentence="3" number="16">at</token>
  <token t_id="85" sentence="3" number="17">the</token>
  <token t_id="86" sentence="3" number="18">camp</token>
  <token t_id="87" sentence="3" number="19">later</token>
  <token t_id="88" sentence="3" number="20">said</token>
  <token t_id="89" sentence="3" number="21">there</token>
  <token t_id="90" sentence="3" number="22">were</token>
  <token t_id="91" sentence="3" number="23">no</token>
  <token t_id="92" sentence="3" number="24">casualties</token>
  <token t_id="93" sentence="3" number="25">.</token>
  <token t_id="94" sentence="4" number="0">The</token>
  <token t_id="95" sentence="4" number="1">violence</token>
  <token t_id="96" sentence="4" number="2">in</token>
  <token t_id="97" sentence="4" number="3">and</token>
  <token t_id="98" sentence="4" number="4">near</token>
  <token t_id="99" sentence="4" number="5">the</token>
  <token t_id="100" sentence="4" number="6">Yida</token>
  <token t_id="101" sentence="4" number="7">refugee</token>
  <token t_id="102" sentence="4" number="8">camp</token>
  <token t_id="103" sentence="4" number="9">,</token>
  <token t_id="104" sentence="4" number="10">located</token>
  <token t_id="105" sentence="4" number="11">10</token>
  <token t_id="106" sentence="4" number="12">miles</token>
  <token t_id="107" sentence="4" number="13">south</token>
  <token t_id="108" sentence="4" number="14">of</token>
  <token t_id="109" sentence="4" number="15">the</token>
  <token t_id="110" sentence="4" number="16">border</token>
  <token t_id="111" sentence="4" number="17">,</token>
  <token t_id="112" sentence="4" number="18">came</token>
  <token t_id="113" sentence="4" number="19">one</token>
  <token t_id="114" sentence="4" number="20">day</token>
  <token t_id="115" sentence="4" number="21">after</token>
  <token t_id="116" sentence="4" number="22">bombings</token>
  <token t_id="117" sentence="4" number="23">were</token>
  <token t_id="118" sentence="4" number="24">reported</token>
  <token t_id="119" sentence="4" number="25">in</token>
  <token t_id="120" sentence="4" number="26">another</token>
  <token t_id="121" sentence="4" number="27">region</token>
  <token t_id="122" sentence="4" number="28">of</token>
  <token t_id="123" sentence="4" number="29">South</token>
  <token t_id="124" sentence="4" number="30">Sudan</token>
  <token t_id="125" sentence="4" number="31">,</token>
  <token t_id="126" sentence="4" number="32">an</token>
  <token t_id="127" sentence="4" number="33">attack</token>
  <token t_id="128" sentence="4" number="34">that</token>
  <token t_id="129" sentence="4" number="35">provoked</token>
  <token t_id="130" sentence="4" number="36">strong</token>
  <token t_id="131" sentence="4" number="37">condemnation</token>
  <token t_id="132" sentence="4" number="38">from</token>
  <token t_id="133" sentence="4" number="39">the</token>
  <token t_id="134" sentence="4" number="40">U</token>
  <token t_id="135" sentence="4" number="41">.</token>
  <token t_id="136" sentence="4" number="42">S</token>
  <token t_id="137" sentence="4" number="43">.</token>
  <token t_id="138" sentence="4" number="44">State</token>
  <token t_id="139" sentence="4" number="45">Department</token>
  <token t_id="140" sentence="4" number="46">.</token>
  <token t_id="141" sentence="5" number="0">The</token>
  <token t_id="142" sentence="5" number="1">president</token>
  <token t_id="143" sentence="5" number="2">of</token>
  <token t_id="144" sentence="5" number="3">South</token>
  <token t_id="145" sentence="5" number="4">Sudan</token>
  <token t_id="146" sentence="5" number="5">,</token>
  <token t_id="147" sentence="5" number="6">which</token>
  <token t_id="148" sentence="5" number="7">became</token>
  <token t_id="149" sentence="5" number="8">the</token>
  <token t_id="150" sentence="5" number="9">world's</token>
  <token t_id="151" sentence="5" number="10">newest</token>
  <token t_id="152" sentence="5" number="11">country</token>
  <token t_id="153" sentence="5" number="12">only</token>
  <token t_id="154" sentence="5" number="13">four</token>
  <token t_id="155" sentence="5" number="14">months</token>
  <token t_id="156" sentence="5" number="15">ago</token>
  <token t_id="157" sentence="5" number="16">,</token>
  <token t_id="158" sentence="5" number="17">said</token>
  <token t_id="159" sentence="5" number="18">he</token>
  <token t_id="160" sentence="5" number="19">fears</token>
  <token t_id="161" sentence="5" number="20">the</token>
  <token t_id="162" sentence="5" number="21">Khartoum</token>
  <token t_id="163" sentence="5" number="22">-</token>
  <token t_id="164" sentence="5" number="23">based</token>
  <token t_id="165" sentence="5" number="24">government</token>
  <token t_id="166" sentence="5" number="25">intends</token>
  <token t_id="167" sentence="5" number="26">to</token>
  <token t_id="168" sentence="5" number="27">invade</token>
  <token t_id="169" sentence="5" number="28">the</token>
  <token t_id="170" sentence="5" number="29">south</token>
  <token t_id="171" sentence="5" number="30">soon</token>
  <token t_id="172" sentence="5" number="31">.</token>
  <token t_id="173" sentence="6" number="0">"Whatever</token>
  <token t_id="174" sentence="6" number="1">allegations</token>
  <token t_id="175" sentence="6" number="2">Khartoum</token>
  <token t_id="176" sentence="6" number="3">labels</token>
  <token t_id="177" sentence="6" number="4">against</token>
  <token t_id="178" sentence="6" number="5">the</token>
  <token t_id="179" sentence="6" number="6">Republic</token>
  <token t_id="180" sentence="6" number="7">of</token>
  <token t_id="181" sentence="6" number="8">South</token>
  <token t_id="182" sentence="6" number="9">Sudan</token>
  <token t_id="183" sentence="6" number="10">are</token>
  <token t_id="184" sentence="6" number="11">baseless</token>
  <token t_id="185" sentence="6" number="12">,</token>
  <token t_id="186" sentence="6" number="13">but</token>
  <token t_id="187" sentence="6" number="14">intended</token>
  <token t_id="188" sentence="6" number="15">to</token>
  <token t_id="189" sentence="6" number="16">justify</token>
  <token t_id="190" sentence="6" number="17">his</token>
  <token t_id="191" sentence="6" number="18">pending</token>
  <token t_id="192" sentence="6" number="19">invasion</token>
  <token t_id="193" sentence="6" number="20">of</token>
  <token t_id="194" sentence="6" number="21">the</token>
  <token t_id="195" sentence="6" number="22">south</token>
  <token t_id="196" sentence="6" number="23">,</token>
  <token t_id="197" sentence="6" number="24">"</token>
  <token t_id="198" sentence="6" number="25">President</token>
  <token t_id="199" sentence="6" number="26">Salva</token>
  <token t_id="200" sentence="6" number="27">Kiir</token>
  <token t_id="201" sentence="6" number="28">said</token>
  <token t_id="202" sentence="6" number="29">.</token>
  <token t_id="203" sentence="7" number="0">He</token>
  <token t_id="204" sentence="7" number="1">later</token>
  <token t_id="205" sentence="7" number="2">added</token>
  <token t_id="206" sentence="7" number="3">:</token>
  <token t_id="207" sentence="7" number="4">"We</token>
  <token t_id="208" sentence="7" number="5">are</token>
  <token t_id="209" sentence="7" number="6">committed</token>
  <token t_id="210" sentence="7" number="7">to</token>
  <token t_id="211" sentence="7" number="8">peaceful</token>
  <token t_id="212" sentence="7" number="9">resolutions</token>
  <token t_id="213" sentence="7" number="10">to</token>
  <token t_id="214" sentence="7" number="11">any</token>
  <token t_id="215" sentence="7" number="12">conflict</token>
  <token t_id="216" sentence="7" number="13">but</token>
  <token t_id="217" sentence="7" number="14">we</token>
  <token t_id="218" sentence="7" number="15">will</token>
  <token t_id="219" sentence="7" number="16">never</token>
  <token t_id="220" sentence="7" number="17">allow</token>
  <token t_id="221" sentence="7" number="18">our</token>
  <token t_id="222" sentence="7" number="19">sovereignty</token>
  <token t_id="223" sentence="7" number="20">to</token>
  <token t_id="224" sentence="7" number="21">be</token>
  <token t_id="225" sentence="7" number="22">violated</token>
  <token t_id="226" sentence="7" number="23">by</token>
  <token t_id="227" sentence="7" number="24">anybody</token>
  <token t_id="228" sentence="7" number="25">.</token>
  <token t_id="229" sentence="7" number="26">"</token>
  <token t_id="230" sentence="8" number="0">There</token>
  <token t_id="231" sentence="8" number="1">was</token>
  <token t_id="232" sentence="8" number="2">no</token>
  <token t_id="233" sentence="8" number="3">immediate</token>
  <token t_id="234" sentence="8" number="4">comment</token>
  <token t_id="235" sentence="8" number="5">from</token>
  <token t_id="236" sentence="8" number="6">the</token>
  <token t_id="237" sentence="8" number="7">Sudanese</token>
  <token t_id="238" sentence="8" number="8">government</token>
  <token t_id="239" sentence="8" number="9">in</token>
  <token t_id="240" sentence="8" number="10">Khartoum</token>
  <token t_id="241" sentence="8" number="11">on</token>
  <token t_id="242" sentence="8" number="12">Thursday</token>
  <token t_id="243" sentence="8" number="13">.</token>
  <token t_id="244" sentence="9" number="0">The</token>
  <token t_id="245" sentence="9" number="1">violence</token>
  <token t_id="246" sentence="9" number="2">is</token>
  <token t_id="247" sentence="9" number="3">especially</token>
  <token t_id="248" sentence="9" number="4">troubling</token>
  <token t_id="249" sentence="9" number="5">given</token>
  <token t_id="250" sentence="9" number="6">the</token>
  <token t_id="251" sentence="9" number="7">history</token>
  <token t_id="252" sentence="9" number="8">between</token>
  <token t_id="253" sentence="9" number="9">the</token>
  <token t_id="254" sentence="9" number="10">two</token>
  <token t_id="255" sentence="9" number="11">sides</token>
  <token t_id="256" sentence="9" number="12">:</token>
  <token t_id="257" sentence="9" number="13">The</token>
  <token t_id="258" sentence="9" number="14">black</token>
  <token t_id="259" sentence="9" number="15">African</token>
  <token t_id="260" sentence="9" number="16">tribes</token>
  <token t_id="261" sentence="9" number="17">of</token>
  <token t_id="262" sentence="9" number="18">South</token>
  <token t_id="263" sentence="9" number="19">Sudan</token>
  <token t_id="264" sentence="9" number="20">and</token>
  <token t_id="265" sentence="9" number="21">the</token>
  <token t_id="266" sentence="9" number="22">mainly</token>
  <token t_id="267" sentence="9" number="23">Arab</token>
  <token t_id="268" sentence="9" number="24">north</token>
  <token t_id="269" sentence="9" number="25">battled</token>
  <token t_id="270" sentence="9" number="26">two</token>
  <token t_id="271" sentence="9" number="27">civil</token>
  <token t_id="272" sentence="9" number="28">wars</token>
  <token t_id="273" sentence="9" number="29">over</token>
  <token t_id="274" sentence="9" number="30">more</token>
  <token t_id="275" sentence="9" number="31">than</token>
  <token t_id="276" sentence="9" number="32">five</token>
  <token t_id="277" sentence="9" number="33">decades</token>
  <token t_id="278" sentence="9" number="34">,</token>
  <token t_id="279" sentence="9" number="35">and</token>
  <token t_id="280" sentence="9" number="36">some</token>
  <token t_id="281" sentence="9" number="37">2</token>
  <token t_id="282" sentence="9" number="38">million</token>
  <token t_id="283" sentence="9" number="39">died</token>
  <token t_id="284" sentence="9" number="40">in</token>
  <token t_id="285" sentence="9" number="41">the</token>
  <token t_id="286" sentence="9" number="42">latest</token>
  <token t_id="287" sentence="9" number="43">war</token>
  <token t_id="288" sentence="9" number="44">,</token>
  <token t_id="289" sentence="9" number="45">from</token>
  <token t_id="290" sentence="9" number="46">1983</token>
  <token t_id="291" sentence="9" number="47">-</token>
  <token t_id="292" sentence="9" number="48">2005</token>
  <token t_id="293" sentence="9" number="49">.</token>
  <token t_id="294" sentence="10" number="0">A</token>
  <token t_id="295" sentence="10" number="1">peace</token>
  <token t_id="296" sentence="10" number="2">deal</token>
  <token t_id="297" sentence="10" number="3">ended</token>
  <token t_id="298" sentence="10" number="4">the</token>
  <token t_id="299" sentence="10" number="5">war</token>
  <token t_id="300" sentence="10" number="6">and</token>
  <token t_id="301" sentence="10" number="7">South</token>
  <token t_id="302" sentence="10" number="8">Sudan</token>
  <token t_id="303" sentence="10" number="9">became</token>
  <token t_id="304" sentence="10" number="10">its</token>
  <token t_id="305" sentence="10" number="11">own</token>
  <token t_id="306" sentence="10" number="12">country</token>
  <token t_id="307" sentence="10" number="13">in</token>
  <token t_id="308" sentence="10" number="14">July</token>
  <token t_id="309" sentence="10" number="15">after</token>
  <token t_id="310" sentence="10" number="16">a</token>
  <token t_id="311" sentence="10" number="17">successful</token>
  <token t_id="312" sentence="10" number="18">independence</token>
  <token t_id="313" sentence="10" number="19">referendum</token>
  <token t_id="314" sentence="10" number="20">.</token>
  <token t_id="315" sentence="11" number="0">But</token>
  <token t_id="316" sentence="11" number="1">there</token>
  <token t_id="317" sentence="11" number="2">have</token>
  <token t_id="318" sentence="11" number="3">been</token>
  <token t_id="319" sentence="11" number="4">lingering</token>
  <token t_id="320" sentence="11" number="5">disputes</token>
  <token t_id="321" sentence="11" number="6">over</token>
  <token t_id="322" sentence="11" number="7">border</token>
  <token t_id="323" sentence="11" number="8">demarcation</token>
  <token t_id="324" sentence="11" number="9">and</token>
  <token t_id="325" sentence="11" number="10">oil</token>
  <token t_id="326" sentence="11" number="11">-</token>
  <token t_id="327" sentence="11" number="12">sharing</token>
  <token t_id="328" sentence="11" number="13">revenues</token>
  <token t_id="329" sentence="11" number="14">.</token>
  <token t_id="330" sentence="12" number="0">Ryan</token>
  <token t_id="331" sentence="12" number="1">Boyette</token>
  <token t_id="332" sentence="12" number="2">,</token>
  <token t_id="333" sentence="12" number="3">a</token>
  <token t_id="334" sentence="12" number="4">former</token>
  <token t_id="335" sentence="12" number="5">aid</token>
  <token t_id="336" sentence="12" number="6">worker</token>
  <token t_id="337" sentence="12" number="7">who</token>
  <token t_id="338" sentence="12" number="8">lives</token>
  <token t_id="339" sentence="12" number="9">in</token>
  <token t_id="340" sentence="12" number="10">Sudan</token>
  <token t_id="341" sentence="12" number="11">who</token>
  <token t_id="342" sentence="12" number="12">is</token>
  <token t_id="343" sentence="12" number="13">now</token>
  <token t_id="344" sentence="12" number="14">leading</token>
  <token t_id="345" sentence="12" number="15">a</token>
  <token t_id="346" sentence="12" number="16">team</token>
  <token t_id="347" sentence="12" number="17">of</token>
  <token t_id="348" sentence="12" number="18">15</token>
  <token t_id="349" sentence="12" number="19">citizen</token>
  <token t_id="350" sentence="12" number="20">journalists</token>
  <token t_id="351" sentence="12" number="21">,</token>
  <token t_id="352" sentence="12" number="22">said</token>
  <token t_id="353" sentence="12" number="23">he</token>
  <token t_id="354" sentence="12" number="24">talked</token>
  <token t_id="355" sentence="12" number="25">to</token>
  <token t_id="356" sentence="12" number="26">five</token>
  <token t_id="357" sentence="12" number="27">aid</token>
  <token t_id="358" sentence="12" number="28">workers</token>
  <token t_id="359" sentence="12" number="29">in</token>
  <token t_id="360" sentence="12" number="30">the</token>
  <token t_id="361" sentence="12" number="31">Yida</token>
  <token t_id="362" sentence="12" number="32">camp</token>
  <token t_id="363" sentence="12" number="33">,</token>
  <token t_id="364" sentence="12" number="34">all</token>
  <token t_id="365" sentence="12" number="35">of</token>
  <token t_id="366" sentence="12" number="36">whom</token>
  <token t_id="367" sentence="12" number="37">said</token>
  <token t_id="368" sentence="12" number="38">that</token>
  <token t_id="369" sentence="12" number="39">four</token>
  <token t_id="370" sentence="12" number="40">bombs</token>
  <token t_id="371" sentence="12" number="41">were</token>
  <token t_id="372" sentence="12" number="42">dropped</token>
  <token t_id="373" sentence="12" number="43">but</token>
  <token t_id="374" sentence="12" number="44">that</token>
  <token t_id="375" sentence="12" number="45">they</token>
  <token t_id="376" sentence="12" number="46">caused</token>
  <token t_id="377" sentence="12" number="47">no</token>
  <token t_id="378" sentence="12" number="48">casualties</token>
  <token t_id="379" sentence="12" number="49">.</token>
  <Markables>
    <ACTION_CAUSATIVE m_id="1">
      <token_anchor t_id="376"/>
    </ACTION_CAUSATIVE>
    <ACTION_CAUSATIVE m_id="2">
      <token_anchor t_id="129"/>
    </ACTION_CAUSATIVE>
    <ACTION_OCCURRENCE m_id="3" comment="" climaxEvent="FALSE">
      <token_anchor t_id="95"/>
    </ACTION_OCCURRENCE>
    <ACTION_OCCURRENCE m_id="4" comment="" climaxEvent="FALSE">
      <token_anchor t_id="116"/>
    </ACTION_OCCURRENCE>
    <ACTION_OCCURRENCE m_id="5" comment="" climaxEvent="FALSE">
      <token_anchor t_id="112"/>
    </ACTION_OCCURRENCE>
    <ACTION_OCCURRENCE m_id="6" comment="" climaxEvent="FALSE">
      <token_anchor t_id="127"/>
    </ACTION_OCCURRENCE>
    <ACTION_OCCURRENCE m_id="7" comment="" climaxEvent="FALSE">
      <token_anchor t_id="131"/>
    </ACTION_OCCURRENCE>
    <ACTION_OCCURRENCE m_id="8" comment="" climaxEvent="FALSE">
      <token_anchor t_id="338"/>
    </ACTION_OCCURRENCE>
    <ACTION_OCCURRENCE m_id="9" comment="" climaxEvent="FALSE">
      <token_anchor t_id="73"/>
    </ACTION_OCCURRENCE>
    <ACTION_OCCURRENCE m_id="10" comment="" climaxEvent="FALSE">
      <token_anchor t_id="372"/>
    </ACTION_OCCURRENCE>
    <ACTION_OCCURRENCE m_id="11" comment="" climaxEvent="FALSE">
      <token_anchor t_id="344"/>
    </ACTION_OCCURRENCE>
    <ACTION_OCCURRENCE m_id="12" comment="" climaxEvent="FALSE">
      <token_anchor t_id="32"/>
    </ACTION_OCCURRENCE>
    <ACTION_OCCURRENCE m_id="13" climaxEvent="TRUE" comment="">
      <token_anchor t_id="37"/>
    </ACTION_OCCURRENCE>
    <ACTION_OCCURRENCE m_id="14" comment="" climaxEvent="FALSE">
      <token_anchor t_id="34"/>
    </ACTION_OCCURRENCE>
    <ACTION_OCCURRENCE m_id="15" comment="" climaxEvent="FALSE">
      <token_anchor t_id="44"/>
    </ACTION_OCCURRENCE>
    <ACTION_OCCURRENCE m_id="16" comment="" climaxEvent="FALSE">
      <token_anchor t_id="53"/>
    </ACTION_OCCURRENCE>
    <ACTION_OCCURRENCE m_id="17" comment="" climaxEvent="FALSE">
      <token_anchor t_id="61"/>
    </ACTION_OCCURRENCE>
    <ACTION_REPORTING m_id="18">
      <token_anchor t_id="66"/>
    </ACTION_REPORTING>
    <ACTION_REPORTING m_id="19">
      <token_anchor t_id="72"/>
    </ACTION_REPORTING>
    <ACTION_REPORTING m_id="20">
      <token_anchor t_id="80"/>
    </ACTION_REPORTING>
    <ACTION_REPORTING m_id="21">
      <token_anchor t_id="88"/>
    </ACTION_REPORTING>
    <ACTION_REPORTING m_id="22">
      <token_anchor t_id="354"/>
    </ACTION_REPORTING>
    <ACTION_REPORTING m_id="23">
      <token_anchor t_id="352"/>
    </ACTION_REPORTING>
    <ACTION_REPORTING m_id="24">
      <token_anchor t_id="367"/>
    </ACTION_REPORTING>
    <ACTION_REPORTING m_id="25">
      <token_anchor t_id="118"/>
    </ACTION_REPORTING>
    <ACTION_STATE m_id="26" climaxEvent="FALSE" comment="">
      <token_anchor t_id="334"/>
    </ACTION_STATE>
    <ACTION_STATE m_id="27" climaxEvent="FALSE" comment="">
      <token_anchor t_id="104"/>
    </ACTION_STATE>
    <HUMAN_PART_GPE m_id="29">
      <token_anchor t_id="30"/>
      <token_anchor t_id="31"/>
    </HUMAN_PART_GPE>
    <HUMAN_PART_GPE m_id="30">
      <token_anchor t_id="36"/>
    </HUMAN_PART_GPE>
    <HUMAN_PART_GPE m_id="28">
      <token_anchor t_id="43"/>
    </HUMAN_PART_GPE>
    <HUMAN_PART_ORG m_id="31">
      <token_anchor t_id="346"/>
    </HUMAN_PART_ORG>
    <HUMAN_PART_ORG m_id="32">
      <token_anchor t_id="134"/>
      <token_anchor t_id="135"/>
      <token_anchor t_id="136"/>
      <token_anchor t_id="137"/>
      <token_anchor t_id="138"/>
      <token_anchor t_id="139"/>
    </HUMAN_PART_ORG>
    <HUMAN_PART_PER m_id="33" comment="">
      <token_anchor t_id="337"/>
    </HUMAN_PART_PER>
    <HUMAN_PART_PER m_id="34" comment="">
      <token_anchor t_id="341"/>
    </HUMAN_PART_PER>
    <HUMAN_PART_PER m_id="35" comment="">
      <token_anchor t_id="335"/>
      <token_anchor t_id="336"/>
    </HUMAN_PART_PER>
    <HUMAN_PART_PER m_id="36" comment="">
      <token_anchor t_id="348"/>
      <token_anchor t_id="349"/>
      <token_anchor t_id="350"/>
    </HUMAN_PART_PER>
    <HUMAN_PART_PER m_id="37" comment="">
      <token_anchor t_id="353"/>
    </HUMAN_PART_PER>
    <HUMAN_PART_PER m_id="38" comment="">
      <token_anchor t_id="356"/>
      <token_anchor t_id="357"/>
      <token_anchor t_id="358"/>
    </HUMAN_PART_PER>
    <HUMAN_PART_PER m_id="39" comment="">
      <token_anchor t_id="366"/>
    </HUMAN_PART_PER>
    <HUMAN_PART_PER m_id="40" comment="">
      <token_anchor t_id="69"/>
      <token_anchor t_id="70"/>
    </HUMAN_PART_PER>
    <HUMAN_PART_PER m_id="41" comment="">
      <token_anchor t_id="82"/>
      <token_anchor t_id="83"/>
    </HUMAN_PART_PER>
    <HUMAN_PART_PER m_id="42" comment="">
      <token_anchor t_id="78"/>
    </HUMAN_PART_PER>
    <HUMAN_PART_PER m_id="43" comment="">
      <token_anchor t_id="63"/>
    </HUMAN_PART_PER>
    <HUMAN_PART_PER m_id="44" comment="">
      <token_anchor t_id="79"/>
    </HUMAN_PART_PER>
    <HUMAN_PART_PER m_id="45" comment="">
      <token_anchor t_id="65"/>
    </HUMAN_PART_PER>
    <HUMAN_PART_PER m_id="46" comment="">
      <token_anchor t_id="330"/>
      <token_anchor t_id="331"/>
    </HUMAN_PART_PER>
    <HUMAN_PART_VEH m_id="47">
      <token_anchor t_id="40"/>
      <token_anchor t_id="41"/>
    </HUMAN_PART_VEH>
    <LOC_FAC m_id="48">
      <token_anchor t_id="96"/>
      <token_anchor t_id="97"/>
      <token_anchor t_id="98"/>
      <token_anchor t_id="99"/>
      <token_anchor t_id="100"/>
      <token_anchor t_id="101"/>
      <token_anchor t_id="102"/>
    </LOC_FAC>
    <LOC_GEO m_id="61" comment="">
      <token_anchor t_id="56"/>
      <token_anchor t_id="57"/>
      <token_anchor t_id="58"/>
      <token_anchor t_id="59"/>
      <token_anchor t_id="60"/>
    </LOC_GEO>
    <LOC_GEO m_id="49" comment="">
      <token_anchor t_id="119"/>
      <token_anchor t_id="120"/>
      <token_anchor t_id="121"/>
      <token_anchor t_id="122"/>
      <token_anchor t_id="123"/>
      <token_anchor t_id="124"/>
    </LOC_GEO>
    <LOC_GEO m_id="50" comment="">
      <token_anchor t_id="339"/>
      <token_anchor t_id="340"/>
    </LOC_GEO>
    <LOC_GEO m_id="51" comment="">
      <token_anchor t_id="45"/>
      <token_anchor t_id="46"/>
      <token_anchor t_id="47"/>
      <token_anchor t_id="48"/>
      <token_anchor t_id="49"/>
      <token_anchor t_id="50"/>
      <token_anchor t_id="51"/>
    </LOC_GEO>
    <LOC_GEO m_id="52" comment="">
      <token_anchor t_id="105"/>
      <token_anchor t_id="106"/>
      <token_anchor t_id="107"/>
      <token_anchor t_id="108"/>
      <token_anchor t_id="109"/>
      <token_anchor t_id="110"/>
    </LOC_GEO>
    <LOC_GEO m_id="58" comment="">
      <token_anchor t_id="84"/>
      <token_anchor t_id="85"/>
      <token_anchor t_id="86"/>
    </LOC_GEO>
    <LOC_GEO m_id="59" comment="">
      <token_anchor t_id="359"/>
      <token_anchor t_id="360"/>
      <token_anchor t_id="361"/>
      <token_anchor t_id="362"/>
    </LOC_GEO>
    <LOC_GEO m_id="60" comment="">
      <token_anchor t_id="38"/>
      <token_anchor t_id="39"/>
    </LOC_GEO>
    <NEG_ACTION_OCCURRENCE m_id="53" comment="" climaxEvent="FALSE">
      <token_anchor t_id="92"/>
    </NEG_ACTION_OCCURRENCE>
    <NEG_ACTION_OCCURRENCE m_id="54" comment="" climaxEvent="FALSE">
      <token_anchor t_id="378"/>
    </NEG_ACTION_OCCURRENCE>
    <NON_HUMAN_PART m_id="55" comment="">
      <token_anchor t_id="369"/>
      <token_anchor t_id="370"/>
    </NON_HUMAN_PART>
    <NON_HUMAN_PART m_id="56" comment="">
      <token_anchor t_id="54"/>
    </NON_HUMAN_PART>
    <TIME_DATE m_id="57" comment="" DCT="FALSE" value="2011-11-10" anchorTimeID="83">
      <token_anchor t_id="55"/>
    </TIME_DATE>
    <ACTION_REPORTING m_id="62" RELATED_TO="" TAG_DESCRIPTOR="t41_activist_says_no_deaths"/>
    <HUMAN_PART_GPE m_id="63" RELATED_TO="" TAG_DESCRIPTOR="t41_south_sudan_part"/>
    <HUMAN_PART_PER m_id="64" RELATED_TO="" TAG_DESCRIPTOR="t41_south_sudan_officials" comment=""/>
    <ACTION_OCCURRENCE m_id="65" RELATED_TO="" TAG_DESCRIPTOR="t41_drop_bombs_camp" comment="" climaxEvent="FALSE"/>
    <ACTION_REPORTING m_id="66" RELATED_TO="" TAG_DESCRIPTOR="t41_officials_and_witnesses_say"/>
    <ACTION_REPORTING m_id="67" RELATED_TO="" TAG_DESCRIPTOR="t41_govt_official_reported_deaths"/>
    <ACTION_OCCURRENCE m_id="68" RELATED_TO="" TAG_DESCRIPTOR="t41_reported_deaths" comment="" climaxEvent="FALSE"/>
    <HUMAN_PART_GPE m_id="69" RELATED_TO="" TAG_DESCRIPTOR="t41_sudan_part"/>
    <NEG_ACTION_OCCURRENCE m_id="70" RELATED_TO="" TAG_DESCRIPTOR="t41_no_casualties" comment="" climaxEvent="FALSE"/>
    <ACTION_OCCURRENCE m_id="71" RELATED_TO="" TAG_DESCRIPTOR="t41_warns_of_war" comment="" climaxEvent="FALSE"/>
    <ACTION_REPORTING m_id="72" RELATED_TO="" TAG_DESCRIPTOR="t41_activist_spoketo_workers"/>
    <HUMAN_PART_PER m_id="73" RELATED_TO="" TAG_DESCRIPTOR="t41_activist" comment=""/>
    <ACTION_OCCURRENCE m_id="74" RELATED_TO="" TAG_DESCRIPTOR="t41_war_threat" comment="" climaxEvent="FALSE"/>
    <NON_HUMAN_PART m_id="75" RELATED_TO="" TAG_DESCRIPTOR="t41_4bombs" comment=""/>
    <HUMAN_PART_PER m_id="76" RELATED_TO="" TAG_DESCRIPTOR="t41_yida_refugees" comment=""/>
    <TIME_DATE m_id="77" RELATED_TO="" TAG_DESCRIPTOR="t41_thursday" value="" anchorTimeID="" DCT="FALSE" comment=""/>
    <HUMAN_PART_VEH m_id="78" RELATED_TO="" TAG_DESCRIPTOR="t41_bomber"/>
    <HUMAN_PART_PER m_id="79" RELATED_TO="" TAG_DESCRIPTOR="t41_aid_workers" comment=""/>
    <ACTION_OCCURRENCE m_id="80" RELATED_TO="" TAG_DESCRIPTOR="t41_bomber_crossed_border" comment="" climaxEvent="FALSE"/>
    <LOC_GEO m_id="81" RELATED_TO="" TAG_DESCRIPTOR="t41_sudan_loc" comment=""/>
    <LOC_GEO m_id="82" RELATED_TO="" TAG_DESCRIPTOR="t41_yida_camp" comment=""/>
    <TIME_DATE m_id="83" RELATED_TO="" TAG_DESCRIPTOR="t_2011-11-10" value="" anchorTimeID="" DCT="FALSE" comment=""/>
  </Markables>
  <Relations>
    <PLOT_LINK r_id="104277" SIGNAL="" relType="FALLING_ACTION" CAUSES="FALSE" CAUSED_BY="FALSE">
      <source m_id="12"/>
      <target m_id="13"/>
    </PLOT_LINK>
    <PLOT_LINK r_id="104278" SIGNAL="" relType="PRECONDITION" CAUSES="FALSE" CAUSED_BY="FALSE">
      <source m_id="15"/>
      <target m_id="16"/>
    </PLOT_LINK>
    <PLOT_LINK r_id="104279" SIGNAL="" relType="PRECONDITION" CAUSES="FALSE" CAUSED_BY="FALSE">
      <source m_id="16"/>
      <target m_id="9"/>
    </PLOT_LINK>
    <PLOT_LINK r_id="104280" SIGNAL="" relType="PRECONDITION" CAUSES="FALSE" CAUSED_BY="FALSE">
      <source m_id="13"/>
      <target m_id="9"/>
    </PLOT_LINK>
    <PLOT_LINK r_id="104281" SIGNAL="" relType="PRECONDITION" CAUSES="FALSE" CAUSED_BY="FALSE">
      <source m_id="13"/>
      <target m_id="53"/>
    </PLOT_LINK>
    <PLOT_LINK r_id="104282" SIGNAL="" relType="PRECONDITION" CAUSES="FALSE" CAUSED_BY="FALSE">
      <source m_id="16"/>
      <target m_id="53"/>
    </PLOT_LINK>
    <PLOT_LINK r_id="104283" SIGNAL="" relType="FALLING_ACTION" CAUSES="FALSE" CAUSED_BY="FALSE">
      <source m_id="3"/>
      <target m_id="4"/>
    </PLOT_LINK>
    <PLOT_LINK r_id="104284" SIGNAL="2" relType="PRECONDITION" CAUSES="TRUE" CAUSED_BY="FALSE">
      <source m_id="6"/>
      <target m_id="7"/>
    </PLOT_LINK>
    <PLOT_LINK r_id="104285" SIGNAL="1" relType="PRECONDITION" CAUSES="TRUE" CAUSED_BY="FALSE">
      <source m_id="10"/>
      <target m_id="54"/>
    </PLOT_LINK>
    <TLINK r_id="104287" contextualModality="" relType="CONTAINS" comment="">
      <source m_id="57"/>
      <target m_id="12"/>
    </TLINK>
    <TLINK r_id="104288" contextualModality="" relType="CONTAINS" comment="">
      <source m_id="57"/>
      <target m_id="14"/>
    </TLINK>
    <TLINK r_id="104289" contextualModality="" relType="AFTER" comment="">
      <source m_id="57"/>
      <target m_id="13"/>
    </TLINK>
    <TLINK r_id="104290" contextualModality="" relType="CONTAINS" comment="">
      <source m_id="57"/>
      <target m_id="15"/>
    </TLINK>
    <TLINK r_id="104291" contextualModality="" relType="CONTAINS" comment="">
      <source m_id="57"/>
      <target m_id="16"/>
    </TLINK>
    <TLINK r_id="104292" contextualModality="" relType="OVERLAP" comment="">
      <source m_id="57"/>
      <target m_id="17"/>
    </TLINK>
    <TLINK r_id="104293" contextualModality="" relType="CONTAINS" comment="">
      <source m_id="57"/>
      <target m_id="9"/>
    </TLINK>
    <TLINK r_id="104294" contextualModality="" relType="CONTAINS" comment="">
      <source m_id="57"/>
      <target m_id="53"/>
    </TLINK>
    <TLINK r_id="104295" contextualModality="" relType="CONTAINS" comment="">
      <source m_id="57"/>
      <target m_id="3"/>
    </TLINK>
    <TLINK r_id="104296" contextualModality="" relType="CONTAINS" comment="">
      <source m_id="57"/>
      <target m_id="5"/>
    </TLINK>
    <TLINK r_id="104297" contextualModality="" relType="AFTER" comment="">
      <source m_id="57"/>
      <target m_id="4"/>
    </TLINK>
    <TLINK r_id="104298" contextualModality="" relType="AFTER" comment="">
      <source m_id="57"/>
      <target m_id="6"/>
    </TLINK>
    <TLINK r_id="104299" contextualModality="" relType="AFTER" comment="">
      <source m_id="57"/>
      <target m_id="7"/>
    </TLINK>
    <TLINK r_id="104300" contextualModality="" relType="OVERLAP" comment="">
      <source m_id="57"/>
      <target m_id="8"/>
    </TLINK>
    <TLINK r_id="104301" contextualModality="" relType="OVERLAP" comment="">
      <source m_id="57"/>
      <target m_id="11"/>
    </TLINK>
    <TLINK r_id="104302" contextualModality="" relType="CONTAINS" comment="">
      <source m_id="57"/>
      <target m_id="10"/>
    </TLINK>
    <TLINK r_id="104303" contextualModality="" relType="CONTAINS" comment="">
      <source m_id="57"/>
      <target m_id="1"/>
    </TLINK>
    <TLINK r_id="104304" contextualModality="" relType="CONTAINS" comment="">
      <source m_id="57"/>
      <target m_id="54"/>
    </TLINK>
    <TLINK r_id="104305" contextualModality="" relType="CONTAINS" comment="">
      <source m_id="83"/>
      <target m_id="12"/>
    </TLINK>
    <TLINK r_id="104306" contextualModality="" relType="CONTAINS" comment="">
      <source m_id="83"/>
      <target m_id="13"/>
    </TLINK>
    <TLINK r_id="104307" contextualModality="" relType="CONTAINS" comment="">
      <source m_id="83"/>
      <target m_id="15"/>
    </TLINK>
    <TLINK r_id="104308" contextualModality="" relType="CONTAINS" comment="">
      <source m_id="83"/>
      <target m_id="16"/>
    </TLINK>
    <TLINK r_id="104309" contextualModality="" relType="OVERLAP" comment="">
      <source m_id="83"/>
      <target m_id="17"/>
    </TLINK>
    <TLINK r_id="104310" contextualModality="" relType="CONTAINS" comment="">
      <source m_id="83"/>
      <target m_id="9"/>
    </TLINK>
    <TLINK r_id="104311" contextualModality="" relType="CONTAINS" comment="">
      <source m_id="83"/>
      <target m_id="53"/>
    </TLINK>
    <TLINK r_id="104312" contextualModality="" relType="CONTAINS" comment="">
      <source m_id="83"/>
      <target m_id="3"/>
    </TLINK>
    <TLINK r_id="104313" contextualModality="" relType="CONTAINS" comment="">
      <source m_id="83"/>
      <target m_id="5"/>
    </TLINK>
    <TLINK r_id="104314" contextualModality="" relType="AFTER" comment="">
      <source m_id="83"/>
      <target m_id="4"/>
    </TLINK>
    <TLINK r_id="104315" contextualModality="" relType="AFTER" comment="">
      <source m_id="83"/>
      <target m_id="6"/>
    </TLINK>
    <TLINK r_id="104316" contextualModality="" relType="AFTER" comment="">
      <source m_id="83"/>
      <target m_id="7"/>
    </TLINK>
    <TLINK r_id="104317" contextualModality="" relType="OVERLAP" comment="">
      <source m_id="83"/>
      <target m_id="8"/>
    </TLINK>
    <TLINK r_id="104318" contextualModality="" relType="OVERLAP" comment="">
      <source m_id="83"/>
      <target m_id="11"/>
    </TLINK>
    <TLINK r_id="104319" contextualModality="" relType="CONTAINS" comment="">
      <source m_id="83"/>
      <target m_id="10"/>
    </TLINK>
    <TLINK r_id="104320" contextualModality="" relType="CONTAINS" comment="">
      <source m_id="83"/>
      <target m_id="54"/>
    </TLINK>
  </Relations>
</Document>
