<?xml version='1.0' encoding='UTF-8'?>
<Document doc_name="41_3ecbplus.xml">
  <token t_id="1" sentence="0" number="0">http</token>
  <token t_id="2" sentence="0" number="1">:</token>
  <token t_id="3" sentence="0" number="2">/</token>
  <token t_id="4" sentence="0" number="3">/</token>
  <token t_id="5" sentence="0" number="4">www</token>
  <token t_id="6" sentence="0" number="5">.</token>
  <token t_id="7" sentence="0" number="6">bbc</token>
  <token t_id="8" sentence="0" number="7">.</token>
  <token t_id="9" sentence="0" number="8">co</token>
  <token t_id="10" sentence="0" number="9">.</token>
  <token t_id="11" sentence="0" number="10">uk</token>
  <token t_id="12" sentence="0" number="11">/</token>
  <token t_id="13" sentence="0" number="12">news</token>
  <token t_id="14" sentence="0" number="13">/</token>
  <token t_id="15" sentence="0" number="14">world</token>
  <token t_id="16" sentence="0" number="15">-</token>
  <token t_id="17" sentence="0" number="16">africa</token>
  <token t_id="18" sentence="0" number="17">-</token>
  <token t_id="19" sentence="0" number="18">15678261</token>
  <token t_id="20" sentence="1" number="0">11</token>
  <token t_id="21" sentence="1" number="1">November</token>
  <token t_id="22" sentence="1" number="2">2011</token>
  <token t_id="23" sentence="1" number="3">Last</token>
  <token t_id="24" sentence="1" number="4">updated</token>
  <token t_id="25" sentence="1" number="5">at</token>
  <token t_id="26" sentence="1" number="6">12</token>
  <token t_id="27" sentence="1" number="7">:</token>
  <token t_id="28" sentence="1" number="8">41</token>
  <token t_id="29" sentence="1" number="9">GMT</token>
  <token t_id="30" sentence="2" number="0">Sudan</token>
  <token t_id="31" sentence="2" number="1">'bombs</token>
  <token t_id="32" sentence="2" number="2">refugees'</token>
  <token t_id="33" sentence="2" number="3">in</token>
  <token t_id="34" sentence="2" number="4">South</token>
  <token t_id="35" sentence="2" number="5">Sudan's</token>
  <token t_id="36" sentence="2" number="6">Unity</token>
  <token t_id="37" sentence="2" number="7">state</token>
  <token t_id="38" sentence="3" number="0">South</token>
  <token t_id="39" sentence="3" number="1">Sudanese</token>
  <token t_id="40" sentence="3" number="2">officials</token>
  <token t_id="41" sentence="3" number="3">have</token>
  <token t_id="42" sentence="3" number="4">condemned</token>
  <token t_id="43" sentence="3" number="5">Sudan</token>
  <token t_id="44" sentence="3" number="6">after</token>
  <token t_id="45" sentence="3" number="7">an</token>
  <token t_id="46" sentence="3" number="8">aerial</token>
  <token t_id="47" sentence="3" number="9">bombardment</token>
  <token t_id="48" sentence="3" number="10">of</token>
  <token t_id="49" sentence="3" number="11">a</token>
  <token t_id="50" sentence="3" number="12">refugee</token>
  <token t_id="51" sentence="3" number="13">camp</token>
  <token t_id="52" sentence="3" number="14">in</token>
  <token t_id="53" sentence="3" number="15">their</token>
  <token t_id="54" sentence="3" number="16">territory</token>
  <token t_id="55" sentence="3" number="17">.</token>
  <token t_id="56" sentence="4" number="0">The</token>
  <token t_id="57" sentence="4" number="1">BBC's</token>
  <token t_id="58" sentence="4" number="2">James</token>
  <token t_id="59" sentence="4" number="3">Copnall</token>
  <token t_id="60" sentence="4" number="4">was</token>
  <token t_id="61" sentence="4" number="5">at</token>
  <token t_id="62" sentence="4" number="6">the</token>
  <token t_id="63" sentence="4" number="7">Yida</token>
  <token t_id="64" sentence="4" number="8">camp</token>
  <token t_id="65" sentence="4" number="9">in</token>
  <token t_id="66" sentence="4" number="10">oil</token>
  <token t_id="67" sentence="4" number="11">-</token>
  <token t_id="68" sentence="4" number="12">rich</token>
  <token t_id="69" sentence="4" number="13">Unity</token>
  <token t_id="70" sentence="4" number="14">State</token>
  <token t_id="71" sentence="4" number="15">,</token>
  <token t_id="72" sentence="4" number="16">which</token>
  <token t_id="73" sentence="4" number="17">borders</token>
  <token t_id="74" sentence="4" number="18">Sudan</token>
  <token t_id="75" sentence="4" number="19">,</token>
  <token t_id="76" sentence="4" number="20">when</token>
  <token t_id="77" sentence="4" number="21">it</token>
  <token t_id="78" sentence="4" number="22">was</token>
  <token t_id="79" sentence="4" number="23">bombed</token>
  <token t_id="80" sentence="4" number="24">.</token>
  <token t_id="81" sentence="5" number="0">Local</token>
  <token t_id="82" sentence="5" number="1">official</token>
  <token t_id="83" sentence="5" number="2">Miabek</token>
  <token t_id="84" sentence="5" number="3">Lang</token>
  <token t_id="85" sentence="5" number="4">said</token>
  <token t_id="86" sentence="5" number="5">at</token>
  <token t_id="87" sentence="5" number="6">least</token>
  <token t_id="88" sentence="5" number="7">12</token>
  <token t_id="89" sentence="5" number="8">people</token>
  <token t_id="90" sentence="5" number="9">had</token>
  <token t_id="91" sentence="5" number="10">been</token>
  <token t_id="92" sentence="5" number="11">killed</token>
  <token t_id="93" sentence="5" number="12">and</token>
  <token t_id="94" sentence="5" number="13">20</token>
  <token t_id="95" sentence="5" number="14">wounded</token>
  <token t_id="96" sentence="5" number="15">.</token>
  <token t_id="97" sentence="6" number="0">The</token>
  <token t_id="98" sentence="6" number="1">Sudanese</token>
  <token t_id="99" sentence="6" number="2">military</token>
  <token t_id="100" sentence="6" number="3">,</token>
  <token t_id="101" sentence="6" number="4">which</token>
  <token t_id="102" sentence="6" number="5">has</token>
  <token t_id="103" sentence="6" number="6">been</token>
  <token t_id="104" sentence="6" number="7">fighting</token>
  <token t_id="105" sentence="6" number="8">rebels</token>
  <token t_id="106" sentence="6" number="9">in</token>
  <token t_id="107" sentence="6" number="10">areas</token>
  <token t_id="108" sentence="6" number="11">near</token>
  <token t_id="109" sentence="6" number="12">South</token>
  <token t_id="110" sentence="6" number="13">Sudan</token>
  <token t_id="111" sentence="6" number="14">,</token>
  <token t_id="112" sentence="6" number="15">has</token>
  <token t_id="113" sentence="6" number="16">denied</token>
  <token t_id="114" sentence="6" number="17">the</token>
  <token t_id="115" sentence="6" number="18">claims</token>
  <token t_id="116" sentence="6" number="19">.</token>
  <token t_id="117" sentence="7" number="0">Our</token>
  <token t_id="118" sentence="7" number="1">reporter</token>
  <token t_id="119" sentence="7" number="2">says</token>
  <token t_id="120" sentence="7" number="3">he</token>
  <token t_id="121" sentence="7" number="4">arrived</token>
  <token t_id="122" sentence="7" number="5">at</token>
  <token t_id="123" sentence="7" number="6">the</token>
  <token t_id="124" sentence="7" number="7">camp</token>
  <token t_id="125" sentence="7" number="8">at</token>
  <token t_id="126" sentence="7" number="9">about</token>
  <token t_id="127" sentence="7" number="10">12</token>
  <token t_id="128" sentence="7" number="11">:</token>
  <token t_id="129" sentence="7" number="12">00</token>
  <token t_id="130" sentence="7" number="13">GMT</token>
  <token t_id="131" sentence="7" number="14">on</token>
  <token t_id="132" sentence="7" number="15">Thursday</token>
  <token t_id="133" sentence="7" number="16">as</token>
  <token t_id="134" sentence="7" number="17">a</token>
  <token t_id="135" sentence="7" number="18">second</token>
  <token t_id="136" sentence="7" number="19">round</token>
  <token t_id="137" sentence="7" number="20">of</token>
  <token t_id="138" sentence="7" number="21">bombs</token>
  <token t_id="139" sentence="7" number="22">hit</token>
  <token t_id="140" sentence="7" number="23">.</token>
  <token t_id="141" sentence="8" number="0">He</token>
  <token t_id="142" sentence="8" number="1">says</token>
  <token t_id="143" sentence="8" number="2">that</token>
  <token t_id="144" sentence="8" number="3">just</token>
  <token t_id="145" sentence="8" number="4">as</token>
  <token t_id="146" sentence="8" number="5">a</token>
  <token t_id="147" sentence="8" number="6">UN</token>
  <token t_id="148" sentence="8" number="7">helicopter</token>
  <token t_id="149" sentence="8" number="8">,</token>
  <token t_id="150" sentence="8" number="9">carrying</token>
  <token t_id="151" sentence="8" number="10">food</token>
  <token t_id="152" sentence="8" number="11">aid</token>
  <token t_id="153" sentence="8" number="12">,</token>
  <token t_id="154" sentence="8" number="13">settled</token>
  <token t_id="155" sentence="8" number="14">on</token>
  <token t_id="156" sentence="8" number="15">to</token>
  <token t_id="157" sentence="8" number="16">a</token>
  <token t_id="158" sentence="8" number="17">makeshift</token>
  <token t_id="159" sentence="8" number="18">landing</token>
  <token t_id="160" sentence="8" number="19">zone</token>
  <token t_id="161" sentence="8" number="20">at</token>
  <token t_id="162" sentence="8" number="21">the</token>
  <token t_id="163" sentence="8" number="22">camp</token>
  <token t_id="164" sentence="8" number="23">,</token>
  <token t_id="165" sentence="8" number="24">there</token>
  <token t_id="166" sentence="8" number="25">was</token>
  <token t_id="167" sentence="8" number="26">a</token>
  <token t_id="168" sentence="8" number="27">deep</token>
  <token t_id="169" sentence="8" number="28">and</token>
  <token t_id="170" sentence="8" number="29">terrifying</token>
  <token t_id="171" sentence="8" number="30">thud</token>
  <token t_id="172" sentence="8" number="31">of</token>
  <token t_id="173" sentence="8" number="32">a</token>
  <token t_id="174" sentence="8" number="33">nearby</token>
  <token t_id="175" sentence="8" number="34">explosion</token>
  <token t_id="176" sentence="8" number="35">.</token>
  <token t_id="177" sentence="9" number="0">A</token>
  <token t_id="178" sentence="9" number="1">large</token>
  <token t_id="179" sentence="9" number="2">plane</token>
  <token t_id="180" sentence="9" number="3">was</token>
  <token t_id="181" sentence="9" number="4">spotted</token>
  <token t_id="182" sentence="9" number="5">heading</token>
  <token t_id="183" sentence="9" number="6">to</token>
  <token t_id="184" sentence="9" number="7">the</token>
  <token t_id="185" sentence="9" number="8">north</token>
  <token t_id="186" sentence="9" number="9">,</token>
  <token t_id="187" sentence="9" number="10">our</token>
  <token t_id="188" sentence="9" number="11">reporter</token>
  <token t_id="189" sentence="9" number="12">says</token>
  <token t_id="190" sentence="9" number="13">.</token>
  <token t_id="191" sentence="10" number="0">'Completely</token>
  <token t_id="192" sentence="10" number="1">false'</token>
  <token t_id="193" sentence="11" number="0">Several</token>
  <token t_id="194" sentence="11" number="1">residents</token>
  <token t_id="195" sentence="11" number="2">of</token>
  <token t_id="196" sentence="11" number="3">the</token>
  <token t_id="197" sentence="11" number="4">refugee</token>
  <token t_id="198" sentence="11" number="5">camp</token>
  <token t_id="199" sentence="11" number="6">told</token>
  <token t_id="200" sentence="11" number="7">him</token>
  <token t_id="201" sentence="11" number="8">it</token>
  <token t_id="202" sentence="11" number="9">was</token>
  <token t_id="203" sentence="11" number="10">an</token>
  <token t_id="204" sentence="11" number="11">Antonov</token>
  <token t_id="205" sentence="11" number="12">plane</token>
  <token t_id="206" sentence="11" number="13">,</token>
  <token t_id="207" sentence="11" number="14">often</token>
  <token t_id="208" sentence="11" number="15">used</token>
  <token t_id="209" sentence="11" number="16">by</token>
  <token t_id="210" sentence="11" number="17">the</token>
  <token t_id="211" sentence="11" number="18">Sudanese</token>
  <token t_id="212" sentence="11" number="19">government</token>
  <token t_id="213" sentence="11" number="20">as</token>
  <token t_id="214" sentence="11" number="21">a</token>
  <token t_id="215" sentence="11" number="22">makeshift</token>
  <token t_id="216" sentence="11" number="23">bomber</token>
  <token t_id="217" sentence="11" number="24">.</token>
  <token t_id="218" sentence="12" number="0">The</token>
  <token t_id="219" sentence="12" number="1">refugees</token>
  <token t_id="220" sentence="12" number="2">said</token>
  <token t_id="221" sentence="12" number="3">the</token>
  <token t_id="222" sentence="12" number="4">plane</token>
  <token t_id="223" sentence="12" number="5">had</token>
  <token t_id="224" sentence="12" number="6">circled</token>
  <token t_id="225" sentence="12" number="7">before</token>
  <token t_id="226" sentence="12" number="8">launching</token>
  <token t_id="227" sentence="12" number="9">two</token>
  <token t_id="228" sentence="12" number="10">bombing</token>
  <token t_id="229" sentence="12" number="11">raids</token>
  <token t_id="230" sentence="12" number="12">.</token>
  <token t_id="231" sentence="13" number="0">Five</token>
  <token t_id="232" sentence="13" number="1">bombs</token>
  <token t_id="233" sentence="13" number="2">were</token>
  <token t_id="234" sentence="13" number="3">dropped</token>
  <token t_id="235" sentence="13" number="4">,</token>
  <token t_id="236" sentence="13" number="5">of</token>
  <token t_id="237" sentence="13" number="6">which</token>
  <token t_id="238" sentence="13" number="7">four</token>
  <token t_id="239" sentence="13" number="8">exploded</token>
  <token t_id="240" sentence="13" number="9">,</token>
  <token t_id="241" sentence="13" number="10">they</token>
  <token t_id="242" sentence="13" number="11">told</token>
  <token t_id="243" sentence="13" number="12">our</token>
  <token t_id="244" sentence="13" number="13">correspondent</token>
  <token t_id="245" sentence="13" number="14">.</token>
  <token t_id="246" sentence="14" number="0">Our</token>
  <token t_id="247" sentence="14" number="1">reporter</token>
  <token t_id="248" sentence="14" number="2">says</token>
  <token t_id="249" sentence="14" number="3">he</token>
  <token t_id="250" sentence="14" number="4">did</token>
  <token t_id="251" sentence="14" number="5">not</token>
  <token t_id="252" sentence="14" number="6">see</token>
  <token t_id="253" sentence="14" number="7">any</token>
  <token t_id="254" sentence="14" number="8">casualties</token>
  <token t_id="255" sentence="14" number="9">,</token>
  <token t_id="256" sentence="14" number="10">but</token>
  <token t_id="257" sentence="14" number="11">Mr</token>
  <token t_id="258" sentence="14" number="12">Lang</token>
  <token t_id="259" sentence="14" number="13">,</token>
  <token t_id="260" sentence="14" number="14">the</token>
  <token t_id="261" sentence="14" number="15">commissioner</token>
  <token t_id="262" sentence="14" number="16">of</token>
  <token t_id="263" sentence="14" number="17">Pariang</token>
  <token t_id="264" sentence="14" number="18">county</token>
  <token t_id="265" sentence="14" number="19">in</token>
  <token t_id="266" sentence="14" number="20">Unity</token>
  <token t_id="267" sentence="14" number="21">state</token>
  <token t_id="268" sentence="14" number="22">,</token>
  <token t_id="269" sentence="14" number="23">said</token>
  <token t_id="270" sentence="14" number="24">that</token>
  <token t_id="271" sentence="14" number="25">12</token>
  <token t_id="272" sentence="14" number="26">people</token>
  <token t_id="273" sentence="14" number="27">had</token>
  <token t_id="274" sentence="14" number="28">been</token>
  <token t_id="275" sentence="14" number="29">killed</token>
  <token t_id="276" sentence="14" number="30">and</token>
  <token t_id="277" sentence="14" number="31">the</token>
  <token t_id="278" sentence="14" number="32">death</token>
  <token t_id="279" sentence="14" number="33">toll</token>
  <token t_id="280" sentence="14" number="34">could</token>
  <token t_id="281" sentence="14" number="35">rise</token>
  <token t_id="282" sentence="14" number="36">.</token>
  <token t_id="283" sentence="15" number="0">Incidents</token>
  <token t_id="284" sentence="15" number="1">like</token>
  <token t_id="285" sentence="15" number="2">this</token>
  <token t_id="286" sentence="15" number="3">,</token>
  <token t_id="287" sentence="15" number="4">and</token>
  <token t_id="288" sentence="15" number="5">both</token>
  <token t_id="289" sentence="15" number="6">sides'</token>
  <token t_id="290" sentence="15" number="7">belief</token>
  <token t_id="291" sentence="15" number="8">that</token>
  <token t_id="292" sentence="15" number="9">the</token>
  <token t_id="293" sentence="15" number="10">other</token>
  <token t_id="294" sentence="15" number="11">is</token>
  <token t_id="295" sentence="15" number="12">sponsoring</token>
  <token t_id="296" sentence="15" number="13">rebels</token>
  <token t_id="297" sentence="15" number="14">on</token>
  <token t_id="298" sentence="15" number="15">their</token>
  <token t_id="299" sentence="15" number="16">territory</token>
  <token t_id="300" sentence="15" number="17">,</token>
  <token t_id="301" sentence="15" number="18">are</token>
  <token t_id="302" sentence="15" number="19">contributing</token>
  <token t_id="303" sentence="15" number="20">to</token>
  <token t_id="304" sentence="15" number="21">a</token>
  <token t_id="305" sentence="15" number="22">rapidly</token>
  <token t_id="306" sentence="15" number="23">deteriorating</token>
  <token t_id="307" sentence="15" number="24">relationship</token>
  <token t_id="308" sentence="15" number="25">between</token>
  <token t_id="309" sentence="15" number="26">Sudan</token>
  <token t_id="310" sentence="15" number="27">and</token>
  <token t_id="311" sentence="15" number="28">South</token>
  <token t_id="312" sentence="15" number="29">Sudan</token>
  <token t_id="313" sentence="15" number="30">,</token>
  <token t_id="314" sentence="15" number="31">he</token>
  <token t_id="315" sentence="15" number="32">says</token>
  <token t_id="316" sentence="15" number="33">.</token>
  <token t_id="317" sentence="16" number="0">Thousands</token>
  <token t_id="318" sentence="16" number="1">of</token>
  <token t_id="319" sentence="16" number="2">people</token>
  <token t_id="320" sentence="16" number="3">who</token>
  <token t_id="321" sentence="16" number="4">have</token>
  <token t_id="322" sentence="16" number="5">fled</token>
  <token t_id="323" sentence="16" number="6">fighting</token>
  <token t_id="324" sentence="16" number="7">in</token>
  <token t_id="325" sentence="16" number="8">Sudan's</token>
  <token t_id="326" sentence="16" number="9">South</token>
  <token t_id="327" sentence="16" number="10">Kordofan</token>
  <token t_id="328" sentence="16" number="11">region</token>
  <token t_id="329" sentence="16" number="12">have</token>
  <token t_id="330" sentence="16" number="13">crossed</token>
  <token t_id="331" sentence="16" number="14">the</token>
  <token t_id="332" sentence="16" number="15">border</token>
  <token t_id="333" sentence="16" number="16">to</token>
  <token t_id="334" sentence="16" number="17">take</token>
  <token t_id="335" sentence="16" number="18">refuge</token>
  <token t_id="336" sentence="16" number="19">at</token>
  <token t_id="337" sentence="16" number="20">the</token>
  <token t_id="338" sentence="16" number="21">Yida</token>
  <token t_id="339" sentence="16" number="22">camp</token>
  <token t_id="340" sentence="16" number="23">.</token>
  <token t_id="341" sentence="17" number="0">Sudan's</token>
  <token t_id="342" sentence="17" number="1">army</token>
  <token t_id="343" sentence="17" number="2">has</token>
  <token t_id="344" sentence="17" number="3">often</token>
  <token t_id="345" sentence="17" number="4">been</token>
  <token t_id="346" sentence="17" number="5">accused</token>
  <token t_id="347" sentence="17" number="6">of</token>
  <token t_id="348" sentence="17" number="7">bombing</token>
  <token t_id="349" sentence="17" number="8">South</token>
  <token t_id="350" sentence="17" number="9">Kordofan</token>
  <token t_id="351" sentence="17" number="10">,</token>
  <token t_id="352" sentence="17" number="11">where</token>
  <token t_id="353" sentence="17" number="12">it</token>
  <token t_id="354" sentence="17" number="13">is</token>
  <token t_id="355" sentence="17" number="14">facing</token>
  <token t_id="356" sentence="17" number="15">a</token>
  <token t_id="357" sentence="17" number="16">rebellion</token>
  <token t_id="358" sentence="17" number="17">from</token>
  <token t_id="359" sentence="17" number="18">pro</token>
  <token t_id="360" sentence="17" number="19">-</token>
  <token t_id="361" sentence="17" number="20">southern</token>
  <token t_id="362" sentence="17" number="21">groups</token>
  <token t_id="363" sentence="17" number="22">.</token>
  <token t_id="364" sentence="18" number="0">Our</token>
  <token t_id="365" sentence="18" number="1">reporter</token>
  <token t_id="366" sentence="18" number="2">says</token>
  <token t_id="367" sentence="18" number="3">there</token>
  <token t_id="368" sentence="18" number="4">is</token>
  <token t_id="369" sentence="18" number="5">talk</token>
  <token t_id="370" sentence="18" number="6">that</token>
  <token t_id="371" sentence="18" number="7">rebels</token>
  <token t_id="372" sentence="18" number="8">use</token>
  <token t_id="373" sentence="18" number="9">the</token>
  <token t_id="374" sentence="18" number="10">camp</token>
  <token t_id="375" sentence="18" number="11">to</token>
  <token t_id="376" sentence="18" number="12">rest</token>
  <token t_id="377" sentence="18" number="13">before</token>
  <token t_id="378" sentence="18" number="14">returning</token>
  <token t_id="379" sentence="18" number="15">to</token>
  <token t_id="380" sentence="18" number="16">South</token>
  <token t_id="381" sentence="18" number="17">Kordofan</token>
  <token t_id="382" sentence="18" number="18">to</token>
  <token t_id="383" sentence="18" number="19">fight</token>
  <token t_id="384" sentence="18" number="20">.</token>
  <token t_id="385" sentence="19" number="0">The</token>
  <token t_id="386" sentence="19" number="1">refugees</token>
  <token t_id="387" sentence="19" number="2">are</token>
  <token t_id="388" sentence="19" number="3">,</token>
  <token t_id="389" sentence="19" number="4">however</token>
  <token t_id="390" sentence="19" number="5">,</token>
  <token t_id="391" sentence="19" number="6">furious</token>
  <token t_id="392" sentence="19" number="7">with</token>
  <token t_id="393" sentence="19" number="8">Sudan's</token>
  <token t_id="394" sentence="19" number="9">President</token>
  <token t_id="395" sentence="19" number="10">Omar</token>
  <token t_id="396" sentence="19" number="11">al</token>
  <token t_id="397" sentence="19" number="12">-</token>
  <token t_id="398" sentence="19" number="13">Bashir</token>
  <token t_id="399" sentence="19" number="14">over</token>
  <token t_id="400" sentence="19" number="15">the</token>
  <token t_id="401" sentence="19" number="16">bombings</token>
  <token t_id="402" sentence="19" number="17">,</token>
  <token t_id="403" sentence="19" number="18">he</token>
  <token t_id="404" sentence="19" number="19">says</token>
  <token t_id="405" sentence="19" number="20">.</token>
  <token t_id="406" sentence="20" number="0">The</token>
  <token t_id="407" sentence="20" number="1">governor</token>
  <token t_id="408" sentence="20" number="2">of</token>
  <token t_id="409" sentence="20" number="3">Unity</token>
  <token t_id="410" sentence="20" number="4">State</token>
  <token t_id="411" sentence="20" number="5">,</token>
  <token t_id="412" sentence="20" number="6">Taban</token>
  <token t_id="413" sentence="20" number="7">Deng</token>
  <token t_id="414" sentence="20" number="8">,</token>
  <token t_id="415" sentence="20" number="9">said</token>
  <token t_id="416" sentence="20" number="10">Mr</token>
  <token t_id="417" sentence="20" number="11">Bashir</token>
  <token t_id="418" sentence="20" number="12">should</token>
  <token t_id="419" sentence="20" number="13">be</token>
  <token t_id="420" sentence="20" number="14">held</token>
  <token t_id="421" sentence="20" number="15">responsible</token>
  <token t_id="422" sentence="20" number="16">.</token>
  <token t_id="423" sentence="21" number="0">"Why</token>
  <token t_id="424" sentence="21" number="1">does</token>
  <token t_id="425" sentence="21" number="2">Omar</token>
  <token t_id="426" sentence="21" number="3">Bashir</token>
  <token t_id="427" sentence="21" number="4">do</token>
  <token t_id="428" sentence="21" number="5">this</token>
  <token t_id="429" sentence="21" number="6">?</token>
  <token t_id="430" sentence="22" number="0">He</token>
  <token t_id="431" sentence="22" number="1">has</token>
  <token t_id="432" sentence="22" number="2">a</token>
  <token t_id="433" sentence="22" number="3">lot</token>
  <token t_id="434" sentence="22" number="4">to</token>
  <token t_id="435" sentence="22" number="5">answer</token>
  <token t_id="436" sentence="22" number="6">,</token>
  <token t_id="437" sentence="22" number="7">"</token>
  <token t_id="438" sentence="22" number="8">Mr</token>
  <token t_id="439" sentence="22" number="9">Deng</token>
  <token t_id="440" sentence="22" number="10">said</token>
  <token t_id="441" sentence="22" number="11">.</token>
  <token t_id="442" sentence="23" number="0">However</token>
  <token t_id="443" sentence="23" number="1">,</token>
  <token t_id="444" sentence="23" number="2">Sudan</token>
  <token t_id="445" sentence="23" number="3">Armed</token>
  <token t_id="446" sentence="23" number="4">Forces</token>
  <token t_id="447" sentence="23" number="5">spokesman</token>
  <token t_id="448" sentence="23" number="6">Sawarmi</token>
  <token t_id="449" sentence="23" number="7">Khaled</token>
  <token t_id="450" sentence="23" number="8">Saad</token>
  <token t_id="451" sentence="23" number="9">vehemently</token>
  <token t_id="452" sentence="23" number="10">denied</token>
  <token t_id="453" sentence="23" number="11">any</token>
  <token t_id="454" sentence="23" number="12">links</token>
  <token t_id="455" sentence="23" number="13">to</token>
  <token t_id="456" sentence="23" number="14">the</token>
  <token t_id="457" sentence="23" number="15">raid</token>
  <token t_id="458" sentence="23" number="16">.</token>
  <token t_id="459" sentence="24" number="0">"This</token>
  <token t_id="460" sentence="24" number="1">information</token>
  <token t_id="461" sentence="24" number="2">is</token>
  <token t_id="462" sentence="24" number="3">completely</token>
  <token t_id="463" sentence="24" number="4">false</token>
  <token t_id="464" sentence="24" number="5">.</token>
  <token t_id="465" sentence="25" number="0">We</token>
  <token t_id="466" sentence="25" number="1">didn't</token>
  <token t_id="467" sentence="25" number="2">bomb</token>
  <token t_id="468" sentence="25" number="3">any</token>
  <token t_id="469" sentence="25" number="4">camps</token>
  <token t_id="470" sentence="25" number="5">or</token>
  <token t_id="471" sentence="25" number="6">any</token>
  <token t_id="472" sentence="25" number="7">areas</token>
  <token t_id="473" sentence="25" number="8">inside</token>
  <token t_id="474" sentence="25" number="9">the</token>
  <token t_id="475" sentence="25" number="10">borders</token>
  <token t_id="476" sentence="25" number="11">of</token>
  <token t_id="477" sentence="25" number="12">South</token>
  <token t_id="478" sentence="25" number="13">Sudan</token>
  <token t_id="479" sentence="25" number="14">,</token>
  <token t_id="480" sentence="25" number="15">"</token>
  <token t_id="481" sentence="25" number="16">he</token>
  <token t_id="482" sentence="25" number="17">told</token>
  <token t_id="483" sentence="25" number="18">the</token>
  <token t_id="484" sentence="25" number="19">AFP</token>
  <token t_id="485" sentence="25" number="20">news</token>
  <token t_id="486" sentence="25" number="21">agency</token>
  <token t_id="487" sentence="25" number="22">.</token>
  <token t_id="488" sentence="26" number="0">"What</token>
  <token t_id="489" sentence="26" number="1">is</token>
  <token t_id="490" sentence="26" number="2">going</token>
  <token t_id="491" sentence="26" number="3">on</token>
  <token t_id="492" sentence="26" number="4">in</token>
  <token t_id="493" sentence="26" number="5">South</token>
  <token t_id="494" sentence="26" number="6">Sudan</token>
  <token t_id="495" sentence="26" number="7">belongs</token>
  <token t_id="496" sentence="26" number="8">to</token>
  <token t_id="497" sentence="26" number="9">the</token>
  <token t_id="498" sentence="26" number="10">southerners</token>
  <token t_id="499" sentence="26" number="11">.</token>
  <token t_id="500" sentence="27" number="0">We</token>
  <token t_id="501" sentence="27" number="1">don't</token>
  <token t_id="502" sentence="27" number="2">have</token>
  <token t_id="503" sentence="27" number="3">any</token>
  <token t_id="504" sentence="27" number="4">links</token>
  <token t_id="505" sentence="27" number="5">to</token>
  <token t_id="506" sentence="27" number="6">this</token>
  <token t_id="507" sentence="27" number="7">.</token>
  <token t_id="508" sentence="27" number="8">"</token>
  <token t_id="509" sentence="28" number="0">The</token>
  <token t_id="510" sentence="28" number="1">South</token>
  <token t_id="511" sentence="28" number="2">Sudan</token>
  <token t_id="512" sentence="28" number="3">Liberation</token>
  <token t_id="513" sentence="28" number="4">Army</token>
  <token t_id="514" sentence="28" number="5">rebel</token>
  <token t_id="515" sentence="28" number="6">group</token>
  <token t_id="516" sentence="28" number="7">is</token>
  <token t_id="517" sentence="28" number="8">active</token>
  <token t_id="518" sentence="28" number="9">in</token>
  <token t_id="519" sentence="28" number="10">Unity</token>
  <token t_id="520" sentence="28" number="11">State</token>
  <token t_id="521" sentence="28" number="12">-</token>
  <token t_id="522" sentence="28" number="13">it</token>
  <token t_id="523" sentence="28" number="14">denies</token>
  <token t_id="524" sentence="28" number="15">claims</token>
  <token t_id="525" sentence="28" number="16">that</token>
  <token t_id="526" sentence="28" number="17">it</token>
  <token t_id="527" sentence="28" number="18">is</token>
  <token t_id="528" sentence="28" number="19">working</token>
  <token t_id="529" sentence="28" number="20">for</token>
  <token t_id="530" sentence="28" number="21">Khartoum</token>
  <token t_id="531" sentence="28" number="22">in</token>
  <token t_id="532" sentence="28" number="23">order</token>
  <token t_id="533" sentence="28" number="24">to</token>
  <token t_id="534" sentence="28" number="25">destabilise</token>
  <token t_id="535" sentence="28" number="26">its</token>
  <token t_id="536" sentence="28" number="27">neighbour</token>
  <token t_id="537" sentence="28" number="28">.</token>
  <token t_id="538" sentence="29" number="0">South</token>
  <token t_id="539" sentence="29" number="1">Sudan</token>
  <token t_id="540" sentence="29" number="2">gained</token>
  <token t_id="541" sentence="29" number="3">independence</token>
  <token t_id="542" sentence="29" number="4">in</token>
  <token t_id="543" sentence="29" number="5">July</token>
  <token t_id="544" sentence="29" number="6">under</token>
  <token t_id="545" sentence="29" number="7">a</token>
  <token t_id="546" sentence="29" number="8">peace</token>
  <token t_id="547" sentence="29" number="9">deal</token>
  <token t_id="548" sentence="29" number="10">which</token>
  <token t_id="549" sentence="29" number="11">followed</token>
  <token t_id="550" sentence="29" number="12">decades</token>
  <token t_id="551" sentence="29" number="13">of</token>
  <token t_id="552" sentence="29" number="14">north</token>
  <token t_id="553" sentence="29" number="15">-</token>
  <token t_id="554" sentence="29" number="16">south</token>
  <token t_id="555" sentence="29" number="17">conflict</token>
  <token t_id="556" sentence="29" number="18">.</token>
  <Markables>
    <ACTION_OCCURRENCE m_id="1" comment="" climaxEvent="FALSE">
      <token_anchor t_id="239"/>
    </ACTION_OCCURRENCE>
    <ACTION_OCCURRENCE m_id="2" comment="" climaxEvent="FALSE">
      <token_anchor t_id="275"/>
    </ACTION_OCCURRENCE>
    <ACTION_OCCURRENCE m_id="3" comment="" climaxEvent="FALSE">
      <token_anchor t_id="224"/>
    </ACTION_OCCURRENCE>
    <ACTION_OCCURRENCE m_id="4" comment="" climaxEvent="FALSE">
      <token_anchor t_id="281"/>
    </ACTION_OCCURRENCE>
    <ACTION_OCCURRENCE m_id="5" comment="" climaxEvent="FALSE">
      <token_anchor t_id="226"/>
    </ACTION_OCCURRENCE>
    <ACTION_OCCURRENCE m_id="6" comment="" climaxEvent="FALSE">
      <token_anchor t_id="254"/>
    </ACTION_OCCURRENCE>
    <ACTION_OCCURRENCE m_id="7" comment="" climaxEvent="FALSE">
      <token_anchor t_id="227"/>
      <token_anchor t_id="228"/>
      <token_anchor t_id="229"/>
    </ACTION_OCCURRENCE>
    <ACTION_OCCURRENCE m_id="8" comment="" climaxEvent="FALSE">
      <token_anchor t_id="208"/>
    </ACTION_OCCURRENCE>
    <ACTION_OCCURRENCE m_id="9" climaxEvent="TRUE" comment="">
      <token_anchor t_id="31"/>
    </ACTION_OCCURRENCE>
    <ACTION_OCCURRENCE m_id="10" comment="" climaxEvent="FALSE">
      <token_anchor t_id="42"/>
    </ACTION_OCCURRENCE>
    <ACTION_OCCURRENCE m_id="11" comment="" climaxEvent="FALSE">
      <token_anchor t_id="47"/>
    </ACTION_OCCURRENCE>
    <ACTION_OCCURRENCE m_id="12" comment="" climaxEvent="FALSE">
      <token_anchor t_id="234"/>
    </ACTION_OCCURRENCE>
    <ACTION_OCCURRENCE m_id="13" comment="" climaxEvent="FALSE">
      <token_anchor t_id="278"/>
      <token_anchor t_id="279"/>
    </ACTION_OCCURRENCE>
    <ACTION_REPORTING m_id="14">
      <token_anchor t_id="220"/>
    </ACTION_REPORTING>
    <ACTION_REPORTING m_id="15">
      <token_anchor t_id="199"/>
    </ACTION_REPORTING>
    <ACTION_REPORTING m_id="16">
      <token_anchor t_id="242"/>
    </ACTION_REPORTING>
    <ACTION_REPORTING m_id="17">
      <token_anchor t_id="248"/>
    </ACTION_REPORTING>
    <ACTION_REPORTING m_id="18">
      <token_anchor t_id="269"/>
    </ACTION_REPORTING>
    <HUMAN_PART_GPE m_id="19">
      <token_anchor t_id="211"/>
      <token_anchor t_id="212"/>
    </HUMAN_PART_GPE>
    <HUMAN_PART_GPE m_id="20">
      <token_anchor t_id="30"/>
    </HUMAN_PART_GPE>
    <HUMAN_PART_GPE m_id="21">
      <token_anchor t_id="43"/>
    </HUMAN_PART_GPE>
    <HUMAN_PART_PER m_id="29" comment="">
      <token_anchor t_id="247"/>
    </HUMAN_PART_PER>
    <HUMAN_PART_PER m_id="30" comment="">
      <token_anchor t_id="249"/>
    </HUMAN_PART_PER>
    <HUMAN_PART_PER m_id="31" comment="">
      <token_anchor t_id="257"/>
      <token_anchor t_id="258"/>
    </HUMAN_PART_PER>
    <HUMAN_PART_PER m_id="32" comment="">
      <token_anchor t_id="271"/>
      <token_anchor t_id="272"/>
    </HUMAN_PART_PER>
    <HUMAN_PART_PER m_id="22" comment="">
      <token_anchor t_id="32"/>
    </HUMAN_PART_PER>
    <HUMAN_PART_PER m_id="23" comment="">
      <token_anchor t_id="38"/>
      <token_anchor t_id="39"/>
      <token_anchor t_id="40"/>
    </HUMAN_PART_PER>
    <HUMAN_PART_PER m_id="24" comment="">
      <token_anchor t_id="193"/>
      <token_anchor t_id="194"/>
    </HUMAN_PART_PER>
    <HUMAN_PART_PER m_id="25" comment="">
      <token_anchor t_id="200"/>
    </HUMAN_PART_PER>
    <HUMAN_PART_PER m_id="26" comment="">
      <token_anchor t_id="219"/>
    </HUMAN_PART_PER>
    <HUMAN_PART_PER m_id="27" comment="">
      <token_anchor t_id="241"/>
    </HUMAN_PART_PER>
    <HUMAN_PART_PER m_id="28" comment="">
      <token_anchor t_id="244"/>
    </HUMAN_PART_PER>
    <HUMAN_PART_VEH m_id="33">
      <token_anchor t_id="222"/>
    </HUMAN_PART_VEH>
    <LOC_GEO m_id="34" comment="">
      <token_anchor t_id="33"/>
      <token_anchor t_id="34"/>
      <token_anchor t_id="35"/>
      <token_anchor t_id="36"/>
      <token_anchor t_id="37"/>
    </LOC_GEO>
    <LOC_GEO m_id="43" comment="">
      <token_anchor t_id="197"/>
      <token_anchor t_id="198"/>
    </LOC_GEO>
    <LOC_GEO m_id="44" comment="">
      <token_anchor t_id="50"/>
      <token_anchor t_id="51"/>
      <token_anchor t_id="52"/>
      <token_anchor t_id="53"/>
      <token_anchor t_id="54"/>
    </LOC_GEO>
    <NEG_ACTION_PERCEPTION m_id="35">
      <token_anchor t_id="252"/>
    </NEG_ACTION_PERCEPTION>
    <NON_HUMAN_PART m_id="36" comment="">
      <token_anchor t_id="204"/>
      <token_anchor t_id="205"/>
    </NON_HUMAN_PART>
    <NON_HUMAN_PART m_id="37" comment="">
      <token_anchor t_id="201"/>
    </NON_HUMAN_PART>
    <NON_HUMAN_PART m_id="38" comment="">
      <token_anchor t_id="216"/>
    </NON_HUMAN_PART>
    <NON_HUMAN_PART m_id="39" comment="">
      <token_anchor t_id="231"/>
      <token_anchor t_id="232"/>
    </NON_HUMAN_PART>
    <NON_HUMAN_PART m_id="40" comment="">
      <token_anchor t_id="238"/>
    </NON_HUMAN_PART>
    <TIME_DATE m_id="41" comment="" DCT="TRUE" value="2011-11-11" anchorTimeID="41">
      <token_anchor t_id="20"/>
      <token_anchor t_id="21"/>
      <token_anchor t_id="22"/>
    </TIME_DATE>
    <TIME_OF_THE_DAY m_id="42" DCT="FALSE" value="2011-11-11T12:41GMT" anchorTimeID="41">
      <token_anchor t_id="25"/>
      <token_anchor t_id="26"/>
      <token_anchor t_id="27"/>
      <token_anchor t_id="28"/>
      <token_anchor t_id="29"/>
    </TIME_OF_THE_DAY>
    <ACTION_OCCURRENCE m_id="45" RELATED_TO="" TAG_DESCRIPTOR="t41_drop_bombs_camp" comment="" climaxEvent="FALSE"/>
    <HUMAN_PART_PER m_id="46" RELATED_TO="" TAG_DESCRIPTOR="t41_south_sudan_officials" comment=""/>
    <HUMAN_PART_GPE m_id="47" RELATED_TO="" TAG_DESCRIPTOR="t41_sudan_part"/>
    <HUMAN_PART_PER m_id="48" RELATED_TO="" TAG_DESCRIPTOR="t41_yida_refugees" comment=""/>
    <LOC_GEO m_id="49" RELATED_TO="" TAG_DESCRIPTOR="t41_yida_camp" comment=""/>
    <LOC_GEO m_id="50" RELATED_TO="" TAG_DESCRIPTOR="t41_south_sudan_loc" comment=""/>
    <HUMAN_PART_PER m_id="51" RELATED_TO="" TAG_DESCRIPTOR="t41_refugee_witnesses" comment=""/>
    <NON_HUMAN_PART m_id="52" RELATED_TO="" TAG_DESCRIPTOR="t41_antonov_bomber" comment=""/>
    <ACTION_REPORTING m_id="53" RELATED_TO="" TAG_DESCRIPTOR="t41_witnesses_told_rcorresp"/>
    <ACTION_OCCURRENCE m_id="54" RELATED_TO="" TAG_DESCRIPTOR="t41_south_sudan_condemns" comment="" climaxEvent="FALSE"/>
    <TIME_DATE m_id="55" RELATED_TO="" TAG_DESCRIPTOR="t_2011-11-10" value="" anchorTimeID="" DCT="FALSE" comment=""/>
  </Markables>
  <Relations>
    <TLINK r_id="104417" contextualModality="" relType="CONTAINS" comment="">
      <source m_id="55"/>
      <target m_id="9"/>
    </TLINK>
    <TLINK r_id="104418" contextualModality="" relType="CONTAINS" comment="">
      <source m_id="55"/>
      <target m_id="11"/>
    </TLINK>
    <TLINK r_id="104419" contextualModality="" relType="CONTAINS" comment="">
      <source m_id="55"/>
      <target m_id="3"/>
    </TLINK>
    <TLINK r_id="104420" contextualModality="" relType="CONTAINS" comment="">
      <source m_id="55"/>
      <target m_id="5"/>
    </TLINK>
    <TLINK r_id="104421" contextualModality="" relType="CONTAINS" comment="">
      <source m_id="55"/>
      <target m_id="7"/>
    </TLINK>
    <TLINK r_id="104422" contextualModality="" relType="CONTAINS" comment="">
      <source m_id="55"/>
      <target m_id="12"/>
    </TLINK>
    <TLINK r_id="104423" contextualModality="" relType="CONTAINS" comment="">
      <source m_id="55"/>
      <target m_id="1"/>
    </TLINK>
    <TLINK r_id="104424" contextualModality="" relType="CONTAINS" comment="">
      <source m_id="55"/>
      <target m_id="35"/>
    </TLINK>
    <TLINK r_id="104425" contextualModality="" relType="CONTAINS" comment="">
      <source m_id="55"/>
      <target m_id="6"/>
    </TLINK>
    <TLINK r_id="104426" contextualModality="" relType="CONTAINS" comment="">
      <source m_id="55"/>
      <target m_id="2"/>
    </TLINK>
    <TLINK r_id="104427" contextualModality="" relType="CONTAINS" comment="">
      <source m_id="55"/>
      <target m_id="13"/>
    </TLINK>
    <TLINK r_id="104428" contextualModality="" relType="CONTAINS" comment="">
      <source m_id="55"/>
      <target m_id="4"/>
    </TLINK>
    <TLINK r_id="104429" contextualModality="" relType="AFTER" comment="">
      <source m_id="41"/>
      <target m_id="9"/>
    </TLINK>
    <TLINK r_id="104430" contextualModality="" relType="CONTAINS" comment="">
      <source m_id="41"/>
      <target m_id="10"/>
    </TLINK>
    <TLINK r_id="104431" contextualModality="" relType="AFTER" comment="">
      <source m_id="41"/>
      <target m_id="11"/>
    </TLINK>
    <TLINK r_id="104432" contextualModality="" relType="AFTER" comment="">
      <source m_id="41"/>
      <target m_id="3"/>
    </TLINK>
    <TLINK r_id="104433" contextualModality="" relType="AFTER" comment="">
      <source m_id="41"/>
      <target m_id="5"/>
    </TLINK>
    <TLINK r_id="104434" contextualModality="" relType="AFTER" comment="">
      <source m_id="41"/>
      <target m_id="7"/>
    </TLINK>
    <TLINK r_id="104435" contextualModality="" relType="AFTER" comment="">
      <source m_id="41"/>
      <target m_id="12"/>
    </TLINK>
    <TLINK r_id="104436" contextualModality="" relType="AFTER" comment="">
      <source m_id="41"/>
      <target m_id="1"/>
    </TLINK>
    <TLINK r_id="104437" contextualModality="" relType="AFTER" comment="">
      <source m_id="41"/>
      <target m_id="35"/>
    </TLINK>
    <TLINK r_id="104438" contextualModality="" relType="AFTER" comment="">
      <source m_id="41"/>
      <target m_id="6"/>
    </TLINK>
    <TLINK r_id="104439" contextualModality="" relType="AFTER" comment="">
      <source m_id="41"/>
      <target m_id="2"/>
    </TLINK>
    <TLINK r_id="104440" contextualModality="" relType="OVERLAP" comment="">
      <source m_id="41"/>
      <target m_id="13"/>
    </TLINK>
    <TLINK r_id="104441" contextualModality="" relType="OVERLAP" comment="">
      <source m_id="41"/>
      <target m_id="4"/>
    </TLINK>
    <PLOT_LINK r_id="104442" SIGNAL="" relType="PRECONDITION" CAUSES="FALSE" CAUSED_BY="FALSE">
      <source m_id="9"/>
      <target m_id="10"/>
    </PLOT_LINK>
    <PLOT_LINK r_id="104443" SIGNAL="" relType="FALLING_ACTION" CAUSES="FALSE" CAUSED_BY="FALSE">
      <source m_id="10"/>
      <target m_id="11"/>
    </PLOT_LINK>
    <PLOT_LINK r_id="104445" SIGNAL="" relType="PRECONDITION" CAUSES="FALSE" CAUSED_BY="FALSE">
      <source m_id="3"/>
      <target m_id="5"/>
    </PLOT_LINK>
    <PLOT_LINK r_id="104446" SIGNAL="" relType="PRECONDITION" CAUSES="FALSE" CAUSED_BY="FALSE">
      <source m_id="3"/>
      <target m_id="7"/>
    </PLOT_LINK>
    <PLOT_LINK r_id="104447" SIGNAL="" relType="PRECONDITION" CAUSES="FALSE" CAUSED_BY="FALSE">
      <source m_id="3"/>
      <target m_id="12"/>
    </PLOT_LINK>
    <PLOT_LINK r_id="104448" SIGNAL="" relType="PRECONDITION" CAUSES="FALSE" CAUSED_BY="FALSE">
      <source m_id="12"/>
      <target m_id="1"/>
    </PLOT_LINK>
    <PLOT_LINK r_id="104449" SIGNAL="" relType="PRECONDITION" CAUSES="FALSE" CAUSED_BY="FALSE">
      <source m_id="12"/>
      <target m_id="6"/>
    </PLOT_LINK>
    <PLOT_LINK r_id="104450" SIGNAL="" relType="PRECONDITION" CAUSES="FALSE" CAUSED_BY="FALSE">
      <source m_id="12"/>
      <target m_id="2"/>
    </PLOT_LINK>
    <PLOT_LINK r_id="104451" SIGNAL="" relType="PRECONDITION" CAUSES="FALSE" CAUSED_BY="FALSE">
      <source m_id="7"/>
      <target m_id="6"/>
    </PLOT_LINK>
    <PLOT_LINK r_id="104452" SIGNAL="" relType="PRECONDITION" CAUSES="FALSE" CAUSED_BY="FALSE">
      <source m_id="7"/>
      <target m_id="2"/>
    </PLOT_LINK>
    <PLOT_LINK r_id="104453" SIGNAL="" relType="PRECONDITION" CAUSES="FALSE" CAUSED_BY="FALSE">
      <source m_id="7"/>
      <target m_id="13"/>
    </PLOT_LINK>
    <PLOT_LINK r_id="104454" SIGNAL="" relType="PRECONDITION" CAUSES="FALSE" CAUSED_BY="FALSE">
      <source m_id="7"/>
      <target m_id="4"/>
    </PLOT_LINK>
    <PLOT_LINK r_id="105671" SIGNAL="" relType="PRECONDITION" CAUSES="FALSE" CAUSED_BY="FALSE">
      <source m_id="1"/>
      <target m_id="6"/>
    </PLOT_LINK>
    <PLOT_LINK r_id="105672" SIGNAL="" relType="PRECONDITION" CAUSES="FALSE" CAUSED_BY="FALSE">
      <source m_id="1"/>
      <target m_id="2"/>
    </PLOT_LINK>
  </Relations>
</Document>
