<?xml version='1.0' encoding='UTF-8'?>
<Document doc_name="41_6ecbplus.xml">
  <token t_id="1" sentence="0" number="0">http</token>
  <token t_id="2" sentence="0" number="1">:</token>
  <token t_id="3" sentence="0" number="2">/</token>
  <token t_id="4" sentence="0" number="3">/</token>
  <token t_id="5" sentence="0" number="4">www</token>
  <token t_id="6" sentence="0" number="5">.</token>
  <token t_id="7" sentence="0" number="6">nytimes</token>
  <token t_id="8" sentence="0" number="7">.</token>
  <token t_id="9" sentence="0" number="8">com</token>
  <token t_id="10" sentence="0" number="9">/</token>
  <token t_id="11" sentence="0" number="10">2011</token>
  <token t_id="12" sentence="0" number="11">/</token>
  <token t_id="13" sentence="0" number="12">11</token>
  <token t_id="14" sentence="0" number="13">/</token>
  <token t_id="15" sentence="0" number="14">11</token>
  <token t_id="16" sentence="0" number="15">/</token>
  <token t_id="17" sentence="0" number="16">world</token>
  <token t_id="18" sentence="0" number="17">/</token>
  <token t_id="19" sentence="0" number="18">africa</token>
  <token t_id="20" sentence="0" number="19">/</token>
  <token t_id="21" sentence="0" number="20">south</token>
  <token t_id="22" sentence="0" number="21">-</token>
  <token t_id="23" sentence="0" number="22">sudan</token>
  <token t_id="24" sentence="0" number="23">-</token>
  <token t_id="25" sentence="0" number="24">accuses</token>
  <token t_id="26" sentence="0" number="25">-</token>
  <token t_id="27" sentence="0" number="26">sudan</token>
  <token t_id="28" sentence="0" number="27">-</token>
  <token t_id="29" sentence="0" number="28">of</token>
  <token t_id="30" sentence="0" number="29">-</token>
  <token t_id="31" sentence="0" number="30">bombing</token>
  <token t_id="32" sentence="0" number="31">-</token>
  <token t_id="33" sentence="0" number="32">civilian</token>
  <token t_id="34" sentence="0" number="33">-</token>
  <token t_id="35" sentence="0" number="34">camp</token>
  <token t_id="36" sentence="0" number="35">.</token>
  <token t_id="37" sentence="0" number="36">html</token>
  <token t_id="38" sentence="0" number="37">?</token>
  <token t_id="39" sentence="0" number="38">_</token>
  <token t_id="40" sentence="0" number="39">r=0</token>
  <token t_id="41" sentence="1" number="0">South</token>
  <token t_id="42" sentence="1" number="1">Sudan</token>
  <token t_id="43" sentence="1" number="2">Accuses</token>
  <token t_id="44" sentence="1" number="3">Sudan</token>
  <token t_id="45" sentence="1" number="4">of</token>
  <token t_id="46" sentence="1" number="5">Bombing</token>
  <token t_id="47" sentence="1" number="6">Civilian</token>
  <token t_id="48" sentence="1" number="7">Camp</token>
  <token t_id="49" sentence="1" number="8">Amid</token>
  <token t_id="50" sentence="1" number="9">Fears</token>
  <token t_id="51" sentence="1" number="10">of</token>
  <token t_id="52" sentence="1" number="11">War</token>
  <token t_id="53" sentence="2" number="0">Published</token>
  <token t_id="54" sentence="2" number="1">:</token>
  <token t_id="55" sentence="2" number="2">November</token>
  <token t_id="56" sentence="2" number="3">10</token>
  <token t_id="57" sentence="2" number="4">,</token>
  <token t_id="58" sentence="2" number="5">2011</token>
  <token t_id="59" sentence="3" number="0">Civilians</token>
  <token t_id="60" sentence="3" number="1">fled</token>
  <token t_id="61" sentence="3" number="2">as</token>
  <token t_id="62" sentence="3" number="3">bombs</token>
  <token t_id="63" sentence="3" number="4">fell</token>
  <token t_id="64" sentence="3" number="5">on</token>
  <token t_id="65" sentence="3" number="6">a</token>
  <token t_id="66" sentence="3" number="7">camp</token>
  <token t_id="67" sentence="3" number="8">for</token>
  <token t_id="68" sentence="3" number="9">displaced</token>
  <token t_id="69" sentence="3" number="10">people</token>
  <token t_id="70" sentence="3" number="11">in</token>
  <token t_id="71" sentence="3" number="12">South</token>
  <token t_id="72" sentence="3" number="13">Sudan</token>
  <token t_id="73" sentence="3" number="14">on</token>
  <token t_id="74" sentence="3" number="15">Thursday</token>
  <token t_id="75" sentence="3" number="16">,</token>
  <token t_id="76" sentence="3" number="17">and</token>
  <token t_id="77" sentence="3" number="18">President</token>
  <token t_id="78" sentence="3" number="19">Salva</token>
  <token t_id="79" sentence="3" number="20">Kiir</token>
  <token t_id="80" sentence="3" number="21">accused</token>
  <token t_id="81" sentence="3" number="22">the</token>
  <token t_id="82" sentence="3" number="23">Sudanese</token>
  <token t_id="83" sentence="3" number="24">government</token>
  <token t_id="84" sentence="3" number="25">of</token>
  <token t_id="85" sentence="3" number="26">planning</token>
  <token t_id="86" sentence="3" number="27">to</token>
  <token t_id="87" sentence="3" number="28">invade</token>
  <token t_id="88" sentence="3" number="29">his</token>
  <token t_id="89" sentence="3" number="30">newly</token>
  <token t_id="90" sentence="3" number="31">independent</token>
  <token t_id="91" sentence="3" number="32">nation</token>
  <token t_id="92" sentence="3" number="33">.</token>
  <token t_id="93" sentence="4" number="0">Less</token>
  <token t_id="94" sentence="4" number="1">than</token>
  <token t_id="95" sentence="4" number="2">six</token>
  <token t_id="96" sentence="4" number="3">months</token>
  <token t_id="97" sentence="4" number="4">after</token>
  <token t_id="98" sentence="4" number="5">South</token>
  <token t_id="99" sentence="4" number="6">Sudan</token>
  <token t_id="100" sentence="4" number="7">broke</token>
  <token t_id="101" sentence="4" number="8">away</token>
  <token t_id="102" sentence="4" number="9">from</token>
  <token t_id="103" sentence="4" number="10">Sudan</token>
  <token t_id="104" sentence="4" number="11">,</token>
  <token t_id="105" sentence="4" number="12">an</token>
  <token t_id="106" sentence="4" number="13">act</token>
  <token t_id="107" sentence="4" number="14">that</token>
  <token t_id="108" sentence="4" number="15">was</token>
  <token t_id="109" sentence="4" number="16">the</token>
  <token t_id="110" sentence="4" number="17">culmination</token>
  <token t_id="111" sentence="4" number="18">of</token>
  <token t_id="112" sentence="4" number="19">a</token>
  <token t_id="113" sentence="4" number="20">peace</token>
  <token t_id="114" sentence="4" number="21">accord</token>
  <token t_id="115" sentence="4" number="22">to</token>
  <token t_id="116" sentence="4" number="23">end</token>
  <token t_id="117" sentence="4" number="24">decades</token>
  <token t_id="118" sentence="4" number="25">of</token>
  <token t_id="119" sentence="4" number="26">civil</token>
  <token t_id="120" sentence="4" number="27">war</token>
  <token t_id="121" sentence="4" number="28">,</token>
  <token t_id="122" sentence="4" number="29">tensions</token>
  <token t_id="123" sentence="4" number="30">between</token>
  <token t_id="124" sentence="4" number="31">the</token>
  <token t_id="125" sentence="4" number="32">neighbors</token>
  <token t_id="126" sentence="4" number="33">are</token>
  <token t_id="127" sentence="4" number="34">crystallizing</token>
  <token t_id="128" sentence="4" number="35">into</token>
  <token t_id="129" sentence="4" number="36">fears</token>
  <token t_id="130" sentence="4" number="37">of</token>
  <token t_id="131" sentence="4" number="38">direct</token>
  <token t_id="132" sentence="4" number="39">confrontation</token>
  <token t_id="133" sentence="4" number="40">.</token>
  <token t_id="134" sentence="5" number="0">Speaking</token>
  <token t_id="135" sentence="5" number="1">in</token>
  <token t_id="136" sentence="5" number="2">South</token>
  <token t_id="137" sentence="5" number="3">Sudan's</token>
  <token t_id="138" sentence="5" number="4">capital</token>
  <token t_id="139" sentence="5" number="5">,</token>
  <token t_id="140" sentence="5" number="6">Juba</token>
  <token t_id="141" sentence="5" number="7">,</token>
  <token t_id="142" sentence="5" number="8">Mr</token>
  <token t_id="143" sentence="5" number="9">.</token>
  <token t_id="144" sentence="5" number="10">Kiir</token>
  <token t_id="145" sentence="5" number="11">denounced</token>
  <token t_id="146" sentence="5" number="12">the</token>
  <token t_id="147" sentence="5" number="13">Sudanese</token>
  <token t_id="148" sentence="5" number="14">government</token>
  <token t_id="149" sentence="5" number="15">for</token>
  <token t_id="150" sentence="5" number="16">threatening</token>
  <token t_id="151" sentence="5" number="17">what</token>
  <token t_id="152" sentence="5" number="18">he</token>
  <token t_id="153" sentence="5" number="19">called</token>
  <token t_id="154" sentence="5" number="20">a</token>
  <token t_id="155" sentence="5" number="21">"military</token>
  <token t_id="156" sentence="5" number="22">invasion"</token>
  <token t_id="157" sentence="5" number="23">of</token>
  <token t_id="158" sentence="5" number="24">South</token>
  <token t_id="159" sentence="5" number="25">Sudan</token>
  <token t_id="160" sentence="5" number="26">,</token>
  <token t_id="161" sentence="5" number="27">and</token>
  <token t_id="162" sentence="5" number="28">he</token>
  <token t_id="163" sentence="5" number="29">rejected</token>
  <token t_id="164" sentence="5" number="30">accusations</token>
  <token t_id="165" sentence="5" number="31">by</token>
  <token t_id="166" sentence="5" number="32">the</token>
  <token t_id="167" sentence="5" number="33">Sudanese</token>
  <token t_id="168" sentence="5" number="34">government</token>
  <token t_id="169" sentence="5" number="35">that</token>
  <token t_id="170" sentence="5" number="36">his</token>
  <token t_id="171" sentence="5" number="37">country</token>
  <token t_id="172" sentence="5" number="38">was</token>
  <token t_id="173" sentence="5" number="39">arming</token>
  <token t_id="174" sentence="5" number="40">Sudanese</token>
  <token t_id="175" sentence="5" number="41">rebels</token>
  <token t_id="176" sentence="5" number="42">as</token>
  <token t_id="177" sentence="5" number="43">"utterly</token>
  <token t_id="178" sentence="5" number="44">baseless</token>
  <token t_id="179" sentence="5" number="45">and</token>
  <token t_id="180" sentence="5" number="46">malicious</token>
  <token t_id="181" sentence="5" number="47">.</token>
  <token t_id="182" sentence="5" number="48">"</token>
  <token t_id="183" sentence="6" number="0">Mr</token>
  <token t_id="184" sentence="6" number="1">.</token>
  <token t_id="185" sentence="6" number="2">Kiir</token>
  <token t_id="186" sentence="6" number="3">has</token>
  <token t_id="187" sentence="6" number="4">also</token>
  <token t_id="188" sentence="6" number="5">accused</token>
  <token t_id="189" sentence="6" number="6">the</token>
  <token t_id="190" sentence="6" number="7">Sudanese</token>
  <token t_id="191" sentence="6" number="8">government</token>
  <token t_id="192" sentence="6" number="9">of</token>
  <token t_id="193" sentence="6" number="10">bombing</token>
  <token t_id="194" sentence="6" number="11">the</token>
  <token t_id="195" sentence="6" number="12">South</token>
  <token t_id="196" sentence="6" number="13">Sudanese</token>
  <token t_id="197" sentence="6" number="14">area</token>
  <token t_id="198" sentence="6" number="15">of</token>
  <token t_id="199" sentence="6" number="16">Guffa</token>
  <token t_id="200" sentence="6" number="17">in</token>
  <token t_id="201" sentence="6" number="18">recent</token>
  <token t_id="202" sentence="6" number="19">days</token>
  <token t_id="203" sentence="6" number="20">,</token>
  <token t_id="204" sentence="6" number="21">killing</token>
  <token t_id="205" sentence="6" number="22">at</token>
  <token t_id="206" sentence="6" number="23">least</token>
  <token t_id="207" sentence="6" number="24">seven</token>
  <token t_id="208" sentence="6" number="25">people</token>
  <token t_id="209" sentence="6" number="26">and</token>
  <token t_id="210" sentence="6" number="27">potentially</token>
  <token t_id="211" sentence="6" number="28">moving</token>
  <token t_id="212" sentence="6" number="29">the</token>
  <token t_id="213" sentence="6" number="30">insurgencies</token>
  <token t_id="214" sentence="6" number="31">on</token>
  <token t_id="215" sentence="6" number="32">both</token>
  <token t_id="216" sentence="6" number="33">sides</token>
  <token t_id="217" sentence="6" number="34">of</token>
  <token t_id="218" sentence="6" number="35">the</token>
  <token t_id="219" sentence="6" number="36">border</token>
  <token t_id="220" sentence="6" number="37">closer</token>
  <token t_id="221" sentence="6" number="38">to</token>
  <token t_id="222" sentence="6" number="39">an</token>
  <token t_id="223" sentence="6" number="40">international</token>
  <token t_id="224" sentence="6" number="41">conflict</token>
  <token t_id="225" sentence="6" number="42">.</token>
  <token t_id="226" sentence="7" number="0">The</token>
  <token t_id="227" sentence="7" number="1">United</token>
  <token t_id="228" sentence="7" number="2">States</token>
  <token t_id="229" sentence="7" number="3">issued</token>
  <token t_id="230" sentence="7" number="4">a</token>
  <token t_id="231" sentence="7" number="5">statement</token>
  <token t_id="232" sentence="7" number="6">on</token>
  <token t_id="233" sentence="7" number="7">Thursday</token>
  <token t_id="234" sentence="7" number="8">condemning</token>
  <token t_id="235" sentence="7" number="9">"in</token>
  <token t_id="236" sentence="7" number="10">the</token>
  <token t_id="237" sentence="7" number="11">strongest</token>
  <token t_id="238" sentence="7" number="12">possible</token>
  <token t_id="239" sentence="7" number="13">terms"</token>
  <token t_id="240" sentence="7" number="14">what</token>
  <token t_id="241" sentence="7" number="15">it</token>
  <token t_id="242" sentence="7" number="16">called</token>
  <token t_id="243" sentence="7" number="17">"negative</token>
  <token t_id="244" sentence="7" number="18">developments"</token>
  <token t_id="245" sentence="7" number="19">between</token>
  <token t_id="246" sentence="7" number="20">the</token>
  <token t_id="247" sentence="7" number="21">nations</token>
  <token t_id="248" sentence="7" number="22">,</token>
  <token t_id="249" sentence="7" number="23">particularly</token>
  <token t_id="250" sentence="7" number="24">the</token>
  <token t_id="251" sentence="7" number="25">airstrike</token>
  <token t_id="252" sentence="7" number="26">by</token>
  <token t_id="253" sentence="7" number="27">the</token>
  <token t_id="254" sentence="7" number="28">Sudanese</token>
  <token t_id="255" sentence="7" number="29">forces</token>
  <token t_id="256" sentence="7" number="30">.</token>
  <token t_id="257" sentence="8" number="0">"The</token>
  <token t_id="258" sentence="8" number="1">provocative</token>
  <token t_id="259" sentence="8" number="2">aerial</token>
  <token t_id="260" sentence="8" number="3">bombardments</token>
  <token t_id="261" sentence="8" number="4">near</token>
  <token t_id="262" sentence="8" number="5">the</token>
  <token t_id="263" sentence="8" number="6">border</token>
  <token t_id="264" sentence="8" number="7">increase</token>
  <token t_id="265" sentence="8" number="8">the</token>
  <token t_id="266" sentence="8" number="9">potential</token>
  <token t_id="267" sentence="8" number="10">of</token>
  <token t_id="268" sentence="8" number="11">direct</token>
  <token t_id="269" sentence="8" number="12">confrontation</token>
  <token t_id="270" sentence="8" number="13">between</token>
  <token t_id="271" sentence="8" number="14">Sudan</token>
  <token t_id="272" sentence="8" number="15">and</token>
  <token t_id="273" sentence="8" number="16">South</token>
  <token t_id="274" sentence="8" number="17">Sudan</token>
  <token t_id="275" sentence="8" number="18">,</token>
  <token t_id="276" sentence="8" number="19">"</token>
  <token t_id="277" sentence="8" number="20">the</token>
  <token t_id="278" sentence="8" number="21">American</token>
  <token t_id="279" sentence="8" number="22">statement</token>
  <token t_id="280" sentence="8" number="23">said</token>
  <token t_id="281" sentence="8" number="24">.</token>
  <token t_id="282" sentence="9" number="0">Sudan</token>
  <token t_id="283" sentence="9" number="1">has</token>
  <token t_id="284" sentence="9" number="2">denied</token>
  <token t_id="285" sentence="9" number="3">striking</token>
  <token t_id="286" sentence="9" number="4">South</token>
  <token t_id="287" sentence="9" number="5">Sudanese</token>
  <token t_id="288" sentence="9" number="6">territory</token>
  <token t_id="289" sentence="9" number="7">.</token>
  <token t_id="290" sentence="10" number="0">Nevertheless</token>
  <token t_id="291" sentence="10" number="1">,</token>
  <token t_id="292" sentence="10" number="2">on</token>
  <token t_id="293" sentence="10" number="3">Thursday</token>
  <token t_id="294" sentence="10" number="4">afternoon</token>
  <token t_id="295" sentence="10" number="5">an</token>
  <token t_id="296" sentence="10" number="6">Antonov</token>
  <token t_id="297" sentence="10" number="7">bomber</token>
  <token t_id="298" sentence="10" number="8">dropped</token>
  <token t_id="299" sentence="10" number="9">four</token>
  <token t_id="300" sentence="10" number="10">bombs</token>
  <token t_id="301" sentence="10" number="11">on</token>
  <token t_id="302" sentence="10" number="12">the</token>
  <token t_id="303" sentence="10" number="13">South</token>
  <token t_id="304" sentence="10" number="14">Sudanese</token>
  <token t_id="305" sentence="10" number="15">area</token>
  <token t_id="306" sentence="10" number="16">of</token>
  <token t_id="307" sentence="10" number="17">Yida</token>
  <token t_id="308" sentence="10" number="18">,</token>
  <token t_id="309" sentence="10" number="19">hitting</token>
  <token t_id="310" sentence="10" number="20">a</token>
  <token t_id="311" sentence="10" number="21">refugee</token>
  <token t_id="312" sentence="10" number="22">camp</token>
  <token t_id="313" sentence="10" number="23">of</token>
  <token t_id="314" sentence="10" number="24">roughly</token>
  <token t_id="315" sentence="10" number="25">21</token>
  <token t_id="316" sentence="10" number="26">,</token>
  <token t_id="317" sentence="10" number="27">000</token>
  <token t_id="318" sentence="10" number="28">people</token>
  <token t_id="319" sentence="10" number="29">,</token>
  <token t_id="320" sentence="10" number="30">some</token>
  <token t_id="321" sentence="10" number="31">of</token>
  <token t_id="322" sentence="10" number="32">them</token>
  <token t_id="323" sentence="10" number="33">northern</token>
  <token t_id="324" sentence="10" number="34">Sudanese</token>
  <token t_id="325" sentence="10" number="35">who</token>
  <token t_id="326" sentence="10" number="36">had</token>
  <token t_id="327" sentence="10" number="37">crossed</token>
  <token t_id="328" sentence="10" number="38">the</token>
  <token t_id="329" sentence="10" number="39">border</token>
  <token t_id="330" sentence="10" number="40">since</token>
  <token t_id="331" sentence="10" number="41">the</token>
  <token t_id="332" sentence="10" number="42">rebellion</token>
  <token t_id="333" sentence="10" number="43">in</token>
  <token t_id="334" sentence="10" number="44">Sudan</token>
  <token t_id="335" sentence="10" number="45">began</token>
  <token t_id="336" sentence="10" number="46">.</token>
  <token t_id="337" sentence="11" number="0">According</token>
  <token t_id="338" sentence="11" number="1">to</token>
  <token t_id="339" sentence="11" number="2">an</token>
  <token t_id="340" sentence="11" number="3">aid</token>
  <token t_id="341" sentence="11" number="4">worker</token>
  <token t_id="342" sentence="11" number="5">with</token>
  <token t_id="343" sentence="11" number="6">knowledge</token>
  <token t_id="344" sentence="11" number="7">of</token>
  <token t_id="345" sentence="11" number="8">the</token>
  <token t_id="346" sentence="11" number="9">event</token>
  <token t_id="347" sentence="11" number="10">,</token>
  <token t_id="348" sentence="11" number="11">two</token>
  <token t_id="349" sentence="11" number="12">bombs</token>
  <token t_id="350" sentence="11" number="13">fell</token>
  <token t_id="351" sentence="11" number="14">on</token>
  <token t_id="352" sentence="11" number="15">an</token>
  <token t_id="353" sentence="11" number="16">airstrip</token>
  <token t_id="354" sentence="11" number="17">,</token>
  <token t_id="355" sentence="11" number="18">one</token>
  <token t_id="356" sentence="11" number="19">hit</token>
  <token t_id="357" sentence="11" number="20">a</token>
  <token t_id="358" sentence="11" number="21">school</token>
  <token t_id="359" sentence="11" number="22">and</token>
  <token t_id="360" sentence="11" number="23">one</token>
  <token t_id="361" sentence="11" number="24">landed</token>
  <token t_id="362" sentence="11" number="25">on</token>
  <token t_id="363" sentence="11" number="26">a</token>
  <token t_id="364" sentence="11" number="27">market</token>
  <token t_id="365" sentence="11" number="28">,</token>
  <token t_id="366" sentence="11" number="29">but</token>
  <token t_id="367" sentence="11" number="30">did</token>
  <token t_id="368" sentence="11" number="31">not</token>
  <token t_id="369" sentence="11" number="32">detonate</token>
  <token t_id="370" sentence="11" number="33">.</token>
  <token t_id="371" sentence="12" number="0">There</token>
  <token t_id="372" sentence="12" number="1">were</token>
  <token t_id="373" sentence="12" number="2">varying</token>
  <token t_id="374" sentence="12" number="3">reports</token>
  <token t_id="375" sentence="12" number="4">of</token>
  <token t_id="376" sentence="12" number="5">casualties</token>
  <token t_id="377" sentence="12" number="6">,</token>
  <token t_id="378" sentence="12" number="7">but</token>
  <token t_id="379" sentence="12" number="8">none</token>
  <token t_id="380" sentence="12" number="9">could</token>
  <token t_id="381" sentence="12" number="10">be</token>
  <token t_id="382" sentence="12" number="11">confirmed</token>
  <token t_id="383" sentence="12" number="12">.</token>
  <token t_id="384" sentence="13" number="0">While</token>
  <token t_id="385" sentence="13" number="1">the</token>
  <token t_id="386" sentence="13" number="2">two</token>
  <token t_id="387" sentence="13" number="3">nations</token>
  <token t_id="388" sentence="13" number="4">continue</token>
  <token t_id="389" sentence="13" number="5">to</token>
  <token t_id="390" sentence="13" number="6">discuss</token>
  <token t_id="391" sentence="13" number="7">how</token>
  <token t_id="392" sentence="13" number="8">to</token>
  <token t_id="393" sentence="13" number="9">split</token>
  <token t_id="394" sentence="13" number="10">lucrative</token>
  <token t_id="395" sentence="13" number="11">oil</token>
  <token t_id="396" sentence="13" number="12">revenues</token>
  <token t_id="397" sentence="13" number="13">and</token>
  <token t_id="398" sentence="13" number="14">the</token>
  <token t_id="399" sentence="13" number="15">fate</token>
  <token t_id="400" sentence="13" number="16">of</token>
  <token t_id="401" sentence="13" number="17">the</token>
  <token t_id="402" sentence="13" number="18">contested</token>
  <token t_id="403" sentence="13" number="19">region</token>
  <token t_id="404" sentence="13" number="20">of</token>
  <token t_id="405" sentence="13" number="21">Abyei</token>
  <token t_id="406" sentence="13" number="22">,</token>
  <token t_id="407" sentence="13" number="23">a</token>
  <token t_id="408" sentence="13" number="24">spreading</token>
  <token t_id="409" sentence="13" number="25">rebellion</token>
  <token t_id="410" sentence="13" number="26">inside</token>
  <token t_id="411" sentence="13" number="27">Sudan</token>
  <token t_id="412" sentence="13" number="28">has</token>
  <token t_id="413" sentence="13" number="29">prompted</token>
  <token t_id="414" sentence="13" number="30">the</token>
  <token t_id="415" sentence="13" number="31">Sudanese</token>
  <token t_id="416" sentence="13" number="32">government</token>
  <token t_id="417" sentence="13" number="33">to</token>
  <token t_id="418" sentence="13" number="34">accuse</token>
  <token t_id="419" sentence="13" number="35">the</token>
  <token t_id="420" sentence="13" number="36">south</token>
  <token t_id="421" sentence="13" number="37">of</token>
  <token t_id="422" sentence="13" number="38">providing</token>
  <token t_id="423" sentence="13" number="39">military</token>
  <token t_id="424" sentence="13" number="40">support</token>
  <token t_id="425" sentence="13" number="41">to</token>
  <token t_id="426" sentence="13" number="42">the</token>
  <token t_id="427" sentence="13" number="43">rebels</token>
  <token t_id="428" sentence="13" number="44">.</token>
  <token t_id="429" sentence="14" number="0">Last</token>
  <token t_id="430" sentence="14" number="1">week</token>
  <token t_id="431" sentence="14" number="2">,</token>
  <token t_id="432" sentence="14" number="3">the</token>
  <token t_id="433" sentence="14" number="4">Sudanese</token>
  <token t_id="434" sentence="14" number="5">government</token>
  <token t_id="435" sentence="14" number="6">lodged</token>
  <token t_id="436" sentence="14" number="7">a</token>
  <token t_id="437" sentence="14" number="8">formal</token>
  <token t_id="438" sentence="14" number="9">complaint</token>
  <token t_id="439" sentence="14" number="10">with</token>
  <token t_id="440" sentence="14" number="11">the</token>
  <token t_id="441" sentence="14" number="12">United</token>
  <token t_id="442" sentence="14" number="13">Nations</token>
  <token t_id="443" sentence="14" number="14">Security</token>
  <token t_id="444" sentence="14" number="15">Council</token>
  <token t_id="445" sentence="14" number="16">,</token>
  <token t_id="446" sentence="14" number="17">arguing</token>
  <token t_id="447" sentence="14" number="18">that</token>
  <token t_id="448" sentence="14" number="19">South</token>
  <token t_id="449" sentence="14" number="20">Sudan</token>
  <token t_id="450" sentence="14" number="21">was</token>
  <token t_id="451" sentence="14" number="22">trying</token>
  <token t_id="452" sentence="14" number="23">to</token>
  <token t_id="453" sentence="14" number="24">start</token>
  <token t_id="454" sentence="14" number="25">a</token>
  <token t_id="455" sentence="14" number="26">border</token>
  <token t_id="456" sentence="14" number="27">war</token>
  <token t_id="457" sentence="14" number="28">.</token>
  <token t_id="458" sentence="15" number="0">"We</token>
  <token t_id="459" sentence="15" number="1">don't</token>
  <token t_id="460" sentence="15" number="2">have</token>
  <token t_id="461" sentence="15" number="3">any</token>
  <token t_id="462" sentence="15" number="4">intention</token>
  <token t_id="463" sentence="15" number="5">to</token>
  <token t_id="464" sentence="15" number="6">go</token>
  <token t_id="465" sentence="15" number="7">to</token>
  <token t_id="466" sentence="15" number="8">war</token>
  <token t_id="467" sentence="15" number="9">again</token>
  <token t_id="468" sentence="15" number="10">,</token>
  <token t_id="469" sentence="15" number="11">but</token>
  <token t_id="470" sentence="15" number="12">it</token>
  <token t_id="471" sentence="15" number="13">is</token>
  <token t_id="472" sentence="15" number="14">now</token>
  <token t_id="473" sentence="15" number="15">up</token>
  <token t_id="474" sentence="15" number="16">to</token>
  <token t_id="475" sentence="15" number="17">the</token>
  <token t_id="476" sentence="15" number="18">southern</token>
  <token t_id="477" sentence="15" number="19">government</token>
  <token t_id="478" sentence="15" number="20">to</token>
  <token t_id="479" sentence="15" number="21">either</token>
  <token t_id="480" sentence="15" number="22">strengthen</token>
  <token t_id="481" sentence="15" number="23">its</token>
  <token t_id="482" sentence="15" number="24">state</token>
  <token t_id="483" sentence="15" number="25">without</token>
  <token t_id="484" sentence="15" number="26">hostility</token>
  <token t_id="485" sentence="15" number="27">,</token>
  <token t_id="486" sentence="15" number="28">or</token>
  <token t_id="487" sentence="15" number="29">to</token>
  <token t_id="488" sentence="15" number="30">disturb</token>
  <token t_id="489" sentence="15" number="31">us</token>
  <token t_id="490" sentence="15" number="32">,</token>
  <token t_id="491" sentence="15" number="33">"</token>
  <token t_id="492" sentence="15" number="34">said</token>
  <token t_id="493" sentence="15" number="35">a</token>
  <token t_id="494" sentence="15" number="36">Sudanese</token>
  <token t_id="495" sentence="15" number="37">government</token>
  <token t_id="496" sentence="15" number="38">spokesman</token>
  <token t_id="497" sentence="15" number="39">,</token>
  <token t_id="498" sentence="15" number="40">Rabie</token>
  <token t_id="499" sentence="15" number="41">A</token>
  <token t_id="500" sentence="15" number="42">.</token>
  <token t_id="501" sentence="15" number="43">Atti</token>
  <token t_id="502" sentence="15" number="44">.</token>
  <token t_id="503" sentence="16" number="0">"If</token>
  <token t_id="504" sentence="16" number="1">they</token>
  <token t_id="505" sentence="16" number="2">come</token>
  <token t_id="506" sentence="16" number="3">to</token>
  <token t_id="507" sentence="16" number="4">war</token>
  <token t_id="508" sentence="16" number="5">,</token>
  <token t_id="509" sentence="16" number="6">they</token>
  <token t_id="510" sentence="16" number="7">will</token>
  <token t_id="511" sentence="16" number="8">lose</token>
  <token t_id="512" sentence="16" number="9">a</token>
  <token t_id="513" sentence="16" number="10">lot</token>
  <token t_id="514" sentence="16" number="11">.</token>
  <token t_id="515" sentence="16" number="12">"</token>
  <token t_id="516" sentence="17" number="0">Many</token>
  <token t_id="517" sentence="17" number="1">residents</token>
  <token t_id="518" sentence="17" number="2">in</token>
  <token t_id="519" sentence="17" number="3">the</token>
  <token t_id="520" sentence="17" number="4">Sudanese</token>
  <token t_id="521" sentence="17" number="5">provinces</token>
  <token t_id="522" sentence="17" number="6">of</token>
  <token t_id="523" sentence="17" number="7">Southern</token>
  <token t_id="524" sentence="17" number="8">Kordofan</token>
  <token t_id="525" sentence="17" number="9">and</token>
  <token t_id="526" sentence="17" number="10">Blue</token>
  <token t_id="527" sentence="17" number="11">Nile</token>
  <token t_id="528" sentence="17" number="12">fought</token>
  <token t_id="529" sentence="17" number="13">alongside</token>
  <token t_id="530" sentence="17" number="14">the</token>
  <token t_id="531" sentence="17" number="15">south</token>
  <token t_id="532" sentence="17" number="16">during</token>
  <token t_id="533" sentence="17" number="17">its</token>
  <token t_id="534" sentence="17" number="18">civil</token>
  <token t_id="535" sentence="17" number="19">war</token>
  <token t_id="536" sentence="17" number="20">with</token>
  <token t_id="537" sentence="17" number="21">the</token>
  <token t_id="538" sentence="17" number="22">north</token>
  <token t_id="539" sentence="17" number="23">.</token>
  <token t_id="540" sentence="18" number="0">But</token>
  <token t_id="541" sentence="18" number="1">the</token>
  <token t_id="542" sentence="18" number="2">2005</token>
  <token t_id="543" sentence="18" number="3">peace</token>
  <token t_id="544" sentence="18" number="4">treaty</token>
  <token t_id="545" sentence="18" number="5">placed</token>
  <token t_id="546" sentence="18" number="6">the</token>
  <token t_id="547" sentence="18" number="7">two</token>
  <token t_id="548" sentence="18" number="8">provinces</token>
  <token t_id="549" sentence="18" number="9">in</token>
  <token t_id="550" sentence="18" number="10">Sudan's</token>
  <token t_id="551" sentence="18" number="11">territory</token>
  <token t_id="552" sentence="18" number="12">,</token>
  <token t_id="553" sentence="18" number="13">leaving</token>
  <token t_id="554" sentence="18" number="14">South</token>
  <token t_id="555" sentence="18" number="15">Sudan</token>
  <token t_id="556" sentence="18" number="16">to</token>
  <token t_id="557" sentence="18" number="17">hold</token>
  <token t_id="558" sentence="18" number="18">a</token>
  <token t_id="559" sentence="18" number="19">referendum</token>
  <token t_id="560" sentence="18" number="20">to</token>
  <token t_id="561" sentence="18" number="21">decide</token>
  <token t_id="562" sentence="18" number="22">its</token>
  <token t_id="563" sentence="18" number="23">own</token>
  <token t_id="564" sentence="18" number="24">fate</token>
  <token t_id="565" sentence="18" number="25">.</token>
  <token t_id="566" sentence="19" number="0">In</token>
  <token t_id="567" sentence="19" number="1">January</token>
  <token t_id="568" sentence="19" number="2">,</token>
  <token t_id="569" sentence="19" number="3">the</token>
  <token t_id="570" sentence="19" number="4">South</token>
  <token t_id="571" sentence="19" number="5">Sudanese</token>
  <token t_id="572" sentence="19" number="6">voted</token>
  <token t_id="573" sentence="19" number="7">almost</token>
  <token t_id="574" sentence="19" number="8">unanimously</token>
  <token t_id="575" sentence="19" number="9">to</token>
  <token t_id="576" sentence="19" number="10">secede</token>
  <token t_id="577" sentence="19" number="11">from</token>
  <token t_id="578" sentence="19" number="12">the</token>
  <token t_id="579" sentence="19" number="13">rest</token>
  <token t_id="580" sentence="19" number="14">of</token>
  <token t_id="581" sentence="19" number="15">the</token>
  <token t_id="582" sentence="19" number="16">country</token>
  <token t_id="583" sentence="19" number="17">.</token>
  <token t_id="584" sentence="20" number="0">Their</token>
  <token t_id="585" sentence="20" number="1">fellow</token>
  <token t_id="586" sentence="20" number="2">combatants</token>
  <token t_id="587" sentence="20" number="3">in</token>
  <token t_id="588" sentence="20" number="4">Southern</token>
  <token t_id="589" sentence="20" number="5">Kordofan</token>
  <token t_id="590" sentence="20" number="6">and</token>
  <token t_id="591" sentence="20" number="7">Blue</token>
  <token t_id="592" sentence="20" number="8">Nile</token>
  <token t_id="593" sentence="20" number="9">remained</token>
  <token t_id="594" sentence="20" number="10">on</token>
  <token t_id="595" sentence="20" number="11">the</token>
  <token t_id="596" sentence="20" number="12">other</token>
  <token t_id="597" sentence="20" number="13">side</token>
  <token t_id="598" sentence="20" number="14">of</token>
  <token t_id="599" sentence="20" number="15">the</token>
  <token t_id="600" sentence="20" number="16">border</token>
  <token t_id="601" sentence="20" number="17">,</token>
  <token t_id="602" sentence="20" number="18">and</token>
  <token t_id="603" sentence="20" number="19">an</token>
  <token t_id="604" sentence="20" number="20">armed</token>
  <token t_id="605" sentence="20" number="21">rebellion</token>
  <token t_id="606" sentence="20" number="22">soon</token>
  <token t_id="607" sentence="20" number="23">began</token>
  <token t_id="608" sentence="20" number="24">.</token>
  <token t_id="609" sentence="21" number="0">"We</token>
  <token t_id="610" sentence="21" number="1">are</token>
  <token t_id="611" sentence="21" number="2">ready</token>
  <token t_id="612" sentence="21" number="3">to</token>
  <token t_id="613" sentence="21" number="4">fight</token>
  <token t_id="614" sentence="21" number="5">and</token>
  <token t_id="615" sentence="21" number="6">continue</token>
  <token t_id="616" sentence="21" number="7">until</token>
  <token t_id="617" sentence="21" number="8">we</token>
  <token t_id="618" sentence="21" number="9">reach</token>
  <token t_id="619" sentence="21" number="10">Khartoum</token>
  <token t_id="620" sentence="21" number="11">,</token>
  <token t_id="621" sentence="21" number="12">"</token>
  <token t_id="622" sentence="21" number="13">the</token>
  <token t_id="623" sentence="21" number="14">Sudanese</token>
  <token t_id="624" sentence="21" number="15">capital</token>
  <token t_id="625" sentence="21" number="16">,</token>
  <token t_id="626" sentence="21" number="17">said</token>
  <token t_id="627" sentence="21" number="18">one</token>
  <token t_id="628" sentence="21" number="19">of</token>
  <token t_id="629" sentence="21" number="20">the</token>
  <token t_id="630" sentence="21" number="21">rebel</token>
  <token t_id="631" sentence="21" number="22">leaders</token>
  <token t_id="632" sentence="21" number="23">,</token>
  <token t_id="633" sentence="21" number="24">Abdel</token>
  <token t_id="634" sentence="21" number="25">Aziz</token>
  <token t_id="635" sentence="21" number="26">al</token>
  <token t_id="636" sentence="21" number="27">-</token>
  <token t_id="637" sentence="21" number="28">Hilu</token>
  <token t_id="638" sentence="21" number="29">,</token>
  <token t_id="639" sentence="21" number="30">in</token>
  <token t_id="640" sentence="21" number="31">a</token>
  <token t_id="641" sentence="21" number="32">September</token>
  <token t_id="642" sentence="21" number="33">interview</token>
  <token t_id="643" sentence="21" number="34">.</token>
  <token t_id="644" sentence="22" number="0">"We</token>
  <token t_id="645" sentence="22" number="1">are</token>
  <token t_id="646" sentence="22" number="2">prepared</token>
  <token t_id="647" sentence="22" number="3">for</token>
  <token t_id="648" sentence="22" number="4">a</token>
  <token t_id="649" sentence="22" number="5">protracted</token>
  <token t_id="650" sentence="22" number="6">war</token>
  <token t_id="651" sentence="22" number="7">,</token>
  <token t_id="652" sentence="22" number="8">a</token>
  <token t_id="653" sentence="22" number="9">long</token>
  <token t_id="654" sentence="22" number="10">war</token>
  <token t_id="655" sentence="22" number="11">,</token>
  <token t_id="656" sentence="22" number="12">"</token>
  <token t_id="657" sentence="22" number="13">he</token>
  <token t_id="658" sentence="22" number="14">added</token>
  <token t_id="659" sentence="22" number="15">,</token>
  <token t_id="660" sentence="22" number="16">"in</token>
  <token t_id="661" sentence="22" number="17">order</token>
  <token t_id="662" sentence="22" number="18">to</token>
  <token t_id="663" sentence="22" number="19">see</token>
  <token t_id="664" sentence="22" number="20">this</token>
  <token t_id="665" sentence="22" number="21">regime</token>
  <token t_id="666" sentence="22" number="22">ousted</token>
  <token t_id="667" sentence="22" number="23">.</token>
  <token t_id="668" sentence="22" number="24">"</token>
  <token t_id="669" sentence="23" number="0">In</token>
  <token t_id="670" sentence="23" number="1">return</token>
  <token t_id="671" sentence="23" number="2">,</token>
  <token t_id="672" sentence="23" number="3">the</token>
  <token t_id="673" sentence="23" number="4">Sudanese</token>
  <token t_id="674" sentence="23" number="5">military</token>
  <token t_id="675" sentence="23" number="6">has</token>
  <token t_id="676" sentence="23" number="7">clamped</token>
  <token t_id="677" sentence="23" number="8">down</token>
  <token t_id="678" sentence="23" number="9">hard</token>
  <token t_id="679" sentence="23" number="10">on</token>
  <token t_id="680" sentence="23" number="11">the</token>
  <token t_id="681" sentence="23" number="12">rebellion</token>
  <token t_id="682" sentence="23" number="13">,</token>
  <token t_id="683" sentence="23" number="14">filling</token>
  <token t_id="684" sentence="23" number="15">the</token>
  <token t_id="685" sentence="23" number="16">skies</token>
  <token t_id="686" sentence="23" number="17">over</token>
  <token t_id="687" sentence="23" number="18">Southern</token>
  <token t_id="688" sentence="23" number="19">Kordofan</token>
  <token t_id="689" sentence="23" number="20">and</token>
  <token t_id="690" sentence="23" number="21">Blue</token>
  <token t_id="691" sentence="23" number="22">Nile</token>
  <token t_id="692" sentence="23" number="23">with</token>
  <token t_id="693" sentence="23" number="24">Antonov</token>
  <token t_id="694" sentence="23" number="25">bombers</token>
  <token t_id="695" sentence="23" number="26">,</token>
  <token t_id="696" sentence="23" number="27">some</token>
  <token t_id="697" sentence="23" number="28">of</token>
  <token t_id="698" sentence="23" number="29">which</token>
  <token t_id="699" sentence="23" number="30">have</token>
  <token t_id="700" sentence="23" number="31">flown</token>
  <token t_id="701" sentence="23" number="32">over</token>
  <token t_id="702" sentence="23" number="33">South</token>
  <token t_id="703" sentence="23" number="34">Sudanese</token>
  <token t_id="704" sentence="23" number="35">territory</token>
  <token t_id="705" sentence="23" number="36">,</token>
  <token t_id="706" sentence="23" number="37">too</token>
  <token t_id="707" sentence="23" number="38">.</token>
  <token t_id="708" sentence="24" number="0">A</token>
  <token t_id="709" sentence="24" number="1">satellite</token>
  <token t_id="710" sentence="24" number="2">imaging</token>
  <token t_id="711" sentence="24" number="3">project</token>
  <token t_id="712" sentence="24" number="4">organized</token>
  <token t_id="713" sentence="24" number="5">by</token>
  <token t_id="714" sentence="24" number="6">the</token>
  <token t_id="715" sentence="24" number="7">Enough</token>
  <token t_id="716" sentence="24" number="8">Project</token>
  <token t_id="717" sentence="24" number="9">,</token>
  <token t_id="718" sentence="24" number="10">an</token>
  <token t_id="719" sentence="24" number="11">advocacy</token>
  <token t_id="720" sentence="24" number="12">group</token>
  <token t_id="721" sentence="24" number="13">,</token>
  <token t_id="722" sentence="24" number="14">has</token>
  <token t_id="723" sentence="24" number="15">published</token>
  <token t_id="724" sentence="24" number="16">what</token>
  <token t_id="725" sentence="24" number="17">it</token>
  <token t_id="726" sentence="24" number="18">says</token>
  <token t_id="727" sentence="24" number="19">is</token>
  <token t_id="728" sentence="24" number="20">evidence</token>
  <token t_id="729" sentence="24" number="21">of</token>
  <token t_id="730" sentence="24" number="22">mass</token>
  <token t_id="731" sentence="24" number="23">graves</token>
  <token t_id="732" sentence="24" number="24">in</token>
  <token t_id="733" sentence="24" number="25">the</token>
  <token t_id="734" sentence="24" number="26">rebellious</token>
  <token t_id="735" sentence="24" number="27">regions</token>
  <token t_id="736" sentence="24" number="28">,</token>
  <token t_id="737" sentence="24" number="29">and</token>
  <token t_id="738" sentence="24" number="30">the</token>
  <token t_id="739" sentence="24" number="31">United</token>
  <token t_id="740" sentence="24" number="32">Nations</token>
  <token t_id="741" sentence="24" number="33">has</token>
  <token t_id="742" sentence="24" number="34">said</token>
  <token t_id="743" sentence="24" number="35">the</token>
  <token t_id="744" sentence="24" number="36">military</token>
  <token t_id="745" sentence="24" number="37">activity</token>
  <token t_id="746" sentence="24" number="38">could</token>
  <token t_id="747" sentence="24" number="39">amount</token>
  <token t_id="748" sentence="24" number="40">to</token>
  <token t_id="749" sentence="24" number="41">war</token>
  <token t_id="750" sentence="24" number="42">crimes</token>
  <token t_id="751" sentence="24" number="43">.</token>
  <token t_id="752" sentence="25" number="0">The</token>
  <token t_id="753" sentence="25" number="1">United</token>
  <token t_id="754" sentence="25" number="2">States</token>
  <token t_id="755" sentence="25" number="3">,</token>
  <token t_id="756" sentence="25" number="4">a</token>
  <token t_id="757" sentence="25" number="5">close</token>
  <token t_id="758" sentence="25" number="6">partner</token>
  <token t_id="759" sentence="25" number="7">of</token>
  <token t_id="760" sentence="25" number="8">South</token>
  <token t_id="761" sentence="25" number="9">Sudan</token>
  <token t_id="762" sentence="25" number="10">,</token>
  <token t_id="763" sentence="25" number="11">had</token>
  <token t_id="764" sentence="25" number="12">made</token>
  <token t_id="765" sentence="25" number="13">strong</token>
  <token t_id="766" sentence="25" number="14">overtures</token>
  <token t_id="767" sentence="25" number="15">to</token>
  <token t_id="768" sentence="25" number="16">the</token>
  <token t_id="769" sentence="25" number="17">government</token>
  <token t_id="770" sentence="25" number="18">in</token>
  <token t_id="771" sentence="25" number="19">Sudan</token>
  <token t_id="772" sentence="25" number="20">,</token>
  <token t_id="773" sentence="25" number="21">saying</token>
  <token t_id="774" sentence="25" number="22">that</token>
  <token t_id="775" sentence="25" number="23">if</token>
  <token t_id="776" sentence="25" number="24">it</token>
  <token t_id="777" sentence="25" number="25">cooperated</token>
  <token t_id="778" sentence="25" number="26">peacefully</token>
  <token t_id="779" sentence="25" number="27">with</token>
  <token t_id="780" sentence="25" number="28">South</token>
  <token t_id="781" sentence="25" number="29">Sudan's</token>
  <token t_id="782" sentence="25" number="30">transition</token>
  <token t_id="783" sentence="25" number="31">to</token>
  <token t_id="784" sentence="25" number="32">independence</token>
  <token t_id="785" sentence="25" number="33">,</token>
  <token t_id="786" sentence="25" number="34">economic</token>
  <token t_id="787" sentence="25" number="35">sanctions</token>
  <token t_id="788" sentence="25" number="36">on</token>
  <token t_id="789" sentence="25" number="37">the</token>
  <token t_id="790" sentence="25" number="38">country</token>
  <token t_id="791" sentence="25" number="39">could</token>
  <token t_id="792" sentence="25" number="40">be</token>
  <token t_id="793" sentence="25" number="41">lifted</token>
  <token t_id="794" sentence="25" number="42">.</token>
  <token t_id="795" sentence="26" number="0">But</token>
  <token t_id="796" sentence="26" number="1">last</token>
  <token t_id="797" sentence="26" number="2">week</token>
  <token t_id="798" sentence="26" number="3">,</token>
  <token t_id="799" sentence="26" number="4">President</token>
  <token t_id="800" sentence="26" number="5">Obama</token>
  <token t_id="801" sentence="26" number="6">seemed</token>
  <token t_id="802" sentence="26" number="7">to</token>
  <token t_id="803" sentence="26" number="8">change</token>
  <token t_id="804" sentence="26" number="9">his</token>
  <token t_id="805" sentence="26" number="10">mind</token>
  <token t_id="806" sentence="26" number="11">,</token>
  <token t_id="807" sentence="26" number="12">calling</token>
  <token t_id="808" sentence="26" number="13">for</token>
  <token t_id="809" sentence="26" number="14">sanctions</token>
  <token t_id="810" sentence="26" number="15">to</token>
  <token t_id="811" sentence="26" number="16">be</token>
  <token t_id="812" sentence="26" number="17">extended</token>
  <token t_id="813" sentence="26" number="18">over</token>
  <token t_id="814" sentence="26" number="19">what</token>
  <token t_id="815" sentence="26" number="20">he</token>
  <token t_id="816" sentence="26" number="21">called</token>
  <token t_id="817" sentence="26" number="22">"hostile"</token>
  <token t_id="818" sentence="26" number="23">actions</token>
  <token t_id="819" sentence="26" number="24">on</token>
  <token t_id="820" sentence="26" number="25">the</token>
  <token t_id="821" sentence="26" number="26">part</token>
  <token t_id="822" sentence="26" number="27">of</token>
  <token t_id="823" sentence="26" number="28">the</token>
  <token t_id="824" sentence="26" number="29">Sudanese</token>
  <token t_id="825" sentence="26" number="30">government</token>
  <token t_id="826" sentence="26" number="31">that</token>
  <token t_id="827" sentence="26" number="32">posed</token>
  <token t_id="828" sentence="26" number="33">an</token>
  <token t_id="829" sentence="26" number="34">"unusual</token>
  <token t_id="830" sentence="26" number="35">and</token>
  <token t_id="831" sentence="26" number="36">extraordinary</token>
  <token t_id="832" sentence="26" number="37">threat"</token>
  <token t_id="833" sentence="26" number="38">to</token>
  <token t_id="834" sentence="26" number="39">American</token>
  <token t_id="835" sentence="26" number="40">foreign</token>
  <token t_id="836" sentence="26" number="41">policy</token>
  <token t_id="837" sentence="26" number="42">.</token>
  <token t_id="838" sentence="27" number="0">"They</token>
  <token t_id="839" sentence="27" number="1">promised</token>
  <token t_id="840" sentence="27" number="2">us</token>
  <token t_id="841" sentence="27" number="3">a</token>
  <token t_id="842" sentence="27" number="4">lot</token>
  <token t_id="843" sentence="27" number="5">of</token>
  <token t_id="844" sentence="27" number="6">things</token>
  <token t_id="845" sentence="27" number="7">;</token>
  <token t_id="846" sentence="27" number="8">nothing</token>
  <token t_id="847" sentence="27" number="9">actually</token>
  <token t_id="848" sentence="27" number="10">implemented</token>
  <token t_id="849" sentence="27" number="11">,</token>
  <token t_id="850" sentence="27" number="12">"</token>
  <token t_id="851" sentence="27" number="13">said</token>
  <token t_id="852" sentence="27" number="14">Mr</token>
  <token t_id="853" sentence="27" number="15">.</token>
  <token t_id="854" sentence="27" number="16">Atti</token>
  <token t_id="855" sentence="27" number="17">,</token>
  <token t_id="856" sentence="27" number="18">the</token>
  <token t_id="857" sentence="27" number="19">Sudanese</token>
  <token t_id="858" sentence="27" number="20">government</token>
  <token t_id="859" sentence="27" number="21">spokesman</token>
  <token t_id="860" sentence="27" number="22">.</token>
  <token t_id="861" sentence="28" number="0">"It's</token>
  <token t_id="862" sentence="28" number="1">unfair</token>
  <token t_id="863" sentence="28" number="2">.</token>
  <token t_id="864" sentence="28" number="3">"</token>
  <token t_id="865" sentence="29" number="0">South</token>
  <token t_id="866" sentence="29" number="1">Sudan</token>
  <token t_id="867" sentence="29" number="2">-</token>
  <token t_id="868" sentence="29" number="3">or</token>
  <token t_id="869" sentence="29" number="4">Sudan</token>
  <token t_id="870" sentence="29" number="5">-</token>
  <token t_id="871" sentence="29" number="6">can</token>
  <token t_id="872" sentence="29" number="7">ill</token>
  <token t_id="873" sentence="29" number="8">afford</token>
  <token t_id="874" sentence="29" number="9">a</token>
  <token t_id="875" sentence="29" number="10">new</token>
  <token t_id="876" sentence="29" number="11">war</token>
  <token t_id="877" sentence="29" number="12">.</token>
  <token t_id="878" sentence="30" number="0">The</token>
  <token t_id="879" sentence="30" number="1">economies</token>
  <token t_id="880" sentence="30" number="2">of</token>
  <token t_id="881" sentence="30" number="3">both</token>
  <token t_id="882" sentence="30" number="4">nations</token>
  <token t_id="883" sentence="30" number="5">are</token>
  <token t_id="884" sentence="30" number="6">in</token>
  <token t_id="885" sentence="30" number="7">a</token>
  <token t_id="886" sentence="30" number="8">delicate</token>
  <token t_id="887" sentence="30" number="9">state</token>
  <token t_id="888" sentence="30" number="10">,</token>
  <token t_id="889" sentence="30" number="11">with</token>
  <token t_id="890" sentence="30" number="12">Sudan</token>
  <token t_id="891" sentence="30" number="13">suffering</token>
  <token t_id="892" sentence="30" number="14">from</token>
  <token t_id="893" sentence="30" number="15">a</token>
  <token t_id="894" sentence="30" number="16">loss</token>
  <token t_id="895" sentence="30" number="17">of</token>
  <token t_id="896" sentence="30" number="18">oil</token>
  <token t_id="897" sentence="30" number="19">income</token>
  <token t_id="898" sentence="30" number="20">since</token>
  <token t_id="899" sentence="30" number="21">South</token>
  <token t_id="900" sentence="30" number="22">Sudan's</token>
  <token t_id="901" sentence="30" number="23">independence</token>
  <token t_id="902" sentence="30" number="24">,</token>
  <token t_id="903" sentence="30" number="25">and</token>
  <token t_id="904" sentence="30" number="26">protests</token>
  <token t_id="905" sentence="30" number="27">springing</token>
  <token t_id="906" sentence="30" number="28">up</token>
  <token t_id="907" sentence="30" number="29">in</token>
  <token t_id="908" sentence="30" number="30">the</token>
  <token t_id="909" sentence="30" number="31">streets</token>
  <token t_id="910" sentence="30" number="32">of</token>
  <token t_id="911" sentence="30" number="33">Khartoum</token>
  <token t_id="912" sentence="30" number="34">early</token>
  <token t_id="913" sentence="30" number="35">this</token>
  <token t_id="914" sentence="30" number="36">year</token>
  <token t_id="915" sentence="30" number="37">.</token>
  <token t_id="916" sentence="31" number="0">As</token>
  <token t_id="917" sentence="31" number="1">for</token>
  <token t_id="918" sentence="31" number="2">South</token>
  <token t_id="919" sentence="31" number="3">Sudan</token>
  <token t_id="920" sentence="31" number="4">,</token>
  <token t_id="921" sentence="31" number="5">it</token>
  <token t_id="922" sentence="31" number="6">is</token>
  <token t_id="923" sentence="31" number="7">one</token>
  <token t_id="924" sentence="31" number="8">of</token>
  <token t_id="925" sentence="31" number="9">the</token>
  <token t_id="926" sentence="31" number="10">least</token>
  <token t_id="927" sentence="31" number="11">developed</token>
  <token t_id="928" sentence="31" number="12">countries</token>
  <token t_id="929" sentence="31" number="13">in</token>
  <token t_id="930" sentence="31" number="14">the</token>
  <token t_id="931" sentence="31" number="15">world</token>
  <token t_id="932" sentence="31" number="16">.</token>
  <token t_id="933" sentence="32" number="0">Furthermore</token>
  <token t_id="934" sentence="32" number="1">,</token>
  <token t_id="935" sentence="32" number="2">it</token>
  <token t_id="936" sentence="32" number="3">faces</token>
  <token t_id="937" sentence="32" number="4">a</token>
  <token t_id="938" sentence="32" number="5">number</token>
  <token t_id="939" sentence="32" number="6">of</token>
  <token t_id="940" sentence="32" number="7">internal</token>
  <token t_id="941" sentence="32" number="8">rebellions</token>
  <token t_id="942" sentence="32" number="9">itself</token>
  <token t_id="943" sentence="32" number="10">,</token>
  <token t_id="944" sentence="32" number="11">particularly</token>
  <token t_id="945" sentence="32" number="12">in</token>
  <token t_id="946" sentence="32" number="13">provinces</token>
  <token t_id="947" sentence="32" number="14">near</token>
  <token t_id="948" sentence="32" number="15">the</token>
  <token t_id="949" sentence="32" number="16">border</token>
  <token t_id="950" sentence="32" number="17">,</token>
  <token t_id="951" sentence="32" number="18">and</token>
  <token t_id="952" sentence="32" number="19">it</token>
  <token t_id="953" sentence="32" number="20">has</token>
  <token t_id="954" sentence="32" number="21">accused</token>
  <token t_id="955" sentence="32" number="22">the</token>
  <token t_id="956" sentence="32" number="23">Sudanese</token>
  <token t_id="957" sentence="32" number="24">government</token>
  <token t_id="958" sentence="32" number="25">of</token>
  <token t_id="959" sentence="32" number="26">backing</token>
  <token t_id="960" sentence="32" number="27">militias</token>
  <token t_id="961" sentence="32" number="28">there</token>
  <token t_id="962" sentence="32" number="29">.</token>
  <token t_id="963" sentence="33" number="0">"The</token>
  <token t_id="964" sentence="33" number="1">overall</token>
  <token t_id="965" sentence="33" number="2">view</token>
  <token t_id="966" sentence="33" number="3">is</token>
  <token t_id="967" sentence="33" number="4">that</token>
  <token t_id="968" sentence="33" number="5">they</token>
  <token t_id="969" sentence="33" number="6">have</token>
  <token t_id="970" sentence="33" number="7">to</token>
  <token t_id="971" sentence="33" number="8">exist</token>
  <token t_id="972" sentence="33" number="9">with</token>
  <token t_id="973" sentence="33" number="10">the</token>
  <token t_id="974" sentence="33" number="11">other</token>
  <token t_id="975" sentence="33" number="12">side</token>
  <token t_id="976" sentence="33" number="13">,</token>
  <token t_id="977" sentence="33" number="14">"</token>
  <token t_id="978" sentence="33" number="15">said</token>
  <token t_id="979" sentence="33" number="16">Aly</token>
  <token t_id="980" sentence="33" number="17">Verjee</token>
  <token t_id="981" sentence="33" number="18">,</token>
  <token t_id="982" sentence="33" number="19">a</token>
  <token t_id="983" sentence="33" number="20">senior</token>
  <token t_id="984" sentence="33" number="21">researcher</token>
  <token t_id="985" sentence="33" number="22">at</token>
  <token t_id="986" sentence="33" number="23">the</token>
  <token t_id="987" sentence="33" number="24">Rift</token>
  <token t_id="988" sentence="33" number="25">Valley</token>
  <token t_id="989" sentence="33" number="26">Institute</token>
  <token t_id="990" sentence="33" number="27">.</token>
  <token t_id="991" sentence="34" number="0">"Even</token>
  <token t_id="992" sentence="34" number="1">if</token>
  <token t_id="993" sentence="34" number="2">you</token>
  <token t_id="994" sentence="34" number="3">don't</token>
  <token t_id="995" sentence="34" number="4">trust</token>
  <token t_id="996" sentence="34" number="5">them</token>
  <token t_id="997" sentence="34" number="6">so</token>
  <token t_id="998" sentence="34" number="7">much</token>
  <token t_id="999" sentence="34" number="8">,</token>
  <token t_id="1000" sentence="34" number="9">and</token>
  <token t_id="1001" sentence="34" number="10">if</token>
  <token t_id="1002" sentence="34" number="11">they</token>
  <token t_id="1003" sentence="34" number="12">are</token>
  <token t_id="1004" sentence="34" number="13">meddling</token>
  <token t_id="1005" sentence="34" number="14">in</token>
  <token t_id="1006" sentence="34" number="15">your</token>
  <token t_id="1007" sentence="34" number="16">own</token>
  <token t_id="1008" sentence="34" number="17">sovereign</token>
  <token t_id="1009" sentence="34" number="18">territory</token>
  <token t_id="1010" sentence="34" number="19">,</token>
  <token t_id="1011" sentence="34" number="20">there</token>
  <token t_id="1012" sentence="34" number="21">is</token>
  <token t_id="1013" sentence="34" number="22">a</token>
  <token t_id="1014" sentence="34" number="23">lot</token>
  <token t_id="1015" sentence="34" number="24">riding</token>
  <token t_id="1016" sentence="34" number="25">on</token>
  <token t_id="1017" sentence="34" number="26">that</token>
  <token t_id="1018" sentence="34" number="27">.</token>
  <token t_id="1019" sentence="34" number="28">"</token>
  <Markables>
    <ACTION_ASPECTUAL m_id="1" comment="">
      <token_anchor t_id="335"/>
    </ACTION_ASPECTUAL>
    <ACTION_OCCURRENCE m_id="2" comment="" climaxEvent="FALSE">
      <token_anchor t_id="309"/>
    </ACTION_OCCURRENCE>
    <ACTION_OCCURRENCE m_id="3" comment="" climaxEvent="FALSE">
      <token_anchor t_id="327"/>
    </ACTION_OCCURRENCE>
    <ACTION_OCCURRENCE m_id="4" comment="" climaxEvent="FALSE">
      <token_anchor t_id="332"/>
    </ACTION_OCCURRENCE>
    <ACTION_OCCURRENCE m_id="5" comment="" climaxEvent="FALSE">
      <token_anchor t_id="350"/>
    </ACTION_OCCURRENCE>
    <ACTION_OCCURRENCE m_id="6" comment="" climaxEvent="FALSE">
      <token_anchor t_id="343"/>
    </ACTION_OCCURRENCE>
    <ACTION_OCCURRENCE m_id="7" comment="" climaxEvent="FALSE">
      <token_anchor t_id="346"/>
    </ACTION_OCCURRENCE>
    <ACTION_OCCURRENCE m_id="8" comment="" climaxEvent="FALSE">
      <token_anchor t_id="376"/>
    </ACTION_OCCURRENCE>
    <ACTION_OCCURRENCE m_id="9" comment="" climaxEvent="FALSE">
      <token_anchor t_id="356"/>
    </ACTION_OCCURRENCE>
    <ACTION_OCCURRENCE m_id="10" comment="" climaxEvent="FALSE">
      <token_anchor t_id="361"/>
    </ACTION_OCCURRENCE>
    <ACTION_OCCURRENCE m_id="11" comment="" climaxEvent="FALSE">
      <token_anchor t_id="46"/>
    </ACTION_OCCURRENCE>
    <ACTION_OCCURRENCE m_id="12" comment="" climaxEvent="FALSE">
      <token_anchor t_id="50"/>
    </ACTION_OCCURRENCE>
    <ACTION_OCCURRENCE m_id="13" comment="" climaxEvent="FALSE">
      <token_anchor t_id="52"/>
    </ACTION_OCCURRENCE>
    <ACTION_OCCURRENCE m_id="14" comment="" climaxEvent="FALSE">
      <token_anchor t_id="285"/>
    </ACTION_OCCURRENCE>
    <ACTION_OCCURRENCE m_id="15" comment="" climaxEvent="FALSE">
      <token_anchor t_id="298"/>
    </ACTION_OCCURRENCE>
    <ACTION_REPORTING m_id="42">
      <token_anchor t_id="43"/>
    </ACTION_REPORTING>
    <ACTION_REPORTING m_id="16">
      <token_anchor t_id="374"/>
    </ACTION_REPORTING>
    <ACTION_REPORTING m_id="17">
      <token_anchor t_id="337"/>
      <token_anchor t_id="338"/>
    </ACTION_REPORTING>
    <ACTION_STATE m_id="18" climaxEvent="FALSE" comment="">
      <token_anchor t_id="373"/>
    </ACTION_STATE>
    <HUMAN_PART_GPE m_id="19">
      <token_anchor t_id="282"/>
    </HUMAN_PART_GPE>
    <HUMAN_PART_GPE m_id="20">
      <token_anchor t_id="41"/>
      <token_anchor t_id="42"/>
    </HUMAN_PART_GPE>
    <HUMAN_PART_GPE m_id="21">
      <token_anchor t_id="44"/>
    </HUMAN_PART_GPE>
    <HUMAN_PART_PER m_id="22" comment="">
      <token_anchor t_id="340"/>
      <token_anchor t_id="341"/>
    </HUMAN_PART_PER>
    <HUMAN_PART_PER m_id="23" comment="">
      <token_anchor t_id="315"/>
      <token_anchor t_id="316"/>
      <token_anchor t_id="317"/>
      <token_anchor t_id="318"/>
    </HUMAN_PART_PER>
    <HUMAN_PART_PER m_id="24" comment="">
      <token_anchor t_id="323"/>
      <token_anchor t_id="324"/>
    </HUMAN_PART_PER>
    <HUMAN_PART_PER m_id="25" comment="">
      <token_anchor t_id="322"/>
    </HUMAN_PART_PER>
    <HUMAN_PART_PER m_id="26" comment="">
      <token_anchor t_id="325"/>
    </HUMAN_PART_PER>
    <LOC_FAC m_id="29">
      <token_anchor t_id="358"/>
    </LOC_FAC>
    <LOC_FAC m_id="27">
      <token_anchor t_id="362"/>
      <token_anchor t_id="363"/>
      <token_anchor t_id="364"/>
    </LOC_FAC>
    <LOC_FAC m_id="28">
      <token_anchor t_id="351"/>
      <token_anchor t_id="352"/>
      <token_anchor t_id="353"/>
    </LOC_FAC>
    <LOC_GEO m_id="30" comment="">
      <token_anchor t_id="286"/>
      <token_anchor t_id="287"/>
      <token_anchor t_id="288"/>
    </LOC_GEO>
    <LOC_GEO m_id="31" comment="">
      <token_anchor t_id="329"/>
    </LOC_GEO>
    <LOC_GEO m_id="32" comment="">
      <token_anchor t_id="333"/>
      <token_anchor t_id="334"/>
    </LOC_GEO>
    <LOC_GEO m_id="33" comment="">
      <token_anchor t_id="301"/>
      <token_anchor t_id="302"/>
      <token_anchor t_id="303"/>
      <token_anchor t_id="304"/>
      <token_anchor t_id="305"/>
      <token_anchor t_id="306"/>
      <token_anchor t_id="307"/>
    </LOC_GEO>
    <LOC_GEO m_id="44" comment="">
      <token_anchor t_id="310"/>
      <token_anchor t_id="311"/>
      <token_anchor t_id="312"/>
    </LOC_GEO>
    <LOC_GEO m_id="45" comment="">
      <token_anchor t_id="47"/>
      <token_anchor t_id="48"/>
    </LOC_GEO>
    <NEG_ACTION_OCCURRENCE m_id="34" comment="" climaxEvent="FALSE">
      <token_anchor t_id="382"/>
    </NEG_ACTION_OCCURRENCE>
    <NEG_ACTION_OCCURRENCE m_id="35" comment="" climaxEvent="FALSE">
      <token_anchor t_id="369"/>
    </NEG_ACTION_OCCURRENCE>
    <NEG_ACTION_REPORTING m_id="41">
      <token_anchor t_id="284"/>
    </NEG_ACTION_REPORTING>
    <NON_HUMAN_PART m_id="36" comment="">
      <token_anchor t_id="299"/>
      <token_anchor t_id="300"/>
    </NON_HUMAN_PART>
    <NON_HUMAN_PART m_id="37" comment="">
      <token_anchor t_id="348"/>
      <token_anchor t_id="349"/>
    </NON_HUMAN_PART>
    <NON_HUMAN_PART m_id="38" comment="">
      <token_anchor t_id="355"/>
    </NON_HUMAN_PART>
    <NON_HUMAN_PART m_id="39" comment="">
      <token_anchor t_id="360"/>
    </NON_HUMAN_PART>
    <NON_HUMAN_PART m_id="43" comment="">
      <token_anchor t_id="296"/>
      <token_anchor t_id="297"/>
    </NON_HUMAN_PART>
    <TIME_OF_THE_DAY m_id="40" DCT="FALSE" value="2011-11-10" anchorTimeID="64">
      <token_anchor t_id="292"/>
      <token_anchor t_id="293"/>
      <token_anchor t_id="294"/>
    </TIME_OF_THE_DAY>
    <TIME_OF_THE_DAY m_id="46" RELATED_TO="" TAG_DESCRIPTOR="t41_thurs_nov_10_3pm" value="" anchorTimeID="" DCT="FALSE"/>
    <NON_HUMAN_PART m_id="47" RELATED_TO="" TAG_DESCRIPTOR="t41_4bombs" comment=""/>
    <HUMAN_PART_PER m_id="48" RELATED_TO="" TAG_DESCRIPTOR="t41_yida_refugees" comment=""/>
    <LOC_GEO m_id="49" RELATED_TO="" TAG_DESCRIPTOR="t41_border_region" comment=""/>
    <ACTION_OCCURRENCE m_id="50" RELATED_TO="" TAG_DESCRIPTOR="t41_refugees_cross_border" comment="" climaxEvent="FALSE"/>
    <LOC_GEO m_id="51" RELATED_TO="" TAG_DESCRIPTOR="t41_yida_camp" comment=""/>
    <LOC_GEO m_id="52" RELATED_TO="" TAG_DESCRIPTOR="t41_south_sudan_loc" comment=""/>
    <LOC_GEO m_id="53" RELATED_TO="" TAG_DESCRIPTOR="t41_sudan_loc" comment=""/>
    <ACTION_OCCURRENCE m_id="54" RELATED_TO="" TAG_DESCRIPTOR="t41_sudan_rebellion" comment="" climaxEvent="FALSE"/>
    <NEG_ACTION_REPORTING m_id="55" RELATED_TO="" TAG_DESCRIPTOR="t41_sudan_denies"/>
    <ACTION_OCCURRENCE m_id="56" RELATED_TO="" TAG_DESCRIPTOR="t41_drop_bombs_camp" comment="" climaxEvent="FALSE"/>
    <ACTION_OCCURRENCE m_id="57" RELATED_TO="" TAG_DESCRIPTOR="t41_sudan_strikes" comment="" climaxEvent="FALSE"/>
    <HUMAN_PART_GPE m_id="58" RELATED_TO="" TAG_DESCRIPTOR="t41_south_sudan_part"/>
    <HUMAN_PART_GPE m_id="59" RELATED_TO="" TAG_DESCRIPTOR="t41_sudan_part"/>
    <ACTION_OCCURRENCE m_id="60" RELATED_TO="" TAG_DESCRIPTOR="t41_warns_of_war" comment="" climaxEvent="FALSE"/>
    <NON_HUMAN_PART m_id="61" RELATED_TO="" TAG_DESCRIPTOR="t41_antonov_bomber" comment=""/>
    <ACTION_REPORTING m_id="62" RELATED_TO="" TAG_DESCRIPTOR="t41_south_sudan_accuses"/>
    <ACTION_OCCURRENCE m_id="63" RELATED_TO="" TAG_DESCRIPTOR="t41_war_threat" comment="" climaxEvent="FALSE"/>
    <TIME_DATE m_id="64" RELATED_TO="" TAG_DESCRIPTOR="t_2011-11-10" comment="" DCT="TRUE" value="" anchorTimeID=""/>
  </Markables>
  <Relations>
    <TLINK r_id="104554" contextualModality="" relType="CONTAINS" comment="">
      <source m_id="40"/>
      <target m_id="42"/>
    </TLINK>
    <TLINK r_id="104555" contextualModality="" relType="CONTAINS" comment="">
      <source m_id="40"/>
      <target m_id="11"/>
    </TLINK>
    <TLINK r_id="104556" contextualModality="" relType="OVERLAP" comment="">
      <source m_id="40"/>
      <target m_id="12"/>
    </TLINK>
    <TLINK r_id="104557" contextualModality="" relType="CONTAINS" comment="">
      <source m_id="40"/>
      <target m_id="14"/>
    </TLINK>
    <TLINK r_id="104558" contextualModality="" relType="CONTAINS" comment="">
      <source m_id="40"/>
      <target m_id="15"/>
    </TLINK>
    <TLINK r_id="104559" contextualModality="" relType="CONTAINS" comment="">
      <source m_id="40"/>
      <target m_id="2"/>
    </TLINK>
    <TLINK r_id="104560" contextualModality="" relType="CONTAINS" comment="">
      <source m_id="40"/>
      <target m_id="3"/>
    </TLINK>
    <TLINK r_id="104561" contextualModality="" relType="OVERLAP" comment="">
      <source m_id="40"/>
      <target m_id="4"/>
    </TLINK>
    <TLINK r_id="104562" contextualModality="" relType="CONTAINS" comment="">
      <source m_id="40"/>
      <target m_id="7"/>
    </TLINK>
    <TLINK r_id="104563" contextualModality="" relType="CONTAINS" comment="">
      <source m_id="40"/>
      <target m_id="10"/>
    </TLINK>
    <TLINK r_id="104564" contextualModality="" relType="CONTAINS" comment="">
      <source m_id="40"/>
      <target m_id="35"/>
    </TLINK>
    <TLINK r_id="104565" contextualModality="" relType="CONTAINS" comment="">
      <source m_id="40"/>
      <target m_id="8"/>
    </TLINK>
    <TLINK r_id="104566" contextualModality="" relType="CONTAINS" comment="">
      <source m_id="64"/>
      <target m_id="42"/>
    </TLINK>
    <TLINK r_id="104567" contextualModality="" relType="OVERLAP" comment="">
      <source m_id="64"/>
      <target m_id="12"/>
    </TLINK>
    <TLINK r_id="104568" contextualModality="" relType="CONTAINS" comment="">
      <source m_id="64"/>
      <target m_id="11"/>
    </TLINK>
    <TLINK r_id="104569" contextualModality="" relType="CONTAINS" comment="">
      <source m_id="64"/>
      <target m_id="14"/>
    </TLINK>
    <TLINK r_id="104570" contextualModality="" relType="CONTAINS" comment="">
      <source m_id="64"/>
      <target m_id="15"/>
    </TLINK>
    <TLINK r_id="104571" contextualModality="" relType="CONTAINS" comment="">
      <source m_id="64"/>
      <target m_id="2"/>
    </TLINK>
    <TLINK r_id="104572" contextualModality="" relType="CONTAINS" comment="">
      <source m_id="64"/>
      <target m_id="3"/>
    </TLINK>
    <TLINK r_id="104573" contextualModality="" relType="OVERLAP" comment="">
      <source m_id="64"/>
      <target m_id="4"/>
    </TLINK>
    <TLINK r_id="104574" contextualModality="" relType="CONTAINS" comment="">
      <source m_id="64"/>
      <target m_id="7"/>
    </TLINK>
    <TLINK r_id="104575" contextualModality="" relType="CONTAINS" comment="">
      <source m_id="64"/>
      <target m_id="5"/>
    </TLINK>
    <TLINK r_id="104576" contextualModality="" relType="CONTAINS" comment="">
      <source m_id="64"/>
      <target m_id="9"/>
    </TLINK>
    <TLINK r_id="104578" contextualModality="" relType="CONTAINS" comment="">
      <source m_id="64"/>
      <target m_id="10"/>
    </TLINK>
    <TLINK r_id="104579" contextualModality="" relType="CONTAINS" comment="">
      <source m_id="64"/>
      <target m_id="35"/>
    </TLINK>
    <TLINK r_id="104580" contextualModality="" relType="CONTAINS" comment="">
      <source m_id="64"/>
      <target m_id="8"/>
    </TLINK>
    <TLINK r_id="104581" contextualModality="" relType="CONTAINS" comment="">
      <source m_id="64"/>
      <target m_id="34"/>
    </TLINK>
    <PLOT_LINK r_id="104582">
      <source m_id="42"/>
      <target m_id="11"/>
    </PLOT_LINK>
    <PLOT_LINK r_id="104583" SIGNAL="" relType="PRECONDITION" CAUSES="FALSE" CAUSED_BY="FALSE">
      <source m_id="15"/>
      <target m_id="2"/>
    </PLOT_LINK>
    <PLOT_LINK r_id="104584" SIGNAL="" relType="PRECONDITION" CAUSES="FALSE" CAUSED_BY="FALSE">
      <source m_id="15"/>
      <target m_id="3"/>
    </PLOT_LINK>
    <PLOT_LINK r_id="104585" SIGNAL="" relType="PRECONDITION" CAUSES="FALSE" CAUSED_BY="FALSE">
      <source m_id="15"/>
      <target m_id="5"/>
    </PLOT_LINK>
    <PLOT_LINK r_id="104586" SIGNAL="" relType="PRECONDITION" CAUSES="FALSE" CAUSED_BY="FALSE">
      <source m_id="15"/>
      <target m_id="9"/>
    </PLOT_LINK>
    <PLOT_LINK r_id="104587" SIGNAL="" relType="PRECONDITION" CAUSES="FALSE" CAUSED_BY="FALSE">
      <source m_id="15"/>
      <target m_id="10"/>
    </PLOT_LINK>
    <PLOT_LINK r_id="104588" SIGNAL="" relType="PRECONDITION" CAUSES="FALSE" CAUSED_BY="FALSE">
      <source m_id="15"/>
      <target m_id="35"/>
    </PLOT_LINK>
    <PLOT_LINK r_id="104589" SIGNAL="" relType="PRECONDITION" CAUSES="FALSE" CAUSED_BY="FALSE">
      <source m_id="15"/>
      <target m_id="8"/>
    </PLOT_LINK>
  </Relations>
</Document>
