<?xml version='1.0' encoding='UTF-8'?>
<Document doc_name="41_7ecbplus.xml">
  <token t_id="1" sentence="0" number="0">http</token>
  <token t_id="2" sentence="0" number="1">:</token>
  <token t_id="3" sentence="0" number="2">/</token>
  <token t_id="4" sentence="0" number="3">/</token>
  <token t_id="5" sentence="0" number="4">www</token>
  <token t_id="6" sentence="0" number="5">.</token>
  <token t_id="7" sentence="0" number="6">rnw</token>
  <token t_id="8" sentence="0" number="7">.</token>
  <token t_id="9" sentence="0" number="8">nl</token>
  <token t_id="10" sentence="0" number="9">/</token>
  <token t_id="11" sentence="0" number="10">africa</token>
  <token t_id="12" sentence="0" number="11">/</token>
  <token t_id="13" sentence="0" number="12">article</token>
  <token t_id="14" sentence="0" number="13">/</token>
  <token t_id="15" sentence="0" number="14">south</token>
  <token t_id="16" sentence="0" number="15">-</token>
  <token t_id="17" sentence="0" number="16">sudan</token>
  <token t_id="18" sentence="0" number="17">-</token>
  <token t_id="19" sentence="0" number="18">%E2%80%9Csudan</token>
  <token t_id="20" sentence="0" number="19">-</token>
  <token t_id="21" sentence="0" number="20">bombed</token>
  <token t_id="22" sentence="0" number="21">-</token>
  <token t_id="23" sentence="0" number="22">refugee</token>
  <token t_id="24" sentence="0" number="23">-</token>
  <token t_id="25" sentence="0" number="24">camp%E2%80%9D</token>
  <token t_id="26" sentence="1" number="0">South</token>
  <token t_id="27" sentence="1" number="1">Sudan</token>
  <token t_id="28" sentence="1" number="2">:</token>
  <token t_id="29" sentence="1" number="3">"Sudan</token>
  <token t_id="30" sentence="1" number="4">bombed</token>
  <token t_id="31" sentence="1" number="5">refugee</token>
  <token t_id="32" sentence="1" number="6">camp"</token>
  <token t_id="33" sentence="2" number="0">Published</token>
  <token t_id="34" sentence="2" number="1">on</token>
  <token t_id="35" sentence="2" number="2">:</token>
  <token t_id="36" sentence="2" number="3">11</token>
  <token t_id="37" sentence="2" number="4">November</token>
  <token t_id="38" sentence="2" number="5">2011</token>
  <token t_id="39" sentence="2" number="6">-</token>
  <token t_id="40" sentence="2" number="7">11</token>
  <token t_id="41" sentence="2" number="8">:</token>
  <token t_id="42" sentence="2" number="9">25am</token>
  <token t_id="43" sentence="3" number="0">A</token>
  <token t_id="44" sentence="3" number="1">refugee</token>
  <token t_id="45" sentence="3" number="2">camp</token>
  <token t_id="46" sentence="3" number="3">in</token>
  <token t_id="47" sentence="3" number="4">South</token>
  <token t_id="48" sentence="3" number="5">Sudan's</token>
  <token t_id="49" sentence="3" number="6">Unity</token>
  <token t_id="50" sentence="3" number="7">state</token>
  <token t_id="51" sentence="3" number="8">was</token>
  <token t_id="52" sentence="3" number="9">bombed</token>
  <token t_id="53" sentence="3" number="10">on</token>
  <token t_id="54" sentence="3" number="11">Thursday</token>
  <token t_id="55" sentence="3" number="12">,</token>
  <token t_id="56" sentence="3" number="13">South</token>
  <token t_id="57" sentence="3" number="14">Sudan</token>
  <token t_id="58" sentence="3" number="15">officials</token>
  <token t_id="59" sentence="3" number="16">and</token>
  <token t_id="60" sentence="3" number="17">witnesses</token>
  <token t_id="61" sentence="3" number="18">said</token>
  <token t_id="62" sentence="3" number="19">,</token>
  <token t_id="63" sentence="3" number="20">threatening</token>
  <token t_id="64" sentence="3" number="21">to</token>
  <token t_id="65" sentence="3" number="22">raise</token>
  <token t_id="66" sentence="3" number="23">tensions</token>
  <token t_id="67" sentence="3" number="24">with</token>
  <token t_id="68" sentence="3" number="25">Sudan</token>
  <token t_id="69" sentence="3" number="26">.</token>
  <token t_id="70" sentence="4" number="0">Sudan's</token>
  <token t_id="71" sentence="4" number="1">armed</token>
  <token t_id="72" sentence="4" number="2">forces</token>
  <token t_id="73" sentence="4" number="3">denied</token>
  <token t_id="74" sentence="4" number="4">they</token>
  <token t_id="75" sentence="4" number="5">carried</token>
  <token t_id="76" sentence="4" number="6">out</token>
  <token t_id="77" sentence="4" number="7">the</token>
  <token t_id="78" sentence="4" number="8">strike</token>
  <token t_id="79" sentence="4" number="9">.</token>
  <token t_id="80" sentence="5" number="0">South</token>
  <token t_id="81" sentence="5" number="1">Sudan's</token>
  <token t_id="82" sentence="5" number="2">president</token>
  <token t_id="83" sentence="5" number="3">Salva</token>
  <token t_id="84" sentence="5" number="4">Kiir</token>
  <token t_id="85" sentence="5" number="5">talked</token>
  <token t_id="86" sentence="5" number="6">of</token>
  <token t_id="87" sentence="5" number="7">Sudan's</token>
  <token t_id="88" sentence="5" number="8">"pending</token>
  <token t_id="89" sentence="5" number="9">invasion"</token>
  <token t_id="90" sentence="5" number="10">of</token>
  <token t_id="91" sentence="5" number="11">its</token>
  <token t_id="92" sentence="5" number="12">neighbour</token>
  <token t_id="93" sentence="5" number="13">.</token>
  <token t_id="94" sentence="6" number="0">Violence</token>
  <token t_id="95" sentence="6" number="1">along</token>
  <token t_id="96" sentence="6" number="2">the</token>
  <token t_id="97" sentence="6" number="3">poorly</token>
  <token t_id="98" sentence="6" number="4">defined</token>
  <token t_id="99" sentence="6" number="5">border</token>
  <token t_id="100" sentence="6" number="6">since</token>
  <token t_id="101" sentence="6" number="7">South</token>
  <token t_id="102" sentence="6" number="8">Sudan's</token>
  <token t_id="103" sentence="6" number="9">independence</token>
  <token t_id="104" sentence="6" number="10">in</token>
  <token t_id="105" sentence="6" number="11">July</token>
  <token t_id="106" sentence="6" number="12">has</token>
  <token t_id="107" sentence="6" number="13">strained</token>
  <token t_id="108" sentence="6" number="14">ties</token>
  <token t_id="109" sentence="6" number="15">between</token>
  <token t_id="110" sentence="6" number="16">the</token>
  <token t_id="111" sentence="6" number="17">two</token>
  <token t_id="112" sentence="6" number="18">nations</token>
  <token t_id="113" sentence="6" number="19">.</token>
  <token t_id="114" sentence="7" number="0">They</token>
  <token t_id="115" sentence="7" number="1">have</token>
  <token t_id="116" sentence="7" number="2">accused</token>
  <token t_id="117" sentence="7" number="3">one</token>
  <token t_id="118" sentence="7" number="4">another</token>
  <token t_id="119" sentence="7" number="5">of</token>
  <token t_id="120" sentence="7" number="6">backing</token>
  <token t_id="121" sentence="7" number="7">rebel</token>
  <token t_id="122" sentence="7" number="8">groups</token>
  <token t_id="123" sentence="7" number="9">on</token>
  <token t_id="124" sentence="7" number="10">their</token>
  <token t_id="125" sentence="7" number="11">sides</token>
  <token t_id="126" sentence="7" number="12">of</token>
  <token t_id="127" sentence="7" number="13">the</token>
  <token t_id="128" sentence="7" number="14">border</token>
  <token t_id="129" sentence="7" number="15">.</token>
  <token t_id="130" sentence="8" number="0">A</token>
  <token t_id="131" sentence="8" number="1">reporter</token>
  <token t_id="132" sentence="8" number="2">heard</token>
  <token t_id="133" sentence="8" number="3">a</token>
  <token t_id="134" sentence="8" number="4">large</token>
  <token t_id="135" sentence="8" number="5">explosion</token>
  <token t_id="136" sentence="8" number="6">in</token>
  <token t_id="137" sentence="8" number="7">the</token>
  <token t_id="138" sentence="8" number="8">Yida</token>
  <token t_id="139" sentence="8" number="9">refugee</token>
  <token t_id="140" sentence="8" number="10">camp</token>
  <token t_id="141" sentence="8" number="11">,</token>
  <token t_id="142" sentence="8" number="12">then</token>
  <token t_id="143" sentence="8" number="13">saw</token>
  <token t_id="144" sentence="8" number="14">a</token>
  <token t_id="145" sentence="8" number="15">crater</token>
  <token t_id="146" sentence="8" number="16">about</token>
  <token t_id="147" sentence="8" number="17">two</token>
  <token t_id="148" sentence="8" number="18">metres</token>
  <token t_id="149" sentence="8" number="19">wide</token>
  <token t_id="150" sentence="8" number="20">,</token>
  <token t_id="151" sentence="8" number="21">an</token>
  <token t_id="152" sentence="8" number="22">unexploded</token>
  <token t_id="153" sentence="8" number="23">bomb</token>
  <token t_id="154" sentence="8" number="24">wedged</token>
  <token t_id="155" sentence="8" number="25">in</token>
  <token t_id="156" sentence="8" number="26">the</token>
  <token t_id="157" sentence="8" number="27">side</token>
  <token t_id="158" sentence="8" number="28">of</token>
  <token t_id="159" sentence="8" number="29">a</token>
  <token t_id="160" sentence="8" number="30">school</token>
  <token t_id="161" sentence="8" number="31">building</token>
  <token t_id="162" sentence="8" number="32">and</token>
  <token t_id="163" sentence="8" number="33">a</token>
  <token t_id="164" sentence="8" number="34">white</token>
  <token t_id="165" sentence="8" number="35">aircraft</token>
  <token t_id="166" sentence="8" number="36">flying</token>
  <token t_id="167" sentence="8" number="37">north</token>
  <token t_id="168" sentence="8" number="38">.</token>
  <token t_id="169" sentence="9" number="0">Witnesses</token>
  <token t_id="170" sentence="9" number="1">said</token>
  <token t_id="171" sentence="9" number="2">there</token>
  <token t_id="172" sentence="9" number="3">were</token>
  <token t_id="173" sentence="9" number="4">three</token>
  <token t_id="174" sentence="9" number="5">further</token>
  <token t_id="175" sentence="9" number="6">explosions</token>
  <token t_id="176" sentence="9" number="7">at</token>
  <token t_id="177" sentence="9" number="8">3</token>
  <token t_id="178" sentence="9" number="9">p</token>
  <token t_id="179" sentence="9" number="10">.</token>
  <token t_id="180" sentence="9" number="11">m</token>
  <token t_id="181" sentence="9" number="12">.</token>
  <token t_id="182" sentence="10" number="0">Yida</token>
  <token t_id="183" sentence="10" number="1">is</token>
  <token t_id="184" sentence="10" number="2">a</token>
  <token t_id="185" sentence="10" number="3">camp</token>
  <token t_id="186" sentence="10" number="4">of</token>
  <token t_id="187" sentence="10" number="5">about</token>
  <token t_id="188" sentence="10" number="6">20</token>
  <token t_id="189" sentence="10" number="7">,</token>
  <token t_id="190" sentence="10" number="8">000</token>
  <token t_id="191" sentence="10" number="9">refugees</token>
  <token t_id="192" sentence="10" number="10">from</token>
  <token t_id="193" sentence="10" number="11">the</token>
  <token t_id="194" sentence="10" number="12">Nuba</token>
  <token t_id="195" sentence="10" number="13">Mountains</token>
  <token t_id="196" sentence="10" number="14">region</token>
  <token t_id="197" sentence="10" number="15">of</token>
  <token t_id="198" sentence="10" number="16">South</token>
  <token t_id="199" sentence="10" number="17">Kordofan</token>
  <token t_id="200" sentence="10" number="18">,</token>
  <token t_id="201" sentence="10" number="19">a</token>
  <token t_id="202" sentence="10" number="20">state</token>
  <token t_id="203" sentence="10" number="21">north</token>
  <token t_id="204" sentence="10" number="22">of</token>
  <token t_id="205" sentence="10" number="23">the</token>
  <token t_id="206" sentence="10" number="24">border</token>
  <token t_id="207" sentence="10" number="25">where</token>
  <token t_id="208" sentence="10" number="26">rebels</token>
  <token t_id="209" sentence="10" number="27">have</token>
  <token t_id="210" sentence="10" number="28">been</token>
  <token t_id="211" sentence="10" number="29">fighting</token>
  <token t_id="212" sentence="10" number="30">Sudan's</token>
  <token t_id="213" sentence="10" number="31">army</token>
  <token t_id="214" sentence="10" number="32">since</token>
  <token t_id="215" sentence="10" number="33">June</token>
  <token t_id="216" sentence="10" number="34">.</token>
  <token t_id="217" sentence="11" number="0">The</token>
  <token t_id="218" sentence="11" number="1">camp</token>
  <token t_id="219" sentence="11" number="2">is</token>
  <token t_id="220" sentence="11" number="3">less</token>
  <token t_id="221" sentence="11" number="4">than</token>
  <token t_id="222" sentence="11" number="5">25</token>
  <token t_id="223" sentence="11" number="6">kilometres</token>
  <token t_id="224" sentence="11" number="7">from</token>
  <token t_id="225" sentence="11" number="8">the</token>
  <token t_id="226" sentence="11" number="9">border</token>
  <token t_id="227" sentence="11" number="10">with</token>
  <token t_id="228" sentence="11" number="11">Sudan</token>
  <token t_id="229" sentence="11" number="12">.</token>
  <token t_id="230" sentence="12" number="0">There</token>
  <token t_id="231" sentence="12" number="1">were</token>
  <token t_id="232" sentence="12" number="2">no</token>
  <token t_id="233" sentence="12" number="3">immediate</token>
  <token t_id="234" sentence="12" number="4">reports</token>
  <token t_id="235" sentence="12" number="5">of</token>
  <token t_id="236" sentence="12" number="6">any</token>
  <token t_id="237" sentence="12" number="7">casualties</token>
  <token t_id="238" sentence="12" number="8">.</token>
  <token t_id="239" sentence="13" number="0">Khartoum</token>
  <token t_id="240" sentence="13" number="1">denies</token>
  <token t_id="241" sentence="14" number="0">Taban</token>
  <token t_id="242" sentence="14" number="1">Deng</token>
  <token t_id="243" sentence="14" number="2">,</token>
  <token t_id="244" sentence="14" number="3">the</token>
  <token t_id="245" sentence="14" number="4">governor</token>
  <token t_id="246" sentence="14" number="5">of</token>
  <token t_id="247" sentence="14" number="6">Unity</token>
  <token t_id="248" sentence="14" number="7">state</token>
  <token t_id="249" sentence="14" number="8">,</token>
  <token t_id="250" sentence="14" number="9">accused</token>
  <token t_id="251" sentence="14" number="10">Khartoum</token>
  <token t_id="252" sentence="14" number="11">of</token>
  <token t_id="253" sentence="14" number="12">carrying</token>
  <token t_id="254" sentence="14" number="13">out</token>
  <token t_id="255" sentence="14" number="14">the</token>
  <token t_id="256" sentence="14" number="15">attack</token>
  <token t_id="257" sentence="14" number="16">.</token>
  <token t_id="258" sentence="15" number="0">"These</token>
  <token t_id="259" sentence="15" number="1">people</token>
  <token t_id="260" sentence="15" number="2">(</token>
  <token t_id="261" sentence="15" number="3">Khartoum</token>
  <token t_id="262" sentence="15" number="4">)</token>
  <token t_id="263" sentence="15" number="5">should</token>
  <token t_id="264" sentence="15" number="6">be</token>
  <token t_id="265" sentence="15" number="7">taken</token>
  <token t_id="266" sentence="15" number="8">to</token>
  <token t_id="267" sentence="15" number="9">book</token>
  <token t_id="268" sentence="15" number="10">.</token>
  <token t_id="269" sentence="16" number="0">They</token>
  <token t_id="270" sentence="16" number="1">should</token>
  <token t_id="271" sentence="16" number="2">adhere</token>
  <token t_id="272" sentence="16" number="3">to</token>
  <token t_id="273" sentence="16" number="4">international</token>
  <token t_id="274" sentence="16" number="5">laws</token>
  <token t_id="275" sentence="16" number="6">and</token>
  <token t_id="276" sentence="16" number="7">regulations</token>
  <token t_id="277" sentence="16" number="8">,</token>
  <token t_id="278" sentence="16" number="9">"</token>
  <token t_id="279" sentence="16" number="10">Deng</token>
  <token t_id="280" sentence="16" number="11">told</token>
  <token t_id="281" sentence="16" number="12">reporters</token>
  <token t_id="282" sentence="16" number="13">in</token>
  <token t_id="283" sentence="16" number="14">Bentiu</token>
  <token t_id="284" sentence="16" number="15">.</token>
  <token t_id="285" sentence="17" number="0">"The</token>
  <token t_id="286" sentence="17" number="1">refugees</token>
  <token t_id="287" sentence="17" number="2">need</token>
  <token t_id="288" sentence="17" number="3">to</token>
  <token t_id="289" sentence="17" number="4">be</token>
  <token t_id="290" sentence="17" number="5">safe</token>
  <token t_id="291" sentence="17" number="6">and</token>
  <token t_id="292" sentence="17" number="7">need</token>
  <token t_id="293" sentence="17" number="8">to</token>
  <token t_id="294" sentence="17" number="9">be</token>
  <token t_id="295" sentence="17" number="10">protected</token>
  <token t_id="296" sentence="17" number="11">.</token>
  <token t_id="297" sentence="18" number="0">They</token>
  <token t_id="298" sentence="18" number="1">ran</token>
  <token t_id="299" sentence="18" number="2">away</token>
  <token t_id="300" sentence="18" number="3">from</token>
  <token t_id="301" sentence="18" number="4">war</token>
  <token t_id="302" sentence="18" number="5">.</token>
  <token t_id="303" sentence="19" number="0">They</token>
  <token t_id="304" sentence="19" number="1">should</token>
  <token t_id="305" sentence="19" number="2">not</token>
  <token t_id="306" sentence="19" number="3">be</token>
  <token t_id="307" sentence="19" number="4">pursued</token>
  <token t_id="308" sentence="19" number="5">inside</token>
  <token t_id="309" sentence="19" number="6">the</token>
  <token t_id="310" sentence="19" number="7">territory</token>
  <token t_id="311" sentence="19" number="8">of</token>
  <token t_id="312" sentence="19" number="9">South</token>
  <token t_id="313" sentence="19" number="10">Sudan</token>
  <token t_id="314" sentence="19" number="11">,</token>
  <token t_id="315" sentence="19" number="12">"</token>
  <token t_id="316" sentence="19" number="13">he</token>
  <token t_id="317" sentence="19" number="14">said</token>
  <token t_id="318" sentence="19" number="15">.</token>
  <token t_id="319" sentence="20" number="0">Al</token>
  <token t_id="320" sentence="20" number="1">-</token>
  <token t_id="321" sentence="20" number="2">Sawarmi</token>
  <token t_id="322" sentence="20" number="3">Khalid</token>
  <token t_id="323" sentence="20" number="4">,</token>
  <token t_id="324" sentence="20" number="5">spokesman</token>
  <token t_id="325" sentence="20" number="6">for</token>
  <token t_id="326" sentence="20" number="7">Sudan's</token>
  <token t_id="327" sentence="20" number="8">armed</token>
  <token t_id="328" sentence="20" number="9">forces</token>
  <token t_id="329" sentence="20" number="10">,</token>
  <token t_id="330" sentence="20" number="11">said</token>
  <token t_id="331" sentence="20" number="12">Sudan</token>
  <token t_id="332" sentence="20" number="13">had</token>
  <token t_id="333" sentence="20" number="14">not</token>
  <token t_id="334" sentence="20" number="15">bombed</token>
  <token t_id="335" sentence="20" number="16">anywhere</token>
  <token t_id="336" sentence="20" number="17">in</token>
  <token t_id="337" sentence="20" number="18">South</token>
  <token t_id="338" sentence="20" number="19">Sudan's</token>
  <token t_id="339" sentence="20" number="20">territory</token>
  <token t_id="340" sentence="20" number="21">.</token>
  <token t_id="341" sentence="21" number="0">"South</token>
  <token t_id="342" sentence="21" number="1">Sudan</token>
  <token t_id="343" sentence="21" number="2">is</token>
  <token t_id="344" sentence="21" number="3">a</token>
  <token t_id="345" sentence="21" number="4">state</token>
  <token t_id="346" sentence="21" number="5">in</token>
  <token t_id="347" sentence="21" number="6">the</token>
  <token t_id="348" sentence="21" number="7">United</token>
  <token t_id="349" sentence="21" number="8">Nations</token>
  <token t_id="350" sentence="21" number="9">.</token>
  <token t_id="351" sentence="22" number="0">We</token>
  <token t_id="352" sentence="22" number="1">respect</token>
  <token t_id="353" sentence="22" number="2">international</token>
  <token t_id="354" sentence="22" number="3">law</token>
  <token t_id="355" sentence="22" number="4">,</token>
  <token t_id="356" sentence="22" number="5">and</token>
  <token t_id="357" sentence="22" number="6">it's</token>
  <token t_id="358" sentence="22" number="7">impossible</token>
  <token t_id="359" sentence="22" number="8">that</token>
  <token t_id="360" sentence="22" number="9">we</token>
  <token t_id="361" sentence="22" number="10">would</token>
  <token t_id="362" sentence="22" number="11">do</token>
  <token t_id="363" sentence="22" number="12">that</token>
  <token t_id="364" sentence="22" number="13">,</token>
  <token t_id="365" sentence="22" number="14">"</token>
  <token t_id="366" sentence="22" number="15">he</token>
  <token t_id="367" sentence="22" number="16">said</token>
  <token t_id="368" sentence="22" number="17">.</token>
  <token t_id="369" sentence="23" number="0">South</token>
  <token t_id="370" sentence="23" number="1">Sudan</token>
  <token t_id="371" sentence="23" number="2">split</token>
  <token t_id="372" sentence="23" number="3">off</token>
  <token t_id="373" sentence="23" number="4">into</token>
  <token t_id="374" sentence="23" number="5">a</token>
  <token t_id="375" sentence="23" number="6">separate</token>
  <token t_id="376" sentence="23" number="7">country</token>
  <token t_id="377" sentence="23" number="8">in</token>
  <token t_id="378" sentence="23" number="9">July</token>
  <token t_id="379" sentence="23" number="10">after</token>
  <token t_id="380" sentence="23" number="11">voting</token>
  <token t_id="381" sentence="23" number="12">overwhelmingly</token>
  <token t_id="382" sentence="23" number="13">for</token>
  <token t_id="383" sentence="23" number="14">secession</token>
  <token t_id="384" sentence="23" number="15">in</token>
  <token t_id="385" sentence="23" number="16">a</token>
  <token t_id="386" sentence="23" number="17">January</token>
  <token t_id="387" sentence="23" number="18">referendum</token>
  <token t_id="388" sentence="23" number="19">,</token>
  <token t_id="389" sentence="23" number="20">the</token>
  <token t_id="390" sentence="23" number="21">culmination</token>
  <token t_id="391" sentence="23" number="22">of</token>
  <token t_id="392" sentence="23" number="23">a</token>
  <token t_id="393" sentence="23" number="24">2005</token>
  <token t_id="394" sentence="23" number="25">peace</token>
  <token t_id="395" sentence="23" number="26">deal</token>
  <token t_id="396" sentence="23" number="27">that</token>
  <token t_id="397" sentence="23" number="28">ended</token>
  <token t_id="398" sentence="23" number="29">decades</token>
  <token t_id="399" sentence="23" number="30">of</token>
  <token t_id="400" sentence="23" number="31">war</token>
  <token t_id="401" sentence="23" number="32">between</token>
  <token t_id="402" sentence="23" number="33">north</token>
  <token t_id="403" sentence="23" number="34">and</token>
  <token t_id="404" sentence="23" number="35">south</token>
  <token t_id="405" sentence="23" number="36">.</token>
  <token t_id="406" sentence="24" number="0">Fighting</token>
  <token t_id="407" sentence="24" number="1">in</token>
  <token t_id="408" sentence="24" number="2">Blue</token>
  <token t_id="409" sentence="24" number="3">Nile</token>
  <token t_id="410" sentence="24" number="4">state</token>
  <token t_id="411" sentence="25" number="0">Fire</token>
  <token t_id="412" sentence="25" number="1">crackled</token>
  <token t_id="413" sentence="25" number="2">in</token>
  <token t_id="414" sentence="25" number="3">the</token>
  <token t_id="415" sentence="25" number="4">dry</token>
  <token t_id="416" sentence="25" number="5">grass</token>
  <token t_id="417" sentence="25" number="6">around</token>
  <token t_id="418" sentence="25" number="7">the</token>
  <token t_id="419" sentence="25" number="8">crater</token>
  <token t_id="420" sentence="25" number="9">about</token>
  <token t_id="421" sentence="25" number="10">100</token>
  <token t_id="422" sentence="25" number="11">metres</token>
  <token t_id="423" sentence="25" number="12">away</token>
  <token t_id="424" sentence="25" number="13">from</token>
  <token t_id="425" sentence="25" number="14">an</token>
  <token t_id="426" sentence="25" number="15">aid</token>
  <token t_id="427" sentence="25" number="16">agency</token>
  <token t_id="428" sentence="25" number="17">compound</token>
  <token t_id="429" sentence="25" number="18">in</token>
  <token t_id="430" sentence="25" number="19">Yida</token>
  <token t_id="431" sentence="25" number="20">camp</token>
  <token t_id="432" sentence="25" number="21">.</token>
  <token t_id="433" sentence="26" number="0">"They</token>
  <token t_id="434" sentence="26" number="1">(</token>
  <token t_id="435" sentence="26" number="2">Khartoum</token>
  <token t_id="436" sentence="26" number="3">)</token>
  <token t_id="437" sentence="26" number="4">don't</token>
  <token t_id="438" sentence="26" number="5">want</token>
  <token t_id="439" sentence="26" number="6">any</token>
  <token t_id="440" sentence="26" number="7">life</token>
  <token t_id="441" sentence="26" number="8">in</token>
  <token t_id="442" sentence="26" number="9">the</token>
  <token t_id="443" sentence="26" number="10">Nuba</token>
  <token t_id="444" sentence="26" number="11">Mountains</token>
  <token t_id="445" sentence="26" number="12">,</token>
  <token t_id="446" sentence="26" number="13">and</token>
  <token t_id="447" sentence="26" number="14">now</token>
  <token t_id="448" sentence="26" number="15">they</token>
  <token t_id="449" sentence="26" number="16">are</token>
  <token t_id="450" sentence="26" number="17">expanding</token>
  <token t_id="451" sentence="26" number="18">the</token>
  <token t_id="452" sentence="26" number="19">war</token>
  <token t_id="453" sentence="26" number="20">to</token>
  <token t_id="454" sentence="26" number="21">the</token>
  <token t_id="455" sentence="26" number="22">South</token>
  <token t_id="456" sentence="26" number="23">Sudan</token>
  <token t_id="457" sentence="26" number="24">republic</token>
  <token t_id="458" sentence="26" number="25">,</token>
  <token t_id="459" sentence="26" number="26">"</token>
  <token t_id="460" sentence="26" number="27">said</token>
  <token t_id="461" sentence="26" number="28">Yousif</token>
  <token t_id="462" sentence="26" number="29">Ismail</token>
  <token t_id="463" sentence="26" number="30">,</token>
  <token t_id="464" sentence="26" number="31">a</token>
  <token t_id="465" sentence="26" number="32">refugee</token>
  <token t_id="466" sentence="26" number="33">from</token>
  <token t_id="467" sentence="26" number="34">the</token>
  <token t_id="468" sentence="26" number="35">Nuba</token>
  <token t_id="469" sentence="26" number="36">mountains</token>
  <token t_id="470" sentence="26" number="37">.</token>
  <token t_id="471" sentence="27" number="0">Fighting</token>
  <token t_id="472" sentence="27" number="1">has</token>
  <token t_id="473" sentence="27" number="2">broken</token>
  <token t_id="474" sentence="27" number="3">out</token>
  <token t_id="475" sentence="27" number="4">in</token>
  <token t_id="476" sentence="27" number="5">Sudan's</token>
  <token t_id="477" sentence="27" number="6">Blue</token>
  <token t_id="478" sentence="27" number="7">Nile</token>
  <token t_id="479" sentence="27" number="8">state</token>
  <token t_id="480" sentence="27" number="9">this</token>
  <token t_id="481" sentence="27" number="10">year</token>
  <token t_id="482" sentence="27" number="11">.</token>
  <token t_id="483" sentence="28" number="0">Blue</token>
  <token t_id="484" sentence="28" number="1">Nile</token>
  <token t_id="485" sentence="28" number="2">and</token>
  <token t_id="486" sentence="28" number="3">South</token>
  <token t_id="487" sentence="28" number="4">Kordofan</token>
  <token t_id="488" sentence="28" number="5">are</token>
  <token t_id="489" sentence="28" number="6">home</token>
  <token t_id="490" sentence="28" number="7">to</token>
  <token t_id="491" sentence="28" number="8">tens</token>
  <token t_id="492" sentence="28" number="9">of</token>
  <token t_id="493" sentence="28" number="10">thousands</token>
  <token t_id="494" sentence="28" number="11">of</token>
  <token t_id="495" sentence="28" number="12">fighters</token>
  <token t_id="496" sentence="28" number="13">who</token>
  <token t_id="497" sentence="28" number="14">sided</token>
  <token t_id="498" sentence="28" number="15">with</token>
  <token t_id="499" sentence="28" number="16">the</token>
  <token t_id="500" sentence="28" number="17">south</token>
  <token t_id="501" sentence="28" number="18">during</token>
  <token t_id="502" sentence="28" number="19">the</token>
  <token t_id="503" sentence="28" number="20">war</token>
  <token t_id="504" sentence="28" number="21">but</token>
  <token t_id="505" sentence="28" number="22">were</token>
  <token t_id="506" sentence="28" number="23">left</token>
  <token t_id="507" sentence="28" number="24">in</token>
  <token t_id="508" sentence="28" number="25">Sudan</token>
  <token t_id="509" sentence="28" number="26">when</token>
  <token t_id="510" sentence="28" number="27">South</token>
  <token t_id="511" sentence="28" number="28">Sudan</token>
  <token t_id="512" sentence="28" number="29">seceded</token>
  <token t_id="513" sentence="28" number="30">,</token>
  <token t_id="514" sentence="28" number="31">analysts</token>
  <token t_id="515" sentence="28" number="32">say</token>
  <token t_id="516" sentence="28" number="33">.</token>
  <token t_id="517" sentence="29" number="0">Khartoum's</token>
  <token t_id="518" sentence="29" number="1">smoke</token>
  <token t_id="519" sentence="29" number="2">screens</token>
  <token t_id="520" sentence="30" number="0">Last</token>
  <token t_id="521" sentence="30" number="1">week</token>
  <token t_id="522" sentence="30" number="2">,</token>
  <token t_id="523" sentence="30" number="3">Khartoum</token>
  <token t_id="524" sentence="30" number="4">submitted</token>
  <token t_id="525" sentence="30" number="5">its</token>
  <token t_id="526" sentence="30" number="6">second</token>
  <token t_id="527" sentence="30" number="7">complaint</token>
  <token t_id="528" sentence="30" number="8">to</token>
  <token t_id="529" sentence="30" number="9">the</token>
  <token t_id="530" sentence="30" number="10">UN</token>
  <token t_id="531" sentence="30" number="11">Security</token>
  <token t_id="532" sentence="30" number="12">Council</token>
  <token t_id="533" sentence="30" number="13">,</token>
  <token t_id="534" sentence="30" number="14">accusing</token>
  <token t_id="535" sentence="30" number="15">South</token>
  <token t_id="536" sentence="30" number="16">Sudan</token>
  <token t_id="537" sentence="30" number="17">of</token>
  <token t_id="538" sentence="30" number="18">supplying</token>
  <token t_id="539" sentence="30" number="19">anti</token>
  <token t_id="540" sentence="30" number="20">-</token>
  <token t_id="541" sentence="30" number="21">aircraft</token>
  <token t_id="542" sentence="30" number="22">and</token>
  <token t_id="543" sentence="30" number="23">anti</token>
  <token t_id="544" sentence="30" number="24">-</token>
  <token t_id="545" sentence="30" number="25">tank</token>
  <token t_id="546" sentence="30" number="26">missiles</token>
  <token t_id="547" sentence="30" number="27">,</token>
  <token t_id="548" sentence="30" number="28">ammunition</token>
  <token t_id="549" sentence="30" number="29">,</token>
  <token t_id="550" sentence="30" number="30">landmines</token>
  <token t_id="551" sentence="30" number="31">and</token>
  <token t_id="552" sentence="30" number="32">mortars</token>
  <token t_id="553" sentence="30" number="33">to</token>
  <token t_id="554" sentence="30" number="34">the</token>
  <token t_id="555" sentence="30" number="35">insurgents</token>
  <token t_id="556" sentence="30" number="36">.</token>
  <token t_id="557" sentence="31" number="0">Kiir</token>
  <token t_id="558" sentence="31" number="1">denied</token>
  <token t_id="559" sentence="31" number="2">those</token>
  <token t_id="560" sentence="31" number="3">claims</token>
  <token t_id="561" sentence="31" number="4">in</token>
  <token t_id="562" sentence="31" number="5">a</token>
  <token t_id="563" sentence="31" number="6">statement</token>
  <token t_id="564" sentence="31" number="7">on</token>
  <token t_id="565" sentence="31" number="8">Thursday</token>
  <token t_id="566" sentence="31" number="9">,</token>
  <token t_id="567" sentence="31" number="10">calling</token>
  <token t_id="568" sentence="31" number="11">them</token>
  <token t_id="569" sentence="31" number="12">"smoke</token>
  <token t_id="570" sentence="31" number="13">screens</token>
  <token t_id="571" sentence="31" number="14">to</token>
  <token t_id="572" sentence="31" number="15">mask</token>
  <token t_id="573" sentence="31" number="16">Khartoum's</token>
  <token t_id="574" sentence="31" number="17">own</token>
  <token t_id="575" sentence="31" number="18">activities</token>
  <token t_id="576" sentence="31" number="19">in</token>
  <token t_id="577" sentence="31" number="20">support</token>
  <token t_id="578" sentence="31" number="21">of</token>
  <token t_id="579" sentence="31" number="22">the</token>
  <token t_id="580" sentence="31" number="23">armed</token>
  <token t_id="581" sentence="31" number="24">dissident</token>
  <token t_id="582" sentence="31" number="25">groups</token>
  <token t_id="583" sentence="31" number="26">that</token>
  <token t_id="584" sentence="31" number="27">are</token>
  <token t_id="585" sentence="31" number="28">fighting</token>
  <token t_id="586" sentence="31" number="29">its</token>
  <token t_id="587" sentence="31" number="30">proxy</token>
  <token t_id="588" sentence="31" number="31">war</token>
  <token t_id="589" sentence="31" number="32">against</token>
  <token t_id="590" sentence="31" number="33">the</token>
  <token t_id="591" sentence="31" number="34">Republic</token>
  <token t_id="592" sentence="31" number="35">of</token>
  <token t_id="593" sentence="31" number="36">South</token>
  <token t_id="594" sentence="31" number="37">Sudan"</token>
  <token t_id="595" sentence="31" number="38">.</token>
  <token t_id="596" sentence="32" number="0">The</token>
  <token t_id="597" sentence="32" number="1">accusations</token>
  <token t_id="598" sentence="32" number="2">were</token>
  <token t_id="599" sentence="32" number="3">being</token>
  <token t_id="600" sentence="32" number="4">used</token>
  <token t_id="601" sentence="32" number="5">to</token>
  <token t_id="602" sentence="32" number="6">justify</token>
  <token t_id="603" sentence="32" number="7">Sudan's</token>
  <token t_id="604" sentence="32" number="8">"pending</token>
  <token t_id="605" sentence="32" number="9">invasion</token>
  <token t_id="606" sentence="32" number="10">of</token>
  <token t_id="607" sentence="32" number="11">the</token>
  <token t_id="608" sentence="32" number="12">South</token>
  <token t_id="609" sentence="32" number="13">,</token>
  <token t_id="610" sentence="32" number="14">"</token>
  <token t_id="611" sentence="32" number="15">Kiir</token>
  <token t_id="612" sentence="32" number="16">said</token>
  <token t_id="613" sentence="32" number="17">.</token>
  <token t_id="614" sentence="33" number="0">The</token>
  <token t_id="615" sentence="33" number="1">two</token>
  <token t_id="616" sentence="33" number="2">countries</token>
  <token t_id="617" sentence="33" number="3">have</token>
  <token t_id="618" sentence="33" number="4">yet</token>
  <token t_id="619" sentence="33" number="5">to</token>
  <token t_id="620" sentence="33" number="6">agree</token>
  <token t_id="621" sentence="33" number="7">on</token>
  <token t_id="622" sentence="33" number="8">how</token>
  <token t_id="623" sentence="33" number="9">much</token>
  <token t_id="624" sentence="33" number="10">the</token>
  <token t_id="625" sentence="33" number="11">new</token>
  <token t_id="626" sentence="33" number="12">nation</token>
  <token t_id="627" sentence="33" number="13">will</token>
  <token t_id="628" sentence="33" number="14">pay</token>
  <token t_id="629" sentence="33" number="15">to</token>
  <token t_id="630" sentence="33" number="16">use</token>
  <token t_id="631" sentence="33" number="17">Sudan's</token>
  <token t_id="632" sentence="33" number="18">oil</token>
  <token t_id="633" sentence="33" number="19">pipelines</token>
  <token t_id="634" sentence="33" number="20">and</token>
  <token t_id="635" sentence="33" number="21">other</token>
  <token t_id="636" sentence="33" number="22">facilities</token>
  <token t_id="637" sentence="33" number="23">,</token>
  <token t_id="638" sentence="33" number="24">which</token>
  <token t_id="639" sentence="33" number="25">South</token>
  <token t_id="640" sentence="33" number="26">Sudan</token>
  <token t_id="641" sentence="33" number="27">depends</token>
  <token t_id="642" sentence="33" number="28">on</token>
  <token t_id="643" sentence="33" number="29">to</token>
  <token t_id="644" sentence="33" number="30">export</token>
  <token t_id="645" sentence="33" number="31">crude</token>
  <token t_id="646" sentence="33" number="32">.</token>
  <token t_id="647" sentence="34" number="0">They</token>
  <token t_id="648" sentence="34" number="1">also</token>
  <token t_id="649" sentence="34" number="2">dispute</token>
  <token t_id="650" sentence="34" number="3">control</token>
  <token t_id="651" sentence="34" number="4">of</token>
  <token t_id="652" sentence="34" number="5">the</token>
  <token t_id="653" sentence="34" number="6">Abyei</token>
  <token t_id="654" sentence="34" number="7">region</token>
  <token t_id="655" sentence="34" number="8">.</token>
  <token t_id="656" sentence="35" number="0">Some</token>
  <token t_id="657" sentence="35" number="1">2</token>
  <token t_id="658" sentence="35" number="2">million</token>
  <token t_id="659" sentence="35" number="3">people</token>
  <token t_id="660" sentence="35" number="4">died</token>
  <token t_id="661" sentence="35" number="5">in</token>
  <token t_id="662" sentence="35" number="6">the</token>
  <token t_id="663" sentence="35" number="7">north</token>
  <token t_id="664" sentence="35" number="8">-</token>
  <token t_id="665" sentence="35" number="9">south</token>
  <token t_id="666" sentence="35" number="10">civil</token>
  <token t_id="667" sentence="35" number="11">war</token>
  <token t_id="668" sentence="35" number="12">,</token>
  <token t_id="669" sentence="35" number="13">waged</token>
  <token t_id="670" sentence="35" number="14">for</token>
  <token t_id="671" sentence="35" number="15">all</token>
  <token t_id="672" sentence="35" number="16">but</token>
  <token t_id="673" sentence="35" number="17">a</token>
  <token t_id="674" sentence="35" number="18">few</token>
  <token t_id="675" sentence="35" number="19">years</token>
  <token t_id="676" sentence="35" number="20">since</token>
  <token t_id="677" sentence="35" number="21">1955</token>
  <token t_id="678" sentence="35" number="22">over</token>
  <token t_id="679" sentence="35" number="23">religion</token>
  <token t_id="680" sentence="35" number="24">,</token>
  <token t_id="681" sentence="35" number="25">ideology</token>
  <token t_id="682" sentence="35" number="26">,</token>
  <token t_id="683" sentence="35" number="27">ethnicity</token>
  <token t_id="684" sentence="35" number="28">and</token>
  <token t_id="685" sentence="35" number="29">oil</token>
  <token t_id="686" sentence="35" number="30">.</token>
  <Markables>
    <ACTION_OCCURRENCE m_id="1" comment="" climaxEvent="FALSE">
      <token_anchor t_id="135"/>
    </ACTION_OCCURRENCE>
    <ACTION_OCCURRENCE m_id="2" comment="" climaxEvent="FALSE">
      <token_anchor t_id="173"/>
      <token_anchor t_id="174"/>
      <token_anchor t_id="175"/>
    </ACTION_OCCURRENCE>
    <ACTION_OCCURRENCE m_id="3" comment="" climaxEvent="FALSE">
      <token_anchor t_id="154"/>
    </ACTION_OCCURRENCE>
    <ACTION_OCCURRENCE m_id="4" comment="" climaxEvent="FALSE">
      <token_anchor t_id="166"/>
    </ACTION_OCCURRENCE>
    <ACTION_OCCURRENCE m_id="5" comment="" climaxEvent="FALSE">
      <token_anchor t_id="237"/>
    </ACTION_OCCURRENCE>
    <ACTION_OCCURRENCE m_id="6" comment="" climaxEvent="FALSE">
      <token_anchor t_id="211"/>
    </ACTION_OCCURRENCE>
    <ACTION_OCCURRENCE m_id="7" climaxEvent="TRUE" comment="">
      <token_anchor t_id="30"/>
    </ACTION_OCCURRENCE>
    <ACTION_OCCURRENCE m_id="8" comment="" climaxEvent="FALSE">
      <token_anchor t_id="52"/>
    </ACTION_OCCURRENCE>
    <ACTION_OCCURRENCE m_id="9" comment="" climaxEvent="FALSE">
      <token_anchor t_id="63"/>
    </ACTION_OCCURRENCE>
    <ACTION_OCCURRENCE m_id="10" comment="" climaxEvent="FALSE">
      <token_anchor t_id="75"/>
      <token_anchor t_id="76"/>
    </ACTION_OCCURRENCE>
    <ACTION_OCCURRENCE m_id="11" comment="" climaxEvent="FALSE">
      <token_anchor t_id="78"/>
    </ACTION_OCCURRENCE>
    <ACTION_OCCURRENCE m_id="12" comment="" climaxEvent="FALSE">
      <token_anchor t_id="65"/>
    </ACTION_OCCURRENCE>
    <ACTION_PERCEPTION m_id="13">
      <token_anchor t_id="132"/>
    </ACTION_PERCEPTION>
    <ACTION_PERCEPTION m_id="14">
      <token_anchor t_id="143"/>
    </ACTION_PERCEPTION>
    <ACTION_REPORTING m_id="15">
      <token_anchor t_id="170"/>
    </ACTION_REPORTING>
    <ACTION_REPORTING m_id="16">
      <token_anchor t_id="61"/>
    </ACTION_REPORTING>
    <ACTION_STATE m_id="46" climaxEvent="FALSE" comment="">
      <token_anchor t_id="66"/>
    </ACTION_STATE>
    <ACTION_STATE m_id="17" climaxEvent="FALSE" comment="">
      <token_anchor t_id="167"/>
    </ACTION_STATE>
    <ACTION_STATE m_id="18" climaxEvent="FALSE" comment="">
      <token_anchor t_id="203"/>
    </ACTION_STATE>
    <HUMAN_PART_GPE m_id="45">
      <token_anchor t_id="70"/>
      <token_anchor t_id="71"/>
      <token_anchor t_id="72"/>
    </HUMAN_PART_GPE>
    <HUMAN_PART_GPE m_id="19">
      <token_anchor t_id="29"/>
    </HUMAN_PART_GPE>
    <HUMAN_PART_GPE m_id="51">
      <token_anchor t_id="74"/>
    </HUMAN_PART_GPE>
    <HUMAN_PART_GPE m_id="20">
      <token_anchor t_id="68"/>
    </HUMAN_PART_GPE>
    <HUMAN_PART_ORG m_id="21">
      <token_anchor t_id="212"/>
      <token_anchor t_id="213"/>
    </HUMAN_PART_ORG>
    <HUMAN_PART_PER m_id="22" comment="">
      <token_anchor t_id="56"/>
      <token_anchor t_id="57"/>
      <token_anchor t_id="58"/>
    </HUMAN_PART_PER>
    <HUMAN_PART_PER m_id="23" comment="">
      <token_anchor t_id="60"/>
    </HUMAN_PART_PER>
    <HUMAN_PART_PER m_id="24" comment="">
      <token_anchor t_id="131"/>
    </HUMAN_PART_PER>
    <HUMAN_PART_PER m_id="25" comment="">
      <token_anchor t_id="169"/>
    </HUMAN_PART_PER>
    <HUMAN_PART_PER m_id="26" comment="">
      <token_anchor t_id="188"/>
      <token_anchor t_id="189"/>
      <token_anchor t_id="190"/>
      <token_anchor t_id="191"/>
    </HUMAN_PART_PER>
    <HUMAN_PART_PER m_id="27" comment="">
      <token_anchor t_id="208"/>
    </HUMAN_PART_PER>
    <HUMAN_PART_VEH m_id="28">
      <token_anchor t_id="165"/>
    </HUMAN_PART_VEH>
    <LOC_FAC m_id="29">
      <token_anchor t_id="182"/>
    </LOC_FAC>
    <LOC_FAC m_id="30">
      <token_anchor t_id="185"/>
    </LOC_FAC>
    <LOC_FAC m_id="31">
      <token_anchor t_id="160"/>
      <token_anchor t_id="161"/>
    </LOC_FAC>
    <LOC_GEO m_id="32" comment="">
      <token_anchor t_id="194"/>
      <token_anchor t_id="195"/>
      <token_anchor t_id="196"/>
      <token_anchor t_id="197"/>
      <token_anchor t_id="198"/>
      <token_anchor t_id="199"/>
    </LOC_GEO>
    <LOC_GEO m_id="33" comment="">
      <token_anchor t_id="207"/>
    </LOC_GEO>
    <LOC_GEO m_id="34" comment="">
      <token_anchor t_id="206"/>
    </LOC_GEO>
    <LOC_GEO m_id="35" comment="">
      <token_anchor t_id="202"/>
    </LOC_GEO>
    <LOC_GEO m_id="47" comment="">
      <token_anchor t_id="43"/>
      <token_anchor t_id="44"/>
      <token_anchor t_id="45"/>
      <token_anchor t_id="46"/>
      <token_anchor t_id="47"/>
      <token_anchor t_id="48"/>
      <token_anchor t_id="49"/>
      <token_anchor t_id="50"/>
    </LOC_GEO>
    <LOC_GEO m_id="48" comment="">
      <token_anchor t_id="136"/>
      <token_anchor t_id="137"/>
      <token_anchor t_id="138"/>
      <token_anchor t_id="139"/>
      <token_anchor t_id="140"/>
    </LOC_GEO>
    <LOC_GEO m_id="49" comment="">
      <token_anchor t_id="31"/>
      <token_anchor t_id="32"/>
    </LOC_GEO>
    <NEG_ACTION_OCCURRENCE m_id="44" comment="" climaxEvent="FALSE">
      <token_anchor t_id="152"/>
    </NEG_ACTION_OCCURRENCE>
    <NEG_ACTION_REPORTING m_id="36">
      <token_anchor t_id="234"/>
    </NEG_ACTION_REPORTING>
    <NEG_ACTION_REPORTING m_id="50">
      <token_anchor t_id="73"/>
    </NEG_ACTION_REPORTING>
    <NON_HUMAN_PART m_id="37" comment="">
      <token_anchor t_id="145"/>
    </NON_HUMAN_PART>
    <NON_HUMAN_PART m_id="38" comment="">
      <token_anchor t_id="153"/>
    </NON_HUMAN_PART>
    <NON_HUMAN_PART m_id="39" comment="">
      <token_anchor t_id="157"/>
    </NON_HUMAN_PART>
    <TIME_DATE m_id="40" comment="" DCT="FALSE" value="2011-11-10" anchorTimeID="42">
      <token_anchor t_id="53"/>
      <token_anchor t_id="54"/>
    </TIME_DATE>
    <TIME_DATE m_id="41" comment="" DCT="FALSE" value="2011-06" anchorTimeID="42">
      <token_anchor t_id="214"/>
      <token_anchor t_id="215"/>
    </TIME_DATE>
    <TIME_OF_THE_DAY m_id="42" DCT="TRUE" value="2011-11-11T11:25GMT" anchorTimeID="42">
      <token_anchor t_id="36"/>
      <token_anchor t_id="37"/>
      <token_anchor t_id="38"/>
      <token_anchor t_id="39"/>
      <token_anchor t_id="40"/>
      <token_anchor t_id="41"/>
      <token_anchor t_id="42"/>
    </TIME_OF_THE_DAY>
    <TIME_OF_THE_DAY m_id="43" DCT="FALSE" value="2011-11-10T15:00EST" anchorTimeID="42">
      <token_anchor t_id="176"/>
      <token_anchor t_id="177"/>
      <token_anchor t_id="178"/>
      <token_anchor t_id="179"/>
      <token_anchor t_id="180"/>
    </TIME_OF_THE_DAY>
    <ACTION_PERCEPTION m_id="52" RELATED_TO="" TAG_DESCRIPTOR="t41_rcorresp_saw_aircraft"/>
    <ACTION_STATE m_id="53" RELATED_TO="" TAG_DESCRIPTOR="t41_tensions_bw_sudan_southsudan" climaxEvent="FALSE" comment=""/>
    <ACTION_OCCURRENCE m_id="54" RELATED_TO="" TAG_DESCRIPTOR="t41_bomb_wedged_side" comment="" climaxEvent="FALSE"/>
    <ACTION_OCCURRENCE m_id="55" RELATED_TO="" TAG_DESCRIPTOR="t41_explosion_was_heard" comment="" climaxEvent="FALSE"/>
    <NON_HUMAN_PART m_id="56" RELATED_TO="" TAG_DESCRIPTOR="t41_crater" comment=""/>
    <NEG_ACTION_OCCURRENCE m_id="57" RELATED_TO="" TAG_DESCRIPTOR="t41_unexploded" comment="" climaxEvent="FALSE"/>
    <NON_HUMAN_PART m_id="58" RELATED_TO="" TAG_DESCRIPTOR="t41_side_of_school" comment=""/>
    <LOC_FAC m_id="59" RELATED_TO="" TAG_DESCRIPTOR="t41_near_school"/>
    <ACTION_OCCURRENCE m_id="60" RELATED_TO="" TAG_DESCRIPTOR="t41_aircraft_flew_north" comment="" climaxEvent="FALSE"/>
    <TIME_DATE m_id="61" RELATED_TO="" TAG_DESCRIPTOR="t41_thursday" value="" anchorTimeID="" DCT="FALSE" comment=""/>
    <HUMAN_PART_VEH m_id="62" RELATED_TO="" TAG_DESCRIPTOR="t41_bomber"/>
    <LOC_GEO m_id="63" RELATED_TO="" TAG_DESCRIPTOR="t41_yida_camp" comment=""/>
    <HUMAN_PART_PER m_id="64" RELATED_TO="" TAG_DESCRIPTOR="t41_refugee_witnesses" comment=""/>
    <HUMAN_PART_PER m_id="65" RELATED_TO="" TAG_DESCRIPTOR="t41_rcorresp" comment=""/>
    <NEG_ACTION_REPORTING m_id="66" RELATED_TO="" TAG_DESCRIPTOR="t41_sudan_denies"/>
    <ACTION_OCCURRENCE m_id="67" RELATED_TO="" TAG_DESCRIPTOR="t41_threaten" comment="" climaxEvent="FALSE"/>
    <HUMAN_PART_GPE m_id="68" RELATED_TO="" TAG_DESCRIPTOR="t41_sudan_part"/>
    <ACTION_PERCEPTION m_id="69" RELATED_TO="" TAG_DESCRIPTOR="t41_rcorresp_heard_explosion"/>
    <ACTION_REPORTING m_id="70" RELATED_TO="" TAG_DESCRIPTOR="t41_officials_and_witnesses_say"/>
    <ACTION_OCCURRENCE m_id="71" RELATED_TO="" TAG_DESCRIPTOR="t41_drop_bombs_camp" comment="" climaxEvent="FALSE"/>
    <HUMAN_PART_PER m_id="72" RELATED_TO="" TAG_DESCRIPTOR="t41_south_sudan_officials" comment=""/>
    <NON_HUMAN_PART m_id="73" RELATED_TO="" TAG_DESCRIPTOR="t41_unexploded_bomb" comment=""/>
    <ACTION_OCCURRENCE m_id="74" RELATED_TO="" TAG_DESCRIPTOR="t41_sudan_strikes" comment="" climaxEvent="FALSE"/>
    <ACTION_OCCURRENCE m_id="75" RELATED_TO="" TAG_DESCRIPTOR="t41_raise_tensions" comment="" climaxEvent="FALSE"/>
  </Markables>
  <Relations>
    <TLINK r_id="104591" contextualModality="" relType="CONTAINS" comment="">
      <source m_id="40"/>
      <target m_id="7"/>
    </TLINK>
    <TLINK r_id="104592" contextualModality="" relType="CONTAINS" comment="">
      <source m_id="40"/>
      <target m_id="8"/>
    </TLINK>
    <TLINK r_id="104593" contextualModality="" relType="CONTAINS" comment="">
      <source m_id="40"/>
      <target m_id="9"/>
    </TLINK>
    <TLINK r_id="104594" contextualModality="" relType="CONTAINS" comment="">
      <source m_id="40"/>
      <target m_id="12"/>
    </TLINK>
    <TLINK r_id="104595" contextualModality="" relType="OVERLAP" comment="">
      <source m_id="40"/>
      <target m_id="46"/>
    </TLINK>
    <TLINK r_id="104596" contextualModality="" relType="CONTAINS" comment="">
      <source m_id="40"/>
      <target m_id="10"/>
    </TLINK>
    <TLINK r_id="104597" contextualModality="" relType="CONTAINS" comment="">
      <source m_id="40"/>
      <target m_id="11"/>
    </TLINK>
    <TLINK r_id="104598" contextualModality="" relType="CONTAINS" comment="">
      <source m_id="40"/>
      <target m_id="13"/>
    </TLINK>
    <TLINK r_id="104599" contextualModality="" relType="CONTAINS" comment="">
      <source m_id="40"/>
      <target m_id="1"/>
    </TLINK>
    <TLINK r_id="104600" contextualModality="" relType="CONTAINS" comment="">
      <source m_id="40"/>
      <target m_id="14"/>
    </TLINK>
    <TLINK r_id="104601" contextualModality="" relType="CONTAINS" comment="">
      <source m_id="40"/>
      <target m_id="44"/>
    </TLINK>
    <TLINK r_id="104602" contextualModality="" relType="CONTAINS" comment="">
      <source m_id="40"/>
      <target m_id="3"/>
    </TLINK>
    <TLINK r_id="104603" contextualModality="" relType="CONTAINS" comment="">
      <source m_id="40"/>
      <target m_id="4"/>
    </TLINK>
    <TLINK r_id="104604" contextualModality="" relType="CONTAINS" comment="">
      <source m_id="40"/>
      <target m_id="2"/>
    </TLINK>
    <TLINK r_id="104606" contextualModality="" relType="BEGINS_ON" comment="">
      <source m_id="41"/>
      <target m_id="6"/>
    </TLINK>
    <TLINK r_id="104607" contextualModality="" relType="AFTER" comment="">
      <source m_id="42"/>
      <target m_id="7"/>
    </TLINK>
    <TLINK r_id="104608" contextualModality="" relType="AFTER" comment="">
      <source m_id="42"/>
      <target m_id="8"/>
    </TLINK>
    <TLINK r_id="104609" contextualModality="" relType="AFTER" comment="">
      <source m_id="42"/>
      <target m_id="9"/>
    </TLINK>
    <TLINK r_id="104610" contextualModality="" relType="AFTER" comment="">
      <source m_id="42"/>
      <target m_id="12"/>
    </TLINK>
    <TLINK r_id="104611" contextualModality="" relType="OVERLAP" comment="">
      <source m_id="42"/>
      <target m_id="46"/>
    </TLINK>
    <TLINK r_id="104612" contextualModality="" relType="AFTER" comment="">
      <source m_id="42"/>
      <target m_id="10"/>
    </TLINK>
    <TLINK r_id="104613" contextualModality="" relType="AFTER" comment="">
      <source m_id="42"/>
      <target m_id="11"/>
    </TLINK>
    <TLINK r_id="104614" contextualModality="" relType="AFTER" comment="">
      <source m_id="42"/>
      <target m_id="13"/>
    </TLINK>
    <TLINK r_id="104615" contextualModality="" relType="AFTER" comment="">
      <source m_id="42"/>
      <target m_id="1"/>
    </TLINK>
    <TLINK r_id="104616" contextualModality="" relType="AFTER" comment="">
      <source m_id="42"/>
      <target m_id="14"/>
    </TLINK>
    <TLINK r_id="104617" contextualModality="" relType="AFTER" comment="">
      <source m_id="42"/>
      <target m_id="44"/>
    </TLINK>
    <TLINK r_id="104618" contextualModality="" relType="AFTER" comment="">
      <source m_id="42"/>
      <target m_id="3"/>
    </TLINK>
    <TLINK r_id="104619" contextualModality="" relType="AFTER" comment="">
      <source m_id="42"/>
      <target m_id="4"/>
    </TLINK>
    <TLINK r_id="104620" contextualModality="" relType="AFTER" comment="">
      <source m_id="42"/>
      <target m_id="2"/>
    </TLINK>
    <TLINK r_id="104621" contextualModality="" relType="OVERLAP" comment="">
      <source m_id="42"/>
      <target m_id="6"/>
    </TLINK>
    <TLINK r_id="104622" contextualModality="" relType="AFTER" comment="">
      <source m_id="42"/>
      <target m_id="5"/>
    </TLINK>
    <TLINK r_id="104623" contextualModality="" relType="CONTAINS" comment="">
      <source m_id="40"/>
      <target m_id="5"/>
    </TLINK>
    <PLOT_LINK r_id="104625" SIGNAL="" relType="PRECONDITION" CAUSES="FALSE" CAUSED_BY="FALSE">
      <source m_id="7"/>
      <target m_id="46"/>
    </PLOT_LINK>
    <PLOT_LINK r_id="104626" SIGNAL="" relType="PRECONDITION" CAUSES="FALSE" CAUSED_BY="FALSE">
      <source m_id="8"/>
      <target m_id="46"/>
    </PLOT_LINK>
    <PLOT_LINK r_id="104627" SIGNAL="" relType="PRECONDITION" CAUSES="FALSE" CAUSED_BY="FALSE">
      <source m_id="11"/>
      <target m_id="1"/>
    </PLOT_LINK>
    <PLOT_LINK r_id="104629" SIGNAL="" relType="PRECONDITION" CAUSES="FALSE" CAUSED_BY="FALSE">
      <source m_id="11"/>
      <target m_id="3"/>
    </PLOT_LINK>
    <PLOT_LINK r_id="104630" SIGNAL="" relType="PRECONDITION" CAUSES="FALSE" CAUSED_BY="FALSE">
      <source m_id="8"/>
      <target m_id="1"/>
    </PLOT_LINK>
    <PLOT_LINK r_id="104632" SIGNAL="" relType="PRECONDITION" CAUSES="FALSE" CAUSED_BY="FALSE">
      <source m_id="8"/>
      <target m_id="3"/>
    </PLOT_LINK>
    <PLOT_LINK r_id="104633" SIGNAL="" relType="PRECONDITION" CAUSES="FALSE" CAUSED_BY="FALSE">
      <source m_id="11"/>
      <target m_id="2"/>
    </PLOT_LINK>
    <PLOT_LINK r_id="104634" SIGNAL="" relType="PRECONDITION" CAUSES="FALSE" CAUSED_BY="FALSE">
      <source m_id="8"/>
      <target m_id="2"/>
    </PLOT_LINK>
    <PLOT_LINK r_id="104635" SIGNAL="" relType="PRECONDITION" CAUSES="FALSE" CAUSED_BY="FALSE">
      <source m_id="8"/>
      <target m_id="5"/>
    </PLOT_LINK>
    <PLOT_LINK r_id="104636" SIGNAL="" relType="PRECONDITION" CAUSES="FALSE" CAUSED_BY="FALSE">
      <source m_id="11"/>
      <target m_id="5"/>
    </PLOT_LINK>
  </Relations>
</Document>
