<?xml version='1.0' encoding='UTF-8'?>
<Document doc_name="41_9ecbplus.xml">
  <token t_id="1" sentence="0" number="0">http</token>
  <token t_id="2" sentence="0" number="1">:</token>
  <token t_id="3" sentence="0" number="2">/</token>
  <token t_id="4" sentence="0" number="3">/</token>
  <token t_id="5" sentence="0" number="4">global</token>
  <token t_id="6" sentence="0" number="5">.</token>
  <token t_id="7" sentence="0" number="6">christianpost</token>
  <token t_id="8" sentence="0" number="7">.</token>
  <token t_id="9" sentence="0" number="8">com</token>
  <token t_id="10" sentence="0" number="9">/</token>
  <token t_id="11" sentence="0" number="10">news</token>
  <token t_id="12" sentence="0" number="11">/</token>
  <token t_id="13" sentence="0" number="12">samaritans</token>
  <token t_id="14" sentence="0" number="13">-</token>
  <token t_id="15" sentence="0" number="14">purse</token>
  <token t_id="16" sentence="0" number="15">-</token>
  <token t_id="17" sentence="0" number="16">refugee</token>
  <token t_id="18" sentence="0" number="17">-</token>
  <token t_id="19" sentence="0" number="18">camp</token>
  <token t_id="20" sentence="0" number="19">-</token>
  <token t_id="21" sentence="0" number="20">bombed</token>
  <token t_id="22" sentence="0" number="21">-</token>
  <token t_id="23" sentence="0" number="22">allegedly</token>
  <token t_id="24" sentence="0" number="23">-</token>
  <token t_id="25" sentence="0" number="24">by</token>
  <token t_id="26" sentence="0" number="25">-</token>
  <token t_id="27" sentence="0" number="26">sudanese</token>
  <token t_id="28" sentence="0" number="27">-</token>
  <token t_id="29" sentence="0" number="28">government</token>
  <token t_id="30" sentence="0" number="29">-</token>
  <token t_id="31" sentence="0" number="30">61693</token>
  <token t_id="32" sentence="0" number="31">/</token>
  <token t_id="33" sentence="1" number="0">Samaritan's</token>
  <token t_id="34" sentence="1" number="1">Purse</token>
  <token t_id="35" sentence="1" number="2">Refugee</token>
  <token t_id="36" sentence="1" number="3">Camp</token>
  <token t_id="37" sentence="1" number="4">Bombed</token>
  <token t_id="38" sentence="1" number="5">,</token>
  <token t_id="39" sentence="1" number="6">Allegedly</token>
  <token t_id="40" sentence="1" number="7">By</token>
  <token t_id="41" sentence="1" number="8">Sudanese</token>
  <token t_id="42" sentence="1" number="9">Government</token>
  <token t_id="43" sentence="2" number="0">November</token>
  <token t_id="44" sentence="2" number="1">14</token>
  <token t_id="45" sentence="2" number="2">,</token>
  <token t_id="46" sentence="2" number="3">2011|12</token>
  <token t_id="47" sentence="2" number="4">:</token>
  <token t_id="48" sentence="2" number="5">35</token>
  <token t_id="49" sentence="2" number="6">pm</token>
  <token t_id="50" sentence="3" number="0">The</token>
  <token t_id="51" sentence="3" number="1">government</token>
  <token t_id="52" sentence="3" number="2">of</token>
  <token t_id="53" sentence="3" number="3">Sudan</token>
  <token t_id="54" sentence="3" number="4">bombed</token>
  <token t_id="55" sentence="3" number="5">the</token>
  <token t_id="56" sentence="3" number="6">Samaritan's</token>
  <token t_id="57" sentence="3" number="7">Purse</token>
  <token t_id="58" sentence="3" number="8">refugee</token>
  <token t_id="59" sentence="3" number="9">camp</token>
  <token t_id="60" sentence="3" number="10">in</token>
  <token t_id="61" sentence="3" number="11">Yida</token>
  <token t_id="62" sentence="3" number="12">,</token>
  <token t_id="63" sentence="3" number="13">South</token>
  <token t_id="64" sentence="3" number="14">Sudan</token>
  <token t_id="65" sentence="3" number="15">,</token>
  <token t_id="66" sentence="3" number="16">on</token>
  <token t_id="67" sentence="3" number="17">Thursday</token>
  <token t_id="68" sentence="3" number="18">,</token>
  <token t_id="69" sentence="3" number="19">Nov</token>
  <token t_id="70" sentence="3" number="20">.</token>
  <token t_id="71" sentence="3" number="21">10</token>
  <token t_id="72" sentence="3" number="22">,</token>
  <token t_id="73" sentence="3" number="23">alleges</token>
  <token t_id="74" sentence="3" number="24">the</token>
  <token t_id="75" sentence="3" number="25">nondenominational</token>
  <token t_id="76" sentence="3" number="26">evangelical</token>
  <token t_id="77" sentence="3" number="27">Christian</token>
  <token t_id="78" sentence="3" number="28">organization</token>
  <token t_id="79" sentence="3" number="29">.</token>
  <token t_id="80" sentence="4" number="0">The</token>
  <token t_id="81" sentence="4" number="1">camp</token>
  <token t_id="82" sentence="4" number="2">,</token>
  <token t_id="83" sentence="4" number="3">located</token>
  <token t_id="84" sentence="4" number="4">in</token>
  <token t_id="85" sentence="4" number="5">the</token>
  <token t_id="86" sentence="4" number="6">oil</token>
  <token t_id="87" sentence="4" number="7">-</token>
  <token t_id="88" sentence="4" number="8">rich</token>
  <token t_id="89" sentence="4" number="9">northern</token>
  <token t_id="90" sentence="4" number="10">region</token>
  <token t_id="91" sentence="4" number="11">of</token>
  <token t_id="92" sentence="4" number="12">Yida</token>
  <token t_id="93" sentence="4" number="13">,</token>
  <token t_id="94" sentence="4" number="14">consists</token>
  <token t_id="95" sentence="4" number="15">of</token>
  <token t_id="96" sentence="4" number="16">over</token>
  <token t_id="97" sentence="4" number="17">24</token>
  <token t_id="98" sentence="4" number="18">,</token>
  <token t_id="99" sentence="4" number="19">000</token>
  <token t_id="100" sentence="4" number="20">refugees</token>
  <token t_id="101" sentence="4" number="21">who</token>
  <token t_id="102" sentence="4" number="22">have</token>
  <token t_id="103" sentence="4" number="23">fled</token>
  <token t_id="104" sentence="4" number="24">the</token>
  <token t_id="105" sentence="4" number="25">heavy</token>
  <token t_id="106" sentence="4" number="26">fighting</token>
  <token t_id="107" sentence="4" number="27">of</token>
  <token t_id="108" sentence="4" number="28">Sudan's</token>
  <token t_id="109" sentence="4" number="29">South</token>
  <token t_id="110" sentence="4" number="30">Kordofan</token>
  <token t_id="111" sentence="4" number="31">region</token>
  <token t_id="112" sentence="4" number="32">.</token>
  <token t_id="113" sentence="5" number="0">The</token>
  <token t_id="114" sentence="5" number="1">camp</token>
  <token t_id="115" sentence="5" number="2">at</token>
  <token t_id="116" sentence="5" number="3">Yida</token>
  <token t_id="117" sentence="5" number="4">is</token>
  <token t_id="118" sentence="5" number="5">an</token>
  <token t_id="119" sentence="5" number="6">area</token>
  <token t_id="120" sentence="5" number="7">of</token>
  <token t_id="121" sentence="5" number="8">thick</token>
  <token t_id="122" sentence="5" number="9">bush</token>
  <token t_id="123" sentence="5" number="10">just</token>
  <token t_id="124" sentence="5" number="11">about</token>
  <token t_id="125" sentence="5" number="12">ten</token>
  <token t_id="126" sentence="5" number="13">miles</token>
  <token t_id="127" sentence="5" number="14">south</token>
  <token t_id="128" sentence="5" number="15">of</token>
  <token t_id="129" sentence="5" number="16">the</token>
  <token t_id="130" sentence="5" number="17">generally</token>
  <token t_id="131" sentence="5" number="18">recognized</token>
  <token t_id="132" sentence="5" number="19">border</token>
  <token t_id="133" sentence="5" number="20">between</token>
  <token t_id="134" sentence="5" number="21">South</token>
  <token t_id="135" sentence="5" number="22">Sudan</token>
  <token t_id="136" sentence="5" number="23">and</token>
  <token t_id="137" sentence="5" number="24">Sudan</token>
  <token t_id="138" sentence="5" number="25">.</token>
  <token t_id="139" sentence="6" number="0">The</token>
  <token t_id="140" sentence="6" number="1">bombing</token>
  <token t_id="141" sentence="6" number="2">was</token>
  <token t_id="142" sentence="6" number="3">a</token>
  <token t_id="143" sentence="6" number="4">result</token>
  <token t_id="144" sentence="6" number="5">of</token>
  <token t_id="145" sentence="6" number="6">the</token>
  <token t_id="146" sentence="6" number="7">heightening</token>
  <token t_id="147" sentence="6" number="8">tensions</token>
  <token t_id="148" sentence="6" number="9">between</token>
  <token t_id="149" sentence="6" number="10">Sudan</token>
  <token t_id="150" sentence="6" number="11">and</token>
  <token t_id="151" sentence="6" number="12">South</token>
  <token t_id="152" sentence="6" number="13">Sudan</token>
  <token t_id="153" sentence="6" number="14">.</token>
  <token t_id="154" sentence="7" number="0">South</token>
  <token t_id="155" sentence="7" number="1">Sudan</token>
  <token t_id="156" sentence="7" number="2">gained</token>
  <token t_id="157" sentence="7" number="3">its</token>
  <token t_id="158" sentence="7" number="4">independence</token>
  <token t_id="159" sentence="7" number="5">from</token>
  <token t_id="160" sentence="7" number="6">Sudan</token>
  <token t_id="161" sentence="7" number="7">6</token>
  <token t_id="162" sentence="7" number="8">months</token>
  <token t_id="163" sentence="7" number="9">ago</token>
  <token t_id="164" sentence="7" number="10">,</token>
  <token t_id="165" sentence="7" number="11">ending</token>
  <token t_id="166" sentence="7" number="12">one</token>
  <token t_id="167" sentence="7" number="13">of</token>
  <token t_id="168" sentence="7" number="14">Africa's</token>
  <token t_id="169" sentence="7" number="15">longest</token>
  <token t_id="170" sentence="7" number="16">civil</token>
  <token t_id="171" sentence="7" number="17">wars</token>
  <token t_id="172" sentence="7" number="18">.</token>
  <token t_id="173" sentence="8" number="0">Sudan</token>
  <token t_id="174" sentence="8" number="1">accuses</token>
  <token t_id="175" sentence="8" number="2">South</token>
  <token t_id="176" sentence="8" number="3">Sudan</token>
  <token t_id="177" sentence="8" number="4">of</token>
  <token t_id="178" sentence="8" number="5">arming</token>
  <token t_id="179" sentence="8" number="6">Sudanese</token>
  <token t_id="180" sentence="8" number="7">rebels</token>
  <token t_id="181" sentence="8" number="8">in</token>
  <token t_id="182" sentence="8" number="9">the</token>
  <token t_id="183" sentence="8" number="10">border</token>
  <token t_id="184" sentence="8" number="11">states</token>
  <token t_id="185" sentence="8" number="12">of</token>
  <token t_id="186" sentence="8" number="13">Southern</token>
  <token t_id="187" sentence="8" number="14">Kordofan</token>
  <token t_id="188" sentence="8" number="15">and</token>
  <token t_id="189" sentence="8" number="16">the</token>
  <token t_id="190" sentence="8" number="17">Blue</token>
  <token t_id="191" sentence="8" number="18">Nile</token>
  <token t_id="192" sentence="8" number="19">,</token>
  <token t_id="193" sentence="8" number="20">according</token>
  <token t_id="194" sentence="8" number="21">to</token>
  <token t_id="195" sentence="8" number="22">The</token>
  <token t_id="196" sentence="8" number="23">New</token>
  <token t_id="197" sentence="8" number="24">York</token>
  <token t_id="198" sentence="8" number="25">Times</token>
  <token t_id="199" sentence="8" number="26">.</token>
  <token t_id="200" sentence="9" number="0">Samaritan's</token>
  <token t_id="201" sentence="9" number="1">Purse</token>
  <token t_id="202" sentence="9" number="2">provides</token>
  <token t_id="203" sentence="9" number="3">aid</token>
  <token t_id="204" sentence="9" number="4">,</token>
  <token t_id="205" sentence="9" number="5">both</token>
  <token t_id="206" sentence="9" number="6">spiritually</token>
  <token t_id="207" sentence="9" number="7">and</token>
  <token t_id="208" sentence="9" number="8">physically</token>
  <token t_id="209" sentence="9" number="9">,</token>
  <token t_id="210" sentence="9" number="10">to</token>
  <token t_id="211" sentence="9" number="11">those</token>
  <token t_id="212" sentence="9" number="12">in</token>
  <token t_id="213" sentence="9" number="13">need</token>
  <token t_id="214" sentence="9" number="14">.</token>
  <token t_id="215" sentence="10" number="0">The</token>
  <token t_id="216" sentence="10" number="1">organization</token>
  <token t_id="217" sentence="10" number="2">uses</token>
  <token t_id="218" sentence="10" number="3">DC</token>
  <token t_id="219" sentence="10" number="4">-</token>
  <token t_id="220" sentence="10" number="5">3</token>
  <token t_id="221" sentence="10" number="6">planes</token>
  <token t_id="222" sentence="10" number="7">to</token>
  <token t_id="223" sentence="10" number="8">deliver</token>
  <token t_id="224" sentence="10" number="9">food</token>
  <token t_id="225" sentence="10" number="10">to</token>
  <token t_id="226" sentence="10" number="11">the</token>
  <token t_id="227" sentence="10" number="12">refugees</token>
  <token t_id="228" sentence="10" number="13">of</token>
  <token t_id="229" sentence="10" number="14">Yida</token>
  <token t_id="230" sentence="10" number="15">.</token>
  <token t_id="231" sentence="11" number="0">The</token>
  <token t_id="232" sentence="11" number="1">planes</token>
  <token t_id="233" sentence="11" number="2">deliver</token>
  <token t_id="234" sentence="11" number="3">six</token>
  <token t_id="235" sentence="11" number="4">to</token>
  <token t_id="236" sentence="11" number="5">seven</token>
  <token t_id="237" sentence="11" number="6">loads</token>
  <token t_id="238" sentence="11" number="7">a</token>
  <token t_id="239" sentence="11" number="8">day</token>
  <token t_id="240" sentence="11" number="9">,</token>
  <token t_id="241" sentence="11" number="10">three</token>
  <token t_id="242" sentence="11" number="11">days</token>
  <token t_id="243" sentence="11" number="12">a</token>
  <token t_id="244" sentence="11" number="13">week</token>
  <token t_id="245" sentence="11" number="14">.</token>
  <token t_id="246" sentence="12" number="0">The</token>
  <token t_id="247" sentence="12" number="1">organization</token>
  <token t_id="248" sentence="12" number="2">has</token>
  <token t_id="249" sentence="12" number="3">dropped</token>
  <token t_id="250" sentence="12" number="4">420</token>
  <token t_id="251" sentence="12" number="5">tons</token>
  <token t_id="252" sentence="12" number="6">of</token>
  <token t_id="253" sentence="12" number="7">food</token>
  <token t_id="254" sentence="12" number="8">staples</token>
  <token t_id="255" sentence="12" number="9">to</token>
  <token t_id="256" sentence="12" number="10">the</token>
  <token t_id="257" sentence="12" number="11">refugees</token>
  <token t_id="258" sentence="12" number="12">,</token>
  <token t_id="259" sentence="12" number="13">and</token>
  <token t_id="260" sentence="12" number="14">is</token>
  <token t_id="261" sentence="12" number="15">in</token>
  <token t_id="262" sentence="12" number="16">connection</token>
  <token t_id="263" sentence="12" number="17">with</token>
  <token t_id="264" sentence="12" number="18">the</token>
  <token t_id="265" sentence="12" number="19">U</token>
  <token t_id="266" sentence="12" number="20">.</token>
  <token t_id="267" sentence="12" number="21">N</token>
  <token t_id="268" sentence="12" number="22">.</token>
  <token t_id="269" sentence="12" number="23">'s</token>
  <token t_id="270" sentence="12" number="24">World</token>
  <token t_id="271" sentence="12" number="25">Food</token>
  <token t_id="272" sentence="12" number="26">Program</token>
  <token t_id="273" sentence="12" number="27">.</token>
  <token t_id="274" sentence="13" number="0">According</token>
  <token t_id="275" sentence="13" number="1">to</token>
  <token t_id="276" sentence="13" number="2">a</token>
  <token t_id="277" sentence="13" number="3">Samaritan's</token>
  <token t_id="278" sentence="13" number="4">Purse</token>
  <token t_id="279" sentence="13" number="5">press</token>
  <token t_id="280" sentence="13" number="6">release</token>
  <token t_id="281" sentence="13" number="7">,</token>
  <token t_id="282" sentence="13" number="8">Sudan</token>
  <token t_id="283" sentence="13" number="9">Armed</token>
  <token t_id="284" sentence="13" number="10">Forces</token>
  <token t_id="285" sentence="13" number="11">planes</token>
  <token t_id="286" sentence="13" number="12">dropped</token>
  <token t_id="287" sentence="13" number="13">four</token>
  <token t_id="288" sentence="13" number="14">bombs</token>
  <token t_id="289" sentence="13" number="15">at</token>
  <token t_id="290" sentence="13" number="16">3</token>
  <token t_id="291" sentence="13" number="17">:</token>
  <token t_id="292" sentence="13" number="18">20</token>
  <token t_id="293" sentence="13" number="19">p</token>
  <token t_id="294" sentence="13" number="20">.</token>
  <token t_id="295" sentence="13" number="21">m</token>
  <token t_id="296" sentence="13" number="22">.</token>
  <token t_id="297" sentence="13" number="23">in</token>
  <token t_id="298" sentence="13" number="24">the</token>
  <token t_id="299" sentence="13" number="25">region</token>
  <token t_id="300" sentence="13" number="26">Thursday</token>
  <token t_id="301" sentence="13" number="27">.</token>
  <token t_id="302" sentence="14" number="0">Ken</token>
  <token t_id="303" sentence="14" number="1">Isaacs</token>
  <token t_id="304" sentence="14" number="2">,</token>
  <token t_id="305" sentence="14" number="3">Vice</token>
  <token t_id="306" sentence="14" number="4">President</token>
  <token t_id="307" sentence="14" number="5">of</token>
  <token t_id="308" sentence="14" number="6">programs</token>
  <token t_id="309" sentence="14" number="7">and</token>
  <token t_id="310" sentence="14" number="8">government</token>
  <token t_id="311" sentence="14" number="9">relations</token>
  <token t_id="312" sentence="14" number="10">at</token>
  <token t_id="313" sentence="14" number="11">Samaritan's</token>
  <token t_id="314" sentence="14" number="12">Purse</token>
  <token t_id="315" sentence="14" number="13">,</token>
  <token t_id="316" sentence="14" number="14">told</token>
  <token t_id="317" sentence="14" number="15">The</token>
  <token t_id="318" sentence="14" number="16">Christian</token>
  <token t_id="319" sentence="14" number="17">Post</token>
  <token t_id="320" sentence="14" number="18">that</token>
  <token t_id="321" sentence="14" number="19">the</token>
  <token t_id="322" sentence="14" number="20">bombing</token>
  <token t_id="323" sentence="14" number="21">as</token>
  <token t_id="324" sentence="14" number="22">a</token>
  <token t_id="325" sentence="14" number="23">"terrifying</token>
  <token t_id="326" sentence="14" number="24">event</token>
  <token t_id="327" sentence="14" number="25">for</token>
  <token t_id="328" sentence="14" number="26">all</token>
  <token t_id="329" sentence="14" number="27">of</token>
  <token t_id="330" sentence="14" number="28">the</token>
  <token t_id="331" sentence="14" number="29">staff</token>
  <token t_id="332" sentence="14" number="30">and</token>
  <token t_id="333" sentence="14" number="31">the</token>
  <token t_id="334" sentence="14" number="32">people</token>
  <token t_id="335" sentence="14" number="33">in</token>
  <token t_id="336" sentence="14" number="34">our</token>
  <token t_id="337" sentence="14" number="35">community</token>
  <token t_id="338" sentence="14" number="36">.</token>
  <token t_id="339" sentence="14" number="37">"</token>
  <token t_id="340" sentence="15" number="0">One</token>
  <token t_id="341" sentence="15" number="1">bomb</token>
  <token t_id="342" sentence="15" number="2">hit</token>
  <token t_id="343" sentence="15" number="3">a</token>
  <token t_id="344" sentence="15" number="4">200</token>
  <token t_id="345" sentence="15" number="5">-</token>
  <token t_id="346" sentence="15" number="6">student</token>
  <token t_id="347" sentence="15" number="7">schoolhouse</token>
  <token t_id="348" sentence="15" number="8">but</token>
  <token t_id="349" sentence="15" number="9">did</token>
  <token t_id="350" sentence="15" number="10">not</token>
  <token t_id="351" sentence="15" number="11">explode</token>
  <token t_id="352" sentence="15" number="12">,</token>
  <token t_id="353" sentence="15" number="13">another</token>
  <token t_id="354" sentence="15" number="14">bomb</token>
  <token t_id="355" sentence="15" number="15">hit</token>
  <token t_id="356" sentence="15" number="16">the</token>
  <token t_id="357" sentence="15" number="17">community</token>
  <token t_id="358" sentence="15" number="18">marketplace</token>
  <token t_id="359" sentence="15" number="19">and</token>
  <token t_id="360" sentence="15" number="20">two</token>
  <token t_id="361" sentence="15" number="21">others</token>
  <token t_id="362" sentence="15" number="22">hit</token>
  <token t_id="363" sentence="15" number="23">the</token>
  <token t_id="364" sentence="15" number="24">outskirts</token>
  <token t_id="365" sentence="15" number="25">of</token>
  <token t_id="366" sentence="15" number="26">the</token>
  <token t_id="367" sentence="15" number="27">camp</token>
  <token t_id="368" sentence="15" number="28">.</token>
  <token t_id="369" sentence="16" number="0">The</token>
  <token t_id="370" sentence="16" number="1">bombs</token>
  <token t_id="371" sentence="16" number="2">did</token>
  <token t_id="372" sentence="16" number="3">not</token>
  <token t_id="373" sentence="16" number="4">do</token>
  <token t_id="374" sentence="16" number="5">any</token>
  <token t_id="375" sentence="16" number="6">damage</token>
  <token t_id="376" sentence="16" number="7">and</token>
  <token t_id="377" sentence="16" number="8">,</token>
  <token t_id="378" sentence="16" number="9">according</token>
  <token t_id="379" sentence="16" number="10">to</token>
  <token t_id="380" sentence="16" number="11">Isaacs</token>
  <token t_id="381" sentence="16" number="12">,</token>
  <token t_id="382" sentence="16" number="13">one</token>
  <token t_id="383" sentence="16" number="14">bomb</token>
  <token t_id="384" sentence="16" number="15">landed</token>
  <token t_id="385" sentence="16" number="16">just</token>
  <token t_id="386" sentence="16" number="17">5</token>
  <token t_id="387" sentence="16" number="18">feet</token>
  <token t_id="388" sentence="16" number="19">away</token>
  <token t_id="389" sentence="16" number="20">from</token>
  <token t_id="390" sentence="16" number="21">a</token>
  <token t_id="391" sentence="16" number="22">boy</token>
  <token t_id="392" sentence="16" number="23">,</token>
  <token t_id="393" sentence="16" number="24">but</token>
  <token t_id="394" sentence="16" number="25">did</token>
  <token t_id="395" sentence="16" number="26">not</token>
  <token t_id="396" sentence="16" number="27">explode</token>
  <token t_id="397" sentence="16" number="28">.</token>
  <token t_id="398" sentence="17" number="0">"</token>
  <token t_id="399" sentence="17" number="1">[</token>
  <token t_id="400" sentence="17" number="2">The</token>
  <token t_id="401" sentence="17" number="3">]</token>
  <token t_id="402" sentence="17" number="4">MineTech</token>
  <token t_id="403" sentence="17" number="5">International</token>
  <token t_id="404" sentence="17" number="6">(</token>
  <token t_id="405" sentence="17" number="7">MTI</token>
  <token t_id="406" sentence="17" number="8">)</token>
  <token t_id="407" sentence="17" number="9">explosive</token>
  <token t_id="408" sentence="17" number="10">ordinance</token>
  <token t_id="409" sentence="17" number="11">disposal</token>
  <token t_id="410" sentence="17" number="12">(</token>
  <token t_id="411" sentence="17" number="13">EOD</token>
  <token t_id="412" sentence="17" number="14">)</token>
  <token t_id="413" sentence="17" number="15">team</token>
  <token t_id="414" sentence="17" number="16">removed</token>
  <token t_id="415" sentence="17" number="17">the</token>
  <token t_id="416" sentence="17" number="18">bomb</token>
  <token t_id="417" sentence="17" number="19">from</token>
  <token t_id="418" sentence="17" number="20">the</token>
  <token t_id="419" sentence="17" number="21">Yida</token>
  <token t_id="420" sentence="17" number="22">Village</token>
  <token t_id="421" sentence="17" number="23">School</token>
  <token t_id="422" sentence="17" number="24">and</token>
  <token t_id="423" sentence="17" number="25">moved</token>
  <token t_id="424" sentence="17" number="26">it</token>
  <token t_id="425" sentence="17" number="27">to</token>
  <token t_id="426" sentence="17" number="28">an</token>
  <token t_id="427" sentence="17" number="29">isolated</token>
  <token t_id="428" sentence="17" number="30">location</token>
  <token t_id="429" sentence="17" number="31">for</token>
  <token t_id="430" sentence="17" number="32">disposal</token>
  <token t_id="431" sentence="17" number="33">at</token>
  <token t_id="432" sentence="17" number="34">a</token>
  <token t_id="433" sentence="17" number="35">later</token>
  <token t_id="434" sentence="17" number="36">date</token>
  <token t_id="435" sentence="17" number="37">,</token>
  <token t_id="436" sentence="17" number="38">"</token>
  <token t_id="437" sentence="17" number="39">according</token>
  <token t_id="438" sentence="17" number="40">to</token>
  <token t_id="439" sentence="17" number="41">the</token>
  <token t_id="440" sentence="17" number="42">United</token>
  <token t_id="441" sentence="17" number="43">Nations</token>
  <token t_id="442" sentence="17" number="44">Mine</token>
  <token t_id="443" sentence="17" number="45">Action</token>
  <token t_id="444" sentence="17" number="46">Coordination</token>
  <token t_id="445" sentence="17" number="47">Center</token>
  <token t_id="446" sentence="17" number="48">of</token>
  <token t_id="447" sentence="17" number="49">South</token>
  <token t_id="448" sentence="17" number="50">Sudan</token>
  <token t_id="449" sentence="17" number="51">.</token>
  <token t_id="450" sentence="18" number="0">"I</token>
  <token t_id="451" sentence="18" number="1">urge</token>
  <token t_id="452" sentence="18" number="2">the</token>
  <token t_id="453" sentence="18" number="3">United</token>
  <token t_id="454" sentence="18" number="4">States</token>
  <token t_id="455" sentence="18" number="5">and</token>
  <token t_id="456" sentence="18" number="6">the</token>
  <token t_id="457" sentence="18" number="7">international</token>
  <token t_id="458" sentence="18" number="8">community</token>
  <token t_id="459" sentence="18" number="9">to</token>
  <token t_id="460" sentence="18" number="10">enforce</token>
  <token t_id="461" sentence="18" number="11">a</token>
  <token t_id="462" sentence="18" number="12">no</token>
  <token t_id="463" sentence="18" number="13">-</token>
  <token t_id="464" sentence="18" number="14">fly</token>
  <token t_id="465" sentence="18" number="15">zone</token>
  <token t_id="466" sentence="18" number="16">in</token>
  <token t_id="467" sentence="18" number="17">the</token>
  <token t_id="468" sentence="18" number="18">area</token>
  <token t_id="469" sentence="18" number="19">to</token>
  <token t_id="470" sentence="18" number="20">protect</token>
  <token t_id="471" sentence="18" number="21">not</token>
  <token t_id="472" sentence="18" number="22">only</token>
  <token t_id="473" sentence="18" number="23">the</token>
  <token t_id="474" sentence="18" number="24">innocent</token>
  <token t_id="475" sentence="18" number="25">civilians</token>
  <token t_id="476" sentence="18" number="26">there</token>
  <token t_id="477" sentence="18" number="27">but</token>
  <token t_id="478" sentence="18" number="28">also</token>
  <token t_id="479" sentence="18" number="29">those</token>
  <token t_id="480" sentence="18" number="30">who</token>
  <token t_id="481" sentence="18" number="31">are</token>
  <token t_id="482" sentence="18" number="32">trying</token>
  <token t_id="483" sentence="18" number="33">to</token>
  <token t_id="484" sentence="18" number="34">help</token>
  <token t_id="485" sentence="18" number="35">them</token>
  <token t_id="486" sentence="18" number="36">,</token>
  <token t_id="487" sentence="18" number="37">"</token>
  <token t_id="488" sentence="18" number="38">Samaritan's</token>
  <token t_id="489" sentence="18" number="39">Purse</token>
  <token t_id="490" sentence="18" number="40">president</token>
  <token t_id="491" sentence="18" number="41">Franklin</token>
  <token t_id="492" sentence="18" number="42">Graham</token>
  <token t_id="493" sentence="18" number="43">said</token>
  <token t_id="494" sentence="18" number="44">in</token>
  <token t_id="495" sentence="18" number="45">a</token>
  <token t_id="496" sentence="18" number="46">press</token>
  <token t_id="497" sentence="18" number="47">release</token>
  <token t_id="498" sentence="18" number="48">.</token>
  <token t_id="499" sentence="19" number="0">"My</token>
  <token t_id="500" sentence="19" number="1">prayer</token>
  <token t_id="501" sentence="19" number="2">is</token>
  <token t_id="502" sentence="19" number="3">that</token>
  <token t_id="503" sentence="19" number="4">the</token>
  <token t_id="504" sentence="19" number="5">world</token>
  <token t_id="505" sentence="19" number="6">will</token>
  <token t_id="506" sentence="19" number="7">not</token>
  <token t_id="507" sentence="19" number="8">just</token>
  <token t_id="508" sentence="19" number="9">sit</token>
  <token t_id="509" sentence="19" number="10">by</token>
  <token t_id="510" sentence="19" number="11">and</token>
  <token t_id="511" sentence="19" number="12">watch</token>
  <token t_id="512" sentence="19" number="13">and</token>
  <token t_id="513" sentence="19" number="14">hope</token>
  <token t_id="514" sentence="19" number="15">for</token>
  <token t_id="515" sentence="19" number="16">the</token>
  <token t_id="516" sentence="19" number="17">best</token>
  <token t_id="517" sentence="19" number="18">like</token>
  <token t_id="518" sentence="19" number="19">they</token>
  <token t_id="519" sentence="19" number="20">did</token>
  <token t_id="520" sentence="19" number="21">during</token>
  <token t_id="521" sentence="19" number="22">Rwanda</token>
  <token t_id="522" sentence="19" number="23">,</token>
  <token t_id="523" sentence="19" number="24">where</token>
  <token t_id="524" sentence="19" number="25">close</token>
  <token t_id="525" sentence="19" number="26">to</token>
  <token t_id="526" sentence="19" number="27">a</token>
  <token t_id="527" sentence="19" number="28">million</token>
  <token t_id="528" sentence="19" number="29">people</token>
  <token t_id="529" sentence="19" number="30">were</token>
  <token t_id="530" sentence="19" number="31">massacred</token>
  <token t_id="531" sentence="19" number="32">.</token>
  <token t_id="532" sentence="20" number="0">We</token>
  <token t_id="533" sentence="20" number="1">need</token>
  <token t_id="534" sentence="20" number="2">to</token>
  <token t_id="535" sentence="20" number="3">make</token>
  <token t_id="536" sentence="20" number="4">it</token>
  <token t_id="537" sentence="20" number="5">clear</token>
  <token t_id="538" sentence="20" number="6">to</token>
  <token t_id="539" sentence="20" number="7">the</token>
  <token t_id="540" sentence="20" number="8">government</token>
  <token t_id="541" sentence="20" number="9">of</token>
  <token t_id="542" sentence="20" number="10">Sudan</token>
  <token t_id="543" sentence="20" number="11">that</token>
  <token t_id="544" sentence="20" number="12">attacks</token>
  <token t_id="545" sentence="20" number="13">on</token>
  <token t_id="546" sentence="20" number="14">innocent</token>
  <token t_id="547" sentence="20" number="15">people</token>
  <token t_id="548" sentence="20" number="16">will</token>
  <token t_id="549" sentence="20" number="17">not</token>
  <token t_id="550" sentence="20" number="18">be</token>
  <token t_id="551" sentence="20" number="19">tolerated</token>
  <token t_id="552" sentence="20" number="20">,</token>
  <token t_id="553" sentence="20" number="21">"</token>
  <token t_id="554" sentence="20" number="22">the</token>
  <token t_id="555" sentence="20" number="23">evangelist</token>
  <token t_id="556" sentence="20" number="24">said</token>
  <token t_id="557" sentence="20" number="25">.</token>
  <token t_id="558" sentence="21" number="0">The</token>
  <token t_id="559" sentence="21" number="1">White</token>
  <token t_id="560" sentence="21" number="2">House</token>
  <token t_id="561" sentence="21" number="3">has</token>
  <token t_id="562" sentence="21" number="4">also</token>
  <token t_id="563" sentence="21" number="5">condemned</token>
  <token t_id="564" sentence="21" number="6">the</token>
  <token t_id="565" sentence="21" number="7">bombing</token>
  <token t_id="566" sentence="21" number="8">.</token>
  <token t_id="567" sentence="22" number="0">In</token>
  <token t_id="568" sentence="22" number="1">a</token>
  <token t_id="569" sentence="22" number="2">press</token>
  <token t_id="570" sentence="22" number="3">statement</token>
  <token t_id="571" sentence="22" number="4">released</token>
  <token t_id="572" sentence="22" number="5">Nov</token>
  <token t_id="573" sentence="22" number="6">.</token>
  <token t_id="574" sentence="22" number="7">10</token>
  <token t_id="575" sentence="22" number="8">,</token>
  <token t_id="576" sentence="22" number="9">the</token>
  <token t_id="577" sentence="22" number="10">White</token>
  <token t_id="578" sentence="22" number="11">House</token>
  <token t_id="579" sentence="22" number="12">urged</token>
  <token t_id="580" sentence="22" number="13">the</token>
  <token t_id="581" sentence="22" number="14">government</token>
  <token t_id="582" sentence="22" number="15">to</token>
  <token t_id="583" sentence="22" number="16">stop</token>
  <token t_id="584" sentence="22" number="17">the</token>
  <token t_id="585" sentence="22" number="18">bombings</token>
  <token t_id="586" sentence="22" number="19">immediately</token>
  <token t_id="587" sentence="22" number="20">.</token>
  <token t_id="588" sentence="23" number="0">"We</token>
  <token t_id="589" sentence="23" number="1">urge</token>
  <token t_id="590" sentence="23" number="2">the</token>
  <token t_id="591" sentence="23" number="3">Government</token>
  <token t_id="592" sentence="23" number="4">of</token>
  <token t_id="593" sentence="23" number="5">South</token>
  <token t_id="594" sentence="23" number="6">Sudan</token>
  <token t_id="595" sentence="23" number="7">to</token>
  <token t_id="596" sentence="23" number="8">exercise</token>
  <token t_id="597" sentence="23" number="9">restraint</token>
  <token t_id="598" sentence="23" number="10">in</token>
  <token t_id="599" sentence="23" number="11">responding</token>
  <token t_id="600" sentence="23" number="12">to</token>
  <token t_id="601" sentence="23" number="13">this</token>
  <token t_id="602" sentence="23" number="14">provocation</token>
  <token t_id="603" sentence="23" number="15">to</token>
  <token t_id="604" sentence="23" number="16">prevent</token>
  <token t_id="605" sentence="23" number="17">further</token>
  <token t_id="606" sentence="23" number="18">escalation</token>
  <token t_id="607" sentence="23" number="19">of</token>
  <token t_id="608" sentence="23" number="20">hostilities</token>
  <token t_id="609" sentence="23" number="21">,</token>
  <token t_id="610" sentence="23" number="22">"</token>
  <token t_id="611" sentence="23" number="23">read</token>
  <token t_id="612" sentence="23" number="24">the</token>
  <token t_id="613" sentence="23" number="25">press</token>
  <token t_id="614" sentence="23" number="26">release</token>
  <token t_id="615" sentence="23" number="27">.</token>
  <token t_id="616" sentence="24" number="0">The</token>
  <token t_id="617" sentence="24" number="1">refugee</token>
  <token t_id="618" sentence="24" number="2">camp</token>
  <token t_id="619" sentence="24" number="3">had</token>
  <token t_id="620" sentence="24" number="4">just</token>
  <token t_id="621" sentence="24" number="5">received</token>
  <token t_id="622" sentence="24" number="6">food</token>
  <token t_id="623" sentence="24" number="7">rations</token>
  <token t_id="624" sentence="24" number="8">when</token>
  <token t_id="625" sentence="24" number="9">the</token>
  <token t_id="626" sentence="24" number="10">bombing</token>
  <token t_id="627" sentence="24" number="11">took</token>
  <token t_id="628" sentence="24" number="12">place</token>
  <token t_id="629" sentence="24" number="13">.</token>
  <token t_id="630" sentence="25" number="0">Graham</token>
  <token t_id="631" sentence="25" number="1">said</token>
  <token t_id="632" sentence="25" number="2">these</token>
  <token t_id="633" sentence="25" number="3">bombings</token>
  <token t_id="634" sentence="25" number="4">are</token>
  <token t_id="635" sentence="25" number="5">a</token>
  <token t_id="636" sentence="25" number="6">tactic</token>
  <token t_id="637" sentence="25" number="7">reminiscent</token>
  <token t_id="638" sentence="25" number="8">of</token>
  <token t_id="639" sentence="25" number="9">Sudan's</token>
  <token t_id="640" sentence="25" number="10">civil</token>
  <token t_id="641" sentence="25" number="11">war</token>
  <token t_id="642" sentence="25" number="12">,</token>
  <token t_id="643" sentence="25" number="13">used</token>
  <token t_id="644" sentence="25" number="14">to</token>
  <token t_id="645" sentence="25" number="15">injure</token>
  <token t_id="646" sentence="25" number="16">and</token>
  <token t_id="647" sentence="25" number="17">kill</token>
  <token t_id="648" sentence="25" number="18">as</token>
  <token t_id="649" sentence="25" number="19">many</token>
  <token t_id="650" sentence="25" number="20">as</token>
  <token t_id="651" sentence="25" number="21">possible</token>
  <token t_id="652" sentence="25" number="22">.</token>
  <token t_id="653" sentence="26" number="0">The</token>
  <token t_id="654" sentence="26" number="1">food</token>
  <token t_id="655" sentence="26" number="2">is</token>
  <token t_id="656" sentence="26" number="3">delivered</token>
  <token t_id="657" sentence="26" number="4">,</token>
  <token t_id="658" sentence="26" number="5">the</token>
  <token t_id="659" sentence="26" number="6">attackers</token>
  <token t_id="660" sentence="26" number="7">wait</token>
  <token t_id="661" sentence="26" number="8">for</token>
  <token t_id="662" sentence="26" number="9">people</token>
  <token t_id="663" sentence="26" number="10">to</token>
  <token t_id="664" sentence="26" number="11">gather</token>
  <token t_id="665" sentence="26" number="12">to</token>
  <token t_id="666" sentence="26" number="13">collect</token>
  <token t_id="667" sentence="26" number="14">the</token>
  <token t_id="668" sentence="26" number="15">food</token>
  <token t_id="669" sentence="26" number="16">,</token>
  <token t_id="670" sentence="26" number="17">and</token>
  <token t_id="671" sentence="26" number="18">then</token>
  <token t_id="672" sentence="26" number="19">they</token>
  <token t_id="673" sentence="26" number="20">bomb</token>
  <token t_id="674" sentence="26" number="21">the</token>
  <token t_id="675" sentence="26" number="22">masses</token>
  <token t_id="676" sentence="26" number="23">.</token>
  <token t_id="677" sentence="27" number="0">According</token>
  <token t_id="678" sentence="27" number="1">to</token>
  <token t_id="679" sentence="27" number="2">The</token>
  <token t_id="680" sentence="27" number="3">New</token>
  <token t_id="681" sentence="27" number="4">York</token>
  <token t_id="682" sentence="27" number="5">Times</token>
  <token t_id="683" sentence="27" number="6">,</token>
  <token t_id="684" sentence="27" number="7">a</token>
  <token t_id="685" sentence="27" number="8">satellite</token>
  <token t_id="686" sentence="27" number="9">-</token>
  <token t_id="687" sentence="27" number="10">imaging</token>
  <token t_id="688" sentence="27" number="11">program</token>
  <token t_id="689" sentence="27" number="12">reveals</token>
  <token t_id="690" sentence="27" number="13">a</token>
  <token t_id="691" sentence="27" number="14">build</token>
  <token t_id="692" sentence="27" number="15">-</token>
  <token t_id="693" sentence="27" number="16">up</token>
  <token t_id="694" sentence="27" number="17">of</token>
  <token t_id="695" sentence="27" number="18">Sudanese</token>
  <token t_id="696" sentence="27" number="19">troops</token>
  <token t_id="697" sentence="27" number="20">near</token>
  <token t_id="698" sentence="27" number="21">the</token>
  <token t_id="699" sentence="27" number="22">South</token>
  <token t_id="700" sentence="27" number="23">Sudan</token>
  <token t_id="701" sentence="27" number="24">border</token>
  <token t_id="702" sentence="27" number="25">in</token>
  <token t_id="703" sentence="27" number="26">the</token>
  <token t_id="704" sentence="27" number="27">Blue</token>
  <token t_id="705" sentence="27" number="28">Nile</token>
  <token t_id="706" sentence="27" number="29">region</token>
  <token t_id="707" sentence="27" number="30">.</token>
  <token t_id="708" sentence="28" number="0">Images</token>
  <token t_id="709" sentence="28" number="1">also</token>
  <token t_id="710" sentence="28" number="2">reportedly</token>
  <token t_id="711" sentence="28" number="3">reveal</token>
  <token t_id="712" sentence="28" number="4">upgraded</token>
  <token t_id="713" sentence="28" number="5">air</token>
  <token t_id="714" sentence="28" number="6">bases</token>
  <token t_id="715" sentence="28" number="7">recently</token>
  <token t_id="716" sentence="28" number="8">captured</token>
  <token t_id="717" sentence="28" number="9">by</token>
  <token t_id="718" sentence="28" number="10">government</token>
  <token t_id="719" sentence="28" number="11">forces</token>
  <token t_id="720" sentence="28" number="12">.</token>
  <token t_id="721" sentence="29" number="0">Sudan's</token>
  <token t_id="722" sentence="29" number="1">government</token>
  <token t_id="723" sentence="29" number="2">denies</token>
  <token t_id="724" sentence="29" number="3">a</token>
  <token t_id="725" sentence="29" number="4">connection</token>
  <token t_id="726" sentence="29" number="5">to</token>
  <token t_id="727" sentence="29" number="6">the</token>
  <token t_id="728" sentence="29" number="7">bombing</token>
  <token t_id="729" sentence="29" number="8">.</token>
  <token t_id="730" sentence="30" number="0">Sudanese</token>
  <token t_id="731" sentence="30" number="1">government</token>
  <token t_id="732" sentence="30" number="2">spokesperson</token>
  <token t_id="733" sentence="30" number="3">Rabie</token>
  <token t_id="734" sentence="30" number="4">A</token>
  <token t_id="735" sentence="30" number="5">.</token>
  <token t_id="736" sentence="30" number="6">Atti</token>
  <token t_id="737" sentence="30" number="7">defended</token>
  <token t_id="738" sentence="30" number="8">the</token>
  <token t_id="739" sentence="30" number="9">government</token>
  <token t_id="740" sentence="30" number="10">Sunday</token>
  <token t_id="741" sentence="30" number="11">,</token>
  <token t_id="742" sentence="30" number="12">saying</token>
  <token t_id="743" sentence="30" number="13">,</token>
  <token t_id="744" sentence="30" number="14">"We</token>
  <token t_id="745" sentence="30" number="15">are</token>
  <token t_id="746" sentence="30" number="16">only</token>
  <token t_id="747" sentence="30" number="17">securing</token>
  <token t_id="748" sentence="30" number="18">our</token>
  <token t_id="749" sentence="30" number="19">border</token>
  <token t_id="750" sentence="30" number="20">.</token>
  <token t_id="751" sentence="30" number="21">"</token>
  <token t_id="752" sentence="31" number="0">Susan</token>
  <token t_id="753" sentence="31" number="1">Rice</token>
  <token t_id="754" sentence="31" number="2">,</token>
  <token t_id="755" sentence="31" number="3">U</token>
  <token t_id="756" sentence="31" number="4">.</token>
  <token t_id="757" sentence="31" number="5">S</token>
  <token t_id="758" sentence="31" number="6">.</token>
  <token t_id="759" sentence="31" number="7">Ambassador</token>
  <token t_id="760" sentence="31" number="8">for</token>
  <token t_id="761" sentence="31" number="9">the</token>
  <token t_id="762" sentence="31" number="10">United</token>
  <token t_id="763" sentence="31" number="11">Nations</token>
  <token t_id="764" sentence="31" number="12">,</token>
  <token t_id="765" sentence="31" number="13">said</token>
  <token t_id="766" sentence="31" number="14">the</token>
  <token t_id="767" sentence="31" number="15">Sudan</token>
  <token t_id="768" sentence="31" number="16">government</token>
  <token t_id="769" sentence="31" number="17">"blatantly</token>
  <token t_id="770" sentence="31" number="18">lied"</token>
  <token t_id="771" sentence="31" number="19">about</token>
  <token t_id="772" sentence="31" number="20">the</token>
  <token t_id="773" sentence="31" number="21">bombing</token>
  <token t_id="774" sentence="31" number="22">,</token>
  <token t_id="775" sentence="31" number="23">adding</token>
  <token t_id="776" sentence="31" number="24">that</token>
  <token t_id="777" sentence="31" number="25">such</token>
  <token t_id="778" sentence="31" number="26">a</token>
  <token t_id="779" sentence="31" number="27">lie</token>
  <token t_id="780" sentence="31" number="28">proves</token>
  <token t_id="781" sentence="31" number="29">very</token>
  <token t_id="782" sentence="31" number="30">disturbing</token>
  <token t_id="783" sentence="31" number="31">to</token>
  <token t_id="784" sentence="31" number="32">the</token>
  <token t_id="785" sentence="31" number="33">United</token>
  <token t_id="786" sentence="31" number="34">States</token>
  <token t_id="787" sentence="31" number="35">and</token>
  <token t_id="788" sentence="31" number="36">many</token>
  <token t_id="789" sentence="31" number="37">members</token>
  <token t_id="790" sentence="31" number="38">of</token>
  <token t_id="791" sentence="31" number="39">the</token>
  <token t_id="792" sentence="31" number="40">U</token>
  <token t_id="793" sentence="31" number="41">.</token>
  <token t_id="794" sentence="31" number="42">N</token>
  <token t_id="795" sentence="31" number="43">.</token>
  <token t_id="796" sentence="31" number="44">Security</token>
  <token t_id="797" sentence="31" number="45">Council</token>
  <token t_id="798" sentence="31" number="46">.</token>
  <token t_id="799" sentence="32" number="0">As</token>
  <token t_id="800" sentence="32" number="1">Isaacs</token>
  <token t_id="801" sentence="32" number="2">of</token>
  <token t_id="802" sentence="32" number="3">Samaritan's</token>
  <token t_id="803" sentence="32" number="4">Purse</token>
  <token t_id="804" sentence="32" number="5">contends</token>
  <token t_id="805" sentence="32" number="6">,</token>
  <token t_id="806" sentence="32" number="7">Sudan's</token>
  <token t_id="807" sentence="32" number="8">government</token>
  <token t_id="808" sentence="32" number="9">denied</token>
  <token t_id="809" sentence="32" number="10">any</token>
  <token t_id="810" sentence="32" number="11">bombing</token>
  <token t_id="811" sentence="32" number="12">in</token>
  <token t_id="812" sentence="32" number="13">"South</token>
  <token t_id="813" sentence="32" number="14">Sudan</token>
  <token t_id="814" sentence="32" number="15">.</token>
  <token t_id="815" sentence="32" number="16">"</token>
  <token t_id="816" sentence="33" number="0">"What</token>
  <token t_id="817" sentence="33" number="1">do</token>
  <token t_id="818" sentence="33" number="2">they</token>
  <token t_id="819" sentence="33" number="3">consider</token>
  <token t_id="820" sentence="33" number="4">to</token>
  <token t_id="821" sentence="33" number="5">be</token>
  <token t_id="822" sentence="33" number="6">South</token>
  <token t_id="823" sentence="33" number="7">Sudan</token>
  <token t_id="824" sentence="33" number="8">?</token>
  <token t_id="825" sentence="33" number="9">"</token>
  <token t_id="826" sentence="33" number="10">Isaacs</token>
  <token t_id="827" sentence="33" number="11">questioned</token>
  <token t_id="828" sentence="33" number="12">,</token>
  <token t_id="829" sentence="33" number="13">noting</token>
  <token t_id="830" sentence="33" number="14">that</token>
  <token t_id="831" sentence="33" number="15">there</token>
  <token t_id="832" sentence="33" number="16">are</token>
  <token t_id="833" sentence="33" number="17">elements</token>
  <token t_id="834" sentence="33" number="18">of</token>
  <token t_id="835" sentence="33" number="19">a</token>
  <token t_id="836" sentence="33" number="20">border</token>
  <token t_id="837" sentence="33" number="21">dispute</token>
  <token t_id="838" sentence="33" number="22">,</token>
  <token t_id="839" sentence="33" number="23">with</token>
  <token t_id="840" sentence="33" number="24">Yida</token>
  <token t_id="841" sentence="33" number="25">being</token>
  <token t_id="842" sentence="33" number="26">only</token>
  <token t_id="843" sentence="33" number="27">10</token>
  <token t_id="844" sentence="33" number="28">miles</token>
  <token t_id="845" sentence="33" number="29">from</token>
  <token t_id="846" sentence="33" number="30">the</token>
  <token t_id="847" sentence="33" number="31">border</token>
  <token t_id="848" sentence="33" number="32">.</token>
  <token t_id="849" sentence="34" number="0">Describing</token>
  <token t_id="850" sentence="34" number="1">Yida</token>
  <token t_id="851" sentence="34" number="2">as</token>
  <token t_id="852" sentence="34" number="3">a</token>
  <token t_id="853" sentence="34" number="4">"very</token>
  <token t_id="854" sentence="34" number="5">insecure"</token>
  <token t_id="855" sentence="34" number="6">area</token>
  <token t_id="856" sentence="34" number="7">,</token>
  <token t_id="857" sentence="34" number="8">Isaacs</token>
  <token t_id="858" sentence="34" number="9">expressed</token>
  <token t_id="859" sentence="34" number="10">worry</token>
  <token t_id="860" sentence="34" number="11">for</token>
  <token t_id="861" sentence="34" number="12">the</token>
  <token t_id="862" sentence="34" number="13">future</token>
  <token t_id="863" sentence="34" number="14">of</token>
  <token t_id="864" sentence="34" number="15">Yida's</token>
  <token t_id="865" sentence="34" number="16">refugees</token>
  <token t_id="866" sentence="34" number="17">.</token>
  <token t_id="867" sentence="35" number="0">"The</token>
  <token t_id="868" sentence="35" number="1">conflict</token>
  <token t_id="869" sentence="35" number="2">and</token>
  <token t_id="870" sentence="35" number="3">the</token>
  <token t_id="871" sentence="35" number="4">insecurity</token>
  <token t_id="872" sentence="35" number="5">are</token>
  <token t_id="873" sentence="35" number="6">going</token>
  <token t_id="874" sentence="35" number="7">to</token>
  <token t_id="875" sentence="35" number="8">grow</token>
  <token t_id="876" sentence="35" number="9">.</token>
  <token t_id="877" sentence="36" number="0">It</token>
  <token t_id="878" sentence="36" number="1">is</token>
  <token t_id="879" sentence="36" number="2">going</token>
  <token t_id="880" sentence="36" number="3">to</token>
  <token t_id="881" sentence="36" number="4">get</token>
  <token t_id="882" sentence="36" number="5">worse</token>
  <token t_id="883" sentence="36" number="6">before</token>
  <token t_id="884" sentence="36" number="7">it</token>
  <token t_id="885" sentence="36" number="8">gets</token>
  <token t_id="886" sentence="36" number="9">better</token>
  <token t_id="887" sentence="36" number="10">,</token>
  <token t_id="888" sentence="36" number="11">"</token>
  <token t_id="889" sentence="36" number="12">he</token>
  <token t_id="890" sentence="36" number="13">said</token>
  <token t_id="891" sentence="36" number="14">.</token>
  <token t_id="892" sentence="37" number="0">"There</token>
  <token t_id="893" sentence="37" number="1">is</token>
  <token t_id="894" sentence="37" number="2">a</token>
  <token t_id="895" sentence="37" number="3">need</token>
  <token t_id="896" sentence="37" number="4">to</token>
  <token t_id="897" sentence="37" number="5">relocate</token>
  <token t_id="898" sentence="37" number="6">the</token>
  <token t_id="899" sentence="37" number="7">people</token>
  <token t_id="900" sentence="37" number="8">.</token>
  <token t_id="901" sentence="38" number="0">The</token>
  <token t_id="902" sentence="38" number="1">areas</token>
  <token t_id="903" sentence="38" number="2">that</token>
  <token t_id="904" sentence="38" number="3">have</token>
  <token t_id="905" sentence="38" number="4">been</token>
  <token t_id="906" sentence="38" number="5">offered</token>
  <token t_id="907" sentence="38" number="6">for</token>
  <token t_id="908" sentence="38" number="7">relocation</token>
  <token t_id="909" sentence="38" number="8">are</token>
  <token t_id="910" sentence="38" number="9">not</token>
  <token t_id="911" sentence="38" number="10">agreeable</token>
  <token t_id="912" sentence="38" number="11">,</token>
  <token t_id="913" sentence="38" number="12">"</token>
  <token t_id="914" sentence="38" number="13">he</token>
  <token t_id="915" sentence="38" number="14">added</token>
  <token t_id="916" sentence="38" number="15">.</token>
  <token t_id="917" sentence="39" number="0">According</token>
  <token t_id="918" sentence="39" number="1">to</token>
  <token t_id="919" sentence="39" number="2">Isaacs</token>
  <token t_id="920" sentence="39" number="3">,</token>
  <token t_id="921" sentence="39" number="4">food</token>
  <token t_id="922" sentence="39" number="5">supplies</token>
  <token t_id="923" sentence="39" number="6">are</token>
  <token t_id="924" sentence="39" number="7">rapidly</token>
  <token t_id="925" sentence="39" number="8">dwindling</token>
  <token t_id="926" sentence="39" number="9">.</token>
  <token t_id="927" sentence="40" number="0">The</token>
  <token t_id="928" sentence="40" number="1">refugees</token>
  <token t_id="929" sentence="40" number="2">received</token>
  <token t_id="930" sentence="40" number="3">a</token>
  <token t_id="931" sentence="40" number="4">three</token>
  <token t_id="932" sentence="40" number="5">-</token>
  <token t_id="933" sentence="40" number="6">day</token>
  <token t_id="934" sentence="40" number="7">ration</token>
  <token t_id="935" sentence="40" number="8">on</token>
  <token t_id="936" sentence="40" number="9">Oct</token>
  <token t_id="937" sentence="40" number="10">.</token>
  <token t_id="938" sentence="40" number="11">29</token>
  <token t_id="939" sentence="40" number="12">,</token>
  <token t_id="940" sentence="40" number="13">a</token>
  <token t_id="941" sentence="40" number="14">one</token>
  <token t_id="942" sentence="40" number="15">-</token>
  <token t_id="943" sentence="40" number="16">day</token>
  <token t_id="944" sentence="40" number="17">ration</token>
  <token t_id="945" sentence="40" number="18">on</token>
  <token t_id="946" sentence="40" number="19">Nov</token>
  <token t_id="947" sentence="40" number="20">.</token>
  <token t_id="948" sentence="40" number="21">7th</token>
  <token t_id="949" sentence="40" number="22">and</token>
  <token t_id="950" sentence="40" number="23">a</token>
  <token t_id="951" sentence="40" number="24">one</token>
  <token t_id="952" sentence="40" number="25">-</token>
  <token t_id="953" sentence="40" number="26">day</token>
  <token t_id="954" sentence="40" number="27">ration</token>
  <token t_id="955" sentence="40" number="28">on</token>
  <token t_id="956" sentence="40" number="29">Nov</token>
  <token t_id="957" sentence="40" number="30">.</token>
  <token t_id="958" sentence="40" number="31">11</token>
  <token t_id="959" sentence="40" number="32">.</token>
  <token t_id="960" sentence="41" number="0">"We</token>
  <token t_id="961" sentence="41" number="1">are</token>
  <token t_id="962" sentence="41" number="2">looking</token>
  <token t_id="963" sentence="41" number="3">to</token>
  <token t_id="964" sentence="41" number="4">World</token>
  <token t_id="965" sentence="41" number="5">Food</token>
  <token t_id="966" sentence="41" number="6">Programme</token>
  <token t_id="967" sentence="41" number="7">and</token>
  <token t_id="968" sentence="41" number="8">the</token>
  <token t_id="969" sentence="41" number="9">UNHCR</token>
  <token t_id="970" sentence="41" number="10">to</token>
  <token t_id="971" sentence="41" number="11">fully</token>
  <token t_id="972" sentence="41" number="12">respond</token>
  <token t_id="973" sentence="41" number="13">to</token>
  <token t_id="974" sentence="41" number="14">the</token>
  <token t_id="975" sentence="41" number="15">needs</token>
  <token t_id="976" sentence="41" number="16">[</token>
  <token t_id="977" sentence="41" number="17">of</token>
  <token t_id="978" sentence="41" number="18">the</token>
  <token t_id="979" sentence="41" number="19">people</token>
  <token t_id="980" sentence="41" number="20">]</token>
  <token t_id="981" sentence="41" number="21">.</token>
  <token t_id="982" sentence="42" number="0">We</token>
  <token t_id="983" sentence="42" number="1">appreciate</token>
  <token t_id="984" sentence="42" number="2">what</token>
  <token t_id="985" sentence="42" number="3">they're</token>
  <token t_id="986" sentence="42" number="4">doing</token>
  <token t_id="987" sentence="42" number="5">but</token>
  <token t_id="988" sentence="42" number="6">we</token>
  <token t_id="989" sentence="42" number="7">remain</token>
  <token t_id="990" sentence="42" number="8">deeply</token>
  <token t_id="991" sentence="42" number="9">concerned</token>
  <token t_id="992" sentence="42" number="10">for</token>
  <token t_id="993" sentence="42" number="11">the</token>
  <token t_id="994" sentence="42" number="12">people</token>
  <token t_id="995" sentence="42" number="13">,</token>
  <token t_id="996" sentence="42" number="14">"</token>
  <token t_id="997" sentence="42" number="15">Isaacs</token>
  <token t_id="998" sentence="42" number="16">said</token>
  <token t_id="999" sentence="42" number="17">.</token>
  <Markables>
    <ACTION_OCCURRENCE m_id="1" comment="" climaxEvent="FALSE">
      <token_anchor t_id="54"/>
    </ACTION_OCCURRENCE>
    <ACTION_OCCURRENCE m_id="2" comment="" climaxEvent="FALSE">
      <token_anchor t_id="73"/>
    </ACTION_OCCURRENCE>
    <ACTION_OCCURRENCE m_id="3" comment="" climaxEvent="FALSE">
      <token_anchor t_id="94"/>
    </ACTION_OCCURRENCE>
    <ACTION_OCCURRENCE m_id="4" comment="" climaxEvent="FALSE">
      <token_anchor t_id="103"/>
    </ACTION_OCCURRENCE>
    <ACTION_OCCURRENCE m_id="5" comment="" climaxEvent="FALSE">
      <token_anchor t_id="106"/>
    </ACTION_OCCURRENCE>
    <ACTION_OCCURRENCE m_id="6" comment="" climaxEvent="FALSE">
      <token_anchor t_id="140"/>
    </ACTION_OCCURRENCE>
    <ACTION_OCCURRENCE m_id="7" comment="" climaxEvent="FALSE">
      <token_anchor t_id="143"/>
    </ACTION_OCCURRENCE>
    <ACTION_OCCURRENCE m_id="8" comment="" climaxEvent="FALSE">
      <token_anchor t_id="286"/>
    </ACTION_OCCURRENCE>
    <ACTION_OCCURRENCE m_id="9" climaxEvent="TRUE" comment="">
      <token_anchor t_id="37"/>
    </ACTION_OCCURRENCE>
    <ACTION_REPORTING m_id="10">
      <token_anchor t_id="274"/>
      <token_anchor t_id="275"/>
    </ACTION_REPORTING>
    <ACTION_REPORTING m_id="11">
      <token_anchor t_id="279"/>
      <token_anchor t_id="280"/>
    </ACTION_REPORTING>
    <ACTION_STATE m_id="33" climaxEvent="FALSE" comment="">
      <token_anchor t_id="147"/>
    </ACTION_STATE>
    <ACTION_STATE m_id="12" climaxEvent="FALSE" comment="">
      <token_anchor t_id="146"/>
    </ACTION_STATE>
    <HUMAN_PART_GPE m_id="32">
      <token_anchor t_id="282"/>
      <token_anchor t_id="283"/>
      <token_anchor t_id="284"/>
    </HUMAN_PART_GPE>
    <HUMAN_PART_GPE m_id="13">
      <token_anchor t_id="149"/>
    </HUMAN_PART_GPE>
    <HUMAN_PART_GPE m_id="14">
      <token_anchor t_id="151"/>
      <token_anchor t_id="152"/>
    </HUMAN_PART_GPE>
    <HUMAN_PART_GPE m_id="15">
      <token_anchor t_id="41"/>
      <token_anchor t_id="42"/>
    </HUMAN_PART_GPE>
    <HUMAN_PART_GPE m_id="16">
      <token_anchor t_id="51"/>
      <token_anchor t_id="52"/>
      <token_anchor t_id="53"/>
    </HUMAN_PART_GPE>
    <HUMAN_PART_ORG m_id="17">
      <token_anchor t_id="75"/>
      <token_anchor t_id="76"/>
      <token_anchor t_id="77"/>
      <token_anchor t_id="78"/>
    </HUMAN_PART_ORG>
    <HUMAN_PART_ORG m_id="18">
      <token_anchor t_id="277"/>
      <token_anchor t_id="278"/>
    </HUMAN_PART_ORG>
    <HUMAN_PART_PER m_id="19" comment="">
      <token_anchor t_id="97"/>
      <token_anchor t_id="98"/>
      <token_anchor t_id="99"/>
      <token_anchor t_id="100"/>
    </HUMAN_PART_PER>
    <HUMAN_PART_PER m_id="20" comment="">
      <token_anchor t_id="101"/>
    </HUMAN_PART_PER>
    <HUMAN_PART_VEH m_id="21">
      <token_anchor t_id="285"/>
    </HUMAN_PART_VEH>
    <LOC_FAC m_id="22">
      <token_anchor t_id="81"/>
    </LOC_FAC>
    <LOC_GEO m_id="31" comment="">
      <token_anchor t_id="33"/>
      <token_anchor t_id="34"/>
      <token_anchor t_id="35"/>
      <token_anchor t_id="36"/>
    </LOC_GEO>
    <LOC_GEO m_id="34" comment="">
      <token_anchor t_id="56"/>
      <token_anchor t_id="57"/>
      <token_anchor t_id="58"/>
      <token_anchor t_id="59"/>
      <token_anchor t_id="60"/>
      <token_anchor t_id="61"/>
      <token_anchor t_id="62"/>
      <token_anchor t_id="63"/>
      <token_anchor t_id="64"/>
    </LOC_GEO>
    <LOC_GEO m_id="23" comment="">
      <token_anchor t_id="84"/>
      <token_anchor t_id="85"/>
      <token_anchor t_id="86"/>
      <token_anchor t_id="87"/>
      <token_anchor t_id="88"/>
      <token_anchor t_id="89"/>
      <token_anchor t_id="90"/>
      <token_anchor t_id="91"/>
      <token_anchor t_id="92"/>
    </LOC_GEO>
    <LOC_GEO m_id="24" comment="">
      <token_anchor t_id="108"/>
      <token_anchor t_id="109"/>
      <token_anchor t_id="110"/>
      <token_anchor t_id="111"/>
    </LOC_GEO>
    <LOC_GEO m_id="25" comment="">
      <token_anchor t_id="297"/>
      <token_anchor t_id="298"/>
      <token_anchor t_id="299"/>
    </LOC_GEO>
    <NON_HUMAN_PART m_id="26" comment="">
      <token_anchor t_id="287"/>
      <token_anchor t_id="288"/>
    </NON_HUMAN_PART>
    <TIME_DATE m_id="27" comment="" DCT="FALSE" value="2011-11-10" anchorTimeID="30">
      <token_anchor t_id="300"/>
    </TIME_DATE>
    <TIME_DATE m_id="28" comment="" DCT="FALSE" value="2011-11-10" anchorTimeID="30">
      <token_anchor t_id="66"/>
      <token_anchor t_id="67"/>
      <token_anchor t_id="68"/>
      <token_anchor t_id="69"/>
      <token_anchor t_id="70"/>
      <token_anchor t_id="71"/>
    </TIME_DATE>
    <TIME_OF_THE_DAY m_id="29" DCT="FALSE" value="2011-11-10T15:20" anchorTimeID="30">
      <token_anchor t_id="289"/>
      <token_anchor t_id="290"/>
      <token_anchor t_id="291"/>
      <token_anchor t_id="292"/>
      <token_anchor t_id="293"/>
      <token_anchor t_id="294"/>
      <token_anchor t_id="295"/>
      <token_anchor t_id="296"/>
    </TIME_OF_THE_DAY>
    <TIME_OF_THE_DAY m_id="30" DCT="TRUE" value="2011-11-14T12:35" anchorTimeID="30">
      <token_anchor t_id="43"/>
      <token_anchor t_id="44"/>
      <token_anchor t_id="45"/>
      <token_anchor t_id="46"/>
      <token_anchor t_id="47"/>
      <token_anchor t_id="48"/>
      <token_anchor t_id="49"/>
    </TIME_OF_THE_DAY>
    <ACTION_OCCURRENCE m_id="35" RELATED_TO="" TAG_DESCRIPTOR="t41_drop_bombs_camp" comment="" climaxEvent="FALSE"/>
    <HUMAN_PART_GPE m_id="36" RELATED_TO="" TAG_DESCRIPTOR="t41_sudan_part"/>
    <ACTION_STATE m_id="37" RELATED_TO="" TAG_DESCRIPTOR="t41_tensions_bw_sudan_southsudan" climaxEvent="FALSE" comment=""/>
    <TIME_DATE m_id="38" RELATED_TO="" TAG_DESCRIPTOR="t41_thursday" value="" anchorTimeID="" DCT="FALSE" comment=""/>
    <LOC_GEO m_id="39" RELATED_TO="" TAG_DESCRIPTOR="t41_yida_camp" comment=""/>
    <HUMAN_PART_GPE m_id="40" RELATED_TO="" TAG_DESCRIPTOR="t41_south_sudan_part"/>
  </Markables>
  <Relations>
    <TLINK r_id="104689" contextualModality="" relType="AFTER" comment="">
      <source m_id="30"/>
      <target m_id="9"/>
    </TLINK>
    <TLINK r_id="104690" contextualModality="" relType="AFTER" comment="">
      <source m_id="30"/>
      <target m_id="1"/>
    </TLINK>
    <TLINK r_id="104691" contextualModality="" relType="OVERLAP" comment="">
      <source m_id="30"/>
      <target m_id="3"/>
    </TLINK>
    <TLINK r_id="104692" contextualModality="" relType="AFTER" comment="">
      <source m_id="30"/>
      <target m_id="4"/>
    </TLINK>
    <TLINK r_id="104693" contextualModality="" relType="OVERLAP" comment="">
      <source m_id="30"/>
      <target m_id="5"/>
    </TLINK>
    <TLINK r_id="104694" contextualModality="" relType="AFTER" comment="">
      <source m_id="30"/>
      <target m_id="6"/>
    </TLINK>
    <TLINK r_id="104695" contextualModality="" relType="AFTER" comment="">
      <source m_id="30"/>
      <target m_id="7"/>
    </TLINK>
    <TLINK r_id="104696" contextualModality="" relType="AFTER" comment="">
      <source m_id="30"/>
      <target m_id="12"/>
    </TLINK>
    <TLINK r_id="104697" contextualModality="" relType="OVERLAP" comment="">
      <source m_id="30"/>
      <target m_id="33"/>
    </TLINK>
    <TLINK r_id="104698" contextualModality="" relType="AFTER" comment="">
      <source m_id="30"/>
      <target m_id="11"/>
    </TLINK>
    <TLINK r_id="104699" contextualModality="" relType="AFTER" comment="">
      <source m_id="30"/>
      <target m_id="8"/>
    </TLINK>
    <TLINK r_id="104700" contextualModality="" relType="CONTAINS" comment="">
      <source m_id="28"/>
      <target m_id="9"/>
    </TLINK>
    <TLINK r_id="104701" contextualModality="" relType="CONTAINS" comment="">
      <source m_id="28"/>
      <target m_id="1"/>
    </TLINK>
    <TLINK r_id="104703" contextualModality="" relType="OVERLAP" comment="">
      <source m_id="28"/>
      <target m_id="3"/>
    </TLINK>
    <TLINK r_id="104704" contextualModality="" relType="AFTER" comment="">
      <source m_id="28"/>
      <target m_id="4"/>
    </TLINK>
    <TLINK r_id="104705" contextualModality="" relType="OVERLAP" comment="">
      <source m_id="28"/>
      <target m_id="5"/>
    </TLINK>
    <TLINK r_id="104706" contextualModality="" relType="CONTAINS" comment="">
      <source m_id="28"/>
      <target m_id="6"/>
    </TLINK>
    <TLINK r_id="104707" contextualModality="" relType="CONTAINS" comment="">
      <source m_id="28"/>
      <target m_id="7"/>
    </TLINK>
    <TLINK r_id="104708" contextualModality="" relType="CONTAINS" comment="">
      <source m_id="28"/>
      <target m_id="12"/>
    </TLINK>
    <TLINK r_id="104709" contextualModality="" relType="OVERLAP" comment="">
      <source m_id="28"/>
      <target m_id="33"/>
    </TLINK>
    <TLINK r_id="104710" contextualModality="" relType="CONTAINS" comment="">
      <source m_id="28"/>
      <target m_id="11"/>
    </TLINK>
    <TLINK r_id="104711" contextualModality="" relType="CONTAINS" comment="">
      <source m_id="28"/>
      <target m_id="8"/>
    </TLINK>
    <PLOT_LINK r_id="104712" SIGNAL="7" relType="FALLING_ACTION" CAUSES="FALSE" CAUSED_BY="TRUE">
      <source m_id="6"/>
      <target m_id="33"/>
    </PLOT_LINK>
    <PLOT_LINK r_id="104713" SIGNAL="" relType="FALLING_ACTION" CAUSES="FALSE" CAUSED_BY="FALSE">
      <source m_id="1"/>
      <target m_id="33"/>
    </PLOT_LINK>
    <PLOT_LINK r_id="104714" SIGNAL="" relType="FALLING_ACTION" CAUSES="FALSE" CAUSED_BY="FALSE">
      <source m_id="9"/>
      <target m_id="33"/>
    </PLOT_LINK>
    <PLOT_LINK r_id="104715" SIGNAL="" relType="FALLING_ACTION" CAUSES="FALSE" CAUSED_BY="FALSE">
      <source m_id="4"/>
      <target m_id="5"/>
    </PLOT_LINK>
  </Relations>
</Document>
