<?xml version='1.0' encoding='UTF-8'?>
<Document doc_name="22_13ecbplus.xml">
  <token t_id="1" sentence="0" number="0">http</token>
  <token t_id="2" sentence="0" number="1">:</token>
  <token t_id="3" sentence="0" number="2">/</token>
  <token t_id="4" sentence="0" number="3">/</token>
  <token t_id="5" sentence="0" number="4">voices</token>
  <token t_id="6" sentence="0" number="5">.</token>
  <token t_id="7" sentence="0" number="6">yahoo</token>
  <token t_id="8" sentence="0" number="7">.</token>
  <token t_id="9" sentence="0" number="8">com</token>
  <token t_id="10" sentence="0" number="9">/</token>
  <token t_id="11" sentence="0" number="10">krafts</token>
  <token t_id="12" sentence="0" number="11">-</token>
  <token t_id="13" sentence="0" number="12">food</token>
  <token t_id="14" sentence="0" number="13">-</token>
  <token t_id="15" sentence="0" number="14">shooter</token>
  <token t_id="16" sentence="0" number="15">-</token>
  <token t_id="17" sentence="0" number="16">yvonne</token>
  <token t_id="18" sentence="0" number="17">-</token>
  <token t_id="19" sentence="0" number="18">hiller</token>
  <token t_id="20" sentence="0" number="19">-</token>
  <token t_id="21" sentence="0" number="20">charged</token>
  <token t_id="22" sentence="0" number="21">-</token>
  <token t_id="23" sentence="0" number="22">two</token>
  <token t_id="24" sentence="0" number="23">-</token>
  <token t_id="25" sentence="0" number="24">6762404</token>
  <token t_id="26" sentence="0" number="25">.</token>
  <token t_id="27" sentence="0" number="26">html</token>
  <token t_id="28" sentence="0" number="27">?</token>
  <token t_id="29" sentence="0" number="28">cat=17</token>
  <token t_id="30" sentence="1" number="0">Krafts</token>
  <token t_id="31" sentence="1" number="1">Food</token>
  <token t_id="32" sentence="1" number="2">Shooter</token>
  <token t_id="33" sentence="1" number="3">Yvonne</token>
  <token t_id="34" sentence="1" number="4">Hiller</token>
  <token t_id="35" sentence="1" number="5">Charged</token>
  <token t_id="36" sentence="1" number="6">with</token>
  <token t_id="37" sentence="1" number="7">Two</token>
  <token t_id="38" sentence="1" number="8">Counts</token>
  <token t_id="39" sentence="1" number="9">of</token>
  <token t_id="40" sentence="1" number="10">Murder</token>
  <token t_id="41" sentence="2" number="0">Hiller</token>
  <token t_id="42" sentence="2" number="1">Feuded</token>
  <token t_id="43" sentence="2" number="2">with</token>
  <token t_id="44" sentence="2" number="3">Co</token>
  <token t_id="45" sentence="2" number="4">-</token>
  <token t_id="46" sentence="2" number="5">Workers</token>
  <token t_id="47" sentence="2" number="6">Prior</token>
  <token t_id="48" sentence="2" number="7">to</token>
  <token t_id="49" sentence="2" number="8">Shooting</token>
  <token t_id="50" sentence="2" number="9">;</token>
  <token t_id="51" sentence="2" number="10">Risk</token>
  <token t_id="52" sentence="2" number="11">Factors</token>
  <token t_id="53" sentence="2" number="12">and</token>
  <token t_id="54" sentence="2" number="13">Prevention</token>
  <token t_id="55" sentence="2" number="14">of</token>
  <token t_id="56" sentence="2" number="15">Workplace</token>
  <token t_id="57" sentence="2" number="16">Violence</token>
  <token t_id="58" sentence="3" number="0">Sep</token>
  <token t_id="59" sentence="3" number="1">10</token>
  <token t_id="60" sentence="3" number="2">,</token>
  <token t_id="61" sentence="3" number="3">2010</token>
  <token t_id="62" sentence="4" number="0">Yvonne</token>
  <token t_id="63" sentence="4" number="1">Hiller</token>
  <token t_id="64" sentence="4" number="2">,</token>
  <token t_id="65" sentence="4" number="3">a</token>
  <token t_id="66" sentence="4" number="4">suspended</token>
  <token t_id="67" sentence="4" number="5">Kraft</token>
  <token t_id="68" sentence="4" number="6">Foods</token>
  <token t_id="69" sentence="4" number="7">employee</token>
  <token t_id="70" sentence="4" number="8">at</token>
  <token t_id="71" sentence="4" number="9">the</token>
  <token t_id="72" sentence="4" number="10">company's</token>
  <token t_id="73" sentence="4" number="11">Philadelphia</token>
  <token t_id="74" sentence="4" number="12">factory</token>
  <token t_id="75" sentence="4" number="13">,</token>
  <token t_id="76" sentence="4" number="14">returned</token>
  <token t_id="77" sentence="4" number="15">Thursday</token>
  <token t_id="78" sentence="4" number="16">evening</token>
  <token t_id="79" sentence="4" number="17">,</token>
  <token t_id="80" sentence="4" number="18">gunned</token>
  <token t_id="81" sentence="4" number="19">down</token>
  <token t_id="82" sentence="4" number="20">two</token>
  <token t_id="83" sentence="4" number="21">women</token>
  <token t_id="84" sentence="4" number="22">and</token>
  <token t_id="85" sentence="4" number="23">leaving</token>
  <token t_id="86" sentence="4" number="24">a</token>
  <token t_id="87" sentence="4" number="25">man</token>
  <token t_id="88" sentence="4" number="26">wounded</token>
  <token t_id="89" sentence="4" number="27">with</token>
  <token t_id="90" sentence="4" number="28">shots</token>
  <token t_id="91" sentence="4" number="29">to</token>
  <token t_id="92" sentence="4" number="30">the</token>
  <token t_id="93" sentence="4" number="31">neck</token>
  <token t_id="94" sentence="4" number="32">and</token>
  <token t_id="95" sentence="4" number="33">shoulder</token>
  <token t_id="96" sentence="4" number="34">.</token>
  <token t_id="97" sentence="5" number="0">Another</token>
  <token t_id="98" sentence="5" number="1">man</token>
  <token t_id="99" sentence="5" number="2">was</token>
  <token t_id="100" sentence="5" number="3">also</token>
  <token t_id="101" sentence="5" number="4">injured</token>
  <token t_id="102" sentence="5" number="5">but</token>
  <token t_id="103" sentence="5" number="6">not</token>
  <token t_id="104" sentence="5" number="7">seriously</token>
  <token t_id="105" sentence="5" number="8">.</token>
  <token t_id="106" sentence="6" number="0">A</token>
  <token t_id="107" sentence="6" number="1">few</token>
  <token t_id="108" sentence="6" number="2">minutes</token>
  <token t_id="109" sentence="6" number="3">after</token>
  <token t_id="110" sentence="6" number="4">being</token>
  <token t_id="111" sentence="6" number="5">escorted</token>
  <token t_id="112" sentence="6" number="6">from</token>
  <token t_id="113" sentence="6" number="7">the</token>
  <token t_id="114" sentence="6" number="8">facility</token>
  <token t_id="115" sentence="6" number="9">by</token>
  <token t_id="116" sentence="6" number="10">security</token>
  <token t_id="117" sentence="6" number="11">,</token>
  <token t_id="118" sentence="6" number="12">Hiller</token>
  <token t_id="119" sentence="6" number="13">drove</token>
  <token t_id="120" sentence="6" number="14">her</token>
  <token t_id="121" sentence="6" number="15">car</token>
  <token t_id="122" sentence="6" number="16">through</token>
  <token t_id="123" sentence="6" number="17">a</token>
  <token t_id="124" sentence="6" number="18">security</token>
  <token t_id="125" sentence="6" number="19">barrier</token>
  <token t_id="126" sentence="6" number="20">and</token>
  <token t_id="127" sentence="6" number="21">entered</token>
  <token t_id="128" sentence="6" number="22">where</token>
  <token t_id="129" sentence="6" number="23">roughly</token>
  <token t_id="130" sentence="6" number="24">100</token>
  <token t_id="131" sentence="6" number="25">people</token>
  <token t_id="132" sentence="6" number="26">were</token>
  <token t_id="133" sentence="6" number="27">.</token>
  <token t_id="134" sentence="7" number="0">According</token>
  <token t_id="135" sentence="7" number="1">to</token>
  <token t_id="136" sentence="7" number="2">the</token>
  <token t_id="137" sentence="7" number="3">Philadelphia</token>
  <token t_id="138" sentence="7" number="4">Inquirer</token>
  <token t_id="139" sentence="7" number="5">,</token>
  <token t_id="140" sentence="7" number="6">she</token>
  <token t_id="141" sentence="7" number="7">was</token>
  <token t_id="142" sentence="7" number="8">carrying</token>
  <token t_id="143" sentence="7" number="9">a</token>
  <token t_id="144" sentence="7" number="10">.</token>
  <token t_id="145" sentence="7" number="11">357</token>
  <token t_id="146" sentence="7" number="12">Magnum</token>
  <token t_id="147" sentence="7" number="13">handgun</token>
  <token t_id="148" sentence="7" number="14">.</token>
  <token t_id="149" sentence="8" number="0">According</token>
  <token t_id="150" sentence="8" number="1">to</token>
  <token t_id="151" sentence="8" number="2">the</token>
  <token t_id="152" sentence="8" number="3">Huffington</token>
  <token t_id="153" sentence="8" number="4">Post</token>
  <token t_id="154" sentence="8" number="5">,</token>
  <token t_id="155" sentence="8" number="6">police</token>
  <token t_id="156" sentence="8" number="7">say</token>
  <token t_id="157" sentence="8" number="8">Hiller</token>
  <token t_id="158" sentence="8" number="9">feuded</token>
  <token t_id="159" sentence="8" number="10">with</token>
  <token t_id="160" sentence="8" number="11">her</token>
  <token t_id="161" sentence="8" number="12">victims</token>
  <token t_id="162" sentence="8" number="13">prior</token>
  <token t_id="163" sentence="8" number="14">to</token>
  <token t_id="164" sentence="8" number="15">their</token>
  <token t_id="165" sentence="8" number="16">shooting</token>
  <token t_id="166" sentence="8" number="17">deaths</token>
  <token t_id="167" sentence="8" number="18">.</token>
  <token t_id="168" sentence="9" number="0">Hiller</token>
  <token t_id="169" sentence="9" number="1">made</token>
  <token t_id="170" sentence="9" number="2">her</token>
  <token t_id="171" sentence="9" number="3">way</token>
  <token t_id="172" sentence="9" number="4">to</token>
  <token t_id="173" sentence="9" number="5">the</token>
  <token t_id="174" sentence="9" number="6">third</token>
  <token t_id="175" sentence="9" number="7">-</token>
  <token t_id="176" sentence="9" number="8">floor</token>
  <token t_id="177" sentence="9" number="9">mixing</token>
  <token t_id="178" sentence="9" number="10">room</token>
  <token t_id="179" sentence="9" number="11">where</token>
  <token t_id="180" sentence="9" number="12">she</token>
  <token t_id="181" sentence="9" number="13">worked</token>
  <token t_id="182" sentence="9" number="14">,</token>
  <token t_id="183" sentence="9" number="15">located</token>
  <token t_id="184" sentence="9" number="16">her</token>
  <token t_id="185" sentence="9" number="17">victims</token>
  <token t_id="186" sentence="9" number="18">in</token>
  <token t_id="187" sentence="9" number="19">the</token>
  <token t_id="188" sentence="9" number="20">break</token>
  <token t_id="189" sentence="9" number="21">room</token>
  <token t_id="190" sentence="9" number="22">,</token>
  <token t_id="191" sentence="9" number="23">and</token>
  <token t_id="192" sentence="9" number="24">opened</token>
  <token t_id="193" sentence="9" number="25">fire</token>
  <token t_id="194" sentence="9" number="26">.</token>
  <token t_id="195" sentence="10" number="0">She</token>
  <token t_id="196" sentence="10" number="1">also</token>
  <token t_id="197" sentence="10" number="2">fired</token>
  <token t_id="198" sentence="10" number="3">through</token>
  <token t_id="199" sentence="10" number="4">a</token>
  <token t_id="200" sentence="10" number="5">wall</token>
  <token t_id="201" sentence="10" number="6">at</token>
  <token t_id="202" sentence="10" number="7">police</token>
  <token t_id="203" sentence="10" number="8">officers</token>
  <token t_id="204" sentence="10" number="9">but</token>
  <token t_id="205" sentence="10" number="10">none</token>
  <token t_id="206" sentence="10" number="11">were</token>
  <token t_id="207" sentence="10" number="12">hit</token>
  <token t_id="208" sentence="10" number="13">.</token>
  <token t_id="209" sentence="11" number="0">The</token>
  <token t_id="210" sentence="11" number="1">SWAT</token>
  <token t_id="211" sentence="11" number="2">team</token>
  <token t_id="212" sentence="11" number="3">apprehended</token>
  <token t_id="213" sentence="11" number="4">Yvonne</token>
  <token t_id="214" sentence="11" number="5">Hiller</token>
  <token t_id="215" sentence="11" number="6">while</token>
  <token t_id="216" sentence="11" number="7">she</token>
  <token t_id="217" sentence="11" number="8">hid</token>
  <token t_id="218" sentence="11" number="9">in</token>
  <token t_id="219" sentence="11" number="10">a</token>
  <token t_id="220" sentence="11" number="11">second</token>
  <token t_id="221" sentence="11" number="12">-</token>
  <token t_id="222" sentence="11" number="13">floor</token>
  <token t_id="223" sentence="11" number="14">office</token>
  <token t_id="224" sentence="11" number="15">and</token>
  <token t_id="225" sentence="11" number="16">she</token>
  <token t_id="226" sentence="11" number="17">has</token>
  <token t_id="227" sentence="11" number="18">been</token>
  <token t_id="228" sentence="11" number="19">charged</token>
  <token t_id="229" sentence="11" number="20">with</token>
  <token t_id="230" sentence="11" number="21">two</token>
  <token t_id="231" sentence="11" number="22">counts</token>
  <token t_id="232" sentence="11" number="23">of</token>
  <token t_id="233" sentence="11" number="24">murder</token>
  <token t_id="234" sentence="11" number="25">.</token>
  <token t_id="235" sentence="12" number="0">Kraft</token>
  <token t_id="236" sentence="12" number="1">has</token>
  <token t_id="237" sentence="12" number="2">closed</token>
  <token t_id="238" sentence="12" number="3">the</token>
  <token t_id="239" sentence="12" number="4">Philadelphia</token>
  <token t_id="240" sentence="12" number="5">factory</token>
  <token t_id="241" sentence="12" number="6">until</token>
  <token t_id="242" sentence="12" number="7">further</token>
  <token t_id="243" sentence="12" number="8">notice</token>
  <token t_id="244" sentence="12" number="9">.</token>
  <token t_id="245" sentence="13" number="0">Kraft</token>
  <token t_id="246" sentence="13" number="1">Food's</token>
  <token t_id="247" sentence="13" number="2">Susan</token>
  <token t_id="248" sentence="13" number="3">Davison</token>
  <token t_id="249" sentence="13" number="4">said</token>
  <token t_id="250" sentence="13" number="5">,</token>
  <token t_id="251" sentence="13" number="6">"This</token>
  <token t_id="252" sentence="13" number="7">is</token>
  <token t_id="253" sentence="13" number="8">a</token>
  <token t_id="254" sentence="13" number="9">tragic</token>
  <token t_id="255" sentence="13" number="10">loss</token>
  <token t_id="256" sentence="13" number="11">for</token>
  <token t_id="257" sentence="13" number="12">all</token>
  <token t_id="258" sentence="13" number="13">of</token>
  <token t_id="259" sentence="13" number="14">us</token>
  <token t_id="260" sentence="13" number="15">.</token>
  <token t_id="261" sentence="14" number="0">To</token>
  <token t_id="262" sentence="14" number="1">assist</token>
  <token t_id="263" sentence="14" number="2">our</token>
  <token t_id="264" sentence="14" number="3">employees</token>
  <token t_id="265" sentence="14" number="4">,</token>
  <token t_id="266" sentence="14" number="5">we</token>
  <token t_id="267" sentence="14" number="6">will</token>
  <token t_id="268" sentence="14" number="7">be</token>
  <token t_id="269" sentence="14" number="8">providing</token>
  <token t_id="270" sentence="14" number="9">counseling</token>
  <token t_id="271" sentence="14" number="10">services</token>
  <token t_id="272" sentence="14" number="11">at</token>
  <token t_id="273" sentence="14" number="12">the</token>
  <token t_id="274" sentence="14" number="13">facility</token>
  <token t_id="275" sentence="14" number="14">.</token>
  <token t_id="276" sentence="15" number="0">At</token>
  <token t_id="277" sentence="15" number="1">this</token>
  <token t_id="278" sentence="15" number="2">time</token>
  <token t_id="279" sentence="15" number="3">,</token>
  <token t_id="280" sentence="15" number="4">we</token>
  <token t_id="281" sentence="15" number="5">are</token>
  <token t_id="282" sentence="15" number="6">still</token>
  <token t_id="283" sentence="15" number="7">trying</token>
  <token t_id="284" sentence="15" number="8">to</token>
  <token t_id="285" sentence="15" number="9">confirm</token>
  <token t_id="286" sentence="15" number="10">the</token>
  <token t_id="287" sentence="15" number="11">facts</token>
  <token t_id="288" sentence="15" number="12">.</token>
  <token t_id="289" sentence="15" number="13">"</token>
  <token t_id="290" sentence="16" number="0">Davison</token>
  <token t_id="291" sentence="16" number="1">added</token>
  <token t_id="292" sentence="16" number="2">,</token>
  <token t_id="293" sentence="16" number="3">"We</token>
  <token t_id="294" sentence="16" number="4">again</token>
  <token t_id="295" sentence="16" number="5">express</token>
  <token t_id="296" sentence="16" number="6">our</token>
  <token t_id="297" sentence="16" number="7">deepest</token>
  <token t_id="298" sentence="16" number="8">condolences</token>
  <token t_id="299" sentence="16" number="9">to</token>
  <token t_id="300" sentence="16" number="10">the</token>
  <token t_id="301" sentence="16" number="11">families</token>
  <token t_id="302" sentence="16" number="12">who</token>
  <token t_id="303" sentence="16" number="13">have</token>
  <token t_id="304" sentence="16" number="14">been</token>
  <token t_id="305" sentence="16" number="15">touched</token>
  <token t_id="306" sentence="16" number="16">by</token>
  <token t_id="307" sentence="16" number="17">this</token>
  <token t_id="308" sentence="16" number="18">tragedy</token>
  <token t_id="309" sentence="16" number="19">.</token>
  <token t_id="310" sentence="16" number="20">"</token>
  <Markables>
    <ACTION_OCCURRENCE m_id="29" comment="" climaxEvent="FALSE">
      <token_anchor t_id="90"/>
    </ACTION_OCCURRENCE>
    <ACTION_OCCURRENCE m_id="1" climaxEvent="TRUE" comment="">
      <token_anchor t_id="40"/>
    </ACTION_OCCURRENCE>
    <ACTION_OCCURRENCE m_id="2" comment="" climaxEvent="FALSE">
      <token_anchor t_id="212"/>
    </ACTION_OCCURRENCE>
    <ACTION_OCCURRENCE m_id="3" comment="" climaxEvent="FALSE">
      <token_anchor t_id="217"/>
    </ACTION_OCCURRENCE>
    <ACTION_OCCURRENCE m_id="4" comment="" climaxEvent="FALSE">
      <token_anchor t_id="228"/>
    </ACTION_OCCURRENCE>
    <ACTION_OCCURRENCE m_id="5" comment="" climaxEvent="FALSE">
      <token_anchor t_id="233"/>
    </ACTION_OCCURRENCE>
    <ACTION_OCCURRENCE m_id="6" comment="" climaxEvent="FALSE">
      <token_anchor t_id="35"/>
    </ACTION_OCCURRENCE>
    <ACTION_OCCURRENCE m_id="7" comment="" climaxEvent="FALSE">
      <token_anchor t_id="80"/>
      <token_anchor t_id="81"/>
    </ACTION_OCCURRENCE>
    <ACTION_OCCURRENCE m_id="8" comment="" climaxEvent="FALSE">
      <token_anchor t_id="85"/>
    </ACTION_OCCURRENCE>
    <ACTION_OCCURRENCE m_id="9" comment="" climaxEvent="FALSE">
      <token_anchor t_id="88"/>
    </ACTION_OCCURRENCE>
    <ACTION_OCCURRENCE m_id="10" comment="" climaxEvent="FALSE">
      <token_anchor t_id="66"/>
    </ACTION_OCCURRENCE>
    <ACTION_OCCURRENCE m_id="11" comment="" climaxEvent="FALSE">
      <token_anchor t_id="76"/>
    </ACTION_OCCURRENCE>
    <HUMAN_PART_ORG m_id="12">
      <token_anchor t_id="210"/>
      <token_anchor t_id="211"/>
    </HUMAN_PART_ORG>
    <HUMAN_PART_PER m_id="13" comment="">
      <token_anchor t_id="62"/>
      <token_anchor t_id="63"/>
    </HUMAN_PART_PER>
    <HUMAN_PART_PER m_id="14" comment="">
      <token_anchor t_id="69"/>
    </HUMAN_PART_PER>
    <HUMAN_PART_PER m_id="15" comment="">
      <token_anchor t_id="83"/>
    </HUMAN_PART_PER>
    <HUMAN_PART_PER m_id="16" comment="">
      <token_anchor t_id="87"/>
    </HUMAN_PART_PER>
    <HUMAN_PART_PER m_id="17" comment="">
      <token_anchor t_id="213"/>
      <token_anchor t_id="214"/>
    </HUMAN_PART_PER>
    <HUMAN_PART_PER m_id="18" comment="">
      <token_anchor t_id="216"/>
    </HUMAN_PART_PER>
    <HUMAN_PART_PER m_id="19" comment="">
      <token_anchor t_id="225"/>
    </HUMAN_PART_PER>
    <HUMAN_PART_PER m_id="20" comment="">
      <token_anchor t_id="33"/>
      <token_anchor t_id="34"/>
    </HUMAN_PART_PER>
    <LOC_FAC m_id="21">
      <token_anchor t_id="73"/>
      <token_anchor t_id="74"/>
    </LOC_FAC>
    <LOC_FAC m_id="22">
      <token_anchor t_id="218"/>
      <token_anchor t_id="219"/>
      <token_anchor t_id="220"/>
      <token_anchor t_id="221"/>
      <token_anchor t_id="222"/>
      <token_anchor t_id="223"/>
    </LOC_FAC>
    <LOC_OTHER m_id="23">
      <token_anchor t_id="93"/>
    </LOC_OTHER>
    <LOC_OTHER m_id="24">
      <token_anchor t_id="95"/>
    </LOC_OTHER>
    <NON_HUMAN_PART m_id="25" comment="">
      <token_anchor t_id="38"/>
    </NON_HUMAN_PART>
    <NON_HUMAN_PART m_id="26" comment="">
      <token_anchor t_id="231"/>
    </NON_HUMAN_PART>
    <TIME_DATE m_id="27" comment="" DCT="TRUE" value="2010-09-10" anchorTimeID="27">
      <token_anchor t_id="58"/>
      <token_anchor t_id="59"/>
      <token_anchor t_id="60"/>
      <token_anchor t_id="61"/>
    </TIME_DATE>
    <TIME_OF_THE_DAY m_id="28" DCT="FALSE" value="2010-09-09" anchorTimeID="27">
      <token_anchor t_id="77"/>
      <token_anchor t_id="78"/>
    </TIME_OF_THE_DAY>
    <ACTION_OCCURRENCE m_id="30" RELATED_TO="" TAG_DESCRIPTOR="t22_suspended" comment="" climaxEvent="FALSE"/>
    <LOC_FAC m_id="31" RELATED_TO="" TAG_DESCRIPTOR="t22_kraft"/>
    <ACTION_OCCURRENCE m_id="32" RELATED_TO="" TAG_DESCRIPTOR="t22_returned" comment="" climaxEvent="FALSE"/>
    <HUMAN_PART_PER m_id="33" RELATED_TO="" TAG_DESCRIPTOR="t22_one_wounded" comment=""/>
    <TIME_OF_THE_DAY m_id="34" RELATED_TO="" TAG_DESCRIPTOR="t22_thursday_night" value="" anchorTimeID="" DCT="FALSE"/>
    <HUMAN_PART_PER m_id="35" RELATED_TO="" TAG_DESCRIPTOR="t22_two_killed" comment=""/>
    <ACTION_OCCURRENCE m_id="36" RELATED_TO="" TAG_DESCRIPTOR="t22_killing" comment="" climaxEvent="FALSE"/>
    <ACTION_OCCURRENCE m_id="37" RELATED_TO="" TAG_DESCRIPTOR="t22_charged" comment="" climaxEvent="FALSE"/>
    <NON_HUMAN_PART m_id="38" RELATED_TO="" TAG_DESCRIPTOR="t22_charges" comment=""/>
    <ACTION_OCCURRENCE m_id="39" RELATED_TO="" TAG_DESCRIPTOR="t22_wounded" comment="" climaxEvent="FALSE"/>
    <LOC_FAC m_id="40" RELATED_TO="" TAG_DESCRIPTOR="t22_office"/>
    <ACTION_OCCURRENCE m_id="41" RELATED_TO="" TAG_DESCRIPTOR="t22_murder" comment="" climaxEvent="FALSE"/>
    <ACTION_OCCURRENCE m_id="42" RELATED_TO="" TAG_DESCRIPTOR="t22_shooting" comment="" climaxEvent="FALSE"/>
    <HUMAN_PART_PER m_id="43" RELATED_TO="" TAG_DESCRIPTOR="t22_yvonne_hiller" comment=""/>
  </Markables>
  <Relations>
    <TLINK r_id="123300" contextualModality="" relType="CONTAINS" comment="">
      <source m_id="27"/>
      <target m_id="6"/>
    </TLINK>
    <TLINK r_id="123301" contextualModality="" relType="AFTER" comment="">
      <source m_id="27"/>
      <target m_id="1"/>
    </TLINK>
    <TLINK r_id="123302" contextualModality="" relType="AFTER" comment="">
      <source m_id="27"/>
      <target m_id="10"/>
    </TLINK>
    <TLINK r_id="123303" contextualModality="" relType="AFTER" comment="">
      <source m_id="27"/>
      <target m_id="11"/>
    </TLINK>
    <TLINK r_id="123304" contextualModality="" relType="AFTER" comment="">
      <source m_id="27"/>
      <target m_id="7"/>
    </TLINK>
    <TLINK r_id="123306" contextualModality="" relType="AFTER" comment="">
      <source m_id="27"/>
      <target m_id="29"/>
    </TLINK>
    <TLINK r_id="123307" contextualModality="" relType="CONTAINS" comment="">
      <source m_id="27"/>
      <target m_id="2"/>
    </TLINK>
    <TLINK r_id="123308" contextualModality="" relType="CONTAINS" comment="">
      <source m_id="27"/>
      <target m_id="3"/>
    </TLINK>
    <TLINK r_id="123309" contextualModality="" relType="CONTAINS" comment="">
      <source m_id="27"/>
      <target m_id="4"/>
    </TLINK>
    <TLINK r_id="123310" contextualModality="" relType="AFTER" comment="">
      <source m_id="27"/>
      <target m_id="5"/>
    </TLINK>
    <TLINK r_id="123311" contextualModality="" relType="BEFORE" comment="">
      <source m_id="28"/>
      <target m_id="6"/>
    </TLINK>
    <TLINK r_id="123312" contextualModality="" relType="CONTAINS" comment="">
      <source m_id="28"/>
      <target m_id="1"/>
    </TLINK>
    <TLINK r_id="123313" contextualModality="" relType="AFTER" comment="">
      <source m_id="28"/>
      <target m_id="10"/>
    </TLINK>
    <TLINK r_id="123314" contextualModality="" relType="CONTAINS" comment="">
      <source m_id="28"/>
      <target m_id="11"/>
    </TLINK>
    <TLINK r_id="123315" contextualModality="" relType="CONTAINS" comment="">
      <source m_id="28"/>
      <target m_id="7"/>
    </TLINK>
    <TLINK r_id="123316" contextualModality="" relType="CONTAINS" comment="">
      <source m_id="28"/>
      <target m_id="9"/>
    </TLINK>
    <TLINK r_id="123317" contextualModality="" relType="CONTAINS" comment="">
      <source m_id="28"/>
      <target m_id="29"/>
    </TLINK>
    <TLINK r_id="123318" contextualModality="" relType="BEFORE" comment="">
      <source m_id="28"/>
      <target m_id="2"/>
    </TLINK>
    <TLINK r_id="123319" contextualModality="" relType="BEFORE" comment="">
      <source m_id="28"/>
      <target m_id="3"/>
    </TLINK>
    <TLINK r_id="123320" contextualModality="" relType="BEFORE" comment="">
      <source m_id="28"/>
      <target m_id="4"/>
    </TLINK>
    <TLINK r_id="123321" contextualModality="" relType="CONTAINS" comment="">
      <source m_id="28"/>
      <target m_id="5"/>
    </TLINK>
    <PLOT_LINK r_id="123322" SIGNAL="" relType="FALLING_ACTION" CAUSES="FALSE" CAUSED_BY="FALSE">
      <source m_id="6"/>
      <target m_id="1"/>
    </PLOT_LINK>
    <PLOT_LINK r_id="123323" SIGNAL="" relType="PRECONDITION" CAUSES="FALSE" CAUSED_BY="FALSE">
      <source m_id="10"/>
      <target m_id="11"/>
    </PLOT_LINK>
    <PLOT_LINK r_id="123324" SIGNAL="" relType="PRECONDITION" CAUSES="FALSE" CAUSED_BY="FALSE">
      <source m_id="7"/>
      <target m_id="9"/>
    </PLOT_LINK>
    <PLOT_LINK r_id="123325" SIGNAL="" relType="FALLING_ACTION" CAUSES="FALSE" CAUSED_BY="FALSE">
      <source m_id="9"/>
      <target m_id="29"/>
    </PLOT_LINK>
    <PLOT_LINK r_id="123326" SIGNAL="" relType="FALLING_ACTION" CAUSES="FALSE" CAUSED_BY="FALSE">
      <source m_id="2"/>
      <target m_id="3"/>
    </PLOT_LINK>
    <PLOT_LINK r_id="123327" SIGNAL="" relType="FALLING_ACTION" CAUSES="FALSE" CAUSED_BY="FALSE">
      <source m_id="4"/>
      <target m_id="5"/>
    </PLOT_LINK>
  </Relations>
</Document>
