<?xml version='1.0' encoding='UTF-8'?>
<Document doc_name="22_11ecbplus.xml">
  <token t_id="1" sentence="0" number="0">http</token>
  <token t_id="2" sentence="0" number="1">:</token>
  <token t_id="3" sentence="0" number="2">/</token>
  <token t_id="4" sentence="0" number="3">/</token>
  <token t_id="5" sentence="0" number="4">www</token>
  <token t_id="6" sentence="0" number="5">.</token>
  <token t_id="7" sentence="0" number="6">forbes</token>
  <token t_id="8" sentence="0" number="7">.</token>
  <token t_id="9" sentence="0" number="8">com</token>
  <token t_id="10" sentence="0" number="9">/</token>
  <token t_id="11" sentence="0" number="10">sites</token>
  <token t_id="12" sentence="0" number="11">/</token>
  <token t_id="13" sentence="0" number="12">jennagoudreau</token>
  <token t_id="14" sentence="0" number="13">/</token>
  <token t_id="15" sentence="0" number="14">2010</token>
  <token t_id="16" sentence="0" number="15">/</token>
  <token t_id="17" sentence="0" number="16">09</token>
  <token t_id="18" sentence="0" number="17">/</token>
  <token t_id="19" sentence="0" number="18">10</token>
  <token t_id="20" sentence="0" number="19">/</token>
  <token t_id="21" sentence="0" number="20">female</token>
  <token t_id="22" sentence="0" number="21">-</token>
  <token t_id="23" sentence="0" number="22">shooter</token>
  <token t_id="24" sentence="0" number="23">-</token>
  <token t_id="25" sentence="0" number="24">yvonne</token>
  <token t_id="26" sentence="0" number="25">-</token>
  <token t_id="27" sentence="0" number="26">hiller</token>
  <token t_id="28" sentence="0" number="27">-</token>
  <token t_id="29" sentence="0" number="28">kills</token>
  <token t_id="30" sentence="0" number="29">-</token>
  <token t_id="31" sentence="0" number="30">two</token>
  <token t_id="32" sentence="0" number="31">-</token>
  <token t_id="33" sentence="0" number="32">at</token>
  <token t_id="34" sentence="0" number="33">-</token>
  <token t_id="35" sentence="0" number="34">kraft</token>
  <token t_id="36" sentence="0" number="35">-</token>
  <token t_id="37" sentence="0" number="36">shooting</token>
  <token t_id="38" sentence="0" number="37">/</token>
  <token t_id="39" sentence="1" number="0">9</token>
  <token t_id="40" sentence="1" number="1">/</token>
  <token t_id="41" sentence="1" number="2">10</token>
  <token t_id="42" sentence="1" number="3">/</token>
  <token t_id="43" sentence="1" number="4">2010</token>
  <token t_id="44" sentence="1" number="5">@</token>
  <token t_id="45" sentence="1" number="6">1</token>
  <token t_id="46" sentence="1" number="7">:</token>
  <token t_id="47" sentence="1" number="8">19PM</token>
  <token t_id="48" sentence="2" number="0">Female</token>
  <token t_id="49" sentence="2" number="1">Employee</token>
  <token t_id="50" sentence="2" number="2">Yvonne</token>
  <token t_id="51" sentence="2" number="3">Hiller</token>
  <token t_id="52" sentence="2" number="4">Kills</token>
  <token t_id="53" sentence="2" number="5">Two</token>
  <token t_id="54" sentence="2" number="6">In</token>
  <token t_id="55" sentence="2" number="7">Kraft</token>
  <token t_id="56" sentence="2" number="8">Shooting</token>
  <token t_id="57" sentence="3" number="0">In</token>
  <token t_id="58" sentence="3" number="1">a</token>
  <token t_id="59" sentence="3" number="2">sad</token>
  <token t_id="60" sentence="3" number="3">and</token>
  <token t_id="61" sentence="3" number="4">surprising</token>
  <token t_id="62" sentence="3" number="5">reversal</token>
  <token t_id="63" sentence="3" number="6">of</token>
  <token t_id="64" sentence="3" number="7">gender</token>
  <token t_id="65" sentence="3" number="8">roles</token>
  <token t_id="66" sentence="3" number="9">,</token>
  <token t_id="67" sentence="3" number="10">a</token>
  <token t_id="68" sentence="3" number="11">disgruntled</token>
  <token t_id="69" sentence="3" number="12">woman</token>
  <token t_id="70" sentence="3" number="13">opened</token>
  <token t_id="71" sentence="3" number="14">fire</token>
  <token t_id="72" sentence="3" number="15">at</token>
  <token t_id="73" sentence="3" number="16">a</token>
  <token t_id="74" sentence="3" number="17">Kraft</token>
  <token t_id="75" sentence="3" number="18">factory</token>
  <token t_id="76" sentence="3" number="19">in</token>
  <token t_id="77" sentence="3" number="20">Philadelphia</token>
  <token t_id="78" sentence="3" number="21">last</token>
  <token t_id="79" sentence="3" number="22">night</token>
  <token t_id="80" sentence="3" number="23">,</token>
  <token t_id="81" sentence="3" number="24">killing</token>
  <token t_id="82" sentence="3" number="25">two</token>
  <token t_id="83" sentence="3" number="26">workers</token>
  <token t_id="84" sentence="3" number="27">and</token>
  <token t_id="85" sentence="3" number="28">wounding</token>
  <token t_id="86" sentence="3" number="29">two</token>
  <token t_id="87" sentence="3" number="30">others</token>
  <token t_id="88" sentence="3" number="31">.</token>
  <token t_id="89" sentence="4" number="0">The</token>
  <token t_id="90" sentence="4" number="1">shooting</token>
  <token t_id="91" sentence="4" number="2">happened</token>
  <token t_id="92" sentence="4" number="3">moments</token>
  <token t_id="93" sentence="4" number="4">after</token>
  <token t_id="94" sentence="4" number="5">the</token>
  <token t_id="95" sentence="4" number="6">employee</token>
  <token t_id="96" sentence="4" number="7">,</token>
  <token t_id="97" sentence="4" number="8">Yvonne</token>
  <token t_id="98" sentence="4" number="9">Hiller</token>
  <token t_id="99" sentence="4" number="10">,</token>
  <token t_id="100" sentence="4" number="11">was</token>
  <token t_id="101" sentence="4" number="12">suspended</token>
  <token t_id="102" sentence="4" number="13">from</token>
  <token t_id="103" sentence="4" number="14">her</token>
  <token t_id="104" sentence="4" number="15">job</token>
  <token t_id="105" sentence="4" number="16">at</token>
  <token t_id="106" sentence="4" number="17">Kraft</token>
  <token t_id="107" sentence="4" number="18">,</token>
  <token t_id="108" sentence="4" number="19">where</token>
  <token t_id="109" sentence="4" number="20">she</token>
  <token t_id="110" sentence="4" number="21">’</token>
  <token t_id="111" sentence="4" number="22">d</token>
  <token t_id="112" sentence="4" number="23">worked</token>
  <token t_id="113" sentence="4" number="24">for</token>
  <token t_id="114" sentence="4" number="25">15</token>
  <token t_id="115" sentence="4" number="26">years</token>
  <token t_id="116" sentence="4" number="27">,</token>
  <token t_id="117" sentence="4" number="28">the</token>
  <token t_id="118" sentence="4" number="29">Daily</token>
  <token t_id="119" sentence="4" number="30">News</token>
  <token t_id="120" sentence="4" number="31">reports</token>
  <token t_id="121" sentence="4" number="32">.</token>
  <token t_id="122" sentence="5" number="0">After</token>
  <token t_id="123" sentence="5" number="1">being</token>
  <token t_id="124" sentence="5" number="2">escorted</token>
  <token t_id="125" sentence="5" number="3">from</token>
  <token t_id="126" sentence="5" number="4">the</token>
  <token t_id="127" sentence="5" number="5">snack</token>
  <token t_id="128" sentence="5" number="6">plant</token>
  <token t_id="129" sentence="5" number="7">,</token>
  <token t_id="130" sentence="5" number="8">she</token>
  <token t_id="131" sentence="5" number="9">re</token>
  <token t_id="132" sentence="5" number="10">-</token>
  <token t_id="133" sentence="5" number="11">entered</token>
  <token t_id="134" sentence="5" number="12">10</token>
  <token t_id="135" sentence="5" number="13">minutes</token>
  <token t_id="136" sentence="5" number="14">later</token>
  <token t_id="137" sentence="5" number="15">with</token>
  <token t_id="138" sentence="5" number="16">a</token>
  <token t_id="139" sentence="5" number="17">handgun</token>
  <token t_id="140" sentence="5" number="18">.</token>
  <token t_id="141" sentence="6" number="0">About</token>
  <token t_id="142" sentence="6" number="1">100</token>
  <token t_id="143" sentence="6" number="2">people</token>
  <token t_id="144" sentence="6" number="3">were</token>
  <token t_id="145" sentence="6" number="4">in</token>
  <token t_id="146" sentence="6" number="5">the</token>
  <token t_id="147" sentence="6" number="6">building</token>
  <token t_id="148" sentence="6" number="7">when</token>
  <token t_id="149" sentence="6" number="8">she</token>
  <token t_id="150" sentence="6" number="9">began</token>
  <token t_id="151" sentence="6" number="10">shooting</token>
  <token t_id="152" sentence="6" number="11">.</token>
  <token t_id="153" sentence="7" number="0">Hiller</token>
  <token t_id="154" sentence="7" number="1">was</token>
  <token t_id="155" sentence="7" number="2">taken</token>
  <token t_id="156" sentence="7" number="3">into</token>
  <token t_id="157" sentence="7" number="4">custody</token>
  <token t_id="158" sentence="7" number="5">after</token>
  <token t_id="159" sentence="7" number="6">a</token>
  <token t_id="160" sentence="7" number="7">standoff</token>
  <token t_id="161" sentence="7" number="8">with</token>
  <token t_id="162" sentence="7" number="9">the</token>
  <token t_id="163" sentence="7" number="10">SWAT</token>
  <token t_id="164" sentence="7" number="11">team</token>
  <token t_id="165" sentence="7" number="12">.</token>
  <token t_id="166" sentence="8" number="0">A</token>
  <token t_id="167" sentence="8" number="1">Kraft</token>
  <token t_id="168" sentence="8" number="2">representative</token>
  <token t_id="169" sentence="8" number="3">confirmed</token>
  <token t_id="170" sentence="8" number="4">Hiller</token>
  <token t_id="171" sentence="8" number="5">is</token>
  <token t_id="172" sentence="8" number="6">now</token>
  <token t_id="173" sentence="8" number="7">in</token>
  <token t_id="174" sentence="8" number="8">police</token>
  <token t_id="175" sentence="8" number="9">custody</token>
  <token t_id="176" sentence="8" number="10">and</token>
  <token t_id="177" sentence="8" number="11">that</token>
  <token t_id="178" sentence="8" number="12">one</token>
  <token t_id="179" sentence="8" number="13">of</token>
  <token t_id="180" sentence="8" number="14">the</token>
  <token t_id="181" sentence="8" number="15">wounded</token>
  <token t_id="182" sentence="8" number="16">employees</token>
  <token t_id="183" sentence="8" number="17">is</token>
  <token t_id="184" sentence="8" number="18">in</token>
  <token t_id="185" sentence="8" number="19">the</token>
  <token t_id="186" sentence="8" number="20">hospital</token>
  <token t_id="187" sentence="8" number="21">.</token>
  <token t_id="188" sentence="9" number="0">“</token>
  <token t_id="189" sentence="9" number="1">This</token>
  <token t_id="190" sentence="9" number="2">is</token>
  <token t_id="191" sentence="9" number="3">a</token>
  <token t_id="192" sentence="9" number="4">sad</token>
  <token t_id="193" sentence="9" number="5">time</token>
  <token t_id="194" sentence="9" number="6">for</token>
  <token t_id="195" sentence="9" number="7">the</token>
  <token t_id="196" sentence="9" number="8">Kraft</token>
  <token t_id="197" sentence="9" number="9">Foods</token>
  <token t_id="198" sentence="9" number="10">family</token>
  <token t_id="199" sentence="9" number="11">,</token>
  <token t_id="200" sentence="9" number="12">”</token>
  <token t_id="201" sentence="9" number="13">a</token>
  <token t_id="202" sentence="9" number="14">statement</token>
  <token t_id="203" sentence="9" number="15">reads</token>
  <token t_id="204" sentence="9" number="16">.</token>
  <token t_id="205" sentence="10" number="0">“</token>
  <token t_id="206" sentence="10" number="1">We</token>
  <token t_id="207" sentence="10" number="2">are</token>
  <token t_id="208" sentence="10" number="3">working</token>
  <token t_id="209" sentence="10" number="4">closely</token>
  <token t_id="210" sentence="10" number="5">with</token>
  <token t_id="211" sentence="10" number="6">the</token>
  <token t_id="212" sentence="10" number="7">authorities</token>
  <token t_id="213" sentence="10" number="8">as</token>
  <token t_id="214" sentence="10" number="9">they</token>
  <token t_id="215" sentence="10" number="10">investigate</token>
  <token t_id="216" sentence="10" number="11">this</token>
  <token t_id="217" sentence="10" number="12">situation</token>
  <token t_id="218" sentence="10" number="13">,</token>
  <token t_id="219" sentence="10" number="14">and</token>
  <token t_id="220" sentence="10" number="15">our</token>
  <token t_id="221" sentence="10" number="16">facility</token>
  <token t_id="222" sentence="10" number="17">is</token>
  <token t_id="223" sentence="10" number="18">closed</token>
  <token t_id="224" sentence="10" number="19">until</token>
  <token t_id="225" sentence="10" number="20">further</token>
  <token t_id="226" sentence="10" number="21">notice</token>
  <token t_id="227" sentence="10" number="22">.</token>
  <token t_id="228" sentence="10" number="23">”</token>
  <token t_id="229" sentence="11" number="0">Unfortunately</token>
  <token t_id="230" sentence="11" number="1">,</token>
  <token t_id="231" sentence="11" number="2">the</token>
  <token t_id="232" sentence="11" number="3">most</token>
  <token t_id="233" sentence="11" number="4">surprising</token>
  <token t_id="234" sentence="11" number="5">aspect</token>
  <token t_id="235" sentence="11" number="6">of</token>
  <token t_id="236" sentence="11" number="7">this</token>
  <token t_id="237" sentence="11" number="8">incident</token>
  <token t_id="238" sentence="11" number="9">is</token>
  <token t_id="239" sentence="11" number="10">the</token>
  <token t_id="240" sentence="11" number="11">shooter</token>
  <token t_id="241" sentence="11" number="12">’</token>
  <token t_id="242" sentence="11" number="13">s</token>
  <token t_id="243" sentence="11" number="14">gender</token>
  <token t_id="244" sentence="11" number="15">.</token>
  <token t_id="245" sentence="12" number="0">Women</token>
  <token t_id="246" sentence="12" number="1">shooters</token>
  <token t_id="247" sentence="12" number="2">are</token>
  <token t_id="248" sentence="12" number="3">rare</token>
  <token t_id="249" sentence="12" number="4">but</token>
  <token t_id="250" sentence="12" number="5">may</token>
  <token t_id="251" sentence="12" number="6">be</token>
  <token t_id="252" sentence="12" number="7">on</token>
  <token t_id="253" sentence="12" number="8">the</token>
  <token t_id="254" sentence="12" number="9">rise</token>
  <token t_id="255" sentence="12" number="10">.</token>
  <token t_id="256" sentence="13" number="0">In</token>
  <token t_id="257" sentence="13" number="1">February</token>
  <token t_id="258" sentence="13" number="2">,</token>
  <token t_id="259" sentence="13" number="3">a</token>
  <token t_id="260" sentence="13" number="4">woman</token>
  <token t_id="261" sentence="13" number="5">opened</token>
  <token t_id="262" sentence="13" number="6">fire</token>
  <token t_id="263" sentence="13" number="7">at</token>
  <token t_id="264" sentence="13" number="8">the</token>
  <token t_id="265" sentence="13" number="9">University</token>
  <token t_id="266" sentence="13" number="10">of</token>
  <token t_id="267" sentence="13" number="11">Alabama</token>
  <token t_id="268" sentence="13" number="12">,</token>
  <token t_id="269" sentence="13" number="13">killing</token>
  <token t_id="270" sentence="13" number="14">three</token>
  <token t_id="271" sentence="13" number="15">and</token>
  <token t_id="272" sentence="13" number="16">injuring</token>
  <token t_id="273" sentence="13" number="17">several</token>
  <token t_id="274" sentence="13" number="18">others</token>
  <token t_id="275" sentence="13" number="19">.</token>
  <token t_id="276" sentence="14" number="0">Reportedly</token>
  <token t_id="277" sentence="14" number="1">,</token>
  <token t_id="278" sentence="14" number="2">she</token>
  <token t_id="279" sentence="14" number="3">was</token>
  <token t_id="280" sentence="14" number="4">a</token>
  <token t_id="281" sentence="14" number="5">professor</token>
  <token t_id="282" sentence="14" number="6">whose</token>
  <token t_id="283" sentence="14" number="7">tenure</token>
  <token t_id="284" sentence="14" number="8">had</token>
  <token t_id="285" sentence="14" number="9">been</token>
  <token t_id="286" sentence="14" number="10">denied</token>
  <token t_id="287" sentence="14" number="11">.</token>
  <token t_id="288" sentence="15" number="0">Two</token>
  <token t_id="289" sentence="15" number="1">years</token>
  <token t_id="290" sentence="15" number="2">ago</token>
  <token t_id="291" sentence="15" number="3">,</token>
  <token t_id="292" sentence="15" number="4">a</token>
  <token t_id="293" sentence="15" number="5">female</token>
  <token t_id="294" sentence="15" number="6">college</token>
  <token t_id="295" sentence="15" number="7">student</token>
  <token t_id="296" sentence="15" number="8">committed</token>
  <token t_id="297" sentence="15" number="9">a</token>
  <token t_id="298" sentence="15" number="10">shooting</token>
  <token t_id="299" sentence="15" number="11">at</token>
  <token t_id="300" sentence="15" number="12">a</token>
  <token t_id="301" sentence="15" number="13">Louisiana</token>
  <token t_id="302" sentence="15" number="14">college</token>
  <token t_id="303" sentence="15" number="15">.</token>
  <Markables>
    <ACTION_ASPECTUAL m_id="1" comment="">
      <token_anchor t_id="150"/>
    </ACTION_ASPECTUAL>
    <ACTION_OCCURRENCE m_id="2" comment="" climaxEvent="FALSE">
      <token_anchor t_id="101"/>
    </ACTION_OCCURRENCE>
    <ACTION_OCCURRENCE m_id="3" comment="" climaxEvent="FALSE">
      <token_anchor t_id="112"/>
    </ACTION_OCCURRENCE>
    <ACTION_OCCURRENCE m_id="4" comment="" climaxEvent="FALSE">
      <token_anchor t_id="91"/>
    </ACTION_OCCURRENCE>
    <ACTION_OCCURRENCE m_id="5" comment="" climaxEvent="FALSE">
      <token_anchor t_id="62"/>
    </ACTION_OCCURRENCE>
    <ACTION_OCCURRENCE m_id="6" comment="" climaxEvent="FALSE">
      <token_anchor t_id="104"/>
    </ACTION_OCCURRENCE>
    <ACTION_OCCURRENCE m_id="7" climaxEvent="TRUE" comment="">
      <token_anchor t_id="52"/>
    </ACTION_OCCURRENCE>
    <ACTION_OCCURRENCE m_id="8" comment="" climaxEvent="FALSE">
      <token_anchor t_id="56"/>
    </ACTION_OCCURRENCE>
    <ACTION_OCCURRENCE m_id="9" comment="" climaxEvent="FALSE">
      <token_anchor t_id="70"/>
      <token_anchor t_id="71"/>
    </ACTION_OCCURRENCE>
    <ACTION_OCCURRENCE m_id="10" comment="" climaxEvent="FALSE">
      <token_anchor t_id="81"/>
    </ACTION_OCCURRENCE>
    <ACTION_OCCURRENCE m_id="11" comment="" climaxEvent="FALSE">
      <token_anchor t_id="85"/>
    </ACTION_OCCURRENCE>
    <ACTION_OCCURRENCE m_id="12" comment="" climaxEvent="FALSE">
      <token_anchor t_id="90"/>
    </ACTION_OCCURRENCE>
    <ACTION_OCCURRENCE m_id="13" comment="" climaxEvent="FALSE">
      <token_anchor t_id="151"/>
    </ACTION_OCCURRENCE>
    <ACTION_REPORTING m_id="14">
      <token_anchor t_id="120"/>
    </ACTION_REPORTING>
    <HUMAN_PART_ORG m_id="15">
      <token_anchor t_id="106"/>
    </HUMAN_PART_ORG>
    <HUMAN_PART_ORG m_id="16">
      <token_anchor t_id="118"/>
      <token_anchor t_id="119"/>
    </HUMAN_PART_ORG>
    <HUMAN_PART_PER m_id="17" comment="">
      <token_anchor t_id="50"/>
      <token_anchor t_id="51"/>
    </HUMAN_PART_PER>
    <HUMAN_PART_PER m_id="18" comment="">
      <token_anchor t_id="69"/>
    </HUMAN_PART_PER>
    <HUMAN_PART_PER m_id="19" comment="">
      <token_anchor t_id="83"/>
    </HUMAN_PART_PER>
    <HUMAN_PART_PER m_id="20" comment="">
      <token_anchor t_id="87"/>
    </HUMAN_PART_PER>
    <HUMAN_PART_PER m_id="21" comment="">
      <token_anchor t_id="97"/>
      <token_anchor t_id="98"/>
    </HUMAN_PART_PER>
    <HUMAN_PART_PER m_id="22" comment="">
      <token_anchor t_id="103"/>
    </HUMAN_PART_PER>
    <HUMAN_PART_PER m_id="23" comment="">
      <token_anchor t_id="109"/>
    </HUMAN_PART_PER>
    <HUMAN_PART_PER m_id="24" comment="">
      <token_anchor t_id="143"/>
    </HUMAN_PART_PER>
    <HUMAN_PART_PER m_id="25" comment="">
      <token_anchor t_id="149"/>
    </HUMAN_PART_PER>
    <HUMAN_PART_PER m_id="26" comment="">
      <token_anchor t_id="53"/>
    </HUMAN_PART_PER>
    <LOC_FAC m_id="27">
      <token_anchor t_id="72"/>
      <token_anchor t_id="73"/>
      <token_anchor t_id="74"/>
      <token_anchor t_id="75"/>
      <token_anchor t_id="76"/>
      <token_anchor t_id="77"/>
    </LOC_FAC>
    <LOC_FAC m_id="28">
      <token_anchor t_id="147"/>
    </LOC_FAC>
    <NON_HUMAN_PART m_id="29" comment="">
      <token_anchor t_id="65"/>
    </NON_HUMAN_PART>
    <TIME_DURATION m_id="30" value="" anchorTimeID="" begin="" endPoint="">
      <token_anchor t_id="114"/>
      <token_anchor t_id="115"/>
    </TIME_DURATION>
    <TIME_OF_THE_DAY m_id="31" DCT="TRUE" value="2010-09-10T13:19" anchorTimeID="31">
      <token_anchor t_id="39"/>
      <token_anchor t_id="40"/>
      <token_anchor t_id="41"/>
      <token_anchor t_id="42"/>
      <token_anchor t_id="43"/>
      <token_anchor t_id="44"/>
      <token_anchor t_id="45"/>
      <token_anchor t_id="46"/>
      <token_anchor t_id="47"/>
    </TIME_OF_THE_DAY>
    <TIME_OF_THE_DAY m_id="32" DCT="FALSE" value="2010-09-09" anchorTimeID="31">
      <token_anchor t_id="78"/>
      <token_anchor t_id="79"/>
    </TIME_OF_THE_DAY>
    <ACTION_OCCURRENCE m_id="33" RELATED_TO="" TAG_DESCRIPTOR="t22_killing" comment="" climaxEvent="FALSE"/>
    <HUMAN_PART_PER m_id="34" RELATED_TO="" TAG_DESCRIPTOR="t22_two_killed" comment=""/>
    <HUMAN_PART_PER m_id="35" RELATED_TO="" TAG_DESCRIPTOR="t22_yvonne_hiller" comment=""/>
    <ACTION_OCCURRENCE m_id="36" RELATED_TO="" TAG_DESCRIPTOR="t22_shooting" comment="" climaxEvent="FALSE"/>
    <ACTION_OCCURRENCE m_id="37" RELATED_TO="" TAG_DESCRIPTOR="t22_took_place" comment="" climaxEvent="FALSE"/>
    <ACTION_OCCURRENCE m_id="38" RELATED_TO="" TAG_DESCRIPTOR="t22_job" comment="" climaxEvent="FALSE"/>
    <ACTION_OCCURRENCE m_id="39" RELATED_TO="" TAG_DESCRIPTOR="t22_opened_fire" comment="" climaxEvent="FALSE"/>
    <ACTION_OCCURRENCE m_id="40" RELATED_TO="" TAG_DESCRIPTOR="t22_suspended" comment="" climaxEvent="FALSE"/>
    <LOC_FAC m_id="41" RELATED_TO="" TAG_DESCRIPTOR="t22_kraft"/>
    <HUMAN_PART_PER m_id="42" RELATED_TO="" TAG_DESCRIPTOR="t22_one_wounded" comment=""/>
    <ACTION_OCCURRENCE m_id="43" RELATED_TO="" TAG_DESCRIPTOR="t22_wounded" comment="" climaxEvent="FALSE"/>
    <TIME_OF_THE_DAY m_id="44" RELATED_TO="" TAG_DESCRIPTOR="t22_thursday_night" value="" anchorTimeID="" DCT="FALSE"/>
  </Markables>
  <Relations>
    <TLINK r_id="123226" contextualModality="" relType="CONTAINS" comment="">
      <source m_id="32"/>
      <target m_id="7"/>
    </TLINK>
    <TLINK r_id="123227" contextualModality="" relType="CONTAINS" comment="">
      <source m_id="32"/>
      <target m_id="8"/>
    </TLINK>
    <TLINK r_id="123229" contextualModality="" relType="CONTAINS" comment="">
      <source m_id="32"/>
      <target m_id="9"/>
    </TLINK>
    <TLINK r_id="123230" contextualModality="" relType="CONTAINS" comment="">
      <source m_id="32"/>
      <target m_id="10"/>
    </TLINK>
    <TLINK r_id="123231" contextualModality="" relType="CONTAINS" comment="">
      <source m_id="32"/>
      <target m_id="11"/>
    </TLINK>
    <TLINK r_id="123232" contextualModality="" relType="CONTAINS" comment="">
      <source m_id="32"/>
      <target m_id="12"/>
    </TLINK>
    <TLINK r_id="123233" contextualModality="" relType="AFTER" comment="">
      <source m_id="32"/>
      <target m_id="2"/>
    </TLINK>
    <TLINK r_id="123234" contextualModality="" relType="AFTER" comment="">
      <source m_id="32"/>
      <target m_id="6"/>
    </TLINK>
    <TLINK r_id="123235" contextualModality="" relType="AFTER" comment="">
      <source m_id="32"/>
      <target m_id="3"/>
    </TLINK>
    <TLINK r_id="123236" contextualModality="" relType="CONTAINS" comment="">
      <source m_id="32"/>
      <target m_id="1"/>
    </TLINK>
    <TLINK r_id="123237" contextualModality="" relType="CONTAINS" comment="">
      <source m_id="32"/>
      <target m_id="13"/>
    </TLINK>
    <PLOT_LINK r_id="123238" SIGNAL="" relType="FALLING_ACTION" CAUSES="FALSE" CAUSED_BY="FALSE">
      <source m_id="7"/>
      <target m_id="8"/>
    </PLOT_LINK>
    <PLOT_LINK r_id="123239" SIGNAL="" relType="PRECONDITION" CAUSES="FALSE" CAUSED_BY="FALSE">
      <source m_id="9"/>
      <target m_id="10"/>
    </PLOT_LINK>
    <PLOT_LINK r_id="123240" SIGNAL="" relType="PRECONDITION" CAUSES="FALSE" CAUSED_BY="FALSE">
      <source m_id="9"/>
      <target m_id="11"/>
    </PLOT_LINK>
    <PLOT_LINK r_id="123241" SIGNAL="" relType="FALLING_ACTION" CAUSES="FALSE" CAUSED_BY="FALSE">
      <source m_id="12"/>
      <target m_id="2"/>
    </PLOT_LINK>
    <PLOT_LINK r_id="123242" SIGNAL="" relType="PRECONDITION" CAUSES="FALSE" CAUSED_BY="FALSE">
      <source m_id="2"/>
      <target m_id="13"/>
    </PLOT_LINK>
  </Relations>
</Document>
