<?xml version='1.0' encoding='UTF-8'?>
<Document doc_name="22_14ecbplus.xml">
  <token t_id="1" sentence="0" number="0">http</token>
  <token t_id="2" sentence="0" number="1">:</token>
  <token t_id="3" sentence="0" number="2">/</token>
  <token t_id="4" sentence="0" number="3">/</token>
  <token t_id="5" sentence="0" number="4">news4allz</token>
  <token t_id="6" sentence="0" number="5">.</token>
  <token t_id="7" sentence="0" number="6">blogspot</token>
  <token t_id="8" sentence="0" number="7">.</token>
  <token t_id="9" sentence="0" number="8">nl</token>
  <token t_id="10" sentence="0" number="9">/</token>
  <token t_id="11" sentence="0" number="10">2010</token>
  <token t_id="12" sentence="0" number="11">/</token>
  <token t_id="13" sentence="0" number="12">09</token>
  <token t_id="14" sentence="0" number="13">/</token>
  <token t_id="15" sentence="0" number="14">kraft</token>
  <token t_id="16" sentence="0" number="15">-</token>
  <token t_id="17" sentence="0" number="16">shooting</token>
  <token t_id="18" sentence="0" number="17">-</token>
  <token t_id="19" sentence="0" number="18">yvonne</token>
  <token t_id="20" sentence="0" number="19">-</token>
  <token t_id="21" sentence="0" number="20">hiller</token>
  <token t_id="22" sentence="0" number="21">-</token>
  <token t_id="23" sentence="0" number="22">charged</token>
  <token t_id="24" sentence="0" number="23">.</token>
  <token t_id="25" sentence="0" number="24">html</token>
  <token t_id="26" sentence="1" number="0">11</token>
  <token t_id="27" sentence="1" number="1">/</token>
  <token t_id="28" sentence="1" number="2">09</token>
  <token t_id="29" sentence="1" number="3">/</token>
  <token t_id="30" sentence="1" number="4">2010</token>
  <token t_id="31" sentence="2" number="0">Kraft</token>
  <token t_id="32" sentence="2" number="1">Shooting</token>
  <token t_id="33" sentence="2" number="2">:</token>
  <token t_id="34" sentence="2" number="3">Yvonne</token>
  <token t_id="35" sentence="2" number="4">Hiller</token>
  <token t_id="36" sentence="2" number="5">Charged</token>
  <token t_id="37" sentence="2" number="6">With</token>
  <token t_id="38" sentence="2" number="7">Two</token>
  <token t_id="39" sentence="2" number="8">Counts</token>
  <token t_id="40" sentence="2" number="9">Of</token>
  <token t_id="41" sentence="2" number="10">Murder</token>
  <token t_id="42" sentence="3" number="0">A</token>
  <token t_id="43" sentence="3" number="1">Kraft</token>
  <token t_id="44" sentence="3" number="2">Foods</token>
  <token t_id="45" sentence="3" number="3">plant</token>
  <token t_id="46" sentence="3" number="4">worker</token>
  <token t_id="47" sentence="3" number="5">who</token>
  <token t_id="48" sentence="3" number="6">had</token>
  <token t_id="49" sentence="3" number="7">been</token>
  <token t_id="50" sentence="3" number="8">suspended</token>
  <token t_id="51" sentence="3" number="9">for</token>
  <token t_id="52" sentence="3" number="10">feuding</token>
  <token t_id="53" sentence="3" number="11">with</token>
  <token t_id="54" sentence="3" number="12">colleagues</token>
  <token t_id="55" sentence="3" number="13">,</token>
  <token t_id="56" sentence="3" number="14">then</token>
  <token t_id="57" sentence="3" number="15">escorted</token>
  <token t_id="58" sentence="3" number="16">from</token>
  <token t_id="59" sentence="3" number="17">the</token>
  <token t_id="60" sentence="3" number="18">building</token>
  <token t_id="61" sentence="3" number="19">,</token>
  <token t_id="62" sentence="3" number="20">returned</token>
  <token t_id="63" sentence="3" number="21">minutes</token>
  <token t_id="64" sentence="3" number="22">later</token>
  <token t_id="65" sentence="3" number="23">with</token>
  <token t_id="66" sentence="3" number="24">a</token>
  <token t_id="67" sentence="3" number="25">handgun</token>
  <token t_id="68" sentence="3" number="26">,</token>
  <token t_id="69" sentence="3" number="27">found</token>
  <token t_id="70" sentence="3" number="28">her</token>
  <token t_id="71" sentence="3" number="29">foes</token>
  <token t_id="72" sentence="3" number="30">in</token>
  <token t_id="73" sentence="3" number="31">a</token>
  <token t_id="74" sentence="3" number="32">break</token>
  <token t_id="75" sentence="3" number="33">room</token>
  <token t_id="76" sentence="3" number="34">and</token>
  <token t_id="77" sentence="3" number="35">executed</token>
  <token t_id="78" sentence="3" number="36">two</token>
  <token t_id="79" sentence="3" number="37">of</token>
  <token t_id="80" sentence="3" number="38">them</token>
  <token t_id="81" sentence="3" number="39">with</token>
  <token t_id="82" sentence="3" number="40">a</token>
  <token t_id="83" sentence="3" number="41">single</token>
  <token t_id="84" sentence="3" number="42">bullet</token>
  <token t_id="85" sentence="3" number="43">each</token>
  <token t_id="86" sentence="3" number="44">and</token>
  <token t_id="87" sentence="3" number="45">critically</token>
  <token t_id="88" sentence="3" number="46">wounded</token>
  <token t_id="89" sentence="3" number="47">a</token>
  <token t_id="90" sentence="3" number="48">third</token>
  <token t_id="91" sentence="3" number="49">,</token>
  <token t_id="92" sentence="3" number="50">police</token>
  <token t_id="93" sentence="3" number="51">said</token>
  <token t_id="94" sentence="3" number="52">Friday</token>
  <token t_id="95" sentence="3" number="53">.</token>
  <token t_id="96" sentence="4" number="0">Yvonne</token>
  <token t_id="97" sentence="4" number="1">Hiller</token>
  <token t_id="98" sentence="4" number="2">,</token>
  <token t_id="99" sentence="4" number="3">43</token>
  <token t_id="100" sentence="4" number="4">,</token>
  <token t_id="101" sentence="4" number="5">had</token>
  <token t_id="102" sentence="4" number="6">gotten</token>
  <token t_id="103" sentence="4" number="7">into</token>
  <token t_id="104" sentence="4" number="8">an</token>
  <token t_id="105" sentence="4" number="9">argument</token>
  <token t_id="106" sentence="4" number="10">Thursday</token>
  <token t_id="107" sentence="4" number="11">evening</token>
  <token t_id="108" sentence="4" number="12">with</token>
  <token t_id="109" sentence="4" number="13">her</token>
  <token t_id="110" sentence="4" number="14">co</token>
  <token t_id="111" sentence="4" number="15">-</token>
  <token t_id="112" sentence="4" number="16">workers</token>
  <token t_id="113" sentence="4" number="17">at</token>
  <token t_id="114" sentence="4" number="18">the</token>
  <token t_id="115" sentence="4" number="19">northeast</token>
  <token t_id="116" sentence="4" number="20">Philadelphia</token>
  <token t_id="117" sentence="4" number="21">plant</token>
  <token t_id="118" sentence="4" number="22">,</token>
  <token t_id="119" sentence="4" number="23">police</token>
  <token t_id="120" sentence="4" number="24">said</token>
  <token t_id="121" sentence="4" number="25">.</token>
  <token t_id="122" sentence="5" number="0">After</token>
  <token t_id="123" sentence="5" number="1">she</token>
  <token t_id="124" sentence="5" number="2">was</token>
  <token t_id="125" sentence="5" number="3">disciplined</token>
  <token t_id="126" sentence="5" number="4">,</token>
  <token t_id="127" sentence="5" number="5">she</token>
  <token t_id="128" sentence="5" number="6">went</token>
  <token t_id="129" sentence="5" number="7">to</token>
  <token t_id="130" sentence="5" number="8">her</token>
  <token t_id="131" sentence="5" number="9">vehicle</token>
  <token t_id="132" sentence="5" number="10">,</token>
  <token t_id="133" sentence="5" number="11">made</token>
  <token t_id="134" sentence="5" number="12">several</token>
  <token t_id="135" sentence="5" number="13">phone</token>
  <token t_id="136" sentence="5" number="14">calls</token>
  <token t_id="137" sentence="5" number="15">,</token>
  <token t_id="138" sentence="5" number="16">and</token>
  <token t_id="139" sentence="5" number="17">then</token>
  <token t_id="140" sentence="5" number="18">grabbed</token>
  <token t_id="141" sentence="5" number="19">a</token>
  <token t_id="142" sentence="5" number="20">.</token>
  <token t_id="143" sentence="5" number="21">357</token>
  <token t_id="144" sentence="5" number="22">Magnum</token>
  <token t_id="145" sentence="5" number="23">and</token>
  <token t_id="146" sentence="5" number="24">used</token>
  <token t_id="147" sentence="5" number="25">it</token>
  <token t_id="148" sentence="5" number="26">to</token>
  <token t_id="149" sentence="5" number="27">force</token>
  <token t_id="150" sentence="5" number="28">her</token>
  <token t_id="151" sentence="5" number="29">way</token>
  <token t_id="152" sentence="5" number="30">past</token>
  <token t_id="153" sentence="5" number="31">security</token>
  <token t_id="154" sentence="5" number="32">guards</token>
  <token t_id="155" sentence="5" number="33">at</token>
  <token t_id="156" sentence="5" number="34">the</token>
  <token t_id="157" sentence="5" number="35">front</token>
  <token t_id="158" sentence="5" number="36">gate</token>
  <token t_id="159" sentence="5" number="37">.</token>
  <token t_id="160" sentence="6" number="0">About</token>
  <token t_id="161" sentence="6" number="1">100</token>
  <token t_id="162" sentence="6" number="2">people</token>
  <token t_id="163" sentence="6" number="3">were</token>
  <token t_id="164" sentence="6" number="4">at</token>
  <token t_id="165" sentence="6" number="5">work</token>
  <token t_id="166" sentence="6" number="6">at</token>
  <token t_id="167" sentence="6" number="7">the</token>
  <token t_id="168" sentence="6" number="8">plant</token>
  <token t_id="169" sentence="6" number="9">,</token>
  <token t_id="170" sentence="6" number="10">which</token>
  <token t_id="171" sentence="6" number="11">makes</token>
  <token t_id="172" sentence="6" number="12">Nabisco</token>
  <token t_id="173" sentence="6" number="13">cookies</token>
  <token t_id="174" sentence="6" number="14">and</token>
  <token t_id="175" sentence="6" number="15">crackers</token>
  <token t_id="176" sentence="6" number="16">.</token>
  <token t_id="177" sentence="7" number="0">Hiller</token>
  <token t_id="178" sentence="7" number="1">walked</token>
  <token t_id="179" sentence="7" number="2">to</token>
  <token t_id="180" sentence="7" number="3">the</token>
  <token t_id="181" sentence="7" number="4">third</token>
  <token t_id="182" sentence="7" number="5">-</token>
  <token t_id="183" sentence="7" number="6">floor</token>
  <token t_id="184" sentence="7" number="7">mixing</token>
  <token t_id="185" sentence="7" number="8">area</token>
  <token t_id="186" sentence="7" number="9">and</token>
  <token t_id="187" sentence="7" number="10">found</token>
  <token t_id="188" sentence="7" number="11">four</token>
  <token t_id="189" sentence="7" number="12">people</token>
  <token t_id="190" sentence="7" number="13">in</token>
  <token t_id="191" sentence="7" number="14">the</token>
  <token t_id="192" sentence="7" number="15">break</token>
  <token t_id="193" sentence="7" number="16">room</token>
  <token t_id="194" sentence="7" number="17">.</token>
  <token t_id="195" sentence="8" number="0">She</token>
  <token t_id="196" sentence="8" number="1">had</token>
  <token t_id="197" sentence="8" number="2">no</token>
  <token t_id="198" sentence="8" number="3">quarrels</token>
  <token t_id="199" sentence="8" number="4">with</token>
  <token t_id="200" sentence="8" number="5">one</token>
  <token t_id="201" sentence="8" number="6">woman</token>
  <token t_id="202" sentence="8" number="7">and</token>
  <token t_id="203" sentence="8" number="8">told</token>
  <token t_id="204" sentence="8" number="9">her</token>
  <token t_id="205" sentence="8" number="10">to</token>
  <token t_id="206" sentence="8" number="11">leave</token>
  <token t_id="207" sentence="8" number="12">.</token>
  <token t_id="208" sentence="9" number="0">She</token>
  <token t_id="209" sentence="9" number="1">then</token>
  <token t_id="210" sentence="9" number="2">opened</token>
  <token t_id="211" sentence="9" number="3">fire</token>
  <token t_id="212" sentence="9" number="4">on</token>
  <token t_id="213" sentence="9" number="5">the</token>
  <token t_id="214" sentence="9" number="6">others</token>
  <token t_id="215" sentence="9" number="7">,</token>
  <token t_id="216" sentence="9" number="8">Philadelphia</token>
  <token t_id="217" sentence="9" number="9">Homicide</token>
  <token t_id="218" sentence="9" number="10">Capt</token>
  <token t_id="219" sentence="9" number="11">.</token>
  <token t_id="220" sentence="9" number="12">James</token>
  <token t_id="221" sentence="9" number="13">Clark</token>
  <token t_id="222" sentence="9" number="14">said</token>
  <token t_id="223" sentence="9" number="15">.</token>
  <token t_id="224" sentence="10" number="0">"She</token>
  <token t_id="225" sentence="10" number="1">believed</token>
  <token t_id="226" sentence="10" number="2">they</token>
  <token t_id="227" sentence="10" number="3">were</token>
  <token t_id="228" sentence="10" number="4">spraying</token>
  <token t_id="229" sentence="10" number="5">chemicals</token>
  <token t_id="230" sentence="10" number="6">at</token>
  <token t_id="231" sentence="10" number="7">her</token>
  <token t_id="232" sentence="10" number="8">,</token>
  <token t_id="233" sentence="10" number="9">saying</token>
  <token t_id="234" sentence="10" number="10">things</token>
  <token t_id="235" sentence="10" number="11">behind</token>
  <token t_id="236" sentence="10" number="12">her</token>
  <token t_id="237" sentence="10" number="13">back</token>
  <token t_id="238" sentence="10" number="14">,</token>
  <token t_id="239" sentence="10" number="15">"</token>
  <token t_id="240" sentence="10" number="16">Clark</token>
  <token t_id="241" sentence="10" number="17">said</token>
  <token t_id="242" sentence="10" number="18">.</token>
  <token t_id="243" sentence="11" number="0">After</token>
  <token t_id="244" sentence="11" number="1">leaving</token>
  <token t_id="245" sentence="11" number="2">the</token>
  <token t_id="246" sentence="11" number="3">break</token>
  <token t_id="247" sentence="11" number="4">room</token>
  <token t_id="248" sentence="11" number="5">,</token>
  <token t_id="249" sentence="11" number="6">Hiller</token>
  <token t_id="250" sentence="11" number="7">went</token>
  <token t_id="251" sentence="11" number="8">down</token>
  <token t_id="252" sentence="11" number="9">a</token>
  <token t_id="253" sentence="11" number="10">hallway</token>
  <token t_id="254" sentence="11" number="11">and</token>
  <token t_id="255" sentence="11" number="12">fired</token>
  <token t_id="256" sentence="11" number="13">shots</token>
  <token t_id="257" sentence="11" number="14">at</token>
  <token t_id="258" sentence="11" number="15">the</token>
  <token t_id="259" sentence="11" number="16">supervisor</token>
  <token t_id="260" sentence="11" number="17">who</token>
  <token t_id="261" sentence="11" number="18">had</token>
  <token t_id="262" sentence="11" number="19">suspended</token>
  <token t_id="263" sentence="11" number="20">her</token>
  <token t_id="264" sentence="11" number="21">and</token>
  <token t_id="265" sentence="11" number="22">at</token>
  <token t_id="266" sentence="11" number="23">a</token>
  <token t_id="267" sentence="11" number="24">mechanic</token>
  <token t_id="268" sentence="11" number="25">who</token>
  <token t_id="269" sentence="11" number="26">was</token>
  <token t_id="270" sentence="11" number="27">using</token>
  <token t_id="271" sentence="11" number="28">a</token>
  <token t_id="272" sentence="11" number="29">walkie</token>
  <token t_id="273" sentence="11" number="30">-</token>
  <token t_id="274" sentence="11" number="31">talkie</token>
  <token t_id="275" sentence="11" number="32">to</token>
  <token t_id="276" sentence="11" number="33">alert</token>
  <token t_id="277" sentence="11" number="34">police</token>
  <token t_id="278" sentence="11" number="35">and</token>
  <token t_id="279" sentence="11" number="36">co</token>
  <token t_id="280" sentence="11" number="37">-</token>
  <token t_id="281" sentence="11" number="38">workers</token>
  <token t_id="282" sentence="11" number="39">to</token>
  <token t_id="283" sentence="11" number="40">her</token>
  <token t_id="284" sentence="11" number="41">whereabouts</token>
  <token t_id="285" sentence="11" number="42">,</token>
  <token t_id="286" sentence="11" number="43">police</token>
  <token t_id="287" sentence="11" number="44">said</token>
  <token t_id="288" sentence="11" number="45">.</token>
  <token t_id="289" sentence="12" number="0">She</token>
  <token t_id="290" sentence="12" number="1">missed</token>
  <token t_id="291" sentence="12" number="2">both</token>
  <token t_id="292" sentence="12" number="3">.</token>
  <token t_id="293" sentence="13" number="0">Hiller</token>
  <token t_id="294" sentence="13" number="1">finally</token>
  <token t_id="295" sentence="13" number="2">went</token>
  <token t_id="296" sentence="13" number="3">to</token>
  <token t_id="297" sentence="13" number="4">a</token>
  <token t_id="298" sentence="13" number="5">second</token>
  <token t_id="299" sentence="13" number="6">-</token>
  <token t_id="300" sentence="13" number="7">floor</token>
  <token t_id="301" sentence="13" number="8">office</token>
  <token t_id="302" sentence="13" number="9">and</token>
  <token t_id="303" sentence="13" number="10">called</token>
  <token t_id="304" sentence="13" number="11">police</token>
  <token t_id="305" sentence="13" number="12">to</token>
  <token t_id="306" sentence="13" number="13">tell</token>
  <token t_id="307" sentence="13" number="14">them</token>
  <token t_id="308" sentence="13" number="15">what</token>
  <token t_id="309" sentence="13" number="16">she</token>
  <token t_id="310" sentence="13" number="17">had</token>
  <token t_id="311" sentence="13" number="18">done</token>
  <token t_id="312" sentence="13" number="19">,</token>
  <token t_id="313" sentence="13" number="20">authorities</token>
  <token t_id="314" sentence="13" number="21">said</token>
  <token t_id="315" sentence="13" number="22">.</token>
  <token t_id="316" sentence="14" number="0">Seven</token>
  <token t_id="317" sentence="14" number="1">other</token>
  <token t_id="318" sentence="14" number="2">workers</token>
  <token t_id="319" sentence="14" number="3">were</token>
  <token t_id="320" sentence="14" number="4">hiding</token>
  <token t_id="321" sentence="14" number="5">in</token>
  <token t_id="322" sentence="14" number="6">a</token>
  <token t_id="323" sentence="14" number="7">closet</token>
  <token t_id="324" sentence="14" number="8">nearby</token>
  <token t_id="325" sentence="14" number="9">.</token>
  <token t_id="326" sentence="15" number="0">Cpl</token>
  <token t_id="327" sentence="15" number="1">.</token>
  <token t_id="328" sentence="15" number="2">Janice</token>
  <token t_id="329" sentence="15" number="3">Leader</token>
  <token t_id="330" sentence="15" number="4">,</token>
  <token t_id="331" sentence="15" number="5">a</token>
  <token t_id="332" sentence="15" number="6">911</token>
  <token t_id="333" sentence="15" number="7">dispatcher</token>
  <token t_id="334" sentence="15" number="8">,</token>
  <token t_id="335" sentence="15" number="9">told</token>
  <token t_id="336" sentence="15" number="10">reporters</token>
  <token t_id="337" sentence="15" number="11">Friday</token>
  <token t_id="338" sentence="15" number="12">that</token>
  <token t_id="339" sentence="15" number="13">Hiller</token>
  <token t_id="340" sentence="15" number="14">called</token>
  <token t_id="341" sentence="15" number="15">911</token>
  <token t_id="342" sentence="15" number="16">,</token>
  <token t_id="343" sentence="15" number="17">saying</token>
  <token t_id="344" sentence="15" number="18">"I'm</token>
  <token t_id="345" sentence="15" number="19">the</token>
  <token t_id="346" sentence="15" number="20">one</token>
  <token t_id="347" sentence="15" number="21">you're</token>
  <token t_id="348" sentence="15" number="22">looking</token>
  <token t_id="349" sentence="15" number="23">for"</token>
  <token t_id="350" sentence="15" number="24">and</token>
  <token t_id="351" sentence="15" number="25">reporting</token>
  <token t_id="352" sentence="15" number="26">that</token>
  <token t_id="353" sentence="15" number="27">she</token>
  <token t_id="354" sentence="15" number="28">had</token>
  <token t_id="355" sentence="15" number="29">been</token>
  <token t_id="356" sentence="15" number="30">harassed</token>
  <token t_id="357" sentence="15" number="31">at</token>
  <token t_id="358" sentence="15" number="32">work</token>
  <token t_id="359" sentence="15" number="33">.</token>
  <token t_id="360" sentence="16" number="0">Keeping</token>
  <token t_id="361" sentence="16" number="1">her</token>
  <token t_id="362" sentence="16" number="2">on</token>
  <token t_id="363" sentence="16" number="3">the</token>
  <token t_id="364" sentence="16" number="4">line</token>
  <token t_id="365" sentence="16" number="5">,</token>
  <token t_id="366" sentence="16" number="6">Leader</token>
  <token t_id="367" sentence="16" number="7">said</token>
  <token t_id="368" sentence="16" number="8">she</token>
  <token t_id="369" sentence="16" number="9">told</token>
  <token t_id="370" sentence="16" number="10">Hiller</token>
  <token t_id="371" sentence="16" number="11">to</token>
  <token t_id="372" sentence="16" number="12">put</token>
  <token t_id="373" sentence="16" number="13">the</token>
  <token t_id="374" sentence="16" number="14">gun</token>
  <token t_id="375" sentence="16" number="15">down</token>
  <token t_id="376" sentence="16" number="16">and</token>
  <token t_id="377" sentence="16" number="17">place</token>
  <token t_id="378" sentence="16" number="18">her</token>
  <token t_id="379" sentence="16" number="19">hands</token>
  <token t_id="380" sentence="16" number="20">on</token>
  <token t_id="381" sentence="16" number="21">her</token>
  <token t_id="382" sentence="16" number="22">head</token>
  <token t_id="383" sentence="16" number="23">so</token>
  <token t_id="384" sentence="16" number="24">officers</token>
  <token t_id="385" sentence="16" number="25">wouldn't</token>
  <token t_id="386" sentence="16" number="26">take</token>
  <token t_id="387" sentence="16" number="27">any</token>
  <token t_id="388" sentence="16" number="28">aggressive</token>
  <token t_id="389" sentence="16" number="29">action</token>
  <token t_id="390" sentence="16" number="30">against</token>
  <token t_id="391" sentence="16" number="31">her</token>
  <token t_id="392" sentence="16" number="32">.</token>
  <Markables>
    <ACTION_OCCURRENCE m_id="1" comment="" climaxEvent="FALSE">
      <token_anchor t_id="77"/>
    </ACTION_OCCURRENCE>
    <ACTION_OCCURRENCE m_id="2" comment="" climaxEvent="FALSE">
      <token_anchor t_id="88"/>
    </ACTION_OCCURRENCE>
    <ACTION_OCCURRENCE m_id="3" comment="" climaxEvent="FALSE">
      <token_anchor t_id="210"/>
      <token_anchor t_id="211"/>
    </ACTION_OCCURRENCE>
    <ACTION_OCCURRENCE m_id="4" comment="" climaxEvent="FALSE">
      <token_anchor t_id="32"/>
    </ACTION_OCCURRENCE>
    <ACTION_OCCURRENCE m_id="5" comment="" climaxEvent="FALSE">
      <token_anchor t_id="36"/>
    </ACTION_OCCURRENCE>
    <ACTION_OCCURRENCE m_id="6" climaxEvent="TRUE" comment="">
      <token_anchor t_id="41"/>
    </ACTION_OCCURRENCE>
    <ACTION_OCCURRENCE m_id="7" comment="" climaxEvent="FALSE">
      <token_anchor t_id="50"/>
    </ACTION_OCCURRENCE>
    <ACTION_OCCURRENCE m_id="8" comment="" climaxEvent="FALSE">
      <token_anchor t_id="52"/>
    </ACTION_OCCURRENCE>
    <ACTION_OCCURRENCE m_id="9" comment="" climaxEvent="FALSE">
      <token_anchor t_id="57"/>
    </ACTION_OCCURRENCE>
    <ACTION_OCCURRENCE m_id="10" comment="" climaxEvent="FALSE">
      <token_anchor t_id="62"/>
    </ACTION_OCCURRENCE>
    <ACTION_OCCURRENCE m_id="11" comment="" climaxEvent="FALSE">
      <token_anchor t_id="69"/>
    </ACTION_OCCURRENCE>
    <ACTION_REPORTING m_id="12">
      <token_anchor t_id="222"/>
    </ACTION_REPORTING>
    <ACTION_REPORTING m_id="13">
      <token_anchor t_id="93"/>
    </ACTION_REPORTING>
    <HUMAN_PART_ORG m_id="14">
      <token_anchor t_id="216"/>
      <token_anchor t_id="217"/>
    </HUMAN_PART_ORG>
    <HUMAN_PART_PER m_id="31" comment="">
      <token_anchor t_id="71"/>
    </HUMAN_PART_PER>
    <HUMAN_PART_PER m_id="15" comment="">
      <token_anchor t_id="34"/>
      <token_anchor t_id="35"/>
    </HUMAN_PART_PER>
    <HUMAN_PART_PER m_id="16" comment="">
      <token_anchor t_id="46"/>
    </HUMAN_PART_PER>
    <HUMAN_PART_PER m_id="17" comment="">
      <token_anchor t_id="54"/>
    </HUMAN_PART_PER>
    <HUMAN_PART_PER m_id="18" comment="">
      <token_anchor t_id="92"/>
    </HUMAN_PART_PER>
    <HUMAN_PART_PER m_id="19" comment="">
      <token_anchor t_id="78"/>
    </HUMAN_PART_PER>
    <HUMAN_PART_PER m_id="20" comment="">
      <token_anchor t_id="208"/>
    </HUMAN_PART_PER>
    <HUMAN_PART_PER m_id="21" comment="">
      <token_anchor t_id="214"/>
    </HUMAN_PART_PER>
    <HUMAN_PART_PER m_id="22" comment="">
      <token_anchor t_id="220"/>
      <token_anchor t_id="221"/>
    </HUMAN_PART_PER>
    <HUMAN_PART_PER m_id="23" comment="">
      <token_anchor t_id="90"/>
    </HUMAN_PART_PER>
    <LOC_FAC m_id="24">
      <token_anchor t_id="59"/>
      <token_anchor t_id="60"/>
    </LOC_FAC>
    <LOC_FAC m_id="25">
      <token_anchor t_id="72"/>
      <token_anchor t_id="73"/>
      <token_anchor t_id="74"/>
      <token_anchor t_id="75"/>
    </LOC_FAC>
    <NON_HUMAN_PART m_id="26" comment="">
      <token_anchor t_id="39"/>
    </NON_HUMAN_PART>
    <NON_HUMAN_PART m_id="27" comment="">
      <token_anchor t_id="67"/>
    </NON_HUMAN_PART>
    <NON_HUMAN_PART m_id="28" comment="">
      <token_anchor t_id="84"/>
    </NON_HUMAN_PART>
    <TIME_DATE m_id="29" comment="" DCT="FALSE" value="2010-09-10" anchorTimeID="30">
      <token_anchor t_id="94"/>
    </TIME_DATE>
    <TIME_DATE m_id="30" comment="" DCT="TRUE" value="2010-09-11" anchorTimeID="30">
      <token_anchor t_id="26"/>
      <token_anchor t_id="27"/>
      <token_anchor t_id="28"/>
      <token_anchor t_id="29"/>
      <token_anchor t_id="30"/>
    </TIME_DATE>
    <TIME_DURATION m_id="32" value="" anchorTimeID="" begin="" endPoint="">
      <token_anchor t_id="63"/>
      <token_anchor t_id="64"/>
    </TIME_DURATION>
    <ACTION_OCCURRENCE m_id="33" RELATED_TO="" TAG_DESCRIPTOR="t22_killing" comment="" climaxEvent="FALSE"/>
    <LOC_FAC m_id="34" RELATED_TO="" TAG_DESCRIPTOR="t22_kraft"/>
    <ACTION_OCCURRENCE m_id="35" RELATED_TO="" TAG_DESCRIPTOR="t22_returned" comment="" climaxEvent="FALSE"/>
    <HUMAN_PART_PER m_id="36" RELATED_TO="" TAG_DESCRIPTOR="t22_one_wounded" comment=""/>
    <NON_HUMAN_PART m_id="37" RELATED_TO="" TAG_DESCRIPTOR="t22_gun" comment=""/>
    <ACTION_REPORTING m_id="38" RELATED_TO="" TAG_DESCRIPTOR="t22_police_chief_said"/>
    <LOC_FAC m_id="39" RELATED_TO="" TAG_DESCRIPTOR="t22_break_room"/>
    <ACTION_OCCURRENCE m_id="40" RELATED_TO="" TAG_DESCRIPTOR="t22_charged" comment="" climaxEvent="FALSE"/>
    <TIME_DATE m_id="41" RELATED_TO="" TAG_DESCRIPTOR="t22_friday_police_said" value="" anchorTimeID="" DCT="FALSE" comment=""/>
    <ACTION_OCCURRENCE m_id="42" RELATED_TO="" TAG_DESCRIPTOR="t22_escorted" comment="" climaxEvent="FALSE"/>
    <HUMAN_PART_PER m_id="43" RELATED_TO="" TAG_DESCRIPTOR="t22_police" comment=""/>
    <NON_HUMAN_PART m_id="44" RELATED_TO="" TAG_DESCRIPTOR="t22_charges" comment=""/>
    <ACTION_OCCURRENCE m_id="45" RELATED_TO="" TAG_DESCRIPTOR="t22_wounded" comment="" climaxEvent="FALSE"/>
    <HUMAN_PART_PER m_id="46" RELATED_TO="" TAG_DESCRIPTOR="t22_yvonne_hiller" comment=""/>
    <ACTION_OCCURRENCE m_id="47" RELATED_TO="" TAG_DESCRIPTOR="t22_suspended" comment="" climaxEvent="FALSE"/>
    <ACTION_OCCURRENCE m_id="48" RELATED_TO="" TAG_DESCRIPTOR="t22_fighting_with_coworkers" comment="" climaxEvent="FALSE"/>
    <ACTION_OCCURRENCE m_id="49" RELATED_TO="" TAG_DESCRIPTOR="t22_opened_fire" comment="" climaxEvent="FALSE"/>
    <HUMAN_PART_PER m_id="50" RELATED_TO="" TAG_DESCRIPTOR="t22_victims" comment=""/>
    <ACTION_OCCURRENCE m_id="51" RELATED_TO="" TAG_DESCRIPTOR="t22_murder" comment="" climaxEvent="FALSE"/>
    <ACTION_OCCURRENCE m_id="52" RELATED_TO="" TAG_DESCRIPTOR="t22_shooting" comment="" climaxEvent="FALSE"/>
    <ACTION_REPORTING m_id="53" RELATED_TO="" TAG_DESCRIPTOR="t22_police_said"/>
    <NON_HUMAN_PART m_id="54" RELATED_TO="" TAG_DESCRIPTOR="t22_bullet_each" comment=""/>
    <TIME_DURATION m_id="55" RELATED_TO="" TAG_DESCRIPTOR="t22_minutes" value="" anchorTimeID="" begin="" endPoint=""/>
    <HUMAN_PART_PER m_id="56" RELATED_TO="" TAG_DESCRIPTOR="t22_chief_clark" comment=""/>
    <HUMAN_PART_PER m_id="57" RELATED_TO="" TAG_DESCRIPTOR="t22_two_killed" comment=""/>
  </Markables>
  <Relations>
    <TLINK r_id="123328" contextualModality="" relType="AFTER" comment="">
      <source m_id="30"/>
      <target m_id="4"/>
    </TLINK>
    <TLINK r_id="123329" contextualModality="" relType="AFTER" comment="">
      <source m_id="30"/>
      <target m_id="5"/>
    </TLINK>
    <TLINK r_id="123330" contextualModality="" relType="AFTER" comment="">
      <source m_id="30"/>
      <target m_id="6"/>
    </TLINK>
    <TLINK r_id="123331" contextualModality="" relType="AFTER" comment="">
      <source m_id="30"/>
      <target m_id="7"/>
    </TLINK>
    <TLINK r_id="123332" contextualModality="" relType="AFTER" comment="">
      <source m_id="30"/>
      <target m_id="8"/>
    </TLINK>
    <TLINK r_id="123333" contextualModality="" relType="AFTER" comment="">
      <source m_id="30"/>
      <target m_id="9"/>
    </TLINK>
    <TLINK r_id="123334" contextualModality="" relType="AFTER" comment="">
      <source m_id="30"/>
      <target m_id="10"/>
    </TLINK>
    <TLINK r_id="123335" contextualModality="" relType="AFTER" comment="">
      <source m_id="30"/>
      <target m_id="11"/>
    </TLINK>
    <TLINK r_id="123336" contextualModality="" relType="AFTER" comment="">
      <source m_id="30"/>
      <target m_id="1"/>
    </TLINK>
    <TLINK r_id="123337" contextualModality="" relType="AFTER" comment="">
      <source m_id="30"/>
      <target m_id="2"/>
    </TLINK>
    <TLINK r_id="123338" contextualModality="" relType="AFTER" comment="">
      <source m_id="30"/>
      <target m_id="3"/>
    </TLINK>
    <TLINK r_id="123339" contextualModality="" relType="AFTER" comment="">
      <source m_id="29"/>
      <target m_id="4"/>
    </TLINK>
    <TLINK r_id="123340" contextualModality="" relType="CONTAINS" comment="">
      <source m_id="29"/>
      <target m_id="5"/>
    </TLINK>
    <TLINK r_id="123341" contextualModality="" relType="AFTER" comment="">
      <source m_id="29"/>
      <target m_id="6"/>
    </TLINK>
    <TLINK r_id="123342" contextualModality="" relType="AFTER" comment="">
      <source m_id="29"/>
      <target m_id="7"/>
    </TLINK>
    <TLINK r_id="123343" contextualModality="" relType="AFTER" comment="">
      <source m_id="29"/>
      <target m_id="8"/>
    </TLINK>
    <TLINK r_id="123344" contextualModality="" relType="AFTER" comment="">
      <source m_id="29"/>
      <target m_id="9"/>
    </TLINK>
    <TLINK r_id="123346" contextualModality="" relType="AFTER" comment="">
      <source m_id="29"/>
      <target m_id="10"/>
    </TLINK>
    <TLINK r_id="123347" contextualModality="" relType="AFTER" comment="">
      <source m_id="29"/>
      <target m_id="11"/>
    </TLINK>
    <TLINK r_id="123348" contextualModality="" relType="AFTER" comment="">
      <source m_id="29"/>
      <target m_id="1"/>
    </TLINK>
    <TLINK r_id="123349" contextualModality="" relType="AFTER" comment="">
      <source m_id="29"/>
      <target m_id="2"/>
    </TLINK>
    <TLINK r_id="123350" contextualModality="" relType="AFTER" comment="">
      <source m_id="29"/>
      <target m_id="3"/>
    </TLINK>
    <PLOT_LINK r_id="123351" SIGNAL="" relType="PRECONDITION" CAUSES="FALSE" CAUSED_BY="FALSE">
      <source m_id="4"/>
      <target m_id="6"/>
    </PLOT_LINK>
    <PLOT_LINK r_id="123352" SIGNAL="" relType="FALLING_ACTION" CAUSES="FALSE" CAUSED_BY="FALSE">
      <source m_id="5"/>
      <target m_id="6"/>
    </PLOT_LINK>
    <PLOT_LINK r_id="123353" SIGNAL="" relType="FALLING_ACTION" CAUSES="FALSE" CAUSED_BY="FALSE">
      <source m_id="7"/>
      <target m_id="8"/>
    </PLOT_LINK>
    <PLOT_LINK r_id="123354" SIGNAL="" relType="PRECONDITION" CAUSES="FALSE" CAUSED_BY="FALSE">
      <source m_id="8"/>
      <target m_id="9"/>
    </PLOT_LINK>
    <PLOT_LINK r_id="123355" SIGNAL="" relType="PRECONDITION" CAUSES="FALSE" CAUSED_BY="FALSE">
      <source m_id="9"/>
      <target m_id="10"/>
    </PLOT_LINK>
    <PLOT_LINK r_id="123356" SIGNAL="" relType="PRECONDITION" CAUSES="FALSE" CAUSED_BY="FALSE">
      <source m_id="10"/>
      <target m_id="1"/>
    </PLOT_LINK>
    <PLOT_LINK r_id="123357" SIGNAL="" relType="PRECONDITION" CAUSES="FALSE" CAUSED_BY="FALSE">
      <source m_id="10"/>
      <target m_id="2"/>
    </PLOT_LINK>
    <PLOT_LINK r_id="123358" SIGNAL="" relType="PRECONDITION" CAUSES="FALSE" CAUSED_BY="FALSE">
      <source m_id="10"/>
      <target m_id="3"/>
    </PLOT_LINK>
    <PLOT_LINK r_id="123359" SIGNAL="" relType="FALLING_ACTION" CAUSES="FALSE" CAUSED_BY="FALSE">
      <source m_id="1"/>
      <target m_id="3"/>
    </PLOT_LINK>
    <PLOT_LINK r_id="123360" SIGNAL="" relType="FALLING_ACTION" CAUSES="FALSE" CAUSED_BY="FALSE">
      <source m_id="2"/>
      <target m_id="3"/>
    </PLOT_LINK>
  </Relations>
</Document>
