<?xml version='1.0' encoding='UTF-8'?>
<Document doc_name="22_2ecbplus.xml">
  <token t_id="1" sentence="0" number="0">http</token>
  <token t_id="2" sentence="0" number="1">:</token>
  <token t_id="3" sentence="0" number="2">/</token>
  <token t_id="4" sentence="0" number="3">/</token>
  <token t_id="5" sentence="0" number="4">www</token>
  <token t_id="6" sentence="0" number="5">.</token>
  <token t_id="7" sentence="0" number="6">nbcphiladelphia</token>
  <token t_id="8" sentence="0" number="7">.</token>
  <token t_id="9" sentence="0" number="8">com</token>
  <token t_id="10" sentence="0" number="9">/</token>
  <token t_id="11" sentence="0" number="10">news</token>
  <token t_id="12" sentence="0" number="11">/</token>
  <token t_id="13" sentence="0" number="12">local</token>
  <token t_id="14" sentence="0" number="13">/</token>
  <token t_id="15" sentence="0" number="14">3</token>
  <token t_id="16" sentence="0" number="15">-</token>
  <token t_id="17" sentence="0" number="16">Shot</token>
  <token t_id="18" sentence="0" number="17">-</token>
  <token t_id="19" sentence="0" number="18">in</token>
  <token t_id="20" sentence="0" number="19">-</token>
  <token t_id="21" sentence="0" number="20">Nabisco</token>
  <token t_id="22" sentence="0" number="21">-</token>
  <token t_id="23" sentence="0" number="22">Factory</token>
  <token t_id="24" sentence="0" number="23">-</token>
  <token t_id="25" sentence="0" number="24">102589659</token>
  <token t_id="26" sentence="0" number="25">.</token>
  <token t_id="27" sentence="0" number="26">html</token>
  <token t_id="28" sentence="1" number="0">Suspended</token>
  <token t_id="29" sentence="1" number="1">Worker</token>
  <token t_id="30" sentence="1" number="2">Kills</token>
  <token t_id="31" sentence="1" number="3">2</token>
  <token t_id="32" sentence="1" number="4">Women</token>
  <token t_id="33" sentence="1" number="5">in</token>
  <token t_id="34" sentence="1" number="6">Kraft</token>
  <token t_id="35" sentence="1" number="7">Factory</token>
  <token t_id="36" sentence="1" number="8">Shooting</token>
  <token t_id="37" sentence="1" number="9">:</token>
  <token t_id="38" sentence="1" number="10">Police</token>
  <token t_id="39" sentence="2" number="0">The</token>
  <token t_id="40" sentence="2" number="1">woman</token>
  <token t_id="41" sentence="2" number="2">accused</token>
  <token t_id="42" sentence="2" number="3">had</token>
  <token t_id="43" sentence="2" number="4">just</token>
  <token t_id="44" sentence="2" number="5">been</token>
  <token t_id="45" sentence="2" number="6">escorted</token>
  <token t_id="46" sentence="2" number="7">from</token>
  <token t_id="47" sentence="2" number="8">the</token>
  <token t_id="48" sentence="2" number="9">building</token>
  <token t_id="49" sentence="2" number="10">10</token>
  <token t_id="50" sentence="2" number="11">minutes</token>
  <token t_id="51" sentence="2" number="12">earlier</token>
  <token t_id="52" sentence="3" number="0">Friday</token>
  <token t_id="53" sentence="3" number="1">,</token>
  <token t_id="54" sentence="3" number="2">Sep</token>
  <token t_id="55" sentence="3" number="3">10</token>
  <token t_id="56" sentence="3" number="4">,</token>
  <token t_id="57" sentence="3" number="5">2010</token>
  <token t_id="58" sentence="3" number="6">|</token>
  <token t_id="59" sentence="3" number="7">Updated</token>
  <token t_id="60" sentence="3" number="8">9</token>
  <token t_id="61" sentence="3" number="9">:</token>
  <token t_id="62" sentence="3" number="10">28</token>
  <token t_id="63" sentence="3" number="11">AM</token>
  <token t_id="64" sentence="3" number="12">EDT</token>
  <token t_id="65" sentence="4" number="0">Minutes</token>
  <token t_id="66" sentence="4" number="1">after</token>
  <token t_id="67" sentence="4" number="2">a</token>
  <token t_id="68" sentence="4" number="3">woman</token>
  <token t_id="69" sentence="4" number="4">was</token>
  <token t_id="70" sentence="4" number="5">suspended</token>
  <token t_id="71" sentence="4" number="6">and</token>
  <token t_id="72" sentence="4" number="7">escorted</token>
  <token t_id="73" sentence="4" number="8">from</token>
  <token t_id="74" sentence="4" number="9">her</token>
  <token t_id="75" sentence="4" number="10">job</token>
  <token t_id="76" sentence="4" number="11">at</token>
  <token t_id="77" sentence="4" number="12">the</token>
  <token t_id="78" sentence="4" number="13">Kraft</token>
  <token t_id="79" sentence="4" number="14">Foods</token>
  <token t_id="80" sentence="4" number="15">plant</token>
  <token t_id="81" sentence="4" number="16">in</token>
  <token t_id="82" sentence="4" number="17">Northeast</token>
  <token t_id="83" sentence="4" number="18">Philadelphia</token>
  <token t_id="84" sentence="4" number="19">,</token>
  <token t_id="85" sentence="4" number="20">she</token>
  <token t_id="86" sentence="4" number="21">returned</token>
  <token t_id="87" sentence="4" number="22">with</token>
  <token t_id="88" sentence="4" number="23">a</token>
  <token t_id="89" sentence="4" number="24">.</token>
  <token t_id="90" sentence="4" number="25">357</token>
  <token t_id="91" sentence="4" number="26">Magnum</token>
  <token t_id="92" sentence="4" number="27">and</token>
  <token t_id="93" sentence="4" number="28">opened</token>
  <token t_id="94" sentence="4" number="29">fire</token>
  <token t_id="95" sentence="4" number="30">,</token>
  <token t_id="96" sentence="4" number="31">killing</token>
  <token t_id="97" sentence="4" number="32">two</token>
  <token t_id="98" sentence="4" number="33">women</token>
  <token t_id="99" sentence="4" number="34">and</token>
  <token t_id="100" sentence="4" number="35">critically</token>
  <token t_id="101" sentence="4" number="36">injuring</token>
  <token t_id="102" sentence="4" number="37">a</token>
  <token t_id="103" sentence="4" number="38">third</token>
  <token t_id="104" sentence="4" number="39">co</token>
  <token t_id="105" sentence="4" number="40">-</token>
  <token t_id="106" sentence="4" number="41">worker</token>
  <token t_id="107" sentence="4" number="42">before</token>
  <token t_id="108" sentence="4" number="43">being</token>
  <token t_id="109" sentence="4" number="44">taken</token>
  <token t_id="110" sentence="4" number="45">into</token>
  <token t_id="111" sentence="4" number="46">custody</token>
  <token t_id="112" sentence="4" number="47">,</token>
  <token t_id="113" sentence="4" number="48">police</token>
  <token t_id="114" sentence="4" number="49">said</token>
  <token t_id="115" sentence="4" number="50">.</token>
  <token t_id="116" sentence="5" number="0">The</token>
  <token t_id="117" sentence="5" number="1">shootings</token>
  <token t_id="118" sentence="5" number="2">happened</token>
  <token t_id="119" sentence="5" number="3">shortly</token>
  <token t_id="120" sentence="5" number="4">after</token>
  <token t_id="121" sentence="5" number="5">8</token>
  <token t_id="122" sentence="5" number="6">:</token>
  <token t_id="123" sentence="5" number="7">30</token>
  <token t_id="124" sentence="5" number="8">p</token>
  <token t_id="125" sentence="5" number="9">.</token>
  <token t_id="126" sentence="5" number="10">m</token>
  <token t_id="127" sentence="5" number="11">.</token>
  <token t_id="128" sentence="5" number="12">Thursday</token>
  <token t_id="129" sentence="5" number="13">.</token>
  <token t_id="130" sentence="6" number="0">About</token>
  <token t_id="131" sentence="6" number="1">10</token>
  <token t_id="132" sentence="6" number="2">minutes</token>
  <token t_id="133" sentence="6" number="3">after</token>
  <token t_id="134" sentence="6" number="4">the</token>
  <token t_id="135" sentence="6" number="5">Yvonne</token>
  <token t_id="136" sentence="6" number="6">Hiller</token>
  <token t_id="137" sentence="6" number="7">was</token>
  <token t_id="138" sentence="6" number="8">escorted</token>
  <token t_id="139" sentence="6" number="9">out</token>
  <token t_id="140" sentence="6" number="10">,</token>
  <token t_id="141" sentence="6" number="11">she</token>
  <token t_id="142" sentence="6" number="12">returned</token>
  <token t_id="143" sentence="6" number="13">in</token>
  <token t_id="144" sentence="6" number="14">a</token>
  <token t_id="145" sentence="6" number="15">car</token>
  <token t_id="146" sentence="6" number="16">and</token>
  <token t_id="147" sentence="6" number="17">drove</token>
  <token t_id="148" sentence="6" number="18">through</token>
  <token t_id="149" sentence="6" number="19">a</token>
  <token t_id="150" sentence="6" number="20">security</token>
  <token t_id="151" sentence="6" number="21">barrier</token>
  <token t_id="152" sentence="6" number="22">before</token>
  <token t_id="153" sentence="6" number="23">re</token>
  <token t_id="154" sentence="6" number="24">-</token>
  <token t_id="155" sentence="6" number="25">entering</token>
  <token t_id="156" sentence="6" number="26">the</token>
  <token t_id="157" sentence="6" number="27">building</token>
  <token t_id="158" sentence="6" number="28">on</token>
  <token t_id="159" sentence="6" number="29">foot</token>
  <token t_id="160" sentence="6" number="30">,</token>
  <token t_id="161" sentence="6" number="31">Lt</token>
  <token t_id="162" sentence="6" number="32">.</token>
  <token t_id="163" sentence="6" number="33">Frank</token>
  <token t_id="164" sentence="6" number="34">Vanore</token>
  <token t_id="165" sentence="6" number="35">said</token>
  <token t_id="166" sentence="6" number="36">.</token>
  <token t_id="167" sentence="7" number="0">She</token>
  <token t_id="168" sentence="7" number="1">walked</token>
  <token t_id="169" sentence="7" number="2">inside</token>
  <token t_id="170" sentence="7" number="3">,</token>
  <token t_id="171" sentence="7" number="4">firing</token>
  <token t_id="172" sentence="7" number="5">a</token>
  <token t_id="173" sentence="7" number="6">shot</token>
  <token t_id="174" sentence="7" number="7">at</token>
  <token t_id="175" sentence="7" number="8">an</token>
  <token t_id="176" sentence="7" number="9">employee</token>
  <token t_id="177" sentence="7" number="10">who</token>
  <token t_id="178" sentence="7" number="11">had</token>
  <token t_id="179" sentence="7" number="12">followed</token>
  <token t_id="180" sentence="7" number="13">her</token>
  <token t_id="181" sentence="7" number="14">in</token>
  <token t_id="182" sentence="7" number="15">and</token>
  <token t_id="183" sentence="7" number="16">had</token>
  <token t_id="184" sentence="7" number="17">yelled</token>
  <token t_id="185" sentence="7" number="18">,</token>
  <token t_id="186" sentence="7" number="19">"Hide</token>
  <token t_id="187" sentence="7" number="20">,</token>
  <token t_id="188" sentence="7" number="21">she's</token>
  <token t_id="189" sentence="7" number="22">got</token>
  <token t_id="190" sentence="7" number="23">a</token>
  <token t_id="191" sentence="7" number="24">gun</token>
  <token t_id="192" sentence="7" number="25">!</token>
  <token t_id="193" sentence="7" number="26">''</token>
  <token t_id="194" sentence="7" number="27">Vanore</token>
  <token t_id="195" sentence="7" number="28">said</token>
  <token t_id="196" sentence="7" number="29">.</token>
  <token t_id="197" sentence="8" number="0">That</token>
  <token t_id="198" sentence="8" number="1">shot</token>
  <token t_id="199" sentence="8" number="2">missed</token>
  <token t_id="200" sentence="8" number="3">.</token>
  <token t_id="201" sentence="9" number="0">Hiller</token>
  <token t_id="202" sentence="9" number="1">,</token>
  <token t_id="203" sentence="9" number="2">43</token>
  <token t_id="204" sentence="9" number="3">,</token>
  <token t_id="205" sentence="9" number="4">then</token>
  <token t_id="206" sentence="9" number="5">shot</token>
  <token t_id="207" sentence="9" number="6">the</token>
  <token t_id="208" sentence="9" number="7">three</token>
  <token t_id="209" sentence="9" number="8">victims</token>
  <token t_id="210" sentence="9" number="9">,</token>
  <token t_id="211" sentence="9" number="10">according</token>
  <token t_id="212" sentence="9" number="11">to</token>
  <token t_id="213" sentence="9" number="12">police</token>
  <token t_id="214" sentence="9" number="13">-</token>
  <token t_id="215" sentence="9" number="14">-</token>
  <token t_id="216" sentence="9" number="15">the</token>
  <token t_id="217" sentence="9" number="16">women</token>
  <token t_id="218" sentence="9" number="17">were</token>
  <token t_id="219" sentence="9" number="18">shot</token>
  <token t_id="220" sentence="9" number="19">on</token>
  <token t_id="221" sentence="9" number="20">the</token>
  <token t_id="222" sentence="9" number="21">third</token>
  <token t_id="223" sentence="9" number="22">floor</token>
  <token t_id="224" sentence="9" number="23">and</token>
  <token t_id="225" sentence="9" number="24">the</token>
  <token t_id="226" sentence="9" number="25">man</token>
  <token t_id="227" sentence="9" number="26">she</token>
  <token t_id="228" sentence="9" number="27">confronted</token>
  <token t_id="229" sentence="9" number="28">on</token>
  <token t_id="230" sentence="9" number="29">the</token>
  <token t_id="231" sentence="9" number="30">stairs</token>
  <token t_id="232" sentence="9" number="31">as</token>
  <token t_id="233" sentence="9" number="32">she</token>
  <token t_id="234" sentence="9" number="33">went</token>
  <token t_id="235" sentence="9" number="34">down</token>
  <token t_id="236" sentence="9" number="35">to</token>
  <token t_id="237" sentence="9" number="36">the</token>
  <token t_id="238" sentence="9" number="37">second</token>
  <token t_id="239" sentence="9" number="38">floor</token>
  <token t_id="240" sentence="9" number="39">where</token>
  <token t_id="241" sentence="9" number="40">she</token>
  <token t_id="242" sentence="9" number="41">barricaded</token>
  <token t_id="243" sentence="9" number="42">herself</token>
  <token t_id="244" sentence="9" number="43">into</token>
  <token t_id="245" sentence="9" number="44">an</token>
  <token t_id="246" sentence="9" number="45">office</token>
  <token t_id="247" sentence="9" number="46">.</token>
  <token t_id="248" sentence="10" number="0">Officers</token>
  <token t_id="249" sentence="10" number="1">freed</token>
  <token t_id="250" sentence="10" number="2">seven</token>
  <token t_id="251" sentence="10" number="3">people</token>
  <token t_id="252" sentence="10" number="4">who</token>
  <token t_id="253" sentence="10" number="5">had</token>
  <token t_id="254" sentence="10" number="6">locked</token>
  <token t_id="255" sentence="10" number="7">themselves</token>
  <token t_id="256" sentence="10" number="8">in</token>
  <token t_id="257" sentence="10" number="9">an</token>
  <token t_id="258" sentence="10" number="10">office</token>
  <token t_id="259" sentence="10" number="11">next</token>
  <token t_id="260" sentence="10" number="12">to</token>
  <token t_id="261" sentence="10" number="13">the</token>
  <token t_id="262" sentence="10" number="14">shooter</token>
  <token t_id="263" sentence="10" number="15">,</token>
  <token t_id="264" sentence="10" number="16">said</token>
  <token t_id="265" sentence="10" number="17">Vanore</token>
  <token t_id="266" sentence="10" number="18">.</token>
  <token t_id="267" sentence="11" number="0">Investigators</token>
  <token t_id="268" sentence="11" number="1">didn't</token>
  <token t_id="269" sentence="11" number="2">say</token>
  <token t_id="270" sentence="11" number="3">why</token>
  <token t_id="271" sentence="11" number="4">Hiller</token>
  <token t_id="272" sentence="11" number="5">,</token>
  <token t_id="273" sentence="11" number="6">a</token>
  <token t_id="274" sentence="11" number="7">15</token>
  <token t_id="275" sentence="11" number="8">-</token>
  <token t_id="276" sentence="11" number="9">year</token>
  <token t_id="277" sentence="11" number="10">employee</token>
  <token t_id="278" sentence="11" number="11">,</token>
  <token t_id="279" sentence="11" number="12">was</token>
  <token t_id="280" sentence="11" number="13">suspended</token>
  <token t_id="281" sentence="11" number="14">.</token>
  <token t_id="282" sentence="12" number="0">One</token>
  <token t_id="283" sentence="12" number="1">witness</token>
  <token t_id="284" sentence="12" number="2">told</token>
  <token t_id="285" sentence="12" number="3">NBC</token>
  <token t_id="286" sentence="12" number="4">Philadelphia</token>
  <token t_id="287" sentence="12" number="5">that</token>
  <token t_id="288" sentence="12" number="6">she</token>
  <token t_id="289" sentence="12" number="7">has</token>
  <token t_id="290" sentence="12" number="8">a</token>
  <token t_id="291" sentence="12" number="9">history</token>
  <token t_id="292" sentence="12" number="10">of</token>
  <token t_id="293" sentence="12" number="11">run</token>
  <token t_id="294" sentence="12" number="12">-</token>
  <token t_id="295" sentence="12" number="13">ins</token>
  <token t_id="296" sentence="12" number="14">with</token>
  <token t_id="297" sentence="12" number="15">co</token>
  <token t_id="298" sentence="12" number="16">-</token>
  <token t_id="299" sentence="12" number="17">workers</token>
  <token t_id="300" sentence="12" number="18">and</token>
  <token t_id="301" sentence="12" number="19">management</token>
  <token t_id="302" sentence="12" number="20">.</token>
  <token t_id="303" sentence="13" number="0">Dough</token>
  <token t_id="304" sentence="13" number="1">mixer</token>
  <token t_id="305" sentence="13" number="2">Andy</token>
  <token t_id="306" sentence="13" number="3">Ryan</token>
  <token t_id="307" sentence="13" number="4">,</token>
  <token t_id="308" sentence="13" number="5">who</token>
  <token t_id="309" sentence="13" number="6">has</token>
  <token t_id="310" sentence="13" number="7">worked</token>
  <token t_id="311" sentence="13" number="8">at</token>
  <token t_id="312" sentence="13" number="9">the</token>
  <token t_id="313" sentence="13" number="10">plant</token>
  <token t_id="314" sentence="13" number="11">for</token>
  <token t_id="315" sentence="13" number="12">nearly</token>
  <token t_id="316" sentence="13" number="13">30</token>
  <token t_id="317" sentence="13" number="14">years</token>
  <token t_id="318" sentence="13" number="15">,</token>
  <token t_id="319" sentence="13" number="16">said</token>
  <token t_id="320" sentence="13" number="17">he</token>
  <token t_id="321" sentence="13" number="18">was</token>
  <token t_id="322" sentence="13" number="19">on</token>
  <token t_id="323" sentence="13" number="20">the</token>
  <token t_id="324" sentence="13" number="21">third</token>
  <token t_id="325" sentence="13" number="22">floor</token>
  <token t_id="326" sentence="13" number="23">when</token>
  <token t_id="327" sentence="13" number="24">the</token>
  <token t_id="328" sentence="13" number="25">sound</token>
  <token t_id="329" sentence="13" number="26">of</token>
  <token t_id="330" sentence="13" number="27">the</token>
  <token t_id="331" sentence="13" number="28">shots</token>
  <token t_id="332" sentence="14" number="0">echoed</token>
  <token t_id="333" sentence="14" number="1">through</token>
  <token t_id="334" sentence="14" number="2">the</token>
  <token t_id="335" sentence="14" number="3">building</token>
  <token t_id="336" sentence="14" number="4">.</token>
  <token t_id="337" sentence="15" number="0">"I</token>
  <token t_id="338" sentence="15" number="1">heard</token>
  <token t_id="339" sentence="15" number="2">the</token>
  <token t_id="340" sentence="15" number="3">gunfire</token>
  <token t_id="341" sentence="15" number="4">,</token>
  <token t_id="342" sentence="15" number="5">and</token>
  <token t_id="343" sentence="15" number="6">I</token>
  <token t_id="344" sentence="15" number="7">ran</token>
  <token t_id="345" sentence="15" number="8">,</token>
  <token t_id="346" sentence="15" number="9">''</token>
  <token t_id="347" sentence="15" number="10">he</token>
  <token t_id="348" sentence="15" number="11">told</token>
  <token t_id="349" sentence="15" number="12">The</token>
  <token t_id="350" sentence="15" number="13">Associated</token>
  <token t_id="351" sentence="15" number="14">Press</token>
  <token t_id="352" sentence="15" number="15">,</token>
  <token t_id="353" sentence="15" number="16">his</token>
  <token t_id="354" sentence="15" number="17">apron</token>
  <token t_id="355" sentence="15" number="18">still</token>
  <token t_id="356" sentence="15" number="19">on</token>
  <token t_id="357" sentence="15" number="20">.</token>
  <token t_id="358" sentence="16" number="0">"As</token>
  <token t_id="359" sentence="16" number="1">I</token>
  <token t_id="360" sentence="16" number="2">was</token>
  <token t_id="361" sentence="16" number="3">running</token>
  <token t_id="362" sentence="16" number="4">down</token>
  <token t_id="363" sentence="16" number="5">the</token>
  <token t_id="364" sentence="16" number="6">steps</token>
  <token t_id="365" sentence="16" number="7">they</token>
  <token t_id="366" sentence="16" number="8">were</token>
  <token t_id="367" sentence="16" number="9">yelling</token>
  <token t_id="368" sentence="16" number="10">,</token>
  <token t_id="369" sentence="16" number="11">'Oh</token>
  <token t_id="370" sentence="16" number="12">,</token>
  <token t_id="371" sentence="16" number="13">my</token>
  <token t_id="372" sentence="16" number="14">God</token>
  <token t_id="373" sentence="16" number="15">,</token>
  <token t_id="374" sentence="16" number="16">there's</token>
  <token t_id="375" sentence="16" number="17">three</token>
  <token t_id="376" sentence="16" number="18">people</token>
  <token t_id="377" sentence="16" number="19">shot</token>
  <token t_id="378" sentence="16" number="20">!</token>
  <token t_id="379" sentence="16" number="21">'''</token>
  <token t_id="380" sentence="17" number="0">"This</token>
  <token t_id="381" sentence="17" number="1">is</token>
  <token t_id="382" sentence="17" number="2">a</token>
  <token t_id="383" sentence="17" number="3">sad</token>
  <token t_id="384" sentence="17" number="4">day</token>
  <token t_id="385" sentence="17" number="5">for</token>
  <token t_id="386" sentence="17" number="6">the</token>
  <token t_id="387" sentence="17" number="7">Kraft</token>
  <token t_id="388" sentence="17" number="8">Foods</token>
  <token t_id="389" sentence="17" number="9">family</token>
  <token t_id="390" sentence="17" number="10">,</token>
  <token t_id="391" sentence="17" number="11">''</token>
  <token t_id="392" sentence="17" number="12">the</token>
  <token t_id="393" sentence="17" number="13">company</token>
  <token t_id="394" sentence="17" number="14">said</token>
  <token t_id="395" sentence="17" number="15">in</token>
  <token t_id="396" sentence="17" number="16">a</token>
  <token t_id="397" sentence="17" number="17">statement</token>
  <token t_id="398" sentence="17" number="18">.</token>
  <token t_id="399" sentence="18" number="0">"Our</token>
  <token t_id="400" sentence="18" number="1">thoughts</token>
  <token t_id="401" sentence="18" number="2">and</token>
  <token t_id="402" sentence="18" number="3">prayers</token>
  <token t_id="403" sentence="18" number="4">go</token>
  <token t_id="404" sentence="18" number="5">out</token>
  <token t_id="405" sentence="18" number="6">to</token>
  <token t_id="406" sentence="18" number="7">their</token>
  <token t_id="407" sentence="18" number="8">families</token>
  <token t_id="408" sentence="18" number="9">.</token>
  <token t_id="409" sentence="19" number="0">The</token>
  <token t_id="410" sentence="19" number="1">loss</token>
  <token t_id="411" sentence="19" number="2">of</token>
  <token t_id="412" sentence="19" number="3">a</token>
  <token t_id="413" sentence="19" number="4">loved</token>
  <token t_id="414" sentence="19" number="5">one</token>
  <token t_id="415" sentence="19" number="6">is</token>
  <token t_id="416" sentence="19" number="7">a</token>
  <token t_id="417" sentence="19" number="8">great</token>
  <token t_id="418" sentence="19" number="9">sorrow</token>
  <token t_id="419" sentence="19" number="10">.</token>
  <token t_id="420" sentence="19" number="11">''</token>
  <token t_id="421" sentence="20" number="0">Kraft</token>
  <token t_id="422" sentence="20" number="1">said</token>
  <token t_id="423" sentence="20" number="2">the</token>
  <token t_id="424" sentence="20" number="3">plant</token>
  <token t_id="425" sentence="20" number="4">would</token>
  <token t_id="426" sentence="20" number="5">be</token>
  <token t_id="427" sentence="20" number="6">closed</token>
  <token t_id="428" sentence="20" number="7">until</token>
  <token t_id="429" sentence="20" number="8">further</token>
  <token t_id="430" sentence="20" number="9">notice</token>
  <token t_id="431" sentence="20" number="10">and</token>
  <token t_id="432" sentence="20" number="11">the</token>
  <token t_id="433" sentence="20" number="12">company</token>
  <token t_id="434" sentence="20" number="13">would</token>
  <token t_id="435" sentence="20" number="14">provide</token>
  <token t_id="436" sentence="20" number="15">employees</token>
  <token t_id="437" sentence="20" number="16">with</token>
  <token t_id="438" sentence="20" number="17">counseling</token>
  <token t_id="439" sentence="20" number="18">.</token>
  <Markables>
    <ACTION_OCCURRENCE m_id="1" comment="" climaxEvent="FALSE">
      <token_anchor t_id="96"/>
    </ACTION_OCCURRENCE>
    <ACTION_OCCURRENCE m_id="2" comment="" climaxEvent="FALSE">
      <token_anchor t_id="101"/>
    </ACTION_OCCURRENCE>
    <ACTION_OCCURRENCE m_id="3" comment="" climaxEvent="FALSE">
      <token_anchor t_id="117"/>
    </ACTION_OCCURRENCE>
    <ACTION_OCCURRENCE m_id="4" comment="" climaxEvent="FALSE">
      <token_anchor t_id="118"/>
    </ACTION_OCCURRENCE>
    <ACTION_OCCURRENCE m_id="5" climaxEvent="TRUE" comment="">
      <token_anchor t_id="30"/>
    </ACTION_OCCURRENCE>
    <ACTION_OCCURRENCE m_id="6" comment="" climaxEvent="FALSE">
      <token_anchor t_id="28"/>
    </ACTION_OCCURRENCE>
    <ACTION_OCCURRENCE m_id="7" comment="" climaxEvent="FALSE">
      <token_anchor t_id="206"/>
    </ACTION_OCCURRENCE>
    <ACTION_OCCURRENCE m_id="8" comment="" climaxEvent="FALSE">
      <token_anchor t_id="219"/>
    </ACTION_OCCURRENCE>
    <ACTION_OCCURRENCE m_id="9" comment="" climaxEvent="FALSE">
      <token_anchor t_id="228"/>
    </ACTION_OCCURRENCE>
    <ACTION_OCCURRENCE m_id="10" comment="" climaxEvent="FALSE">
      <token_anchor t_id="234"/>
      <token_anchor t_id="235"/>
    </ACTION_OCCURRENCE>
    <ACTION_OCCURRENCE m_id="11" comment="" climaxEvent="FALSE">
      <token_anchor t_id="242"/>
    </ACTION_OCCURRENCE>
    <ACTION_OCCURRENCE m_id="12" comment="" climaxEvent="FALSE">
      <token_anchor t_id="36"/>
    </ACTION_OCCURRENCE>
    <ACTION_OCCURRENCE m_id="13" comment="" climaxEvent="FALSE">
      <token_anchor t_id="70"/>
    </ACTION_OCCURRENCE>
    <ACTION_OCCURRENCE m_id="45" comment="" climaxEvent="FALSE">
      <token_anchor t_id="109"/>
      <token_anchor t_id="110"/>
      <token_anchor t_id="111"/>
    </ACTION_OCCURRENCE>
    <ACTION_OCCURRENCE m_id="14" comment="" climaxEvent="FALSE">
      <token_anchor t_id="75"/>
    </ACTION_OCCURRENCE>
    <ACTION_OCCURRENCE m_id="15" comment="" climaxEvent="FALSE">
      <token_anchor t_id="72"/>
    </ACTION_OCCURRENCE>
    <ACTION_OCCURRENCE m_id="16" comment="" climaxEvent="FALSE">
      <token_anchor t_id="86"/>
    </ACTION_OCCURRENCE>
    <ACTION_OCCURRENCE m_id="17" comment="" climaxEvent="FALSE">
      <token_anchor t_id="93"/>
      <token_anchor t_id="94"/>
    </ACTION_OCCURRENCE>
    <ACTION_REPORTING m_id="18">
      <token_anchor t_id="114"/>
    </ACTION_REPORTING>
    <HUMAN_PART_PER m_id="29" comment="">
      <token_anchor t_id="227"/>
    </HUMAN_PART_PER>
    <HUMAN_PART_PER m_id="30" comment="">
      <token_anchor t_id="233"/>
    </HUMAN_PART_PER>
    <HUMAN_PART_PER m_id="31" comment="">
      <token_anchor t_id="29"/>
    </HUMAN_PART_PER>
    <HUMAN_PART_PER m_id="32" comment="">
      <token_anchor t_id="241"/>
    </HUMAN_PART_PER>
    <HUMAN_PART_PER m_id="33" comment="">
      <token_anchor t_id="32"/>
    </HUMAN_PART_PER>
    <HUMAN_PART_PER m_id="34" comment="">
      <token_anchor t_id="243"/>
    </HUMAN_PART_PER>
    <HUMAN_PART_PER m_id="35" comment="">
      <token_anchor t_id="38"/>
    </HUMAN_PART_PER>
    <HUMAN_PART_PER m_id="19" comment="">
      <token_anchor t_id="68"/>
    </HUMAN_PART_PER>
    <HUMAN_PART_PER m_id="20" comment="">
      <token_anchor t_id="85"/>
    </HUMAN_PART_PER>
    <HUMAN_PART_PER m_id="21" comment="">
      <token_anchor t_id="98"/>
    </HUMAN_PART_PER>
    <HUMAN_PART_PER m_id="22" comment="">
      <token_anchor t_id="104"/>
      <token_anchor t_id="105"/>
      <token_anchor t_id="106"/>
    </HUMAN_PART_PER>
    <HUMAN_PART_PER m_id="23" comment="">
      <token_anchor t_id="113"/>
    </HUMAN_PART_PER>
    <HUMAN_PART_PER m_id="24" comment="">
      <token_anchor t_id="201"/>
    </HUMAN_PART_PER>
    <HUMAN_PART_PER m_id="25" comment="">
      <token_anchor t_id="209"/>
    </HUMAN_PART_PER>
    <HUMAN_PART_PER m_id="26" comment="">
      <token_anchor t_id="213"/>
    </HUMAN_PART_PER>
    <HUMAN_PART_PER m_id="27" comment="">
      <token_anchor t_id="217"/>
    </HUMAN_PART_PER>
    <HUMAN_PART_PER m_id="28" comment="">
      <token_anchor t_id="226"/>
    </HUMAN_PART_PER>
    <LOC_FAC m_id="36">
      <token_anchor t_id="220"/>
      <token_anchor t_id="221"/>
      <token_anchor t_id="222"/>
      <token_anchor t_id="223"/>
    </LOC_FAC>
    <LOC_FAC m_id="37">
      <token_anchor t_id="229"/>
      <token_anchor t_id="230"/>
      <token_anchor t_id="231"/>
    </LOC_FAC>
    <LOC_FAC m_id="38">
      <token_anchor t_id="236"/>
      <token_anchor t_id="237"/>
      <token_anchor t_id="238"/>
      <token_anchor t_id="239"/>
    </LOC_FAC>
    <LOC_FAC m_id="39">
      <token_anchor t_id="245"/>
      <token_anchor t_id="246"/>
    </LOC_FAC>
    <LOC_FAC m_id="40">
      <token_anchor t_id="76"/>
      <token_anchor t_id="77"/>
      <token_anchor t_id="78"/>
      <token_anchor t_id="79"/>
      <token_anchor t_id="80"/>
      <token_anchor t_id="81"/>
      <token_anchor t_id="82"/>
      <token_anchor t_id="83"/>
    </LOC_FAC>
    <NON_HUMAN_PART m_id="41" comment="">
      <token_anchor t_id="91"/>
    </NON_HUMAN_PART>
    <TIME_DURATION m_id="42" value="" anchorTimeID="" begin="" endPoint="">
      <token_anchor t_id="65"/>
    </TIME_DURATION>
    <TIME_OF_THE_DAY m_id="43" DCT="FALSE" value="2010-09-09T20:30" anchorTimeID="44">
      <token_anchor t_id="119"/>
      <token_anchor t_id="120"/>
      <token_anchor t_id="121"/>
      <token_anchor t_id="122"/>
      <token_anchor t_id="123"/>
      <token_anchor t_id="124"/>
      <token_anchor t_id="125"/>
      <token_anchor t_id="126"/>
      <token_anchor t_id="127"/>
      <token_anchor t_id="128"/>
    </TIME_OF_THE_DAY>
    <TIME_OF_THE_DAY m_id="44" DCT="TRUE" value="2010-09-10T09:28" anchorTimeID="44">
      <token_anchor t_id="52"/>
      <token_anchor t_id="53"/>
      <token_anchor t_id="54"/>
      <token_anchor t_id="55"/>
      <token_anchor t_id="56"/>
      <token_anchor t_id="57"/>
      <token_anchor t_id="58"/>
      <token_anchor t_id="59"/>
      <token_anchor t_id="60"/>
      <token_anchor t_id="61"/>
      <token_anchor t_id="62"/>
      <token_anchor t_id="63"/>
      <token_anchor t_id="64"/>
    </TIME_OF_THE_DAY>
    <ACTION_OCCURRENCE m_id="46" RELATED_TO="" TAG_DESCRIPTOR="t22_arrested" comment="" climaxEvent="FALSE"/>
    <HUMAN_PART_PER m_id="47" RELATED_TO="" TAG_DESCRIPTOR="t22_police" comment=""/>
    <ACTION_OCCURRENCE m_id="48" RELATED_TO="" TAG_DESCRIPTOR="t22_wounded" comment="" climaxEvent="FALSE"/>
    <LOC_FAC m_id="49" RELATED_TO="" TAG_DESCRIPTOR="t22_office"/>
    <HUMAN_PART_PER m_id="50" RELATED_TO="" TAG_DESCRIPTOR="t22_yvonne_hiller" comment=""/>
    <ACTION_OCCURRENCE m_id="51" RELATED_TO="" TAG_DESCRIPTOR="t22_shooting" comment="" climaxEvent="FALSE"/>
    <ACTION_REPORTING m_id="52" RELATED_TO="" TAG_DESCRIPTOR="t22_police_said"/>
    <TIME_DURATION m_id="53" RELATED_TO="" TAG_DESCRIPTOR="t22_minutes" value="" anchorTimeID="" begin="" endPoint=""/>
    <LOC_FAC m_id="54" RELATED_TO="" TAG_DESCRIPTOR="t22_stairs"/>
    <ACTION_OCCURRENCE m_id="55" RELATED_TO="" TAG_DESCRIPTOR="t22_suspended" comment="" climaxEvent="FALSE"/>
    <HUMAN_PART_PER m_id="56" RELATED_TO="" TAG_DESCRIPTOR="t22_two_killed" comment=""/>
    <ACTION_OCCURRENCE m_id="57" RELATED_TO="" TAG_DESCRIPTOR="t22_killing" comment="" climaxEvent="FALSE"/>
    <ACTION_OCCURRENCE m_id="58" RELATED_TO="" TAG_DESCRIPTOR="t22_took_place" comment="" climaxEvent="FALSE"/>
    <ACTION_OCCURRENCE m_id="59" RELATED_TO="" TAG_DESCRIPTOR="t22_job" comment="" climaxEvent="FALSE"/>
    <ACTION_OCCURRENCE m_id="60" RELATED_TO="" TAG_DESCRIPTOR="t22_opened_fire" comment="" climaxEvent="FALSE"/>
    <ACTION_OCCURRENCE m_id="61" RELATED_TO="" TAG_DESCRIPTOR="t22_escorted" comment="" climaxEvent="FALSE"/>
    <ACTION_OCCURRENCE m_id="62" RELATED_TO="" TAG_DESCRIPTOR="t22_returned" comment="" climaxEvent="FALSE"/>
    <LOC_FAC m_id="63" RELATED_TO="" TAG_DESCRIPTOR="t22_kraft"/>
    <HUMAN_PART_PER m_id="64" RELATED_TO="" TAG_DESCRIPTOR="t22_one_wounded" comment=""/>
    <NON_HUMAN_PART m_id="65" RELATED_TO="" TAG_DESCRIPTOR="t22_gun" comment=""/>
    <ACTION_OCCURRENCE m_id="66" RELATED_TO="" TAG_DESCRIPTOR="t22_barricaded" comment="" climaxEvent="FALSE"/>
    <TIME_OF_THE_DAY m_id="67" RELATED_TO="" TAG_DESCRIPTOR="t22_thursday_night" value="" anchorTimeID="" DCT="FALSE"/>
  </Markables>
  <Relations>
    <TLINK r_id="123380" contextualModality="" relType="AFTER" comment="">
      <source m_id="44"/>
      <target m_id="6"/>
    </TLINK>
    <TLINK r_id="123381" contextualModality="" relType="AFTER" comment="">
      <source m_id="44"/>
      <target m_id="5"/>
    </TLINK>
    <TLINK r_id="123382" contextualModality="" relType="AFTER" comment="">
      <source m_id="44"/>
      <target m_id="12"/>
    </TLINK>
    <TLINK r_id="123383" contextualModality="" relType="AFTER" comment="">
      <source m_id="44"/>
      <target m_id="13"/>
    </TLINK>
    <TLINK r_id="123384" contextualModality="" relType="AFTER" comment="">
      <source m_id="44"/>
      <target m_id="15"/>
    </TLINK>
    <TLINK r_id="123385" contextualModality="" relType="AFTER" comment="">
      <source m_id="44"/>
      <target m_id="14"/>
    </TLINK>
    <TLINK r_id="123386" contextualModality="" relType="AFTER" comment="">
      <source m_id="44"/>
      <target m_id="16"/>
    </TLINK>
    <TLINK r_id="123387" contextualModality="" relType="AFTER" comment="">
      <source m_id="44"/>
      <target m_id="17"/>
    </TLINK>
    <TLINK r_id="123388" contextualModality="" relType="AFTER" comment="">
      <source m_id="44"/>
      <target m_id="1"/>
    </TLINK>
    <TLINK r_id="123389" contextualModality="" relType="AFTER" comment="">
      <source m_id="44"/>
      <target m_id="2"/>
    </TLINK>
    <TLINK r_id="123390" contextualModality="" relType="AFTER" comment="">
      <source m_id="44"/>
      <target m_id="45"/>
    </TLINK>
    <TLINK r_id="123391" contextualModality="" relType="AFTER" comment="">
      <source m_id="44"/>
      <target m_id="3"/>
    </TLINK>
    <TLINK r_id="123392" contextualModality="" relType="AFTER" comment="">
      <source m_id="44"/>
      <target m_id="4"/>
    </TLINK>
    <TLINK r_id="123393" contextualModality="" relType="AFTER" comment="">
      <source m_id="44"/>
      <target m_id="7"/>
    </TLINK>
    <TLINK r_id="123394" contextualModality="" relType="AFTER" comment="">
      <source m_id="44"/>
      <target m_id="8"/>
    </TLINK>
    <TLINK r_id="123395" contextualModality="" relType="AFTER" comment="">
      <source m_id="44"/>
      <target m_id="9"/>
    </TLINK>
    <TLINK r_id="123396" contextualModality="" relType="AFTER" comment="">
      <source m_id="44"/>
      <target m_id="10"/>
    </TLINK>
    <TLINK r_id="123397" contextualModality="" relType="AFTER" comment="">
      <source m_id="44"/>
      <target m_id="11"/>
    </TLINK>
    <TLINK r_id="123417" contextualModality="" relType="AFTER" comment="">
      <source m_id="43"/>
      <target m_id="6"/>
    </TLINK>
    <TLINK r_id="123418" contextualModality="" relType="CONTAINS" comment="">
      <source m_id="43"/>
      <target m_id="5"/>
    </TLINK>
    <TLINK r_id="123419" contextualModality="" relType="CONTAINS" comment="">
      <source m_id="43"/>
      <target m_id="12"/>
    </TLINK>
    <TLINK r_id="123420" contextualModality="" relType="AFTER" comment="">
      <source m_id="43"/>
      <target m_id="13"/>
    </TLINK>
    <TLINK r_id="123421" contextualModality="" relType="AFTER" comment="">
      <source m_id="43"/>
      <target m_id="15"/>
    </TLINK>
    <TLINK r_id="123422" contextualModality="" relType="AFTER" comment="">
      <source m_id="43"/>
      <target m_id="14"/>
    </TLINK>
    <TLINK r_id="123423" contextualModality="" relType="CONTAINS" comment="">
      <source m_id="43"/>
      <target m_id="16"/>
    </TLINK>
    <TLINK r_id="123424" contextualModality="" relType="CONTAINS" comment="">
      <source m_id="43"/>
      <target m_id="17"/>
    </TLINK>
    <TLINK r_id="123425" contextualModality="" relType="CONTAINS" comment="">
      <source m_id="43"/>
      <target m_id="1"/>
    </TLINK>
    <TLINK r_id="123426" contextualModality="" relType="CONTAINS" comment="">
      <source m_id="43"/>
      <target m_id="2"/>
    </TLINK>
    <TLINK r_id="123427" contextualModality="" relType="CONTAINS" comment="">
      <source m_id="43"/>
      <target m_id="45"/>
    </TLINK>
    <TLINK r_id="123428" contextualModality="" relType="CONTAINS" comment="">
      <source m_id="43"/>
      <target m_id="3"/>
    </TLINK>
    <TLINK r_id="123429" contextualModality="" relType="CONTAINS" comment="">
      <source m_id="43"/>
      <target m_id="4"/>
    </TLINK>
    <TLINK r_id="123430" contextualModality="" relType="CONTAINS" comment="">
      <source m_id="43"/>
      <target m_id="7"/>
    </TLINK>
    <TLINK r_id="123431" contextualModality="" relType="CONTAINS" comment="">
      <source m_id="43"/>
      <target m_id="8"/>
    </TLINK>
    <TLINK r_id="123432" contextualModality="" relType="CONTAINS" comment="">
      <source m_id="43"/>
      <target m_id="9"/>
    </TLINK>
    <TLINK r_id="123433" contextualModality="" relType="CONTAINS" comment="">
      <source m_id="43"/>
      <target m_id="10"/>
    </TLINK>
    <TLINK r_id="123434" contextualModality="" relType="BEFORE" comment="">
      <source m_id="43"/>
      <target m_id="11"/>
    </TLINK>
    <PLOT_LINK r_id="123435" SIGNAL="" relType="PRECONDITION" CAUSES="FALSE" CAUSED_BY="FALSE">
      <source m_id="6"/>
      <target m_id="5"/>
    </PLOT_LINK>
    <PLOT_LINK r_id="123436" SIGNAL="" relType="FALLING_ACTION" CAUSES="FALSE" CAUSED_BY="FALSE">
      <source m_id="5"/>
      <target m_id="12"/>
    </PLOT_LINK>
    <PLOT_LINK r_id="123437" SIGNAL="" relType="PRECONDITION" CAUSES="FALSE" CAUSED_BY="FALSE">
      <source m_id="13"/>
      <target m_id="15"/>
    </PLOT_LINK>
    <PLOT_LINK r_id="123438" SIGNAL="" relType="PRECONDITION" CAUSES="FALSE" CAUSED_BY="FALSE">
      <source m_id="15"/>
      <target m_id="16"/>
    </PLOT_LINK>
    <PLOT_LINK r_id="123439" SIGNAL="" relType="PRECONDITION" CAUSES="FALSE" CAUSED_BY="FALSE">
      <source m_id="13"/>
      <target m_id="17"/>
    </PLOT_LINK>
    <PLOT_LINK r_id="123440" SIGNAL="" relType="PRECONDITION" CAUSES="FALSE" CAUSED_BY="FALSE">
      <source m_id="17"/>
      <target m_id="1"/>
    </PLOT_LINK>
    <PLOT_LINK r_id="123441" SIGNAL="" relType="PRECONDITION" CAUSES="FALSE" CAUSED_BY="FALSE">
      <source m_id="17"/>
      <target m_id="2"/>
    </PLOT_LINK>
    <PLOT_LINK r_id="123442" SIGNAL="" relType="PRECONDITION" CAUSES="FALSE" CAUSED_BY="FALSE">
      <source m_id="2"/>
      <target m_id="45"/>
    </PLOT_LINK>
    <PLOT_LINK r_id="123443" SIGNAL="" relType="PRECONDITION" CAUSES="FALSE" CAUSED_BY="FALSE">
      <source m_id="1"/>
      <target m_id="45"/>
    </PLOT_LINK>
    <PLOT_LINK r_id="123444" SIGNAL="" relType="PRECONDITION" CAUSES="FALSE" CAUSED_BY="FALSE">
      <source m_id="13"/>
      <target m_id="3"/>
    </PLOT_LINK>
    <PLOT_LINK r_id="123446" SIGNAL="" relType="PRECONDITION" CAUSES="FALSE" CAUSED_BY="FALSE">
      <source m_id="13"/>
      <target m_id="7"/>
    </PLOT_LINK>
    <PLOT_LINK r_id="123447" SIGNAL="" relType="PRECONDITION" CAUSES="FALSE" CAUSED_BY="FALSE">
      <source m_id="13"/>
      <target m_id="8"/>
    </PLOT_LINK>
    <PLOT_LINK r_id="123448" SIGNAL="" relType="PRECONDITION" CAUSES="FALSE" CAUSED_BY="FALSE">
      <source m_id="13"/>
      <target m_id="9"/>
    </PLOT_LINK>
  </Relations>
</Document>
