<?xml version='1.0' encoding='UTF-8'?>
<Document doc_name="12_3ecbplus.xml">
  <token t_id="1" sentence="0" number="0">http</token>
  <token t_id="2" sentence="0" number="1">:</token>
  <token t_id="3" sentence="0" number="2">/</token>
  <token t_id="4" sentence="0" number="3">/</token>
  <token t_id="5" sentence="0" number="4">www</token>
  <token t_id="6" sentence="0" number="5">.</token>
  <token t_id="7" sentence="0" number="6">defence</token>
  <token t_id="8" sentence="0" number="7">.</token>
  <token t_id="9" sentence="0" number="8">pk</token>
  <token t_id="10" sentence="0" number="9">/</token>
  <token t_id="11" sentence="0" number="10">forums</token>
  <token t_id="12" sentence="0" number="11">/</token>
  <token t_id="13" sentence="0" number="12">indian</token>
  <token t_id="14" sentence="0" number="13">-</token>
  <token t_id="15" sentence="0" number="14">defence</token>
  <token t_id="16" sentence="0" number="15">/</token>
  <token t_id="17" sentence="0" number="16">140085</token>
  <token t_id="18" sentence="0" number="17">-</token>
  <token t_id="19" sentence="0" number="18">indian</token>
  <token t_id="20" sentence="0" number="19">-</token>
  <token t_id="21" sentence="0" number="20">navy</token>
  <token t_id="22" sentence="0" number="21">-</token>
  <token t_id="23" sentence="0" number="22">foils</token>
  <token t_id="24" sentence="0" number="23">-</token>
  <token t_id="25" sentence="0" number="24">attack</token>
  <token t_id="26" sentence="0" number="25">-</token>
  <token t_id="27" sentence="0" number="26">gulf</token>
  <token t_id="28" sentence="0" number="27">-</token>
  <token t_id="29" sentence="0" number="28">aden</token>
  <token t_id="30" sentence="0" number="29">-</token>
  <token t_id="31" sentence="0" number="30">nabs</token>
  <token t_id="32" sentence="0" number="31">-</token>
  <token t_id="33" sentence="0" number="32">26</token>
  <token t_id="34" sentence="0" number="33">-</token>
  <token t_id="35" sentence="0" number="34">pirates</token>
  <token t_id="36" sentence="0" number="35">.</token>
  <token t_id="37" sentence="0" number="36">html</token>
  <token t_id="38" sentence="1" number="0">Indian</token>
  <token t_id="39" sentence="1" number="1">Navy</token>
  <token t_id="40" sentence="1" number="2">foils</token>
  <token t_id="41" sentence="1" number="3">attack</token>
  <token t_id="42" sentence="1" number="4">in</token>
  <token t_id="43" sentence="1" number="5">Gulf</token>
  <token t_id="44" sentence="1" number="6">of</token>
  <token t_id="45" sentence="1" number="7">Aden</token>
  <token t_id="46" sentence="1" number="8">,</token>
  <token t_id="47" sentence="1" number="9">nabs</token>
  <token t_id="48" sentence="1" number="10">26</token>
  <token t_id="49" sentence="1" number="11">pirates</token>
  <token t_id="50" sentence="2" number="0">Mumbai</token>
  <token t_id="51" sentence="2" number="1">,</token>
  <token t_id="52" sentence="2" number="2">Nov</token>
  <token t_id="53" sentence="2" number="3">11</token>
  <token t_id="54" sentence="2" number="4">-</token>
  <token t_id="55" sentence="3" number="0">Indian</token>
  <token t_id="56" sentence="3" number="1">Navy</token>
  <token t_id="57" sentence="3" number="2">patrolling</token>
  <token t_id="58" sentence="3" number="3">the</token>
  <token t_id="59" sentence="3" number="4">Gulf</token>
  <token t_id="60" sentence="3" number="5">of</token>
  <token t_id="61" sentence="3" number="6">Aden</token>
  <token t_id="62" sentence="3" number="7">yesterday</token>
  <token t_id="63" sentence="3" number="8">thwarted</token>
  <token t_id="64" sentence="3" number="9">a</token>
  <token t_id="65" sentence="3" number="10">multi</token>
  <token t_id="66" sentence="3" number="11">-</token>
  <token t_id="67" sentence="3" number="12">boat</token>
  <token t_id="68" sentence="3" number="13">attack</token>
  <token t_id="69" sentence="3" number="14">by</token>
  <token t_id="70" sentence="3" number="15">sea</token>
  <token t_id="71" sentence="3" number="16">brigands</token>
  <token t_id="72" sentence="3" number="17">on</token>
  <token t_id="73" sentence="3" number="18">merchant</token>
  <token t_id="74" sentence="3" number="19">vessels</token>
  <token t_id="75" sentence="3" number="20">,</token>
  <token t_id="76" sentence="3" number="21">apprehending</token>
  <token t_id="77" sentence="3" number="22">26</token>
  <token t_id="78" sentence="3" number="23">Somali</token>
  <token t_id="79" sentence="3" number="24">pirates</token>
  <token t_id="80" sentence="3" number="25">and</token>
  <token t_id="81" sentence="3" number="26">confiscating</token>
  <token t_id="82" sentence="3" number="27">arms</token>
  <token t_id="83" sentence="3" number="28">and</token>
  <token t_id="84" sentence="3" number="29">ammunition</token>
  <token t_id="85" sentence="3" number="30">,</token>
  <token t_id="86" sentence="3" number="31">in</token>
  <token t_id="87" sentence="3" number="32">the</token>
  <token t_id="88" sentence="3" number="33">fifth</token>
  <token t_id="89" sentence="3" number="34">successful</token>
  <token t_id="90" sentence="3" number="35">anti</token>
  <token t_id="91" sentence="3" number="36">-</token>
  <token t_id="92" sentence="3" number="37">piracy</token>
  <token t_id="93" sentence="3" number="38">operation</token>
  <token t_id="94" sentence="3" number="39">since</token>
  <token t_id="95" sentence="3" number="40">September</token>
  <token t_id="96" sentence="3" number="41">.</token>
  <token t_id="97" sentence="4" number="0">At</token>
  <token t_id="98" sentence="4" number="1">about</token>
  <token t_id="99" sentence="4" number="2">9</token>
  <token t_id="100" sentence="4" number="3">:</token>
  <token t_id="101" sentence="4" number="4">25</token>
  <token t_id="102" sentence="4" number="5">Thursday</token>
  <token t_id="103" sentence="4" number="6">morning</token>
  <token t_id="104" sentence="4" number="7">,</token>
  <token t_id="105" sentence="4" number="8">navy</token>
  <token t_id="106" sentence="4" number="9">personnel</token>
  <token t_id="107" sentence="4" number="10">aboard</token>
  <token t_id="108" sentence="4" number="11">warship</token>
  <token t_id="109" sentence="4" number="12">INS</token>
  <token t_id="110" sentence="4" number="13">Sukanya</token>
  <token t_id="111" sentence="4" number="14">spotted</token>
  <token t_id="112" sentence="4" number="15">a</token>
  <token t_id="113" sentence="4" number="16">group</token>
  <token t_id="114" sentence="4" number="17">of</token>
  <token t_id="115" sentence="4" number="18">five</token>
  <token t_id="116" sentence="4" number="19">suspicious</token>
  <token t_id="117" sentence="4" number="20">boats</token>
  <token t_id="118" sentence="4" number="21">speedily</token>
  <token t_id="119" sentence="4" number="22">approaching</token>
  <token t_id="120" sentence="4" number="23">the</token>
  <token t_id="121" sentence="4" number="24">merchant</token>
  <token t_id="122" sentence="4" number="25">vessels</token>
  <token t_id="123" sentence="4" number="26">of</token>
  <token t_id="124" sentence="4" number="27">her</token>
  <token t_id="125" sentence="4" number="28">group</token>
  <token t_id="126" sentence="4" number="29">.</token>
  <token t_id="127" sentence="5" number="0">"The</token>
  <token t_id="128" sentence="5" number="1">warship</token>
  <token t_id="129" sentence="5" number="2">immediately</token>
  <token t_id="130" sentence="5" number="3">altered</token>
  <token t_id="131" sentence="5" number="4">(</token>
  <token t_id="132" sentence="5" number="5">its</token>
  <token t_id="133" sentence="5" number="6">direction</token>
  <token t_id="134" sentence="5" number="7">)</token>
  <token t_id="135" sentence="5" number="8">towards</token>
  <token t_id="136" sentence="5" number="9">the</token>
  <token t_id="137" sentence="5" number="10">suspicious</token>
  <token t_id="138" sentence="5" number="11">vessels</token>
  <token t_id="139" sentence="5" number="12">and</token>
  <token t_id="140" sentence="5" number="13">challenged</token>
  <token t_id="141" sentence="5" number="14">them</token>
  <token t_id="142" sentence="5" number="15">.</token>
  <token t_id="143" sentence="6" number="0">On</token>
  <token t_id="144" sentence="6" number="1">seeing</token>
  <token t_id="145" sentence="6" number="2">the</token>
  <token t_id="146" sentence="6" number="3">resolve</token>
  <token t_id="147" sentence="6" number="4">evident</token>
  <token t_id="148" sentence="6" number="5">in</token>
  <token t_id="149" sentence="6" number="6">the</token>
  <token t_id="150" sentence="6" number="7">warship's</token>
  <token t_id="151" sentence="6" number="8">action</token>
  <token t_id="152" sentence="6" number="9">and</token>
  <token t_id="153" sentence="6" number="10">probably</token>
  <token t_id="154" sentence="6" number="11">mindful</token>
  <token t_id="155" sentence="6" number="12">of</token>
  <token t_id="156" sentence="6" number="13">the</token>
  <token t_id="157" sentence="6" number="14">reputation</token>
  <token t_id="158" sentence="6" number="15">for</token>
  <token t_id="159" sentence="6" number="16">resolute</token>
  <token t_id="160" sentence="6" number="17">action</token>
  <token t_id="161" sentence="6" number="18">that</token>
  <token t_id="162" sentence="6" number="19">the</token>
  <token t_id="163" sentence="6" number="20">Indian</token>
  <token t_id="164" sentence="6" number="21">Navy</token>
  <token t_id="165" sentence="6" number="22">justly</token>
  <token t_id="166" sentence="6" number="23">enjoys</token>
  <token t_id="167" sentence="6" number="24">in</token>
  <token t_id="168" sentence="6" number="25">such</token>
  <token t_id="169" sentence="6" number="26">deployments</token>
  <token t_id="170" sentence="6" number="27">,</token>
  <token t_id="171" sentence="6" number="28">the</token>
  <token t_id="172" sentence="6" number="29">pirate</token>
  <token t_id="173" sentence="6" number="30">skiffs</token>
  <token t_id="174" sentence="6" number="31">reversed</token>
  <token t_id="175" sentence="6" number="32">course</token>
  <token t_id="176" sentence="6" number="33">and</token>
  <token t_id="177" sentence="6" number="34">tried</token>
  <token t_id="178" sentence="6" number="35">to</token>
  <token t_id="179" sentence="6" number="36">flee</token>
  <token t_id="180" sentence="6" number="37">the</token>
  <token t_id="181" sentence="6" number="38">area</token>
  <token t_id="182" sentence="6" number="39">,</token>
  <token t_id="183" sentence="6" number="40">"</token>
  <token t_id="184" sentence="6" number="41">Captain</token>
  <token t_id="185" sentence="6" number="42">Manohar</token>
  <token t_id="186" sentence="6" number="43">Nambiar</token>
  <token t_id="187" sentence="6" number="44">,</token>
  <token t_id="188" sentence="6" number="45">Chief</token>
  <token t_id="189" sentence="6" number="46">Public</token>
  <token t_id="190" sentence="6" number="47">Relations</token>
  <token t_id="191" sentence="6" number="48">Officer</token>
  <token t_id="192" sentence="6" number="49">,</token>
  <token t_id="193" sentence="6" number="50">Defence</token>
  <token t_id="194" sentence="6" number="51">,</token>
  <token t_id="195" sentence="6" number="52">said</token>
  <token t_id="196" sentence="6" number="53">.</token>
  <token t_id="197" sentence="7" number="0">While</token>
  <token t_id="198" sentence="7" number="1">two</token>
  <token t_id="199" sentence="7" number="2">of</token>
  <token t_id="200" sentence="7" number="3">them</token>
  <token t_id="201" sentence="7" number="4">managed</token>
  <token t_id="202" sentence="7" number="5">to</token>
  <token t_id="203" sentence="7" number="6">escape</token>
  <token t_id="204" sentence="7" number="7">,</token>
  <token t_id="205" sentence="7" number="8">INS</token>
  <token t_id="206" sentence="7" number="9">Sukanya</token>
  <token t_id="207" sentence="7" number="10">successfully</token>
  <token t_id="208" sentence="7" number="11">intercepted</token>
  <token t_id="209" sentence="7" number="12">the</token>
  <token t_id="210" sentence="7" number="13">remaining</token>
  <token t_id="211" sentence="7" number="14">three</token>
  <token t_id="212" sentence="7" number="15">boats</token>
  <token t_id="213" sentence="7" number="16">and</token>
  <token t_id="214" sentence="7" number="17">,</token>
  <token t_id="215" sentence="7" number="18">in</token>
  <token t_id="216" sentence="7" number="19">a</token>
  <token t_id="217" sentence="7" number="20">well</token>
  <token t_id="218" sentence="7" number="21">-</token>
  <token t_id="219" sentence="7" number="22">practiced</token>
  <token t_id="220" sentence="7" number="23">and</token>
  <token t_id="221" sentence="7" number="24">professionally</token>
  <token t_id="222" sentence="7" number="25">executed</token>
  <token t_id="223" sentence="7" number="26">boarding</token>
  <token t_id="224" sentence="7" number="27">-</token>
  <token t_id="225" sentence="7" number="28">and</token>
  <token t_id="226" sentence="7" number="29">-</token>
  <token t_id="227" sentence="7" number="30">search</token>
  <token t_id="228" sentence="7" number="31">action</token>
  <token t_id="229" sentence="7" number="32">,</token>
  <token t_id="230" sentence="7" number="33">nabbed</token>
  <token t_id="231" sentence="7" number="34">26</token>
  <token t_id="232" sentence="7" number="35">Somali</token>
  <token t_id="233" sentence="7" number="36">pirates</token>
  <token t_id="234" sentence="7" number="37">with</token>
  <token t_id="235" sentence="7" number="38">six</token>
  <token t_id="236" sentence="7" number="39">AK</token>
  <token t_id="237" sentence="7" number="40">47</token>
  <token t_id="238" sentence="7" number="41">rifles</token>
  <token t_id="239" sentence="7" number="42">,</token>
  <token t_id="240" sentence="7" number="43">12</token>
  <token t_id="241" sentence="7" number="44">magazines</token>
  <token t_id="242" sentence="7" number="45">and</token>
  <token t_id="243" sentence="7" number="46">about</token>
  <token t_id="244" sentence="7" number="47">300</token>
  <token t_id="245" sentence="7" number="48">rounds</token>
  <token t_id="246" sentence="7" number="49">of</token>
  <token t_id="247" sentence="7" number="50">ammunition</token>
  <token t_id="248" sentence="7" number="51">.</token>
  <token t_id="249" sentence="8" number="0">This</token>
  <token t_id="250" sentence="8" number="1">is</token>
  <token t_id="251" sentence="8" number="2">the</token>
  <token t_id="252" sentence="8" number="3">fifth</token>
  <token t_id="253" sentence="8" number="4">successful</token>
  <token t_id="254" sentence="8" number="5">anti</token>
  <token t_id="255" sentence="8" number="6">-</token>
  <token t_id="256" sentence="8" number="7">piracy</token>
  <token t_id="257" sentence="8" number="8">operation</token>
  <token t_id="258" sentence="8" number="9">conducted</token>
  <token t_id="259" sentence="8" number="10">by</token>
  <token t_id="260" sentence="8" number="11">INS</token>
  <token t_id="261" sentence="8" number="12">Sukanya</token>
  <token t_id="262" sentence="8" number="13">in</token>
  <token t_id="263" sentence="8" number="14">the</token>
  <token t_id="264" sentence="8" number="15">course</token>
  <token t_id="265" sentence="8" number="16">of</token>
  <token t_id="266" sentence="8" number="17">her</token>
  <token t_id="267" sentence="8" number="18">ongoing</token>
  <token t_id="268" sentence="8" number="19">patrol</token>
  <token t_id="269" sentence="8" number="20">mission</token>
  <token t_id="270" sentence="8" number="21">in</token>
  <token t_id="271" sentence="8" number="22">the</token>
  <token t_id="272" sentence="8" number="23">Gulf</token>
  <token t_id="273" sentence="8" number="24">of</token>
  <token t_id="274" sentence="8" number="25">Aden</token>
  <token t_id="275" sentence="8" number="26">that</token>
  <token t_id="276" sentence="8" number="27">commenced</token>
  <token t_id="277" sentence="8" number="28">in</token>
  <token t_id="278" sentence="8" number="29">September</token>
  <token t_id="279" sentence="8" number="30">,</token>
  <token t_id="280" sentence="8" number="31">the</token>
  <token t_id="281" sentence="8" number="32">navy</token>
  <token t_id="282" sentence="8" number="33">said</token>
  <token t_id="283" sentence="8" number="34">.</token>
  <token t_id="284" sentence="9" number="0">Warship</token>
  <token t_id="285" sentence="9" number="1">Sukanya</token>
  <token t_id="286" sentence="9" number="2">,</token>
  <token t_id="287" sentence="9" number="3">currently</token>
  <token t_id="288" sentence="9" number="4">deployed</token>
  <token t_id="289" sentence="9" number="5">on</token>
  <token t_id="290" sentence="9" number="6">anti</token>
  <token t_id="291" sentence="9" number="7">-</token>
  <token t_id="292" sentence="9" number="8">piracy</token>
  <token t_id="293" sentence="9" number="9">patrols</token>
  <token t_id="294" sentence="9" number="10">in</token>
  <token t_id="295" sentence="9" number="11">the</token>
  <token t_id="296" sentence="9" number="12">Gulf</token>
  <token t_id="297" sentence="9" number="13">of</token>
  <token t_id="298" sentence="9" number="14">Aden</token>
  <token t_id="299" sentence="9" number="15">under</token>
  <token t_id="300" sentence="9" number="16">the</token>
  <token t_id="301" sentence="9" number="17">operational</token>
  <token t_id="302" sentence="9" number="18">control</token>
  <token t_id="303" sentence="9" number="19">of</token>
  <token t_id="304" sentence="9" number="20">the</token>
  <token t_id="305" sentence="9" number="21">Western</token>
  <token t_id="306" sentence="9" number="22">Naval</token>
  <token t_id="307" sentence="9" number="23">Command</token>
  <token t_id="308" sentence="9" number="24">,</token>
  <token t_id="309" sentence="9" number="25">was</token>
  <token t_id="310" sentence="9" number="26">escorting</token>
  <token t_id="311" sentence="9" number="27">a</token>
  <token t_id="312" sentence="9" number="28">group</token>
  <token t_id="313" sentence="9" number="29">of</token>
  <token t_id="314" sentence="9" number="30">five</token>
  <token t_id="315" sentence="9" number="31">merchant</token>
  <token t_id="316" sentence="9" number="32">vessels</token>
  <token t_id="317" sentence="9" number="33">through</token>
  <token t_id="318" sentence="9" number="34">the</token>
  <token t_id="319" sentence="9" number="35">Internationally</token>
  <token t_id="320" sentence="9" number="36">Recognised</token>
  <token t_id="321" sentence="9" number="37">Transit</token>
  <token t_id="322" sentence="9" number="38">Corridor</token>
  <token t_id="323" sentence="9" number="39">when</token>
  <token t_id="324" sentence="9" number="40">the</token>
  <token t_id="325" sentence="9" number="41">incident</token>
  <token t_id="326" sentence="9" number="42">happened</token>
  <token t_id="327" sentence="9" number="43">.</token>
  <token t_id="328" sentence="10" number="0">The</token>
  <token t_id="329" sentence="10" number="1">timely</token>
  <token t_id="330" sentence="10" number="2">operation</token>
  <token t_id="331" sentence="10" number="3">by</token>
  <token t_id="332" sentence="10" number="4">INS</token>
  <token t_id="333" sentence="10" number="5">Sukanya</token>
  <token t_id="334" sentence="10" number="6">resulted</token>
  <token t_id="335" sentence="10" number="7">,</token>
  <token t_id="336" sentence="10" number="8">once</token>
  <token t_id="337" sentence="10" number="9">again</token>
  <token t_id="338" sentence="10" number="10">,</token>
  <token t_id="339" sentence="10" number="11">in</token>
  <token t_id="340" sentence="10" number="12">foiling</token>
  <token t_id="341" sentence="10" number="13">the</token>
  <token t_id="342" sentence="10" number="14">pirates'</token>
  <token t_id="343" sentence="10" number="15">attempt</token>
  <token t_id="344" sentence="10" number="16">to</token>
  <token t_id="345" sentence="10" number="17">attack</token>
  <token t_id="346" sentence="10" number="18">merchant</token>
  <token t_id="347" sentence="10" number="19">vessels</token>
  <token t_id="348" sentence="10" number="20">transiting</token>
  <token t_id="349" sentence="10" number="21">the</token>
  <token t_id="350" sentence="10" number="22">busy</token>
  <token t_id="351" sentence="10" number="23">sea</token>
  <token t_id="352" sentence="10" number="24">lane</token>
  <token t_id="353" sentence="10" number="25">through</token>
  <token t_id="354" sentence="10" number="26">which</token>
  <token t_id="355" sentence="10" number="27">over</token>
  <token t_id="356" sentence="10" number="28">nearly</token>
  <token t_id="357" sentence="10" number="29">100</token>
  <token t_id="358" sentence="10" number="30">billion</token>
  <token t_id="359" sentence="10" number="31">USD</token>
  <token t_id="360" sentence="10" number="32">worth</token>
  <token t_id="361" sentence="10" number="33">India's</token>
  <token t_id="362" sentence="10" number="34">external</token>
  <token t_id="363" sentence="10" number="35">trade</token>
  <token t_id="364" sentence="10" number="36">passes</token>
  <token t_id="365" sentence="10" number="37">each</token>
  <token t_id="366" sentence="10" number="38">year</token>
  <token t_id="367" sentence="10" number="39">,</token>
  <token t_id="368" sentence="10" number="40">Nambiar</token>
  <token t_id="369" sentence="10" number="41">said</token>
  <token t_id="370" sentence="10" number="42">.</token>
  <token t_id="371" sentence="11" number="0">In</token>
  <token t_id="372" sentence="11" number="1">their</token>
  <token t_id="373" sentence="11" number="2">five</token>
  <token t_id="374" sentence="11" number="3">operations</token>
  <token t_id="375" sentence="11" number="4">so</token>
  <token t_id="376" sentence="11" number="5">far</token>
  <token t_id="377" sentence="11" number="6">,</token>
  <token t_id="378" sentence="11" number="7">the</token>
  <token t_id="379" sentence="11" number="8">personnel</token>
  <token t_id="380" sentence="11" number="9">on</token>
  <token t_id="381" sentence="11" number="10">board</token>
  <token t_id="382" sentence="11" number="11">the</token>
  <token t_id="383" sentence="11" number="12">warship</token>
  <token t_id="384" sentence="11" number="13">have</token>
  <token t_id="385" sentence="11" number="14">confiscated</token>
  <token t_id="386" sentence="11" number="15">14</token>
  <token t_id="387" sentence="11" number="16">AK</token>
  <token t_id="388" sentence="11" number="17">-</token>
  <token t_id="389" sentence="11" number="18">47</token>
  <token t_id="390" sentence="11" number="19">Rifles</token>
  <token t_id="391" sentence="11" number="20">,</token>
  <token t_id="392" sentence="11" number="21">31</token>
  <token t_id="393" sentence="11" number="22">magazines</token>
  <token t_id="394" sentence="11" number="23">and</token>
  <token t_id="395" sentence="11" number="24">923</token>
  <token t_id="396" sentence="11" number="25">rounds</token>
  <token t_id="397" sentence="11" number="26">of</token>
  <token t_id="398" sentence="11" number="27">ammunition</token>
  <token t_id="399" sentence="11" number="28">,</token>
  <token t_id="400" sentence="11" number="29">he</token>
  <token t_id="401" sentence="11" number="30">said</token>
  <token t_id="402" sentence="11" number="31">.</token>
  <token t_id="403" sentence="12" number="0">Indian</token>
  <token t_id="404" sentence="12" number="1">Navy</token>
  <token t_id="405" sentence="12" number="2">is</token>
  <token t_id="406" sentence="12" number="3">part</token>
  <token t_id="407" sentence="12" number="4">of</token>
  <token t_id="408" sentence="12" number="5">the</token>
  <token t_id="409" sentence="12" number="6">international</token>
  <token t_id="410" sentence="12" number="7">effort</token>
  <token t_id="411" sentence="12" number="8">to</token>
  <token t_id="412" sentence="12" number="9">ensure</token>
  <token t_id="413" sentence="12" number="10">the</token>
  <token t_id="414" sentence="12" number="11">safety</token>
  <token t_id="415" sentence="12" number="12">and</token>
  <token t_id="416" sentence="12" number="13">freedom</token>
  <token t_id="417" sentence="12" number="14">of</token>
  <token t_id="418" sentence="12" number="15">seaborne</token>
  <token t_id="419" sentence="12" number="16">trade</token>
  <token t_id="420" sentence="12" number="17">in</token>
  <token t_id="421" sentence="12" number="18">this</token>
  <token t_id="422" sentence="12" number="19">high</token>
  <token t_id="423" sentence="12" number="20">-</token>
  <token t_id="424" sentence="12" number="21">risk</token>
  <token t_id="425" sentence="12" number="22">stronghold</token>
  <token t_id="426" sentence="12" number="23">of</token>
  <token t_id="427" sentence="12" number="24">modern</token>
  <token t_id="428" sentence="12" number="25">-</token>
  <token t_id="429" sentence="12" number="26">day</token>
  <token t_id="430" sentence="12" number="27">piracy</token>
  <token t_id="431" sentence="12" number="28">.</token>
  <Markables>
    <ACTION_ASPECTUAL m_id="33" comment="">
      <token_anchor t_id="276"/>
    </ACTION_ASPECTUAL>
    <ACTION_OCCURRENCE m_id="1" comment="" climaxEvent="FALSE">
      <token_anchor t_id="76"/>
    </ACTION_OCCURRENCE>
    <ACTION_OCCURRENCE m_id="2" comment="" climaxEvent="FALSE">
      <token_anchor t_id="81"/>
    </ACTION_OCCURRENCE>
    <ACTION_OCCURRENCE m_id="3" comment="" climaxEvent="FALSE">
      <token_anchor t_id="93"/>
    </ACTION_OCCURRENCE>
    <ACTION_OCCURRENCE m_id="4" comment="" climaxEvent="FALSE">
      <token_anchor t_id="257"/>
    </ACTION_OCCURRENCE>
    <ACTION_OCCURRENCE m_id="5" comment="" climaxEvent="FALSE">
      <token_anchor t_id="258"/>
    </ACTION_OCCURRENCE>
    <ACTION_OCCURRENCE m_id="6" comment="" climaxEvent="FALSE">
      <token_anchor t_id="268"/>
    </ACTION_OCCURRENCE>
    <ACTION_OCCURRENCE m_id="7" comment="" climaxEvent="FALSE">
      <token_anchor t_id="269"/>
    </ACTION_OCCURRENCE>
    <ACTION_OCCURRENCE m_id="8" climaxEvent="TRUE" comment="">
      <token_anchor t_id="40"/>
    </ACTION_OCCURRENCE>
    <ACTION_OCCURRENCE m_id="9" comment="" climaxEvent="FALSE">
      <token_anchor t_id="41"/>
    </ACTION_OCCURRENCE>
    <ACTION_OCCURRENCE m_id="10" comment="" climaxEvent="FALSE">
      <token_anchor t_id="47"/>
    </ACTION_OCCURRENCE>
    <ACTION_OCCURRENCE m_id="11" comment="" climaxEvent="FALSE">
      <token_anchor t_id="57"/>
    </ACTION_OCCURRENCE>
    <ACTION_OCCURRENCE m_id="12" climaxEvent="TRUE" comment="">
      <token_anchor t_id="63"/>
    </ACTION_OCCURRENCE>
    <ACTION_OCCURRENCE m_id="13" comment="" climaxEvent="FALSE">
      <token_anchor t_id="68"/>
    </ACTION_OCCURRENCE>
    <ACTION_REPORTING m_id="14">
      <token_anchor t_id="282"/>
    </ACTION_REPORTING>
    <HUMAN_PART_ORG m_id="15">
      <token_anchor t_id="39"/>
    </HUMAN_PART_ORG>
    <HUMAN_PART_ORG m_id="16">
      <token_anchor t_id="281"/>
    </HUMAN_PART_ORG>
    <HUMAN_PART_ORG m_id="17">
      <token_anchor t_id="56"/>
    </HUMAN_PART_ORG>
    <HUMAN_PART_PER m_id="18" comment="">
      <token_anchor t_id="49"/>
    </HUMAN_PART_PER>
    <HUMAN_PART_PER m_id="19" comment="">
      <token_anchor t_id="71"/>
    </HUMAN_PART_PER>
    <HUMAN_PART_PER m_id="20" comment="">
      <token_anchor t_id="79"/>
    </HUMAN_PART_PER>
    <HUMAN_PART_VEH m_id="34">
      <token_anchor t_id="74"/>
    </HUMAN_PART_VEH>
    <HUMAN_PART_VEH m_id="21">
      <token_anchor t_id="260"/>
      <token_anchor t_id="261"/>
    </HUMAN_PART_VEH>
    <HUMAN_PART_VEH m_id="22">
      <token_anchor t_id="266"/>
    </HUMAN_PART_VEH>
    <LOC_GEO m_id="23" comment="">
      <token_anchor t_id="50"/>
    </LOC_GEO>
    <LOC_GEO m_id="24" comment="">
      <token_anchor t_id="270"/>
      <token_anchor t_id="271"/>
      <token_anchor t_id="272"/>
      <token_anchor t_id="273"/>
      <token_anchor t_id="274"/>
    </LOC_GEO>
    <LOC_GEO m_id="25" comment="">
      <token_anchor t_id="58"/>
      <token_anchor t_id="59"/>
      <token_anchor t_id="60"/>
      <token_anchor t_id="61"/>
    </LOC_GEO>
    <LOC_GEO m_id="26" comment="">
      <token_anchor t_id="42"/>
      <token_anchor t_id="43"/>
      <token_anchor t_id="44"/>
      <token_anchor t_id="45"/>
    </LOC_GEO>
    <NON_HUMAN_PART m_id="27" comment="">
      <token_anchor t_id="82"/>
    </NON_HUMAN_PART>
    <NON_HUMAN_PART m_id="28" comment="">
      <token_anchor t_id="84"/>
    </NON_HUMAN_PART>
    <TIME_DATE m_id="29" comment="" DCT="TRUE" value="2011-11-11" anchorTimeID="29">
      <token_anchor t_id="52"/>
      <token_anchor t_id="53"/>
    </TIME_DATE>
    <TIME_DATE m_id="30" comment="" DCT="FALSE" value="2011-09" anchorTimeID="">
      <token_anchor t_id="94"/>
      <token_anchor t_id="95"/>
    </TIME_DATE>
    <TIME_DATE m_id="31" comment="" DCT="FALSE" value="2011-11-10" anchorTimeID="29">
      <token_anchor t_id="62"/>
    </TIME_DATE>
    <TIME_DATE m_id="32" comment="" DCT="FALSE" value="2011-09" anchorTimeID="">
      <token_anchor t_id="277"/>
      <token_anchor t_id="278"/>
    </TIME_DATE>
    <ACTION_OCCURRENCE m_id="35" RELATED_TO="" TAG_DESCRIPTOR="t12_operation" comment="" climaxEvent="FALSE"/>
    <TIME_DATE m_id="36" RELATED_TO="" TAG_DESCRIPTOR="t12_since_september" value="" anchorTimeID="" DCT="FALSE" comment=""/>
    <NON_HUMAN_PART m_id="37" RELATED_TO="" TAG_DESCRIPTOR="t12_ammunition" comment=""/>
    <TIME_DATE m_id="38" RELATED_TO="" TAG_DESCRIPTOR="t12_september" value="" anchorTimeID="" DCT="FALSE" comment=""/>
    <HUMAN_PART_ORG m_id="39" RELATED_TO="" TAG_DESCRIPTOR="t12b_navy"/>
    <HUMAN_PART_PER m_id="40" RELATED_TO="" TAG_DESCRIPTOR="t12_pirates" comment=""/>
    <HUMAN_PART_VEH m_id="41" RELATED_TO="" TAG_DESCRIPTOR="t12_human_merchant_vessels"/>
    <NON_HUMAN_PART m_id="42" RELATED_TO="" TAG_DESCRIPTOR="t12_weapons" comment=""/>
    <ACTION_OCCURRENCE m_id="43" RELATED_TO="" TAG_DESCRIPTOR="t12_thwarted" comment="" climaxEvent="FALSE"/>
    <ACTION_OCCURRENCE m_id="44" RELATED_TO="" TAG_DESCRIPTOR="t12_patrols" comment="" climaxEvent="FALSE"/>
    <TIME_DATE m_id="45" RELATED_TO="" TAG_DESCRIPTOR="t12_thursday" value="" anchorTimeID="" DCT="FALSE" comment=""/>
    <ACTION_OCCURRENCE m_id="46" RELATED_TO="" TAG_DESCRIPTOR="t12_confiscating" comment="" climaxEvent="FALSE"/>
    <ACTION_OCCURRENCE m_id="47" RELATED_TO="" TAG_DESCRIPTOR="t12_pirates_arrested" comment="" climaxEvent="FALSE"/>
    <ACTION_ASPECTUAL m_id="48" RELATED_TO="" TAG_DESCRIPTOR="t12_commenced" comment=""/>
    <ACTION_OCCURRENCE m_id="49" RELATED_TO="" TAG_DESCRIPTOR="t12_piracy_attack" comment="" climaxEvent="FALSE"/>
    <LOC_GEO m_id="50" RELATED_TO="" TAG_DESCRIPTOR="t12_gulf_of_aden" comment=""/>
    <HUMAN_PART_VEH m_id="51" RELATED_TO="" TAG_DESCRIPTOR="t12_sukanya"/>
    <LOC_GEO m_id="52" RELATED_TO="" TAG_DESCRIPTOR="t12_mumbai" comment=""/>
  </Markables>
  <Relations>
    <TLINK r_id="94478" contextualModality="" relType="BEFORE" comment="">
      <source m_id="30"/>
      <target m_id="3"/>
    </TLINK>
    <TLINK r_id="94479" contextualModality="" relType="BEGUN_ON" comment="">
      <source m_id="32"/>
      <target m_id="6"/>
    </TLINK>
    <TLINK r_id="94480" contextualModality="" relType="BEGUN_ON" comment="">
      <source m_id="32"/>
      <target m_id="7"/>
    </TLINK>
    <TLINK r_id="94481" contextualModality="" relType="BEGUN_ON" comment="">
      <source m_id="32"/>
      <target m_id="33"/>
    </TLINK>
    <TLINK r_id="94482" contextualModality="" relType="BEFORE" comment="">
      <source m_id="32"/>
      <target m_id="4"/>
    </TLINK>
    <TLINK r_id="94483" contextualModality="" relType="BEFORE" comment="">
      <source m_id="32"/>
      <target m_id="5"/>
    </TLINK>
    <TLINK r_id="94484" contextualModality="" relType="CONTAINS" comment="">
      <source m_id="31"/>
      <target m_id="11"/>
    </TLINK>
    <TLINK r_id="94485" contextualModality="" relType="CONTAINS" comment="">
      <source m_id="31"/>
      <target m_id="12"/>
    </TLINK>
    <TLINK r_id="94486" contextualModality="" relType="CONTAINS" comment="">
      <source m_id="31"/>
      <target m_id="13"/>
    </TLINK>
    <TLINK r_id="94487" contextualModality="" relType="CONTAINS" comment="">
      <source m_id="31"/>
      <target m_id="1"/>
    </TLINK>
    <TLINK r_id="94488" contextualModality="" relType="CONTAINS" comment="">
      <source m_id="31"/>
      <target m_id="2"/>
    </TLINK>
    <TLINK r_id="94489" contextualModality="" relType="CONTAINS" comment="">
      <source m_id="31"/>
      <target m_id="3"/>
    </TLINK>
    <TLINK r_id="94490" contextualModality="" relType="AFTER" comment="">
      <source m_id="29"/>
      <target m_id="11"/>
    </TLINK>
    <TLINK r_id="94491" contextualModality="" relType="AFTER" comment="">
      <source m_id="29"/>
      <target m_id="12"/>
    </TLINK>
    <TLINK r_id="94492" contextualModality="" relType="AFTER" comment="">
      <source m_id="29"/>
      <target m_id="13"/>
    </TLINK>
    <TLINK r_id="94493" contextualModality="" relType="AFTER" comment="">
      <source m_id="29"/>
      <target m_id="1"/>
    </TLINK>
    <TLINK r_id="94494" contextualModality="" relType="AFTER" comment="">
      <source m_id="29"/>
      <target m_id="2"/>
    </TLINK>
    <TLINK r_id="94495" contextualModality="" relType="AFTER" comment="">
      <source m_id="29"/>
      <target m_id="3"/>
    </TLINK>
    <TLINK r_id="94496" contextualModality="" relType="AFTER" comment="">
      <source m_id="29"/>
      <target m_id="4"/>
    </TLINK>
    <TLINK r_id="94497" contextualModality="" relType="AFTER" comment="">
      <source m_id="29"/>
      <target m_id="5"/>
    </TLINK>
    <TLINK r_id="94498" contextualModality="" relType="OVERLAP" comment="">
      <source m_id="29"/>
      <target m_id="6"/>
    </TLINK>
    <TLINK r_id="94499" contextualModality="" relType="OVERLAP" comment="">
      <source m_id="29"/>
      <target m_id="7"/>
    </TLINK>
    <TLINK r_id="94500" contextualModality="" relType="AFTER" comment="">
      <source m_id="29"/>
      <target m_id="33"/>
    </TLINK>
    <TLINK r_id="95981" contextualModality="" relType="CONTAINS" comment="">
      <source m_id="31"/>
      <target m_id="8"/>
    </TLINK>
    <TLINK r_id="95982" contextualModality="" relType="CONTAINS" comment="">
      <source m_id="31"/>
      <target m_id="9"/>
    </TLINK>
    <TLINK r_id="95983" contextualModality="" relType="CONTAINS" comment="">
      <source m_id="31"/>
      <target m_id="10"/>
    </TLINK>
    <TLINK r_id="95984" contextualModality="" relType="AFTER" comment="">
      <source m_id="29"/>
      <target m_id="8"/>
    </TLINK>
    <TLINK r_id="95985" contextualModality="" relType="AFTER" comment="">
      <source m_id="29"/>
      <target m_id="9"/>
    </TLINK>
    <TLINK r_id="95986" contextualModality="" relType="AFTER" comment="">
      <source m_id="29"/>
      <target m_id="10"/>
    </TLINK>
    <PLOT_LINK r_id="99459" SIGNAL="" relType="PRECONDITION" CAUSES="FALSE" CAUSED_BY="FALSE">
      <source m_id="8"/>
      <target m_id="10"/>
    </PLOT_LINK>
    <PLOT_LINK r_id="99460" SIGNAL="" relType="PRECONDITION" CAUSES="FALSE" CAUSED_BY="FALSE">
      <source m_id="11"/>
      <target m_id="12"/>
    </PLOT_LINK>
    <PLOT_LINK r_id="99461" SIGNAL="" relType="FALLING_ACTION" CAUSES="FALSE" CAUSED_BY="FALSE">
      <source m_id="12"/>
      <target m_id="1"/>
    </PLOT_LINK>
    <PLOT_LINK r_id="99462" SIGNAL="" relType="FALLING_ACTION" CAUSES="FALSE" CAUSED_BY="FALSE">
      <source m_id="12"/>
      <target m_id="2"/>
    </PLOT_LINK>
    <PLOT_LINK r_id="99464" SIGNAL="" relType="FALLING_ACTION" CAUSES="FALSE" CAUSED_BY="FALSE">
      <source m_id="11"/>
      <target m_id="3"/>
    </PLOT_LINK>
    <PLOT_LINK r_id="99465" SIGNAL="" relType="FALLING_ACTION" CAUSES="FALSE" CAUSED_BY="FALSE">
      <source m_id="12"/>
      <target m_id="3"/>
    </PLOT_LINK>
    <PLOT_LINK r_id="99466" SIGNAL="" relType="FALLING_ACTION" CAUSES="FALSE" CAUSED_BY="FALSE">
      <source m_id="1"/>
      <target m_id="3"/>
    </PLOT_LINK>
    <PLOT_LINK r_id="99467" SIGNAL="" relType="FALLING_ACTION" CAUSES="FALSE" CAUSED_BY="FALSE">
      <source m_id="2"/>
      <target m_id="3"/>
    </PLOT_LINK>
    <PLOT_LINK r_id="99468" SIGNAL="" relType="FALLING_ACTION" CAUSES="FALSE" CAUSED_BY="FALSE">
      <source m_id="4"/>
      <target m_id="7"/>
    </PLOT_LINK>
  </Relations>
</Document>
