<?xml version='1.0' encoding='UTF-8'?>
<Document doc_name="12_4ecbplus.xml">
  <token t_id="1" sentence="0" number="0">http</token>
  <token t_id="2" sentence="0" number="1">:</token>
  <token t_id="3" sentence="0" number="2">/</token>
  <token t_id="4" sentence="0" number="3">/</token>
  <token t_id="5" sentence="0" number="4">www</token>
  <token t_id="6" sentence="0" number="5">.</token>
  <token t_id="7" sentence="0" number="6">pardaphash</token>
  <token t_id="8" sentence="0" number="7">.</token>
  <token t_id="9" sentence="0" number="8">com</token>
  <token t_id="10" sentence="0" number="9">/</token>
  <token t_id="11" sentence="0" number="10">news</token>
  <token t_id="12" sentence="0" number="11">/</token>
  <token t_id="13" sentence="0" number="12">indian</token>
  <token t_id="14" sentence="0" number="13">-</token>
  <token t_id="15" sentence="0" number="14">navy</token>
  <token t_id="16" sentence="0" number="15">-</token>
  <token t_id="17" sentence="0" number="16">captures</token>
  <token t_id="18" sentence="0" number="17">-</token>
  <token t_id="19" sentence="0" number="18">26</token>
  <token t_id="20" sentence="0" number="19">-</token>
  <token t_id="21" sentence="0" number="20">somali</token>
  <token t_id="22" sentence="0" number="21">-</token>
  <token t_id="23" sentence="0" number="22">pirates</token>
  <token t_id="24" sentence="0" number="23">-</token>
  <token t_id="25" sentence="0" number="24">in</token>
  <token t_id="26" sentence="0" number="25">-</token>
  <token t_id="27" sentence="0" number="26">gulf</token>
  <token t_id="28" sentence="0" number="27">-</token>
  <token t_id="29" sentence="0" number="28">of</token>
  <token t_id="30" sentence="0" number="29">-</token>
  <token t_id="31" sentence="0" number="30">aden</token>
  <token t_id="32" sentence="0" number="31">/</token>
  <token t_id="33" sentence="0" number="32">683284</token>
  <token t_id="34" sentence="0" number="33">.</token>
  <token t_id="35" sentence="0" number="34">html#</token>
  <token t_id="36" sentence="0" number="35">.</token>
  <token t_id="37" sentence="0" number="36">UlFH6xaKwlI</token>
  <token t_id="38" sentence="1" number="0">Indian</token>
  <token t_id="39" sentence="1" number="1">Navy</token>
  <token t_id="40" sentence="1" number="2">captures</token>
  <token t_id="41" sentence="1" number="3">26</token>
  <token t_id="42" sentence="1" number="4">Somali</token>
  <token t_id="43" sentence="1" number="5">pirates</token>
  <token t_id="44" sentence="1" number="6">in</token>
  <token t_id="45" sentence="1" number="7">Gulf</token>
  <token t_id="46" sentence="1" number="8">of</token>
  <token t_id="47" sentence="1" number="9">Aden</token>
  <token t_id="48" sentence="2" number="0">Published</token>
  <token t_id="49" sentence="2" number="1">on</token>
  <token t_id="50" sentence="2" number="2">:</token>
  <token t_id="51" sentence="2" number="3">Fri</token>
  <token t_id="52" sentence="2" number="4">,</token>
  <token t_id="53" sentence="2" number="5">11</token>
  <token t_id="54" sentence="2" number="6">Nov</token>
  <token t_id="55" sentence="2" number="7">2011</token>
  <token t_id="56" sentence="2" number="8">at</token>
  <token t_id="57" sentence="2" number="9">09</token>
  <token t_id="58" sentence="2" number="10">:</token>
  <token t_id="59" sentence="2" number="11">56</token>
  <token t_id="60" sentence="2" number="12">IST</token>
  <token t_id="61" sentence="3" number="0">New</token>
  <token t_id="62" sentence="3" number="1">Delhi</token>
  <token t_id="63" sentence="3" number="2">/</token>
  <token t_id="64" sentence="3" number="3">Mumbai</token>
  <token t_id="65" sentence="3" number="4">:</token>
  <token t_id="66" sentence="3" number="5">An</token>
  <token t_id="67" sentence="3" number="6">Indian</token>
  <token t_id="68" sentence="3" number="7">warship</token>
  <token t_id="69" sentence="3" number="8">foiled</token>
  <token t_id="70" sentence="3" number="9">a</token>
  <token t_id="71" sentence="3" number="10">five</token>
  <token t_id="72" sentence="3" number="11">-</token>
  <token t_id="73" sentence="3" number="12">boat</token>
  <token t_id="74" sentence="3" number="13">pirate</token>
  <token t_id="75" sentence="3" number="14">attack</token>
  <token t_id="76" sentence="3" number="15">on</token>
  <token t_id="77" sentence="3" number="16">merchant</token>
  <token t_id="78" sentence="3" number="17">vessels</token>
  <token t_id="79" sentence="3" number="18">transiting</token>
  <token t_id="80" sentence="3" number="19">the</token>
  <token t_id="81" sentence="3" number="20">Gulf</token>
  <token t_id="82" sentence="3" number="21">of</token>
  <token t_id="83" sentence="3" number="22">Aden</token>
  <token t_id="84" sentence="3" number="23">on</token>
  <token t_id="85" sentence="3" number="24">Friday</token>
  <token t_id="86" sentence="3" number="25">capturing</token>
  <token t_id="87" sentence="3" number="26">26</token>
  <token t_id="88" sentence="3" number="27">Somani</token>
  <token t_id="89" sentence="3" number="28">brigands</token>
  <token t_id="90" sentence="3" number="29">on</token>
  <token t_id="91" sentence="3" number="30">three</token>
  <token t_id="92" sentence="3" number="31">of</token>
  <token t_id="93" sentence="3" number="32">the</token>
  <token t_id="94" sentence="3" number="33">skiffs</token>
  <token t_id="95" sentence="3" number="34">and</token>
  <token t_id="96" sentence="3" number="35">confiscating</token>
  <token t_id="97" sentence="3" number="36">their</token>
  <token t_id="98" sentence="3" number="37">weapons</token>
  <token t_id="99" sentence="3" number="38">.</token>
  <token t_id="100" sentence="4" number="0">Patrol</token>
  <token t_id="101" sentence="4" number="1">vessel</token>
  <token t_id="102" sentence="4" number="2">INS</token>
  <token t_id="103" sentence="4" number="3">Sukanya</token>
  <token t_id="104" sentence="4" number="4">was</token>
  <token t_id="105" sentence="4" number="5">escorting</token>
  <token t_id="106" sentence="4" number="6">the</token>
  <token t_id="107" sentence="4" number="7">five</token>
  <token t_id="108" sentence="4" number="8">merchant</token>
  <token t_id="109" sentence="4" number="9">vessels</token>
  <token t_id="110" sentence="4" number="10">through</token>
  <token t_id="111" sentence="4" number="11">the</token>
  <token t_id="112" sentence="4" number="12">Internationally</token>
  <token t_id="113" sentence="4" number="13">Recognised</token>
  <token t_id="114" sentence="4" number="14">Transit</token>
  <token t_id="115" sentence="4" number="15">Corridor</token>
  <token t_id="116" sentence="4" number="16">in</token>
  <token t_id="117" sentence="4" number="17">the</token>
  <token t_id="118" sentence="4" number="18">Gulf</token>
  <token t_id="119" sentence="4" number="19">of</token>
  <token t_id="120" sentence="4" number="20">Aden</token>
  <token t_id="121" sentence="4" number="21">on</token>
  <token t_id="122" sentence="4" number="22">Thursday</token>
  <token t_id="123" sentence="4" number="23">morning</token>
  <token t_id="124" sentence="4" number="24">when</token>
  <token t_id="125" sentence="4" number="25">the</token>
  <token t_id="126" sentence="4" number="26">warship's</token>
  <token t_id="127" sentence="4" number="27">crew</token>
  <token t_id="128" sentence="4" number="28">noticed</token>
  <token t_id="129" sentence="4" number="29">the</token>
  <token t_id="130" sentence="4" number="30">five</token>
  <token t_id="131" sentence="4" number="31">-</token>
  <token t_id="132" sentence="4" number="32">boat</token>
  <token t_id="133" sentence="4" number="33">pirate</token>
  <token t_id="134" sentence="4" number="34">formation</token>
  <token t_id="135" sentence="4" number="35">approaching</token>
  <token t_id="136" sentence="4" number="36">the</token>
  <token t_id="137" sentence="4" number="37">cargo</token>
  <token t_id="138" sentence="4" number="38">ship</token>
  <token t_id="139" sentence="4" number="39">group</token>
  <token t_id="140" sentence="4" number="40">.</token>
  <token t_id="141" sentence="5" number="0">"The</token>
  <token t_id="142" sentence="5" number="1">warship</token>
  <token t_id="143" sentence="5" number="2">immediately</token>
  <token t_id="144" sentence="5" number="3">altered</token>
  <token t_id="145" sentence="5" number="4">towards</token>
  <token t_id="146" sentence="5" number="5">the</token>
  <token t_id="147" sentence="5" number="6">suspicious</token>
  <token t_id="148" sentence="5" number="7">vessels</token>
  <token t_id="149" sentence="5" number="8">and</token>
  <token t_id="150" sentence="5" number="9">challenged</token>
  <token t_id="151" sentence="5" number="10">them</token>
  <token t_id="152" sentence="5" number="11">,</token>
  <token t_id="153" sentence="5" number="12">"</token>
  <token t_id="154" sentence="5" number="13">the</token>
  <token t_id="155" sentence="5" number="14">officer</token>
  <token t_id="156" sentence="5" number="15">said</token>
  <token t_id="157" sentence="5" number="16">,</token>
  <token t_id="158" sentence="5" number="17">adding</token>
  <token t_id="159" sentence="5" number="18">the</token>
  <token t_id="160" sentence="5" number="19">pirate</token>
  <token t_id="161" sentence="5" number="20">skiffs</token>
  <token t_id="162" sentence="5" number="21">then</token>
  <token t_id="163" sentence="5" number="22">reversed</token>
  <token t_id="164" sentence="5" number="23">course</token>
  <token t_id="165" sentence="5" number="24">and</token>
  <token t_id="166" sentence="5" number="25">tried</token>
  <token t_id="167" sentence="5" number="26">to</token>
  <token t_id="168" sentence="5" number="27">flee</token>
  <token t_id="169" sentence="5" number="28">the</token>
  <token t_id="170" sentence="5" number="29">area</token>
  <token t_id="171" sentence="5" number="30">.</token>
  <token t_id="172" sentence="6" number="0">"While</token>
  <token t_id="173" sentence="6" number="1">two</token>
  <token t_id="174" sentence="6" number="2">of</token>
  <token t_id="175" sentence="6" number="3">the</token>
  <token t_id="176" sentence="6" number="4">skiffs</token>
  <token t_id="177" sentence="6" number="5">and</token>
  <token t_id="178" sentence="6" number="6">its</token>
  <token t_id="179" sentence="6" number="7">crew</token>
  <token t_id="180" sentence="6" number="8">managed</token>
  <token t_id="181" sentence="6" number="9">to</token>
  <token t_id="182" sentence="6" number="10">get</token>
  <token t_id="183" sentence="6" number="11">away</token>
  <token t_id="184" sentence="6" number="12">,</token>
  <token t_id="185" sentence="6" number="13">Sukanya</token>
  <token t_id="186" sentence="6" number="14">successfully</token>
  <token t_id="187" sentence="6" number="15">intercepted</token>
  <token t_id="188" sentence="6" number="16">the</token>
  <token t_id="189" sentence="6" number="17">remaining</token>
  <token t_id="190" sentence="6" number="18">three</token>
  <token t_id="191" sentence="6" number="19">skiffs</token>
  <token t_id="192" sentence="6" number="20">and</token>
  <token t_id="193" sentence="6" number="21">carried</token>
  <token t_id="194" sentence="6" number="22">out</token>
  <token t_id="195" sentence="6" number="23">well</token>
  <token t_id="196" sentence="6" number="24">-</token>
  <token t_id="197" sentence="6" number="25">practiced</token>
  <token t_id="198" sentence="6" number="26">and</token>
  <token t_id="199" sentence="6" number="27">professionally</token>
  <token t_id="200" sentence="6" number="28">executed</token>
  <token t_id="201" sentence="6" number="29">boarding</token>
  <token t_id="202" sentence="6" number="30">-</token>
  <token t_id="203" sentence="6" number="31">and</token>
  <token t_id="204" sentence="6" number="32">-</token>
  <token t_id="205" sentence="6" number="33">search</token>
  <token t_id="206" sentence="6" number="34">action</token>
  <token t_id="207" sentence="6" number="35">.</token>
  <token t_id="208" sentence="7" number="0">"The</token>
  <token t_id="209" sentence="7" number="1">three</token>
  <token t_id="210" sentence="7" number="2">boats</token>
  <token t_id="211" sentence="7" number="3">had</token>
  <token t_id="212" sentence="7" number="4">a</token>
  <token t_id="213" sentence="7" number="5">total</token>
  <token t_id="214" sentence="7" number="6">of</token>
  <token t_id="215" sentence="7" number="7">26</token>
  <token t_id="216" sentence="7" number="8">Somali</token>
  <token t_id="217" sentence="7" number="9">crew</token>
  <token t_id="218" sentence="7" number="10">on</token>
  <token t_id="219" sentence="7" number="11">board</token>
  <token t_id="220" sentence="7" number="12">.</token>
  <token t_id="221" sentence="8" number="0">During</token>
  <token t_id="222" sentence="8" number="1">the</token>
  <token t_id="223" sentence="8" number="2">operation</token>
  <token t_id="224" sentence="8" number="3">,</token>
  <token t_id="225" sentence="8" number="4">six</token>
  <token t_id="226" sentence="8" number="5">AK</token>
  <token t_id="227" sentence="8" number="6">-</token>
  <token t_id="228" sentence="8" number="7">47</token>
  <token t_id="229" sentence="8" number="8">rifles</token>
  <token t_id="230" sentence="8" number="9">,</token>
  <token t_id="231" sentence="8" number="10">12</token>
  <token t_id="232" sentence="8" number="11">magazines</token>
  <token t_id="233" sentence="8" number="12">and</token>
  <token t_id="234" sentence="8" number="13">about</token>
  <token t_id="235" sentence="8" number="14">300</token>
  <token t_id="236" sentence="8" number="15">rounds</token>
  <token t_id="237" sentence="8" number="16">of</token>
  <token t_id="238" sentence="8" number="17">ammunition</token>
  <token t_id="239" sentence="8" number="18">were</token>
  <token t_id="240" sentence="8" number="19">found</token>
  <token t_id="241" sentence="8" number="20">and</token>
  <token t_id="242" sentence="8" number="21">confiscated</token>
  <token t_id="243" sentence="8" number="22">,</token>
  <token t_id="244" sentence="8" number="23">"</token>
  <token t_id="245" sentence="8" number="24">the</token>
  <token t_id="246" sentence="8" number="25">officer</token>
  <token t_id="247" sentence="8" number="26">said</token>
  <token t_id="248" sentence="8" number="27">.</token>
  <token t_id="249" sentence="9" number="0">He</token>
  <token t_id="250" sentence="9" number="1">said</token>
  <token t_id="251" sentence="9" number="2">that</token>
  <token t_id="252" sentence="9" number="3">in</token>
  <token t_id="253" sentence="9" number="4">addition</token>
  <token t_id="254" sentence="9" number="5">,</token>
  <token t_id="255" sentence="9" number="6">the</token>
  <token t_id="256" sentence="9" number="7">naval</token>
  <token t_id="257" sentence="9" number="8">boarding</token>
  <token t_id="258" sentence="9" number="9">party</token>
  <token t_id="259" sentence="9" number="10">also</token>
  <token t_id="260" sentence="9" number="11">found</token>
  <token t_id="261" sentence="9" number="12">a</token>
  <token t_id="262" sentence="9" number="13">host</token>
  <token t_id="263" sentence="9" number="14">of</token>
  <token t_id="264" sentence="9" number="15">other</token>
  <token t_id="265" sentence="9" number="16">equipment</token>
  <token t_id="266" sentence="9" number="17">such</token>
  <token t_id="267" sentence="9" number="18">as</token>
  <token t_id="268" sentence="9" number="19">grapnels</token>
  <token t_id="269" sentence="9" number="20">,</token>
  <token t_id="270" sentence="9" number="21">ladders</token>
  <token t_id="271" sentence="9" number="22">and</token>
  <token t_id="272" sentence="9" number="23">rope</token>
  <token t_id="273" sentence="9" number="24">-</token>
  <token t_id="274" sentence="9" number="25">handling</token>
  <token t_id="275" sentence="9" number="26">gloves</token>
  <token t_id="276" sentence="9" number="27">,</token>
  <token t_id="277" sentence="9" number="28">all</token>
  <token t_id="278" sentence="9" number="29">of</token>
  <token t_id="279" sentence="9" number="30">which</token>
  <token t_id="280" sentence="9" number="31">confirmed</token>
  <token t_id="281" sentence="9" number="32">their</token>
  <token t_id="282" sentence="9" number="33">intent</token>
  <token t_id="283" sentence="9" number="34">to</token>
  <token t_id="284" sentence="9" number="35">attack</token>
  <token t_id="285" sentence="9" number="36">and</token>
  <token t_id="286" sentence="9" number="37">hijack</token>
  <token t_id="287" sentence="9" number="38">the</token>
  <token t_id="288" sentence="9" number="39">merchant</token>
  <token t_id="289" sentence="9" number="40">vessels</token>
  <token t_id="290" sentence="9" number="41">.</token>
  <token t_id="291" sentence="10" number="0">This</token>
  <token t_id="292" sentence="10" number="1">anti</token>
  <token t_id="293" sentence="10" number="2">-</token>
  <token t_id="294" sentence="10" number="3">piracy</token>
  <token t_id="295" sentence="10" number="4">action</token>
  <token t_id="296" sentence="10" number="5">by</token>
  <token t_id="297" sentence="10" number="6">INS</token>
  <token t_id="298" sentence="10" number="7">Sukanya</token>
  <token t_id="299" sentence="10" number="8">was</token>
  <token t_id="300" sentence="10" number="9">the</token>
  <token t_id="301" sentence="10" number="10">fifth</token>
  <token t_id="302" sentence="10" number="11">successful</token>
  <token t_id="303" sentence="10" number="12">operation</token>
  <token t_id="304" sentence="10" number="13">by</token>
  <token t_id="305" sentence="10" number="14">its</token>
  <token t_id="306" sentence="10" number="15">crew</token>
  <token t_id="307" sentence="10" number="16">during</token>
  <token t_id="308" sentence="10" number="17">its</token>
  <token t_id="309" sentence="10" number="18">current</token>
  <token t_id="310" sentence="10" number="19">patrol</token>
  <token t_id="311" sentence="10" number="20">mission</token>
  <token t_id="312" sentence="10" number="21">in</token>
  <token t_id="313" sentence="10" number="22">the</token>
  <token t_id="314" sentence="10" number="23">Gulf</token>
  <token t_id="315" sentence="10" number="24">of</token>
  <token t_id="316" sentence="10" number="25">Aden</token>
  <token t_id="317" sentence="10" number="26">since</token>
  <token t_id="318" sentence="10" number="27">September</token>
  <token t_id="319" sentence="10" number="28">this</token>
  <token t_id="320" sentence="10" number="29">year</token>
  <token t_id="321" sentence="10" number="30">.</token>
  <token t_id="322" sentence="11" number="0">The</token>
  <token t_id="323" sentence="11" number="1">officer</token>
  <token t_id="324" sentence="11" number="2">said</token>
  <token t_id="325" sentence="11" number="3">that</token>
  <token t_id="326" sentence="11" number="4">INS</token>
  <token t_id="327" sentence="11" number="5">Sukanya</token>
  <token t_id="328" sentence="11" number="6">has</token>
  <token t_id="329" sentence="11" number="7">seized</token>
  <token t_id="330" sentence="11" number="8">a</token>
  <token t_id="331" sentence="11" number="9">total</token>
  <token t_id="332" sentence="11" number="10">of</token>
  <token t_id="333" sentence="11" number="11">14</token>
  <token t_id="334" sentence="11" number="12">AK</token>
  <token t_id="335" sentence="11" number="13">-</token>
  <token t_id="336" sentence="11" number="14">47</token>
  <token t_id="337" sentence="11" number="15">rifles</token>
  <token t_id="338" sentence="11" number="16">,</token>
  <token t_id="339" sentence="11" number="17">31</token>
  <token t_id="340" sentence="11" number="18">magazines</token>
  <token t_id="341" sentence="11" number="19">and</token>
  <token t_id="342" sentence="11" number="20">923</token>
  <token t_id="343" sentence="11" number="21">rounds</token>
  <token t_id="344" sentence="11" number="22">of</token>
  <token t_id="345" sentence="11" number="23">ammunition</token>
  <token t_id="346" sentence="11" number="24">during</token>
  <token t_id="347" sentence="11" number="25">the</token>
  <token t_id="348" sentence="11" number="26">five</token>
  <token t_id="349" sentence="11" number="27">operations</token>
  <token t_id="350" sentence="11" number="28">it</token>
  <token t_id="351" sentence="11" number="29">carried</token>
  <token t_id="352" sentence="11" number="30">out</token>
  <token t_id="353" sentence="11" number="31">there</token>
  <token t_id="354" sentence="11" number="32">.</token>
  <Markables>
    <ACTION_OCCURRENCE m_id="1" comment="" climaxEvent="FALSE">
      <token_anchor t_id="96"/>
    </ACTION_OCCURRENCE>
    <ACTION_OCCURRENCE m_id="2" comment="" climaxEvent="FALSE">
      <token_anchor t_id="295"/>
    </ACTION_OCCURRENCE>
    <ACTION_OCCURRENCE m_id="3" comment="" climaxEvent="FALSE">
      <token_anchor t_id="303"/>
    </ACTION_OCCURRENCE>
    <ACTION_OCCURRENCE m_id="4" comment="" climaxEvent="FALSE">
      <token_anchor t_id="311"/>
    </ACTION_OCCURRENCE>
    <ACTION_OCCURRENCE m_id="5" comment="" climaxEvent="FALSE">
      <token_anchor t_id="310"/>
    </ACTION_OCCURRENCE>
    <ACTION_OCCURRENCE m_id="6" climaxEvent="TRUE" comment="">
      <token_anchor t_id="40"/>
    </ACTION_OCCURRENCE>
    <ACTION_OCCURRENCE m_id="7" climaxEvent="TRUE" comment="">
      <token_anchor t_id="69"/>
    </ACTION_OCCURRENCE>
    <ACTION_OCCURRENCE m_id="8" comment="" climaxEvent="FALSE">
      <token_anchor t_id="74"/>
    </ACTION_OCCURRENCE>
    <ACTION_OCCURRENCE m_id="9" comment="" climaxEvent="FALSE">
      <token_anchor t_id="75"/>
    </ACTION_OCCURRENCE>
    <ACTION_OCCURRENCE m_id="10" comment="" climaxEvent="FALSE">
      <token_anchor t_id="79"/>
    </ACTION_OCCURRENCE>
    <ACTION_OCCURRENCE m_id="11" comment="" climaxEvent="FALSE">
      <token_anchor t_id="86"/>
    </ACTION_OCCURRENCE>
    <HUMAN_PART_ORG m_id="12">
      <token_anchor t_id="39"/>
    </HUMAN_PART_ORG>
    <HUMAN_PART_PER m_id="13" comment="">
      <token_anchor t_id="43"/>
    </HUMAN_PART_PER>
    <HUMAN_PART_PER m_id="14" comment="">
      <token_anchor t_id="89"/>
    </HUMAN_PART_PER>
    <HUMAN_PART_PER m_id="15" comment="">
      <token_anchor t_id="306"/>
    </HUMAN_PART_PER>
    <HUMAN_PART_VEH m_id="16">
      <token_anchor t_id="68"/>
    </HUMAN_PART_VEH>
    <HUMAN_PART_VEH m_id="17">
      <token_anchor t_id="297"/>
      <token_anchor t_id="298"/>
    </HUMAN_PART_VEH>
    <HUMAN_PART_VEH m_id="27">
      <token_anchor t_id="78"/>
    </HUMAN_PART_VEH>
    <LOC_GEO m_id="18" comment="">
      <token_anchor t_id="44"/>
      <token_anchor t_id="45"/>
      <token_anchor t_id="46"/>
      <token_anchor t_id="47"/>
    </LOC_GEO>
    <LOC_GEO m_id="19" comment="">
      <token_anchor t_id="61"/>
      <token_anchor t_id="62"/>
      <token_anchor t_id="63"/>
      <token_anchor t_id="64"/>
    </LOC_GEO>
    <LOC_GEO m_id="20" comment="">
      <token_anchor t_id="80"/>
      <token_anchor t_id="81"/>
      <token_anchor t_id="82"/>
      <token_anchor t_id="83"/>
    </LOC_GEO>
    <LOC_GEO m_id="21" comment="">
      <token_anchor t_id="312"/>
      <token_anchor t_id="313"/>
      <token_anchor t_id="314"/>
      <token_anchor t_id="315"/>
      <token_anchor t_id="316"/>
    </LOC_GEO>
    <NON_HUMAN_PART m_id="22" comment="">
      <token_anchor t_id="94"/>
    </NON_HUMAN_PART>
    <NON_HUMAN_PART m_id="23" comment="">
      <token_anchor t_id="98"/>
    </NON_HUMAN_PART>
    <TIME_DATE m_id="24" comment="" DCT="FALSE" value="2011-11-11" anchorTimeID="26">
      <token_anchor t_id="84"/>
      <token_anchor t_id="85"/>
    </TIME_DATE>
    <TIME_DATE m_id="25" comment="" DCT="FALSE" value="2011-09" anchorTimeID="26">
      <token_anchor t_id="317"/>
      <token_anchor t_id="318"/>
      <token_anchor t_id="319"/>
      <token_anchor t_id="320"/>
    </TIME_DATE>
    <TIME_OF_THE_DAY m_id="26" DCT="TRUE" value="2011-11-11T04:26UTC" anchorTimeID="26">
      <token_anchor t_id="51"/>
      <token_anchor t_id="52"/>
      <token_anchor t_id="53"/>
      <token_anchor t_id="54"/>
      <token_anchor t_id="55"/>
      <token_anchor t_id="56"/>
      <token_anchor t_id="57"/>
      <token_anchor t_id="58"/>
      <token_anchor t_id="59"/>
      <token_anchor t_id="60"/>
    </TIME_OF_THE_DAY>
    <TIME_DATE m_id="28" RELATED_TO="" TAG_DESCRIPTOR="t12_friday" value="" anchorTimeID="" DCT="FALSE" comment=""/>
    <ACTION_OCCURRENCE m_id="29" RELATED_TO="" TAG_DESCRIPTOR="t12_operation" comment="" climaxEvent="FALSE"/>
    <TIME_DATE m_id="30" RELATED_TO="" TAG_DESCRIPTOR="t12_since_september" value="" anchorTimeID="" DCT="FALSE" comment=""/>
    <HUMAN_PART_ORG m_id="31" RELATED_TO="" TAG_DESCRIPTOR="t12b_navy"/>
    <HUMAN_PART_PER m_id="32" RELATED_TO="" TAG_DESCRIPTOR="t12_pirates" comment=""/>
    <HUMAN_PART_VEH m_id="33" RELATED_TO="" TAG_DESCRIPTOR="t12_human_merchant_vessels"/>
    <NON_HUMAN_PART m_id="34" RELATED_TO="" TAG_DESCRIPTOR="t12_weapons" comment=""/>
    <ACTION_OCCURRENCE m_id="35" RELATED_TO="" TAG_DESCRIPTOR="t12_patrols" comment="" climaxEvent="FALSE"/>
    <ACTION_OCCURRENCE m_id="36" RELATED_TO="" TAG_DESCRIPTOR="t12_thwarted" comment="" climaxEvent="FALSE"/>
    <ACTION_OCCURRENCE m_id="37" RELATED_TO="" TAG_DESCRIPTOR="t12_confiscating" comment="" climaxEvent="FALSE"/>
    <ACTION_OCCURRENCE m_id="38" RELATED_TO="" TAG_DESCRIPTOR="t12_pirates_arrested" comment="" climaxEvent="FALSE"/>
    <ACTION_OCCURRENCE m_id="39" RELATED_TO="" TAG_DESCRIPTOR="t12_piracy" comment="" climaxEvent="FALSE"/>
    <ACTION_OCCURRENCE m_id="40" RELATED_TO="" TAG_DESCRIPTOR="t12_piracy_attack" comment="" climaxEvent="FALSE"/>
    <LOC_GEO m_id="41" RELATED_TO="" TAG_DESCRIPTOR="t12_gulf_of_aden" comment=""/>
    <HUMAN_PART_VEH m_id="42" RELATED_TO="" TAG_DESCRIPTOR="t12_sukanya"/>
    <LOC_GEO m_id="43" RELATED_TO="" TAG_DESCRIPTOR="t12_mumbai" comment=""/>
    <HUMAN_PART_PER m_id="44" RELATED_TO="" TAG_DESCRIPTOR="t12_crew" comment=""/>
    <NON_HUMAN_PART m_id="45" RELATED_TO="" TAG_DESCRIPTOR="t12_pirate_boats" comment=""/>
  </Markables>
  <Relations>
    <TLINK r_id="94501" contextualModality="" relType="CONTAINS" comment="">
      <source m_id="24"/>
      <target m_id="7"/>
    </TLINK>
    <TLINK r_id="94502" contextualModality="" relType="CONTAINS" comment="">
      <source m_id="24"/>
      <target m_id="8"/>
    </TLINK>
    <TLINK r_id="94504" contextualModality="" relType="CONTAINS" comment="">
      <source m_id="24"/>
      <target m_id="10"/>
    </TLINK>
    <TLINK r_id="94505" contextualModality="" relType="CONTAINS" comment="">
      <source m_id="24"/>
      <target m_id="11"/>
    </TLINK>
    <TLINK r_id="94506" contextualModality="" relType="CONTAINS" comment="">
      <source m_id="24"/>
      <target m_id="1"/>
    </TLINK>
    <TLINK r_id="94507" contextualModality="" relType="BEFORE" comment="">
      <source m_id="25"/>
      <target m_id="2"/>
    </TLINK>
    <TLINK r_id="94508" contextualModality="" relType="BEFORE" comment="">
      <source m_id="25"/>
      <target m_id="3"/>
    </TLINK>
    <TLINK r_id="94509" contextualModality="" relType="BEGUN_ON" comment="">
      <source m_id="25"/>
      <target m_id="5"/>
    </TLINK>
    <TLINK r_id="94510" contextualModality="" relType="BEGUN_ON" comment="">
      <source m_id="25"/>
      <target m_id="4"/>
    </TLINK>
    <TLINK r_id="94511" contextualModality="" relType="AFTER" comment="">
      <source m_id="26"/>
      <target m_id="7"/>
    </TLINK>
    <TLINK r_id="94512" contextualModality="" relType="AFTER" comment="">
      <source m_id="26"/>
      <target m_id="8"/>
    </TLINK>
    <TLINK r_id="94513" contextualModality="" relType="AFTER" comment="">
      <source m_id="26"/>
      <target m_id="9"/>
    </TLINK>
    <TLINK r_id="94514" contextualModality="" relType="AFTER" comment="">
      <source m_id="26"/>
      <target m_id="10"/>
    </TLINK>
    <TLINK r_id="94515" contextualModality="" relType="AFTER" comment="">
      <source m_id="26"/>
      <target m_id="11"/>
    </TLINK>
    <TLINK r_id="94516" contextualModality="" relType="AFTER" comment="">
      <source m_id="26"/>
      <target m_id="1"/>
    </TLINK>
    <TLINK r_id="94517" contextualModality="" relType="AFTER" comment="">
      <source m_id="26"/>
      <target m_id="2"/>
    </TLINK>
    <TLINK r_id="94518" contextualModality="" relType="AFTER" comment="">
      <source m_id="26"/>
      <target m_id="3"/>
    </TLINK>
    <TLINK r_id="94519" contextualModality="" relType="OVERLAP" comment="">
      <source m_id="26"/>
      <target m_id="5"/>
    </TLINK>
    <TLINK r_id="94520" contextualModality="" relType="OVERLAP" comment="">
      <source m_id="26"/>
      <target m_id="4"/>
    </TLINK>
    <TLINK r_id="95987" contextualModality="" relType="CONTAINS" comment="">
      <source m_id="24"/>
      <target m_id="6"/>
    </TLINK>
    <TLINK r_id="95988" contextualModality="" relType="AFTER" comment="">
      <source m_id="26"/>
      <target m_id="6"/>
    </TLINK>
    <PLOT_LINK r_id="99469" SIGNAL="" relType="FALLING_ACTION" CAUSES="FALSE" CAUSED_BY="FALSE">
      <source m_id="6"/>
      <target m_id="7"/>
    </PLOT_LINK>
    <PLOT_LINK r_id="99471" SIGNAL="" relType="PRECONDITION" CAUSES="FALSE" CAUSED_BY="FALSE">
      <source m_id="7"/>
      <target m_id="11"/>
    </PLOT_LINK>
    <PLOT_LINK r_id="99472" SIGNAL="" relType="PRECONDITION" CAUSES="FALSE" CAUSED_BY="FALSE">
      <source m_id="7"/>
      <target m_id="1"/>
    </PLOT_LINK>
    <PLOT_LINK r_id="99473" SIGNAL="" relType="FALLING_ACTION" CAUSES="FALSE" CAUSED_BY="FALSE">
      <source m_id="2"/>
      <target m_id="4"/>
    </PLOT_LINK>
    <PLOT_LINK r_id="99474" SIGNAL="" relType="FALLING_ACTION" CAUSES="FALSE" CAUSED_BY="FALSE">
      <source m_id="3"/>
      <target m_id="4"/>
    </PLOT_LINK>
  </Relations>
</Document>
