<?xml version='1.0' encoding='UTF-8'?>
<Document doc_name="12_5ecbplus.xml">
  <token t_id="1" sentence="0" number="0">http</token>
  <token t_id="2" sentence="0" number="1">:</token>
  <token t_id="3" sentence="0" number="2">/</token>
  <token t_id="4" sentence="0" number="3">/</token>
  <token t_id="5" sentence="0" number="4">www</token>
  <token t_id="6" sentence="0" number="5">.</token>
  <token t_id="7" sentence="0" number="6">rediff</token>
  <token t_id="8" sentence="0" number="7">.</token>
  <token t_id="9" sentence="0" number="8">com</token>
  <token t_id="10" sentence="0" number="9">/</token>
  <token t_id="11" sentence="0" number="10">news</token>
  <token t_id="12" sentence="0" number="11">/</token>
  <token t_id="13" sentence="0" number="12">slide</token>
  <token t_id="14" sentence="0" number="13">-</token>
  <token t_id="15" sentence="0" number="14">show</token>
  <token t_id="16" sentence="0" number="15">/</token>
  <token t_id="17" sentence="0" number="16">slide</token>
  <token t_id="18" sentence="0" number="17">-</token>
  <token t_id="19" sentence="0" number="18">show</token>
  <token t_id="20" sentence="0" number="19">-</token>
  <token t_id="21" sentence="0" number="20">1</token>
  <token t_id="22" sentence="0" number="21">-</token>
  <token t_id="23" sentence="0" number="22">must</token>
  <token t_id="24" sentence="0" number="23">-</token>
  <token t_id="25" sentence="0" number="24">see</token>
  <token t_id="26" sentence="0" number="25">-</token>
  <token t_id="27" sentence="0" number="26">navy</token>
  <token t_id="28" sentence="0" number="27">-</token>
  <token t_id="29" sentence="0" number="28">pins</token>
  <token t_id="30" sentence="0" number="29">-</token>
  <token t_id="31" sentence="0" number="30">down</token>
  <token t_id="32" sentence="0" number="31">-</token>
  <token t_id="33" sentence="0" number="32">somali</token>
  <token t_id="34" sentence="0" number="33">-</token>
  <token t_id="35" sentence="0" number="34">pirates</token>
  <token t_id="36" sentence="0" number="35">-</token>
  <token t_id="37" sentence="0" number="36">in</token>
  <token t_id="38" sentence="0" number="37">-</token>
  <token t_id="39" sentence="0" number="38">heroic</token>
  <token t_id="40" sentence="0" number="39">-</token>
  <token t_id="41" sentence="0" number="40">face</token>
  <token t_id="42" sentence="0" number="41">-</token>
  <token t_id="43" sentence="0" number="42">off</token>
  <token t_id="44" sentence="0" number="43">/</token>
  <token t_id="45" sentence="0" number="44">20111111</token>
  <token t_id="46" sentence="0" number="45">.</token>
  <token t_id="47" sentence="0" number="46">htm</token>
  <token t_id="48" sentence="1" number="0">MUST</token>
  <token t_id="49" sentence="1" number="1">SEE</token>
  <token t_id="50" sentence="1" number="2">:</token>
  <token t_id="51" sentence="1" number="3">Navy</token>
  <token t_id="52" sentence="1" number="4">pins</token>
  <token t_id="53" sentence="1" number="5">down</token>
  <token t_id="54" sentence="1" number="6">Somali</token>
  <token t_id="55" sentence="1" number="7">pirates</token>
  <token t_id="56" sentence="1" number="8">in</token>
  <token t_id="57" sentence="1" number="9">heroic</token>
  <token t_id="58" sentence="1" number="10">face</token>
  <token t_id="59" sentence="1" number="11">-</token>
  <token t_id="60" sentence="1" number="12">off</token>
  <token t_id="61" sentence="2" number="0">Last</token>
  <token t_id="62" sentence="2" number="1">updated</token>
  <token t_id="63" sentence="2" number="2">on</token>
  <token t_id="64" sentence="2" number="3">:</token>
  <token t_id="65" sentence="2" number="4">November</token>
  <token t_id="66" sentence="2" number="5">11</token>
  <token t_id="67" sentence="2" number="6">,</token>
  <token t_id="68" sentence="2" number="7">2011</token>
  <token t_id="69" sentence="2" number="8">19</token>
  <token t_id="70" sentence="2" number="9">:</token>
  <token t_id="71" sentence="2" number="10">04</token>
  <token t_id="72" sentence="2" number="11">IST</token>
  <token t_id="73" sentence="3" number="0">Indian</token>
  <token t_id="74" sentence="3" number="1">Naval</token>
  <token t_id="75" sentence="3" number="2">Ship</token>
  <token t_id="76" sentence="3" number="3">Sukanya</token>
  <token t_id="77" sentence="3" number="4">,</token>
  <token t_id="78" sentence="3" number="5">deployed</token>
  <token t_id="79" sentence="3" number="6">on</token>
  <token t_id="80" sentence="3" number="7">anti</token>
  <token t_id="81" sentence="3" number="8">-</token>
  <token t_id="82" sentence="3" number="9">piracy</token>
  <token t_id="83" sentence="3" number="10">patrols</token>
  <token t_id="84" sentence="3" number="11">in</token>
  <token t_id="85" sentence="3" number="12">the</token>
  <token t_id="86" sentence="3" number="13">Gulf</token>
  <token t_id="87" sentence="3" number="14">of</token>
  <token t_id="88" sentence="3" number="15">Aden</token>
  <token t_id="89" sentence="3" number="16">under</token>
  <token t_id="90" sentence="3" number="17">the</token>
  <token t_id="91" sentence="3" number="18">operational</token>
  <token t_id="92" sentence="3" number="19">control</token>
  <token t_id="93" sentence="3" number="20">of</token>
  <token t_id="94" sentence="3" number="21">the</token>
  <token t_id="95" sentence="3" number="22">Western</token>
  <token t_id="96" sentence="3" number="23">Naval</token>
  <token t_id="97" sentence="3" number="24">Command</token>
  <token t_id="98" sentence="3" number="25">,</token>
  <token t_id="99" sentence="3" number="26">thwarted</token>
  <token t_id="100" sentence="3" number="27">a</token>
  <token t_id="101" sentence="3" number="28">multiple</token>
  <token t_id="102" sentence="3" number="29">-</token>
  <token t_id="103" sentence="3" number="30">boat</token>
  <token t_id="104" sentence="3" number="31">attack</token>
  <token t_id="105" sentence="3" number="32">by</token>
  <token t_id="106" sentence="3" number="33">pirates</token>
  <token t_id="107" sentence="3" number="34">on</token>
  <token t_id="108" sentence="3" number="35">Thursday</token>
  <token t_id="109" sentence="3" number="36">and</token>
  <token t_id="110" sentence="3" number="37">rescued</token>
  <token t_id="111" sentence="3" number="38">26</token>
  <token t_id="112" sentence="3" number="39">Somali</token>
  <token t_id="113" sentence="3" number="40">crewmembers</token>
  <token t_id="114" sentence="3" number="41">.</token>
  <token t_id="115" sentence="4" number="0">The</token>
  <token t_id="116" sentence="4" number="1">ship</token>
  <token t_id="117" sentence="4" number="2">was</token>
  <token t_id="118" sentence="4" number="3">escorting</token>
  <token t_id="119" sentence="4" number="4">a</token>
  <token t_id="120" sentence="4" number="5">group</token>
  <token t_id="121" sentence="4" number="6">of</token>
  <token t_id="122" sentence="4" number="7">five</token>
  <token t_id="123" sentence="4" number="8">merchant</token>
  <token t_id="124" sentence="4" number="9">vessels</token>
  <token t_id="125" sentence="4" number="10">through</token>
  <token t_id="126" sentence="4" number="11">the</token>
  <token t_id="127" sentence="4" number="12">internationally</token>
  <token t_id="128" sentence="4" number="13">recognised</token>
  <token t_id="129" sentence="4" number="14">transit</token>
  <token t_id="130" sentence="4" number="15">corridor</token>
  <token t_id="131" sentence="4" number="16">at</token>
  <token t_id="132" sentence="4" number="17">9</token>
  <token t_id="133" sentence="4" number="18">:</token>
  <token t_id="134" sentence="4" number="19">25</token>
  <token t_id="135" sentence="4" number="20">hours</token>
  <token t_id="136" sentence="4" number="21">on</token>
  <token t_id="137" sentence="4" number="22">Thursday</token>
  <token t_id="138" sentence="4" number="23">when</token>
  <token t_id="139" sentence="4" number="24">officers</token>
  <token t_id="140" sentence="4" number="25">onboard</token>
  <token t_id="141" sentence="4" number="26">detected</token>
  <token t_id="142" sentence="4" number="27">a</token>
  <token t_id="143" sentence="4" number="28">group</token>
  <token t_id="144" sentence="4" number="29">of</token>
  <token t_id="145" sentence="4" number="30">five</token>
  <token t_id="146" sentence="4" number="31">boats</token>
  <token t_id="147" sentence="4" number="32">approaching</token>
  <token t_id="148" sentence="4" number="33">the</token>
  <token t_id="149" sentence="4" number="34">merchant</token>
  <token t_id="150" sentence="4" number="35">vessels</token>
  <token t_id="151" sentence="4" number="36">.</token>
  <token t_id="152" sentence="5" number="0">The</token>
  <token t_id="153" sentence="5" number="1">warship</token>
  <token t_id="154" sentence="5" number="2">immediately</token>
  <token t_id="155" sentence="5" number="3">changed</token>
  <token t_id="156" sentence="5" number="4">its</token>
  <token t_id="157" sentence="5" number="5">route</token>
  <token t_id="158" sentence="5" number="6">and</token>
  <token t_id="159" sentence="5" number="7">challenged</token>
  <token t_id="160" sentence="5" number="8">the</token>
  <token t_id="161" sentence="5" number="9">pirates</token>
  <token t_id="162" sentence="5" number="10">ferrying</token>
  <token t_id="163" sentence="5" number="11">the</token>
  <token t_id="164" sentence="5" number="12">suspicious</token>
  <token t_id="165" sentence="5" number="13">vessels</token>
  <token t_id="166" sentence="6" number="0">The</token>
  <token t_id="167" sentence="6" number="1">pirates</token>
  <token t_id="168" sentence="6" number="2">tried</token>
  <token t_id="169" sentence="6" number="3">to</token>
  <token t_id="170" sentence="6" number="4">reverse</token>
  <token t_id="171" sentence="6" number="5">the</token>
  <token t_id="172" sentence="6" number="6">course</token>
  <token t_id="173" sentence="6" number="7">of</token>
  <token t_id="174" sentence="6" number="8">the</token>
  <token t_id="175" sentence="6" number="9">boats</token>
  <token t_id="176" sentence="6" number="10">and</token>
  <token t_id="177" sentence="6" number="11">tried</token>
  <token t_id="178" sentence="6" number="12">to</token>
  <token t_id="179" sentence="6" number="13">flee</token>
  <token t_id="180" sentence="6" number="14">.</token>
  <token t_id="181" sentence="7" number="0">Two</token>
  <token t_id="182" sentence="7" number="1">managed</token>
  <token t_id="183" sentence="7" number="2">to</token>
  <token t_id="184" sentence="7" number="3">give</token>
  <token t_id="185" sentence="7" number="4">the</token>
  <token t_id="186" sentence="7" number="5">Indian</token>
  <token t_id="187" sentence="7" number="6">Navy</token>
  <token t_id="188" sentence="7" number="7">a</token>
  <token t_id="189" sentence="7" number="8">slip</token>
  <token t_id="190" sentence="7" number="9">,</token>
  <token t_id="191" sentence="7" number="10">but</token>
  <token t_id="192" sentence="7" number="11">the</token>
  <token t_id="193" sentence="7" number="12">other</token>
  <token t_id="194" sentence="7" number="13">three</token>
  <token t_id="195" sentence="7" number="14">boats</token>
  <token t_id="196" sentence="7" number="15">were</token>
  <token t_id="197" sentence="7" number="16">intercepted</token>
  <token t_id="198" sentence="7" number="17">.</token>
  <token t_id="199" sentence="8" number="0">During</token>
  <token t_id="200" sentence="8" number="1">the</token>
  <token t_id="201" sentence="8" number="2">operation</token>
  <token t_id="202" sentence="8" number="3">,</token>
  <token t_id="203" sentence="8" number="4">six</token>
  <token t_id="204" sentence="8" number="5">AK</token>
  <token t_id="205" sentence="8" number="6">47</token>
  <token t_id="206" sentence="8" number="7">rifles</token>
  <token t_id="207" sentence="8" number="8">,</token>
  <token t_id="208" sentence="8" number="9">12</token>
  <token t_id="209" sentence="8" number="10">magazines</token>
  <token t_id="210" sentence="8" number="11">and</token>
  <token t_id="211" sentence="8" number="12">about</token>
  <token t_id="212" sentence="8" number="13">300</token>
  <token t_id="213" sentence="8" number="14">rounds</token>
  <token t_id="214" sentence="8" number="15">of</token>
  <token t_id="215" sentence="8" number="16">ammunition</token>
  <token t_id="216" sentence="8" number="17">were</token>
  <token t_id="217" sentence="8" number="18">found</token>
  <token t_id="218" sentence="8" number="19">and</token>
  <token t_id="219" sentence="8" number="20">confiscated</token>
  <token t_id="220" sentence="8" number="21">.</token>
  <token t_id="221" sentence="9" number="0">In</token>
  <token t_id="222" sentence="9" number="1">addition</token>
  <token t_id="223" sentence="9" number="2">,</token>
  <token t_id="224" sentence="9" number="3">a</token>
  <token t_id="225" sentence="9" number="4">host</token>
  <token t_id="226" sentence="9" number="5">of</token>
  <token t_id="227" sentence="9" number="6">other</token>
  <token t_id="228" sentence="9" number="7">equipment</token>
  <token t_id="229" sentence="9" number="8">such</token>
  <token t_id="230" sentence="9" number="9">as</token>
  <token t_id="231" sentence="9" number="10">grapnels</token>
  <token t_id="232" sentence="9" number="11">were</token>
  <token t_id="233" sentence="9" number="12">also</token>
  <token t_id="234" sentence="9" number="13">confiscated</token>
  <token t_id="235" sentence="9" number="14">.</token>
  <token t_id="236" sentence="10" number="0">This</token>
  <token t_id="237" sentence="10" number="1">is</token>
  <token t_id="238" sentence="10" number="2">the</token>
  <token t_id="239" sentence="10" number="3">fifth</token>
  <token t_id="240" sentence="10" number="4">successful</token>
  <token t_id="241" sentence="10" number="5">anti</token>
  <token t_id="242" sentence="10" number="6">-</token>
  <token t_id="243" sentence="10" number="7">piracy</token>
  <token t_id="244" sentence="10" number="8">operation</token>
  <token t_id="245" sentence="10" number="9">conducted</token>
  <token t_id="246" sentence="10" number="10">by</token>
  <token t_id="247" sentence="10" number="11">Sukanya</token>
  <token t_id="248" sentence="10" number="12">,</token>
  <token t_id="249" sentence="10" number="13">in</token>
  <token t_id="250" sentence="10" number="14">the</token>
  <token t_id="251" sentence="10" number="15">course</token>
  <token t_id="252" sentence="10" number="16">of</token>
  <token t_id="253" sentence="10" number="17">her</token>
  <token t_id="254" sentence="10" number="18">ongoing</token>
  <token t_id="255" sentence="10" number="19">patrol</token>
  <token t_id="256" sentence="10" number="20">mission</token>
  <token t_id="257" sentence="10" number="21">in</token>
  <token t_id="258" sentence="10" number="22">the</token>
  <token t_id="259" sentence="10" number="23">Gulf</token>
  <token t_id="260" sentence="10" number="24">of</token>
  <token t_id="261" sentence="10" number="25">Aden</token>
  <token t_id="262" sentence="10" number="26">,</token>
  <token t_id="263" sentence="10" number="27">which</token>
  <token t_id="264" sentence="10" number="28">commenced</token>
  <token t_id="265" sentence="10" number="29">in</token>
  <token t_id="266" sentence="10" number="30">September</token>
  <token t_id="267" sentence="10" number="31">.</token>
  <token t_id="268" sentence="11" number="0">So</token>
  <token t_id="269" sentence="11" number="1">far</token>
  <token t_id="270" sentence="11" number="2">,</token>
  <token t_id="271" sentence="11" number="3">the</token>
  <token t_id="272" sentence="11" number="4">Indian</token>
  <token t_id="273" sentence="11" number="5">Navy</token>
  <token t_id="274" sentence="11" number="6">has</token>
  <token t_id="275" sentence="11" number="7">confiscated</token>
  <token t_id="276" sentence="11" number="8">14</token>
  <token t_id="277" sentence="11" number="9">AK</token>
  <token t_id="278" sentence="11" number="10">47</token>
  <token t_id="279" sentence="11" number="11">Rifles</token>
  <token t_id="280" sentence="11" number="12">,</token>
  <token t_id="281" sentence="11" number="13">31</token>
  <token t_id="282" sentence="11" number="14">magazines</token>
  <token t_id="283" sentence="11" number="15">and</token>
  <token t_id="284" sentence="11" number="16">923</token>
  <token t_id="285" sentence="11" number="17">rounds</token>
  <token t_id="286" sentence="11" number="18">of</token>
  <token t_id="287" sentence="11" number="19">ammunition</token>
  <token t_id="288" sentence="11" number="20">from</token>
  <token t_id="289" sentence="11" number="21">pirates</token>
  <token t_id="290" sentence="11" number="22">.</token>
  <Markables>
    <ACTION_OCCURRENCE m_id="1" comment="" climaxEvent="FALSE">
      <token_anchor t_id="58"/>
      <token_anchor t_id="59"/>
      <token_anchor t_id="60"/>
    </ACTION_OCCURRENCE>
    <ACTION_OCCURRENCE m_id="2" comment="" climaxEvent="FALSE">
      <token_anchor t_id="78"/>
    </ACTION_OCCURRENCE>
    <ACTION_OCCURRENCE m_id="3" climaxEvent="TRUE" comment="">
      <token_anchor t_id="99"/>
    </ACTION_OCCURRENCE>
    <ACTION_OCCURRENCE m_id="4" comment="" climaxEvent="FALSE">
      <token_anchor t_id="104"/>
    </ACTION_OCCURRENCE>
    <ACTION_OCCURRENCE m_id="5" comment="" climaxEvent="FALSE">
      <token_anchor t_id="110"/>
    </ACTION_OCCURRENCE>
    <ACTION_OCCURRENCE m_id="6" comment="" climaxEvent="FALSE">
      <token_anchor t_id="83"/>
    </ACTION_OCCURRENCE>
    <ACTION_OCCURRENCE m_id="7" climaxEvent="TRUE" comment="">
      <token_anchor t_id="52"/>
      <token_anchor t_id="53"/>
    </ACTION_OCCURRENCE>
    <ACTION_STATE m_id="8" climaxEvent="FALSE" comment="">
      <token_anchor t_id="89"/>
      <token_anchor t_id="92"/>
    </ACTION_STATE>
    <HUMAN_PART_ORG m_id="9">
      <token_anchor t_id="51"/>
    </HUMAN_PART_ORG>
    <HUMAN_PART_ORG m_id="10">
      <token_anchor t_id="95"/>
      <token_anchor t_id="96"/>
      <token_anchor t_id="97"/>
    </HUMAN_PART_ORG>
    <HUMAN_PART_PER m_id="11" comment="">
      <token_anchor t_id="55"/>
    </HUMAN_PART_PER>
    <HUMAN_PART_PER m_id="12" comment="">
      <token_anchor t_id="113"/>
    </HUMAN_PART_PER>
    <HUMAN_PART_PER m_id="13" comment="">
      <token_anchor t_id="106"/>
    </HUMAN_PART_PER>
    <HUMAN_PART_VEH m_id="14">
      <token_anchor t_id="76"/>
    </HUMAN_PART_VEH>
    <LOC_GEO m_id="15" comment="">
      <token_anchor t_id="84"/>
      <token_anchor t_id="85"/>
      <token_anchor t_id="86"/>
      <token_anchor t_id="87"/>
      <token_anchor t_id="88"/>
    </LOC_GEO>
    <TIME_DATE m_id="16" comment="" DCT="FALSE" value="2011-11-10" anchorTimeID="17">
      <token_anchor t_id="107"/>
      <token_anchor t_id="108"/>
    </TIME_DATE>
    <TIME_OF_THE_DAY m_id="17" DCT="TRUE" value="2011-11-11T13:34UTC" anchorTimeID="17">
      <token_anchor t_id="65"/>
      <token_anchor t_id="66"/>
      <token_anchor t_id="67"/>
      <token_anchor t_id="68"/>
      <token_anchor t_id="69"/>
      <token_anchor t_id="70"/>
      <token_anchor t_id="71"/>
      <token_anchor t_id="72"/>
    </TIME_OF_THE_DAY>
    <HUMAN_PART_PER m_id="18" RELATED_TO="" TAG_DESCRIPTOR="t12_pirates" comment=""/>
    <HUMAN_PART_ORG m_id="19" RELATED_TO="" TAG_DESCRIPTOR="t12_western_naval_command"/>
    <HUMAN_PART_ORG m_id="20" RELATED_TO="" TAG_DESCRIPTOR="t12b_navy"/>
    <ACTION_OCCURRENCE m_id="21" RELATED_TO="" TAG_DESCRIPTOR="t12_piracy_attack" comment="" climaxEvent="FALSE"/>
    <ACTION_OCCURRENCE m_id="22" RELATED_TO="" TAG_DESCRIPTOR="t12_deployed" comment="" climaxEvent="FALSE"/>
    <LOC_GEO m_id="23" RELATED_TO="" TAG_DESCRIPTOR="t12_gulf_of_aden" comment=""/>
    <HUMAN_PART_VEH m_id="24" RELATED_TO="" TAG_DESCRIPTOR="t12_sukanya"/>
    <ACTION_OCCURRENCE m_id="25" RELATED_TO="" TAG_DESCRIPTOR="t12_patrols" comment="" climaxEvent="FALSE"/>
    <ACTION_OCCURRENCE m_id="26" RELATED_TO="" TAG_DESCRIPTOR="t12_thwarted" comment="" climaxEvent="FALSE"/>
    <TIME_DATE m_id="27" RELATED_TO="" TAG_DESCRIPTOR="t12_thursday" value="" anchorTimeID="" DCT="FALSE" comment=""/>
    <ACTION_OCCURRENCE m_id="28" RELATED_TO="" TAG_DESCRIPTOR="t12_rescued" comment="" climaxEvent="FALSE"/>
    <ACTION_STATE m_id="29" RELATED_TO="" TAG_DESCRIPTOR="t12_under_control" climaxEvent="FALSE" comment=""/>
  </Markables>
  <Relations>
    <TLINK r_id="94946" contextualModality="" relType="CONTAINS" comment="">
      <source m_id="16"/>
      <target m_id="2"/>
    </TLINK>
    <TLINK r_id="94947" contextualModality="" relType="CONTAINS" comment="">
      <source m_id="16"/>
      <target m_id="8"/>
    </TLINK>
    <TLINK r_id="94948" contextualModality="" relType="CONTAINS" comment="">
      <source m_id="16"/>
      <target m_id="3"/>
    </TLINK>
    <TLINK r_id="94949" contextualModality="" relType="CONTAINS" comment="">
      <source m_id="16"/>
      <target m_id="4"/>
    </TLINK>
    <TLINK r_id="94950" contextualModality="" relType="CONTAINS" comment="">
      <source m_id="16"/>
      <target m_id="5"/>
    </TLINK>
    <TLINK r_id="94951" contextualModality="" relType="AFTER" comment="">
      <source m_id="17"/>
      <target m_id="2"/>
    </TLINK>
    <TLINK r_id="94952" contextualModality="" relType="AFTER" comment="">
      <source m_id="17"/>
      <target m_id="8"/>
    </TLINK>
    <TLINK r_id="94953" contextualModality="" relType="AFTER" comment="">
      <source m_id="17"/>
      <target m_id="3"/>
    </TLINK>
    <TLINK r_id="94954" contextualModality="" relType="AFTER" comment="">
      <source m_id="17"/>
      <target m_id="4"/>
    </TLINK>
    <TLINK r_id="94955" contextualModality="" relType="AFTER" comment="">
      <source m_id="17"/>
      <target m_id="5"/>
    </TLINK>
    <TLINK r_id="95989" contextualModality="" relType="CONTAINS" comment="">
      <source m_id="16"/>
      <target m_id="7"/>
    </TLINK>
    <TLINK r_id="95990" contextualModality="" relType="CONTAINS" comment="">
      <source m_id="16"/>
      <target m_id="1"/>
    </TLINK>
    <TLINK r_id="95991" contextualModality="" relType="AFTER" comment="">
      <source m_id="17"/>
      <target m_id="7"/>
    </TLINK>
    <TLINK r_id="95992" contextualModality="" relType="AFTER" comment="">
      <source m_id="17"/>
      <target m_id="1"/>
    </TLINK>
    <PLOT_LINK r_id="99475" SIGNAL="" relType="PRECONDITION" CAUSES="FALSE" CAUSED_BY="FALSE">
      <source m_id="2"/>
      <target m_id="3"/>
    </PLOT_LINK>
    <PLOT_LINK r_id="99476" SIGNAL="" relType="PRECONDITION" CAUSES="FALSE" CAUSED_BY="FALSE">
      <source m_id="6"/>
      <target m_id="3"/>
    </PLOT_LINK>
    <PLOT_LINK r_id="99477" SIGNAL="" relType="PRECONDITION" CAUSES="FALSE" CAUSED_BY="FALSE">
      <source m_id="3"/>
      <target m_id="5"/>
    </PLOT_LINK>
    <PLOT_LINK r_id="99478" SIGNAL="" relType="FALLING_ACTION" CAUSES="FALSE" CAUSED_BY="FALSE">
      <source m_id="7"/>
      <target m_id="2"/>
    </PLOT_LINK>
    <PLOT_LINK r_id="99479" SIGNAL="" relType="FALLING_ACTION" CAUSES="FALSE" CAUSED_BY="FALSE">
      <source m_id="7"/>
      <target m_id="6"/>
    </PLOT_LINK>
    <PLOT_LINK r_id="99480" SIGNAL="" relType="FALLING_ACTION" CAUSES="FALSE" CAUSED_BY="FALSE">
      <source m_id="4"/>
      <target m_id="5"/>
    </PLOT_LINK>
  </Relations>
</Document>
