<?xml version='1.0' encoding='UTF-8'?>
<Document doc_name="12_9ecbplus.xml">
  <token t_id="1" sentence="0" number="0">http</token>
  <token t_id="2" sentence="0" number="1">:</token>
  <token t_id="3" sentence="0" number="2">/</token>
  <token t_id="4" sentence="0" number="3">/</token>
  <token t_id="5" sentence="0" number="4">brutegorilla</token>
  <token t_id="6" sentence="0" number="5">.</token>
  <token t_id="7" sentence="0" number="6">blogspot</token>
  <token t_id="8" sentence="0" number="7">.</token>
  <token t_id="9" sentence="0" number="8">nl</token>
  <token t_id="10" sentence="0" number="9">/</token>
  <token t_id="11" sentence="0" number="10">2011</token>
  <token t_id="12" sentence="0" number="11">/</token>
  <token t_id="13" sentence="0" number="12">11</token>
  <token t_id="14" sentence="0" number="13">/</token>
  <token t_id="15" sentence="0" number="14">anti</token>
  <token t_id="16" sentence="0" number="15">-</token>
  <token t_id="17" sentence="0" number="16">piracy</token>
  <token t_id="18" sentence="0" number="17">-</token>
  <token t_id="19" sentence="0" number="18">ops</token>
  <token t_id="20" sentence="0" number="19">-</token>
  <token t_id="21" sentence="0" number="20">by</token>
  <token t_id="22" sentence="0" number="21">-</token>
  <token t_id="23" sentence="0" number="22">ins</token>
  <token t_id="24" sentence="0" number="23">-</token>
  <token t_id="25" sentence="0" number="24">sukanya</token>
  <token t_id="26" sentence="0" number="25">.</token>
  <token t_id="27" sentence="0" number="26">html</token>
  <token t_id="28" sentence="1" number="0">Friday</token>
  <token t_id="29" sentence="1" number="1">,</token>
  <token t_id="30" sentence="1" number="2">November</token>
  <token t_id="31" sentence="1" number="3">11</token>
  <token t_id="32" sentence="1" number="4">,</token>
  <token t_id="33" sentence="1" number="5">2011</token>
  <token t_id="34" sentence="2" number="0">Anti</token>
  <token t_id="35" sentence="2" number="1">Piracy</token>
  <token t_id="36" sentence="2" number="2">Ops</token>
  <token t_id="37" sentence="2" number="3">by</token>
  <token t_id="38" sentence="2" number="4">INS</token>
  <token t_id="39" sentence="2" number="5">Sukanya</token>
  <token t_id="40" sentence="3" number="0">Indian</token>
  <token t_id="41" sentence="3" number="1">Naval</token>
  <token t_id="42" sentence="3" number="2">Ship</token>
  <token t_id="43" sentence="3" number="3">Sukanya</token>
  <token t_id="44" sentence="3" number="4">,</token>
  <token t_id="45" sentence="3" number="5">presently</token>
  <token t_id="46" sentence="3" number="6">deployed</token>
  <token t_id="47" sentence="3" number="7">on</token>
  <token t_id="48" sentence="3" number="8">anti</token>
  <token t_id="49" sentence="3" number="9">-</token>
  <token t_id="50" sentence="3" number="10">piracy</token>
  <token t_id="51" sentence="3" number="11">patrols</token>
  <token t_id="52" sentence="3" number="12">in</token>
  <token t_id="53" sentence="3" number="13">the</token>
  <token t_id="54" sentence="3" number="14">Gulf</token>
  <token t_id="55" sentence="3" number="15">of</token>
  <token t_id="56" sentence="3" number="16">Aden</token>
  <token t_id="57" sentence="3" number="17">under</token>
  <token t_id="58" sentence="3" number="18">the</token>
  <token t_id="59" sentence="3" number="19">operational</token>
  <token t_id="60" sentence="3" number="20">control</token>
  <token t_id="61" sentence="3" number="21">of</token>
  <token t_id="62" sentence="3" number="22">the</token>
  <token t_id="63" sentence="3" number="23">Western</token>
  <token t_id="64" sentence="3" number="24">Naval</token>
  <token t_id="65" sentence="3" number="25">Command</token>
  <token t_id="66" sentence="3" number="26">,</token>
  <token t_id="67" sentence="3" number="27">found</token>
  <token t_id="68" sentence="3" number="28">herself</token>
  <token t_id="69" sentence="3" number="29">once</token>
  <token t_id="70" sentence="3" number="30">again</token>
  <token t_id="71" sentence="3" number="31">in</token>
  <token t_id="72" sentence="3" number="32">the</token>
  <token t_id="73" sentence="3" number="33">thick</token>
  <token t_id="74" sentence="3" number="34">of</token>
  <token t_id="75" sentence="3" number="35">things</token>
  <token t_id="76" sentence="3" number="36">,</token>
  <token t_id="77" sentence="3" number="37">thwarting</token>
  <token t_id="78" sentence="3" number="38">a</token>
  <token t_id="79" sentence="3" number="39">multiple</token>
  <token t_id="80" sentence="3" number="40">-</token>
  <token t_id="81" sentence="3" number="41">boat</token>
  <token t_id="82" sentence="3" number="42">piracy</token>
  <token t_id="83" sentence="3" number="43">attack</token>
  <token t_id="84" sentence="3" number="44">on</token>
  <token t_id="85" sentence="3" number="45">10</token>
  <token t_id="86" sentence="3" number="46">Nov</token>
  <token t_id="87" sentence="3" number="47">11</token>
  <token t_id="88" sentence="3" number="48">.</token>
  <token t_id="89" sentence="4" number="0">The</token>
  <token t_id="90" sentence="4" number="1">ship</token>
  <token t_id="91" sentence="4" number="2">was</token>
  <token t_id="92" sentence="4" number="3">escorting</token>
  <token t_id="93" sentence="4" number="4">a</token>
  <token t_id="94" sentence="4" number="5">group</token>
  <token t_id="95" sentence="4" number="6">of</token>
  <token t_id="96" sentence="4" number="7">five</token>
  <token t_id="97" sentence="4" number="8">merchant</token>
  <token t_id="98" sentence="4" number="9">vessels</token>
  <token t_id="99" sentence="4" number="10">through</token>
  <token t_id="100" sentence="4" number="11">the</token>
  <token t_id="101" sentence="4" number="12">IRTC</token>
  <token t_id="102" sentence="4" number="13">(</token>
  <token t_id="103" sentence="4" number="14">Internationally</token>
  <token t_id="104" sentence="4" number="15">Recognised</token>
  <token t_id="105" sentence="4" number="16">Transit</token>
  <token t_id="106" sentence="4" number="17">Corridor</token>
  <token t_id="107" sentence="4" number="18">)</token>
  <token t_id="108" sentence="4" number="19">when</token>
  <token t_id="109" sentence="4" number="20">,</token>
  <token t_id="110" sentence="4" number="21">at</token>
  <token t_id="111" sentence="4" number="22">about</token>
  <token t_id="112" sentence="4" number="23">9</token>
  <token t_id="113" sentence="4" number="24">:</token>
  <token t_id="114" sentence="4" number="25">25</token>
  <token t_id="115" sentence="4" number="26">in</token>
  <token t_id="116" sentence="4" number="27">the</token>
  <token t_id="117" sentence="4" number="28">morning</token>
  <token t_id="118" sentence="4" number="29">of</token>
  <token t_id="119" sentence="4" number="30">10th</token>
  <token t_id="120" sentence="4" number="31">Nov</token>
  <token t_id="121" sentence="4" number="32">,</token>
  <token t_id="122" sentence="4" number="33">she</token>
  <token t_id="123" sentence="4" number="34">detected</token>
  <token t_id="124" sentence="4" number="35">a</token>
  <token t_id="125" sentence="4" number="36">group</token>
  <token t_id="126" sentence="4" number="37">of</token>
  <token t_id="127" sentence="4" number="38">five</token>
  <token t_id="128" sentence="4" number="39">suspicious</token>
  <token t_id="129" sentence="4" number="40">boats</token>
  <token t_id="130" sentence="4" number="41">,</token>
  <token t_id="131" sentence="4" number="42">speedily</token>
  <token t_id="132" sentence="4" number="43">approaching</token>
  <token t_id="133" sentence="4" number="44">the</token>
  <token t_id="134" sentence="4" number="45">merchant</token>
  <token t_id="135" sentence="4" number="46">vessels</token>
  <token t_id="136" sentence="4" number="47">of</token>
  <token t_id="137" sentence="4" number="48">her</token>
  <token t_id="138" sentence="4" number="49">group</token>
  <token t_id="139" sentence="4" number="50">.</token>
  <token t_id="140" sentence="5" number="0">The</token>
  <token t_id="141" sentence="5" number="1">warship</token>
  <token t_id="142" sentence="5" number="2">immediately</token>
  <token t_id="143" sentence="5" number="3">altered</token>
  <token t_id="144" sentence="5" number="4">towards</token>
  <token t_id="145" sentence="5" number="5">the</token>
  <token t_id="146" sentence="5" number="6">suspicious</token>
  <token t_id="147" sentence="5" number="7">vessels</token>
  <token t_id="148" sentence="5" number="8">and</token>
  <token t_id="149" sentence="5" number="9">challenged</token>
  <token t_id="150" sentence="5" number="10">them</token>
  <token t_id="151" sentence="5" number="11">.</token>
  <token t_id="152" sentence="6" number="0">On</token>
  <token t_id="153" sentence="6" number="1">seeing</token>
  <token t_id="154" sentence="6" number="2">the</token>
  <token t_id="155" sentence="6" number="3">resolve</token>
  <token t_id="156" sentence="6" number="4">evident</token>
  <token t_id="157" sentence="6" number="5">in</token>
  <token t_id="158" sentence="6" number="6">the</token>
  <token t_id="159" sentence="6" number="7">warship's</token>
  <token t_id="160" sentence="6" number="8">action</token>
  <token t_id="161" sentence="6" number="9">and</token>
  <token t_id="162" sentence="6" number="10">probably</token>
  <token t_id="163" sentence="6" number="11">mindful</token>
  <token t_id="164" sentence="6" number="12">of</token>
  <token t_id="165" sentence="6" number="13">the</token>
  <token t_id="166" sentence="6" number="14">reputation</token>
  <token t_id="167" sentence="6" number="15">for</token>
  <token t_id="168" sentence="6" number="16">resolute</token>
  <token t_id="169" sentence="6" number="17">action</token>
  <token t_id="170" sentence="6" number="18">that</token>
  <token t_id="171" sentence="6" number="19">the</token>
  <token t_id="172" sentence="6" number="20">Indian</token>
  <token t_id="173" sentence="6" number="21">Navy</token>
  <token t_id="174" sentence="6" number="22">justly</token>
  <token t_id="175" sentence="6" number="23">enjoys</token>
  <token t_id="176" sentence="6" number="24">in</token>
  <token t_id="177" sentence="6" number="25">such</token>
  <token t_id="178" sentence="6" number="26">deployments</token>
  <token t_id="179" sentence="6" number="27">,</token>
  <token t_id="180" sentence="6" number="28">the</token>
  <token t_id="181" sentence="6" number="29">pirate</token>
  <token t_id="182" sentence="6" number="30">skiffs</token>
  <token t_id="183" sentence="6" number="31">reversed</token>
  <token t_id="184" sentence="6" number="32">course</token>
  <token t_id="185" sentence="6" number="33">and</token>
  <token t_id="186" sentence="6" number="34">tried</token>
  <token t_id="187" sentence="6" number="35">to</token>
  <token t_id="188" sentence="6" number="36">flee</token>
  <token t_id="189" sentence="6" number="37">the</token>
  <token t_id="190" sentence="6" number="38">area</token>
  <token t_id="191" sentence="6" number="39">.</token>
  <token t_id="192" sentence="7" number="0">While</token>
  <token t_id="193" sentence="7" number="1">two</token>
  <token t_id="194" sentence="7" number="2">of</token>
  <token t_id="195" sentence="7" number="3">them</token>
  <token t_id="196" sentence="7" number="4">managed</token>
  <token t_id="197" sentence="7" number="5">to</token>
  <token t_id="198" sentence="7" number="6">get</token>
  <token t_id="199" sentence="7" number="7">away</token>
  <token t_id="200" sentence="7" number="8">,</token>
  <token t_id="201" sentence="7" number="9">the</token>
  <token t_id="202" sentence="7" number="10">Sukanya</token>
  <token t_id="203" sentence="7" number="11">successfully</token>
  <token t_id="204" sentence="7" number="12">intercepted</token>
  <token t_id="205" sentence="7" number="13">the</token>
  <token t_id="206" sentence="7" number="14">remaining</token>
  <token t_id="207" sentence="7" number="15">three</token>
  <token t_id="208" sentence="7" number="16">and</token>
  <token t_id="209" sentence="7" number="17">carried</token>
  <token t_id="210" sentence="7" number="18">out</token>
  <token t_id="211" sentence="7" number="19">well</token>
  <token t_id="212" sentence="7" number="20">practiced</token>
  <token t_id="213" sentence="7" number="21">and</token>
  <token t_id="214" sentence="7" number="22">professionally</token>
  <token t_id="215" sentence="7" number="23">executed</token>
  <token t_id="216" sentence="7" number="24">boarding</token>
  <token t_id="217" sentence="7" number="25">-</token>
  <token t_id="218" sentence="7" number="26">and</token>
  <token t_id="219" sentence="7" number="27">-</token>
  <token t_id="220" sentence="7" number="28">search</token>
  <token t_id="221" sentence="7" number="29">action</token>
  <token t_id="222" sentence="7" number="30">.</token>
  <token t_id="223" sentence="8" number="0">The</token>
  <token t_id="224" sentence="8" number="1">three</token>
  <token t_id="225" sentence="8" number="2">boats</token>
  <token t_id="226" sentence="8" number="3">had</token>
  <token t_id="227" sentence="8" number="4">a</token>
  <token t_id="228" sentence="8" number="5">total</token>
  <token t_id="229" sentence="8" number="6">of</token>
  <token t_id="230" sentence="8" number="7">26</token>
  <token t_id="231" sentence="8" number="8">Somali</token>
  <token t_id="232" sentence="8" number="9">crew</token>
  <token t_id="233" sentence="8" number="10">onboard</token>
  <token t_id="234" sentence="8" number="11">.</token>
  <token t_id="235" sentence="9" number="0">During</token>
  <token t_id="236" sentence="9" number="1">the</token>
  <token t_id="237" sentence="9" number="2">operation</token>
  <token t_id="238" sentence="9" number="3">,</token>
  <token t_id="239" sentence="9" number="4">six</token>
  <token t_id="240" sentence="9" number="5">AK</token>
  <token t_id="241" sentence="9" number="6">47</token>
  <token t_id="242" sentence="9" number="7">rifles</token>
  <token t_id="243" sentence="9" number="8">,</token>
  <token t_id="244" sentence="9" number="9">12</token>
  <token t_id="245" sentence="9" number="10">Magazines</token>
  <token t_id="246" sentence="9" number="11">and</token>
  <token t_id="247" sentence="9" number="12">about</token>
  <token t_id="248" sentence="9" number="13">300</token>
  <token t_id="249" sentence="9" number="14">rounds</token>
  <token t_id="250" sentence="9" number="15">of</token>
  <token t_id="251" sentence="9" number="16">ammunition</token>
  <token t_id="252" sentence="9" number="17">were</token>
  <token t_id="253" sentence="9" number="18">found</token>
  <token t_id="254" sentence="9" number="19">and</token>
  <token t_id="255" sentence="9" number="20">confiscated</token>
  <token t_id="256" sentence="9" number="21">.</token>
  <token t_id="257" sentence="10" number="0">In</token>
  <token t_id="258" sentence="10" number="1">addition</token>
  <token t_id="259" sentence="10" number="2">,</token>
  <token t_id="260" sentence="10" number="3">the</token>
  <token t_id="261" sentence="10" number="4">boarding</token>
  <token t_id="262" sentence="10" number="5">party</token>
  <token t_id="263" sentence="10" number="6">also</token>
  <token t_id="264" sentence="10" number="7">found</token>
  <token t_id="265" sentence="10" number="8">a</token>
  <token t_id="266" sentence="10" number="9">host</token>
  <token t_id="267" sentence="10" number="10">of</token>
  <token t_id="268" sentence="10" number="11">other</token>
  <token t_id="269" sentence="10" number="12">equipment</token>
  <token t_id="270" sentence="10" number="13">such</token>
  <token t_id="271" sentence="10" number="14">as</token>
  <token t_id="272" sentence="10" number="15">grapnels</token>
  <token t_id="273" sentence="10" number="16">,</token>
  <token t_id="274" sentence="10" number="17">ladders</token>
  <token t_id="275" sentence="10" number="18">and</token>
  <token t_id="276" sentence="10" number="19">rope</token>
  <token t_id="277" sentence="10" number="20">-</token>
  <token t_id="278" sentence="10" number="21">handling</token>
  <token t_id="279" sentence="10" number="22">gloves</token>
  <token t_id="280" sentence="10" number="23">all</token>
  <token t_id="281" sentence="10" number="24">of</token>
  <token t_id="282" sentence="10" number="25">which</token>
  <token t_id="283" sentence="10" number="26">confirmed</token>
  <token t_id="284" sentence="10" number="27">their</token>
  <token t_id="285" sentence="10" number="28">piratical</token>
  <token t_id="286" sentence="10" number="29">intent</token>
  <token t_id="287" sentence="10" number="30">.</token>
  <token t_id="288" sentence="11" number="0">The</token>
  <token t_id="289" sentence="11" number="1">timely</token>
  <token t_id="290" sentence="11" number="2">operation</token>
  <token t_id="291" sentence="11" number="3">by</token>
  <token t_id="292" sentence="11" number="4">Sukanya</token>
  <token t_id="293" sentence="11" number="5">resulted</token>
  <token t_id="294" sentence="11" number="6">,</token>
  <token t_id="295" sentence="11" number="7">once</token>
  <token t_id="296" sentence="11" number="8">again</token>
  <token t_id="297" sentence="11" number="9">,</token>
  <token t_id="298" sentence="11" number="10">in</token>
  <token t_id="299" sentence="11" number="11">foiling</token>
  <token t_id="300" sentence="11" number="12">the</token>
  <token t_id="301" sentence="11" number="13">pirates'</token>
  <token t_id="302" sentence="11" number="14">intention</token>
  <token t_id="303" sentence="11" number="15">of</token>
  <token t_id="304" sentence="11" number="16">attacking</token>
  <token t_id="305" sentence="11" number="17">merchant</token>
  <token t_id="306" sentence="11" number="18">vessels</token>
  <token t_id="307" sentence="11" number="19">transiting</token>
  <token t_id="308" sentence="11" number="20">this</token>
  <token t_id="309" sentence="11" number="21">busy</token>
  <token t_id="310" sentence="11" number="22">sea</token>
  <token t_id="311" sentence="11" number="23">lane</token>
  <token t_id="312" sentence="11" number="24">through</token>
  <token t_id="313" sentence="11" number="25">which</token>
  <token t_id="314" sentence="11" number="26">over</token>
  <token t_id="315" sentence="11" number="27">a</token>
  <token t_id="316" sentence="11" number="28">hundred</token>
  <token t_id="317" sentence="11" number="29">Billion</token>
  <token t_id="318" sentence="11" number="30">Dollars</token>
  <token t_id="319" sentence="11" number="31">of</token>
  <token t_id="320" sentence="11" number="32">India's</token>
  <token t_id="321" sentence="11" number="33">external</token>
  <token t_id="322" sentence="11" number="34">trade</token>
  <token t_id="323" sentence="11" number="35">passes</token>
  <token t_id="324" sentence="11" number="36">each</token>
  <token t_id="325" sentence="11" number="37">year</token>
  <token t_id="326" sentence="11" number="38">.</token>
  <token t_id="327" sentence="12" number="0">This</token>
  <token t_id="328" sentence="12" number="1">is</token>
  <token t_id="329" sentence="12" number="2">the</token>
  <token t_id="330" sentence="12" number="3">fifth</token>
  <token t_id="331" sentence="12" number="4">successful</token>
  <token t_id="332" sentence="12" number="5">anti</token>
  <token t_id="333" sentence="12" number="6">-</token>
  <token t_id="334" sentence="12" number="7">piracy</token>
  <token t_id="335" sentence="12" number="8">operation</token>
  <token t_id="336" sentence="12" number="9">conducted</token>
  <token t_id="337" sentence="12" number="10">by</token>
  <token t_id="338" sentence="12" number="11">Sukanya</token>
  <token t_id="339" sentence="12" number="12">,</token>
  <token t_id="340" sentence="12" number="13">in</token>
  <token t_id="341" sentence="12" number="14">the</token>
  <token t_id="342" sentence="12" number="15">course</token>
  <token t_id="343" sentence="12" number="16">of</token>
  <token t_id="344" sentence="12" number="17">her</token>
  <token t_id="345" sentence="12" number="18">ongoing</token>
  <token t_id="346" sentence="12" number="19">patrol</token>
  <token t_id="347" sentence="12" number="20">mission</token>
  <token t_id="348" sentence="12" number="21">in</token>
  <token t_id="349" sentence="12" number="22">the</token>
  <token t_id="350" sentence="12" number="23">Gulf</token>
  <token t_id="351" sentence="12" number="24">of</token>
  <token t_id="352" sentence="12" number="25">Aden</token>
  <token t_id="353" sentence="12" number="26">,</token>
  <token t_id="354" sentence="12" number="27">which</token>
  <token t_id="355" sentence="12" number="28">commenced</token>
  <token t_id="356" sentence="12" number="29">in</token>
  <token t_id="357" sentence="12" number="30">September</token>
  <token t_id="358" sentence="12" number="31">.</token>
  <token t_id="359" sentence="13" number="0">The</token>
  <token t_id="360" sentence="13" number="1">ship</token>
  <token t_id="361" sentence="13" number="2">has</token>
  <token t_id="362" sentence="13" number="3">,</token>
  <token t_id="363" sentence="13" number="4">thus</token>
  <token t_id="364" sentence="13" number="5">far</token>
  <token t_id="365" sentence="13" number="6">,</token>
  <token t_id="366" sentence="13" number="7">confiscated</token>
  <token t_id="367" sentence="13" number="8">a</token>
  <token t_id="368" sentence="13" number="9">total</token>
  <token t_id="369" sentence="13" number="10">of</token>
  <token t_id="370" sentence="13" number="11">14</token>
  <token t_id="371" sentence="13" number="12">AK</token>
  <token t_id="372" sentence="13" number="13">47</token>
  <token t_id="373" sentence="13" number="14">Rifles</token>
  <token t_id="374" sentence="13" number="15">,</token>
  <token t_id="375" sentence="13" number="16">31</token>
  <token t_id="376" sentence="13" number="17">Magazines</token>
  <token t_id="377" sentence="13" number="18">and</token>
  <token t_id="378" sentence="13" number="19">923</token>
  <token t_id="379" sentence="13" number="20">rounds</token>
  <token t_id="380" sentence="13" number="21">of</token>
  <token t_id="381" sentence="13" number="22">ammunition</token>
  <token t_id="382" sentence="13" number="23">,</token>
  <token t_id="383" sentence="13" number="24">thereby</token>
  <token t_id="384" sentence="13" number="25">ensuring</token>
  <token t_id="385" sentence="13" number="26">that</token>
  <token t_id="386" sentence="13" number="27">the</token>
  <token t_id="387" sentence="13" number="28">Indian</token>
  <token t_id="388" sentence="13" number="29">Navy</token>
  <token t_id="389" sentence="13" number="30">retains</token>
  <token t_id="390" sentence="13" number="31">its</token>
  <token t_id="391" sentence="13" number="32">standing</token>
  <token t_id="392" sentence="13" number="33">as</token>
  <token t_id="393" sentence="13" number="34">a</token>
  <token t_id="394" sentence="13" number="35">force</token>
  <token t_id="395" sentence="13" number="36">not</token>
  <token t_id="396" sentence="13" number="37">to</token>
  <token t_id="397" sentence="13" number="38">be</token>
  <token t_id="398" sentence="13" number="39">trifled</token>
  <token t_id="399" sentence="13" number="40">with</token>
  <token t_id="400" sentence="13" number="41">,</token>
  <token t_id="401" sentence="13" number="42">and</token>
  <token t_id="402" sentence="13" number="43">remains</token>
  <token t_id="403" sentence="13" number="44">at</token>
  <token t_id="404" sentence="13" number="45">the</token>
  <token t_id="405" sentence="13" number="46">forefront</token>
  <token t_id="406" sentence="13" number="47">of</token>
  <token t_id="407" sentence="13" number="48">anti</token>
  <token t_id="408" sentence="13" number="49">-</token>
  <token t_id="409" sentence="13" number="50">piracy</token>
  <token t_id="410" sentence="13" number="51">operations</token>
  <token t_id="411" sentence="13" number="52">,</token>
  <token t_id="412" sentence="13" number="53">as</token>
  <token t_id="413" sentence="13" number="54">a</token>
  <token t_id="414" sentence="13" number="55">critical</token>
  <token t_id="415" sentence="13" number="56">component</token>
  <token t_id="416" sentence="13" number="57">of</token>
  <token t_id="417" sentence="13" number="58">the</token>
  <token t_id="418" sentence="13" number="59">international</token>
  <token t_id="419" sentence="13" number="60">effort</token>
  <token t_id="420" sentence="13" number="61">to</token>
  <token t_id="421" sentence="13" number="62">curb</token>
  <token t_id="422" sentence="13" number="63">piracy</token>
  <token t_id="423" sentence="13" number="64">and</token>
  <token t_id="424" sentence="13" number="65">ensure</token>
  <token t_id="425" sentence="13" number="66">the</token>
  <token t_id="426" sentence="13" number="67">safety</token>
  <token t_id="427" sentence="13" number="68">and</token>
  <token t_id="428" sentence="13" number="69">freedom</token>
  <token t_id="429" sentence="13" number="70">of</token>
  <token t_id="430" sentence="13" number="71">seaborne</token>
  <token t_id="431" sentence="13" number="72">trade</token>
  <token t_id="432" sentence="13" number="73">,</token>
  <token t_id="433" sentence="13" number="74">even</token>
  <token t_id="434" sentence="13" number="75">in</token>
  <token t_id="435" sentence="13" number="76">this</token>
  <token t_id="436" sentence="13" number="77">highly</token>
  <token t_id="437" sentence="13" number="78">risk</token>
  <token t_id="438" sentence="13" number="79">-</token>
  <token t_id="439" sentence="13" number="80">prone</token>
  <token t_id="440" sentence="13" number="81">area</token>
  <token t_id="441" sentence="13" number="82">.</token>
  <Markables>
    <ACTION_ASPECTUAL m_id="1" comment="">
      <token_anchor t_id="355"/>
    </ACTION_ASPECTUAL>
    <ACTION_OCCURRENCE m_id="2" comment="" climaxEvent="FALSE">
      <token_anchor t_id="82"/>
    </ACTION_OCCURRENCE>
    <ACTION_OCCURRENCE m_id="3" comment="" climaxEvent="FALSE">
      <token_anchor t_id="83"/>
    </ACTION_OCCURRENCE>
    <ACTION_OCCURRENCE m_id="4" comment="" climaxEvent="FALSE">
      <token_anchor t_id="335"/>
    </ACTION_OCCURRENCE>
    <ACTION_OCCURRENCE m_id="5" comment="" climaxEvent="FALSE">
      <token_anchor t_id="336"/>
    </ACTION_OCCURRENCE>
    <ACTION_OCCURRENCE m_id="6" comment="" climaxEvent="FALSE">
      <token_anchor t_id="346"/>
    </ACTION_OCCURRENCE>
    <ACTION_OCCURRENCE m_id="7" comment="" climaxEvent="FALSE">
      <token_anchor t_id="347"/>
    </ACTION_OCCURRENCE>
    <ACTION_OCCURRENCE m_id="8" climaxEvent="TRUE" comment="">
      <token_anchor t_id="36"/>
    </ACTION_OCCURRENCE>
    <ACTION_OCCURRENCE m_id="9" comment="" climaxEvent="FALSE">
      <token_anchor t_id="46"/>
    </ACTION_OCCURRENCE>
    <ACTION_OCCURRENCE m_id="10" comment="" climaxEvent="FALSE">
      <token_anchor t_id="51"/>
    </ACTION_OCCURRENCE>
    <ACTION_OCCURRENCE m_id="11" climaxEvent="TRUE" comment="">
      <token_anchor t_id="77"/>
    </ACTION_OCCURRENCE>
    <ACTION_STATE m_id="12" climaxEvent="FALSE" comment="">
      <token_anchor t_id="57"/>
      <token_anchor t_id="60"/>
    </ACTION_STATE>
    <HUMAN_PART_ORG m_id="13">
      <token_anchor t_id="63"/>
      <token_anchor t_id="64"/>
      <token_anchor t_id="65"/>
    </HUMAN_PART_ORG>
    <HUMAN_PART_VEH m_id="14">
      <token_anchor t_id="68"/>
    </HUMAN_PART_VEH>
    <HUMAN_PART_VEH m_id="15">
      <token_anchor t_id="338"/>
    </HUMAN_PART_VEH>
    <HUMAN_PART_VEH m_id="16">
      <token_anchor t_id="344"/>
    </HUMAN_PART_VEH>
    <HUMAN_PART_VEH m_id="17">
      <token_anchor t_id="38"/>
      <token_anchor t_id="39"/>
    </HUMAN_PART_VEH>
    <HUMAN_PART_VEH m_id="18">
      <token_anchor t_id="43"/>
    </HUMAN_PART_VEH>
    <LOC_GEO m_id="19" comment="">
      <token_anchor t_id="52"/>
      <token_anchor t_id="53"/>
      <token_anchor t_id="54"/>
      <token_anchor t_id="55"/>
      <token_anchor t_id="56"/>
    </LOC_GEO>
    <LOC_GEO m_id="20" comment="">
      <token_anchor t_id="348"/>
      <token_anchor t_id="349"/>
      <token_anchor t_id="350"/>
      <token_anchor t_id="351"/>
      <token_anchor t_id="352"/>
    </LOC_GEO>
    <TIME_DATE m_id="21" comment="" DCT="FALSE" value="2011-11-10" anchorTimeID="23">
      <token_anchor t_id="84"/>
      <token_anchor t_id="85"/>
      <token_anchor t_id="86"/>
      <token_anchor t_id="87"/>
    </TIME_DATE>
    <TIME_DATE m_id="22" comment="" DCT="FALSE" value="2011-09" anchorTimeID="23">
      <token_anchor t_id="356"/>
      <token_anchor t_id="357"/>
    </TIME_DATE>
    <TIME_DATE m_id="23" comment="" DCT="TRUE" value="2011-11-11" anchorTimeID="23">
      <token_anchor t_id="28"/>
      <token_anchor t_id="29"/>
      <token_anchor t_id="30"/>
      <token_anchor t_id="31"/>
      <token_anchor t_id="32"/>
      <token_anchor t_id="33"/>
    </TIME_DATE>
    <LOC_GEO m_id="24" RELATED_TO="" TAG_DESCRIPTOR="t12_gulf_of_aden" comment=""/>
    <HUMAN_PART_VEH m_id="25" RELATED_TO="" TAG_DESCRIPTOR="t12_sukanya"/>
    <ACTION_OCCURRENCE m_id="26" RELATED_TO="" TAG_DESCRIPTOR="t12_patrols" comment="" climaxEvent="FALSE"/>
    <ACTION_OCCURRENCE m_id="27" RELATED_TO="" TAG_DESCRIPTOR="t12_operation" comment="" climaxEvent="FALSE"/>
    <ACTION_OCCURRENCE m_id="28" RELATED_TO="" TAG_DESCRIPTOR="t12_thwarted" comment="" climaxEvent="FALSE"/>
    <TIME_DATE m_id="29" RELATED_TO="" TAG_DESCRIPTOR="t12_september" value="" anchorTimeID="" DCT="FALSE" comment=""/>
    <ACTION_STATE m_id="30" RELATED_TO="" TAG_DESCRIPTOR="t12_under_control" climaxEvent="FALSE" comment=""/>
    <TIME_DATE m_id="31" RELATED_TO="" TAG_DESCRIPTOR="t12_thursday" value="" anchorTimeID="" DCT="FALSE" comment=""/>
    <HUMAN_PART_ORG m_id="32" RELATED_TO="" TAG_DESCRIPTOR="t12_western_naval_command"/>
    <ACTION_OCCURRENCE m_id="33" RELATED_TO="" TAG_DESCRIPTOR="t12_piracy" comment="" climaxEvent="FALSE"/>
    <ACTION_ASPECTUAL m_id="34" RELATED_TO="" TAG_DESCRIPTOR="t12_commenced" comment=""/>
    <ACTION_OCCURRENCE m_id="35" RELATED_TO="" TAG_DESCRIPTOR="t12_piracy_attack" comment="" climaxEvent="FALSE"/>
    <ACTION_OCCURRENCE m_id="36" RELATED_TO="" TAG_DESCRIPTOR="t12_deployed" comment="" climaxEvent="FALSE"/>
  </Markables>
  <Relations>
    <TLINK r_id="94995" contextualModality="" relType="CONTAINS" comment="">
      <source m_id="21"/>
      <target m_id="9"/>
    </TLINK>
    <TLINK r_id="94996" contextualModality="" relType="CONTAINS" comment="">
      <source m_id="21"/>
      <target m_id="12"/>
    </TLINK>
    <TLINK r_id="94997" contextualModality="" relType="CONTAINS" comment="">
      <source m_id="21"/>
      <target m_id="11"/>
    </TLINK>
    <TLINK r_id="94998" contextualModality="" relType="CONTAINS" comment="">
      <source m_id="21"/>
      <target m_id="2"/>
    </TLINK>
    <TLINK r_id="94999" contextualModality="" relType="CONTAINS" comment="">
      <source m_id="21"/>
      <target m_id="3"/>
    </TLINK>
    <TLINK r_id="95000" contextualModality="" relType="BEGUN_ON" comment="">
      <source m_id="22"/>
      <target m_id="7"/>
    </TLINK>
    <TLINK r_id="95001" contextualModality="" relType="CONTAINS" comment="">
      <source m_id="22"/>
      <target m_id="1"/>
    </TLINK>
    <TLINK r_id="95002" contextualModality="" relType="CONTAINS" comment="">
      <source m_id="21"/>
      <target m_id="4"/>
    </TLINK>
    <TLINK r_id="95003" contextualModality="" relType="CONTAINS" comment="">
      <source m_id="21"/>
      <target m_id="5"/>
    </TLINK>
    <TLINK r_id="95004" contextualModality="" relType="AFTER" comment="">
      <source m_id="23"/>
      <target m_id="9"/>
    </TLINK>
    <TLINK r_id="95005" contextualModality="" relType="AFTER" comment="">
      <source m_id="23"/>
      <target m_id="12"/>
    </TLINK>
    <TLINK r_id="95006" contextualModality="" relType="AFTER" comment="">
      <source m_id="23"/>
      <target m_id="11"/>
    </TLINK>
    <TLINK r_id="95007" contextualModality="" relType="AFTER" comment="">
      <source m_id="23"/>
      <target m_id="2"/>
    </TLINK>
    <TLINK r_id="95008" contextualModality="" relType="AFTER" comment="">
      <source m_id="23"/>
      <target m_id="3"/>
    </TLINK>
    <TLINK r_id="95009" contextualModality="" relType="AFTER" comment="">
      <source m_id="23"/>
      <target m_id="4"/>
    </TLINK>
    <TLINK r_id="95010" contextualModality="" relType="AFTER" comment="">
      <source m_id="23"/>
      <target m_id="5"/>
    </TLINK>
    <TLINK r_id="95011" contextualModality="" relType="AFTER" comment="">
      <source m_id="23"/>
      <target m_id="6"/>
    </TLINK>
    <TLINK r_id="95012" contextualModality="" relType="AFTER" comment="">
      <source m_id="23"/>
      <target m_id="7"/>
    </TLINK>
    <TLINK r_id="95013" contextualModality="" relType="AFTER" comment="">
      <source m_id="23"/>
      <target m_id="1"/>
    </TLINK>
    <TLINK r_id="96002" contextualModality="" relType="CONTAINS" comment="">
      <source m_id="21"/>
      <target m_id="8"/>
    </TLINK>
    <TLINK r_id="96003" contextualModality="" relType="AFTER" comment="">
      <source m_id="23"/>
      <target m_id="8"/>
    </TLINK>
    <PLOT_LINK r_id="99516" SIGNAL="" relType="PRECONDITION" CAUSES="FALSE" CAUSED_BY="FALSE">
      <source m_id="9"/>
      <target m_id="11"/>
    </PLOT_LINK>
    <PLOT_LINK r_id="99517" SIGNAL="" relType="PRECONDITION" CAUSES="FALSE" CAUSED_BY="FALSE">
      <source m_id="10"/>
      <target m_id="11"/>
    </PLOT_LINK>
    <PLOT_LINK r_id="99519" SIGNAL="" relType="FALLING_ACTION" CAUSES="FALSE" CAUSED_BY="FALSE">
      <source m_id="4"/>
      <target m_id="7"/>
    </PLOT_LINK>
  </Relations>
</Document>
