<?xml version='1.0' encoding='UTF-8'?>
<Document doc_name="3_11ecbplus.xml">
  <token t_id="1" sentence="0" number="0">http</token>
  <token t_id="2" sentence="0" number="1">:</token>
  <token t_id="3" sentence="0" number="2">/</token>
  <token t_id="4" sentence="0" number="3">/</token>
  <token t_id="5" sentence="0" number="4">druzifer</token>
  <token t_id="6" sentence="0" number="5">.</token>
  <token t_id="7" sentence="0" number="6">livejournal</token>
  <token t_id="8" sentence="0" number="7">.</token>
  <token t_id="9" sentence="0" number="8">com</token>
  <token t_id="10" sentence="0" number="9">/</token>
  <token t_id="11" sentence="0" number="10">208067</token>
  <token t_id="12" sentence="0" number="11">.</token>
  <token t_id="13" sentence="0" number="12">html</token>
  <token t_id="14" sentence="1" number="0">12</token>
  <token t_id="15" sentence="1" number="1">January</token>
  <token t_id="16" sentence="1" number="2">2010</token>
  <token t_id="17" sentence="1" number="3">@</token>
  <token t_id="18" sentence="1" number="4">09</token>
  <token t_id="19" sentence="1" number="5">:</token>
  <token t_id="20" sentence="1" number="6">29</token>
  <token t_id="21" sentence="1" number="7">pm</token>
  <token t_id="22" sentence="2" number="0">FALLOUT</token>
  <token t_id="23" sentence="2" number="1">CONTINUES</token>
  <token t_id="24" sentence="2" number="2">AFTER</token>
  <token t_id="25" sentence="2" number="3">BRAZEN</token>
  <token t_id="26" sentence="2" number="4">ESCAPE</token>
  <token t_id="27" sentence="3" number="0">The</token>
  <token t_id="28" sentence="3" number="1">Texas</token>
  <token t_id="29" sentence="3" number="2">Department</token>
  <token t_id="30" sentence="3" number="3">of</token>
  <token t_id="31" sentence="3" number="4">Criminal</token>
  <token t_id="32" sentence="3" number="5">Justice</token>
  <token t_id="33" sentence="3" number="6">has</token>
  <token t_id="34" sentence="3" number="7">made</token>
  <token t_id="35" sentence="3" number="8">sweeping</token>
  <token t_id="36" sentence="3" number="9">leadership</token>
  <token t_id="37" sentence="3" number="10">changes</token>
  <token t_id="38" sentence="3" number="11">at</token>
  <token t_id="39" sentence="3" number="12">a</token>
  <token t_id="40" sentence="3" number="13">Huntsville</token>
  <token t_id="41" sentence="3" number="14">prison</token>
  <token t_id="42" sentence="3" number="15">where</token>
  <token t_id="43" sentence="3" number="16">an</token>
  <token t_id="44" sentence="3" number="17">inmate</token>
  <token t_id="45" sentence="3" number="18">managed</token>
  <token t_id="46" sentence="3" number="19">to</token>
  <token t_id="47" sentence="3" number="20">get</token>
  <token t_id="48" sentence="3" number="21">a</token>
  <token t_id="49" sentence="3" number="22">gun</token>
  <token t_id="50" sentence="3" number="23">that</token>
  <token t_id="51" sentence="3" number="24">he</token>
  <token t_id="52" sentence="3" number="25">later</token>
  <token t_id="53" sentence="3" number="26">used</token>
  <token t_id="54" sentence="3" number="27">to</token>
  <token t_id="55" sentence="3" number="28">escape</token>
  <token t_id="56" sentence="3" number="29">,</token>
  <token t_id="57" sentence="3" number="30">the</token>
  <token t_id="58" sentence="3" number="31">agency</token>
  <token t_id="59" sentence="3" number="32">announced</token>
  <token t_id="60" sentence="3" number="33">Tuesday</token>
  <token t_id="61" sentence="3" number="34">.</token>
  <token t_id="62" sentence="4" number="0">The</token>
  <token t_id="63" sentence="4" number="1">Nov</token>
  <token t_id="64" sentence="4" number="2">.</token>
  <token t_id="65" sentence="4" number="3">30</token>
  <token t_id="66" sentence="4" number="4">escape</token>
  <token t_id="67" sentence="4" number="5">by</token>
  <token t_id="68" sentence="4" number="6">Arcade</token>
  <token t_id="69" sentence="4" number="7">Joseph</token>
  <token t_id="70" sentence="4" number="8">Comeaux</token>
  <token t_id="71" sentence="4" number="9">Jr</token>
  <token t_id="72" sentence="4" number="10">.</token>
  <token t_id="73" sentence="4" number="11">,</token>
  <token t_id="74" sentence="4" number="12">a</token>
  <token t_id="75" sentence="4" number="13">convicted</token>
  <token t_id="76" sentence="4" number="14">rapist</token>
  <token t_id="77" sentence="4" number="15">recaptured</token>
  <token t_id="78" sentence="4" number="16">last</token>
  <token t_id="79" sentence="4" number="17">month</token>
  <token t_id="80" sentence="4" number="18">after</token>
  <token t_id="81" sentence="4" number="19">eight</token>
  <token t_id="82" sentence="4" number="20">days</token>
  <token t_id="83" sentence="4" number="21">on</token>
  <token t_id="84" sentence="4" number="22">the</token>
  <token t_id="85" sentence="4" number="23">run</token>
  <token t_id="86" sentence="4" number="24">in</token>
  <token t_id="87" sentence="4" number="25">Baytown</token>
  <token t_id="88" sentence="4" number="26">and</token>
  <token t_id="89" sentence="4" number="27">Houston</token>
  <token t_id="90" sentence="4" number="28">,</token>
  <token t_id="91" sentence="4" number="29">has</token>
  <token t_id="92" sentence="4" number="30">led</token>
  <token t_id="93" sentence="4" number="31">to</token>
  <token t_id="94" sentence="4" number="32">unprecedented</token>
  <token t_id="95" sentence="4" number="33">fallout</token>
  <token t_id="96" sentence="4" number="34">at</token>
  <token t_id="97" sentence="4" number="35">the</token>
  <token t_id="98" sentence="4" number="36">prison</token>
  <token t_id="99" sentence="4" number="37">unit</token>
  <token t_id="100" sentence="4" number="38">where</token>
  <token t_id="101" sentence="4" number="39">he</token>
  <token t_id="102" sentence="4" number="40">was</token>
  <token t_id="103" sentence="4" number="41">housed</token>
  <token t_id="104" sentence="4" number="42">,</token>
  <token t_id="105" sentence="4" number="43">with</token>
  <token t_id="106" sentence="4" number="44">the</token>
  <token t_id="107" sentence="4" number="45">largest</token>
  <token t_id="108" sentence="4" number="46">number</token>
  <token t_id="109" sentence="4" number="47">of</token>
  <token t_id="110" sentence="4" number="48">TDCJ</token>
  <token t_id="111" sentence="4" number="49">employees</token>
  <token t_id="112" sentence="4" number="50">ever</token>
  <token t_id="113" sentence="4" number="51">facing</token>
  <token t_id="114" sentence="4" number="52">termination</token>
  <token t_id="115" sentence="4" number="53">or</token>
  <token t_id="116" sentence="4" number="54">disciplinary</token>
  <token t_id="117" sentence="4" number="55">action</token>
  <token t_id="118" sentence="4" number="56">because</token>
  <token t_id="119" sentence="4" number="57">of</token>
  <token t_id="120" sentence="4" number="58">a</token>
  <token t_id="121" sentence="4" number="59">single</token>
  <token t_id="122" sentence="4" number="60">incident</token>
  <token t_id="123" sentence="4" number="61">,</token>
  <token t_id="124" sentence="4" number="62">said</token>
  <token t_id="125" sentence="4" number="63">TDCJ</token>
  <token t_id="126" sentence="4" number="64">Inspector</token>
  <token t_id="127" sentence="4" number="65">General</token>
  <token t_id="128" sentence="4" number="66">John</token>
  <token t_id="129" sentence="4" number="67">Moriarty</token>
  <token t_id="130" sentence="4" number="68">.</token>
  <token t_id="131" sentence="5" number="0">Comeaux</token>
  <token t_id="132" sentence="5" number="1">,</token>
  <token t_id="133" sentence="5" number="2">49</token>
  <token t_id="134" sentence="5" number="3">,</token>
  <token t_id="135" sentence="5" number="4">escaped</token>
  <token t_id="136" sentence="5" number="5">from</token>
  <token t_id="137" sentence="5" number="6">a</token>
  <token t_id="138" sentence="5" number="7">prison</token>
  <token t_id="139" sentence="5" number="8">van</token>
  <token t_id="140" sentence="5" number="9">in</token>
  <token t_id="141" sentence="5" number="10">Baytown</token>
  <token t_id="142" sentence="5" number="11">after</token>
  <token t_id="143" sentence="5" number="12">he</token>
  <token t_id="144" sentence="5" number="13">pulled</token>
  <token t_id="145" sentence="5" number="14">a</token>
  <token t_id="146" sentence="5" number="15">gun</token>
  <token t_id="147" sentence="5" number="16">on</token>
  <token t_id="148" sentence="5" number="17">two</token>
  <token t_id="149" sentence="5" number="18">TDCJ</token>
  <token t_id="150" sentence="5" number="19">officers</token>
  <token t_id="151" sentence="5" number="20">driving</token>
  <token t_id="152" sentence="5" number="21">him</token>
  <token t_id="153" sentence="5" number="22">to</token>
  <token t_id="154" sentence="5" number="23">another</token>
  <token t_id="155" sentence="5" number="24">prison</token>
  <token t_id="156" sentence="5" number="25">in</token>
  <token t_id="157" sentence="5" number="26">Beaumont</token>
  <token t_id="158" sentence="5" number="27">.</token>
  <token t_id="159" sentence="6" number="0">He</token>
  <token t_id="160" sentence="6" number="1">was</token>
  <token t_id="161" sentence="6" number="2">at</token>
  <token t_id="162" sentence="6" number="3">large</token>
  <token t_id="163" sentence="6" number="4">until</token>
  <token t_id="164" sentence="6" number="5">Dec</token>
  <token t_id="165" sentence="6" number="6">.</token>
  <token t_id="166" sentence="6" number="7">7</token>
  <token t_id="167" sentence="6" number="8">,</token>
  <token t_id="168" sentence="6" number="9">when</token>
  <token t_id="169" sentence="6" number="10">he</token>
  <token t_id="170" sentence="6" number="11">was</token>
  <token t_id="171" sentence="6" number="12">found</token>
  <token t_id="172" sentence="6" number="13">shoeless</token>
  <token t_id="173" sentence="6" number="14">,</token>
  <token t_id="174" sentence="6" number="15">wet</token>
  <token t_id="175" sentence="6" number="16">and</token>
  <token t_id="176" sentence="6" number="17">hungry</token>
  <token t_id="177" sentence="6" number="18">at</token>
  <token t_id="178" sentence="6" number="19">a</token>
  <token t_id="179" sentence="6" number="20">north</token>
  <token t_id="180" sentence="6" number="21">Houston</token>
  <token t_id="181" sentence="6" number="22">business</token>
  <token t_id="182" sentence="6" number="23">,</token>
  <token t_id="183" sentence="6" number="24">where</token>
  <token t_id="184" sentence="6" number="25">he</token>
  <token t_id="185" sentence="6" number="26">asked</token>
  <token t_id="186" sentence="6" number="27">to</token>
  <token t_id="187" sentence="6" number="28">use</token>
  <token t_id="188" sentence="6" number="29">the</token>
  <token t_id="189" sentence="6" number="30">phone</token>
  <token t_id="190" sentence="6" number="31">.</token>
  <token t_id="191" sentence="7" number="0">So</token>
  <token t_id="192" sentence="7" number="1">far</token>
  <token t_id="193" sentence="7" number="2">,</token>
  <token t_id="194" sentence="7" number="3">11</token>
  <token t_id="195" sentence="7" number="4">Estelle</token>
  <token t_id="196" sentence="7" number="5">unit</token>
  <token t_id="197" sentence="7" number="6">employees</token>
  <token t_id="198" sentence="7" number="7">have</token>
  <token t_id="199" sentence="7" number="8">been</token>
  <token t_id="200" sentence="7" number="9">recommended</token>
  <token t_id="201" sentence="7" number="10">for</token>
  <token t_id="202" sentence="7" number="11">termination</token>
  <token t_id="203" sentence="7" number="12">or</token>
  <token t_id="204" sentence="7" number="13">faced</token>
  <token t_id="205" sentence="7" number="14">consequences</token>
  <token t_id="206" sentence="7" number="15">related</token>
  <token t_id="207" sentence="7" number="16">to</token>
  <token t_id="208" sentence="7" number="17">Comeaux's</token>
  <token t_id="209" sentence="7" number="18">escape</token>
  <token t_id="210" sentence="7" number="19">.</token>
  <token t_id="211" sentence="8" number="0">Four</token>
  <token t_id="212" sentence="8" number="1">of</token>
  <token t_id="213" sentence="8" number="2">those</token>
  <token t_id="214" sentence="8" number="3">elected</token>
  <token t_id="215" sentence="8" number="4">to</token>
  <token t_id="216" sentence="8" number="5">retire</token>
  <token t_id="217" sentence="8" number="6">instead</token>
  <token t_id="218" sentence="8" number="7">of</token>
  <token t_id="219" sentence="8" number="8">facing</token>
  <token t_id="220" sentence="8" number="9">disciplinary</token>
  <token t_id="221" sentence="8" number="10">action</token>
  <token t_id="222" sentence="8" number="11">,</token>
  <token t_id="223" sentence="8" number="12">including</token>
  <token t_id="224" sentence="8" number="13">the</token>
  <token t_id="225" sentence="8" number="14">two</token>
  <token t_id="226" sentence="8" number="15">officers</token>
  <token t_id="227" sentence="8" number="16">who</token>
  <token t_id="228" sentence="8" number="17">drove</token>
  <token t_id="229" sentence="8" number="18">Comeaux</token>
  <token t_id="230" sentence="8" number="19">in</token>
  <token t_id="231" sentence="8" number="20">the</token>
  <token t_id="232" sentence="8" number="21">van</token>
  <token t_id="233" sentence="8" number="22">on</token>
  <token t_id="234" sentence="8" number="23">the</token>
  <token t_id="235" sentence="8" number="24">day</token>
  <token t_id="236" sentence="8" number="25">he</token>
  <token t_id="237" sentence="8" number="26">escaped</token>
  <token t_id="238" sentence="8" number="27">.</token>
  <token t_id="239" sentence="9" number="0">Whitmire</token>
  <token t_id="240" sentence="9" number="1">questioned</token>
  <token t_id="241" sentence="9" number="2">why</token>
  <token t_id="242" sentence="9" number="3">several</token>
  <token t_id="243" sentence="9" number="4">prisons</token>
  <token t_id="244" sentence="9" number="5">,</token>
  <token t_id="245" sentence="9" number="6">including</token>
  <token t_id="246" sentence="9" number="7">the</token>
  <token t_id="247" sentence="9" number="8">Estelle</token>
  <token t_id="248" sentence="9" number="9">unit</token>
  <token t_id="249" sentence="9" number="10">,</token>
  <token t_id="250" sentence="9" number="11">stopped</token>
  <token t_id="251" sentence="9" number="12">searching</token>
  <token t_id="252" sentence="9" number="13">visitors</token>
  <token t_id="253" sentence="9" number="14">two</token>
  <token t_id="254" sentence="9" number="15">months</token>
  <token t_id="255" sentence="9" number="16">before</token>
  <token t_id="256" sentence="9" number="17">Comeaux's</token>
  <token t_id="257" sentence="9" number="18">escape</token>
  <token t_id="258" sentence="9" number="19">and</token>
  <token t_id="259" sentence="9" number="20">moved</token>
  <token t_id="260" sentence="9" number="21">to</token>
  <token t_id="261" sentence="9" number="22">random</token>
  <token t_id="262" sentence="9" number="23">pat</token>
  <token t_id="263" sentence="9" number="24">-</token>
  <token t_id="264" sentence="9" number="25">downs</token>
  <token t_id="265" sentence="9" number="26">.</token>
  <token t_id="266" sentence="10" number="0">Since</token>
  <token t_id="267" sentence="10" number="1">Comeaux's</token>
  <token t_id="268" sentence="10" number="2">jailbreak</token>
  <token t_id="269" sentence="10" number="3">,</token>
  <token t_id="270" sentence="10" number="4">all</token>
  <token t_id="271" sentence="10" number="5">visitors</token>
  <token t_id="272" sentence="10" number="6">and</token>
  <token t_id="273" sentence="10" number="7">employees</token>
  <token t_id="274" sentence="10" number="8">at</token>
  <token t_id="275" sentence="10" number="9">the</token>
  <token t_id="276" sentence="10" number="10">Estelle</token>
  <token t_id="277" sentence="10" number="11">prison</token>
  <token t_id="278" sentence="10" number="12">unit</token>
  <token t_id="279" sentence="10" number="13">are</token>
  <token t_id="280" sentence="10" number="14">again</token>
  <token t_id="281" sentence="10" number="15">subject</token>
  <token t_id="282" sentence="10" number="16">to</token>
  <token t_id="283" sentence="10" number="17">mandatory</token>
  <token t_id="284" sentence="10" number="18">pat</token>
  <token t_id="285" sentence="10" number="19">-</token>
  <token t_id="286" sentence="10" number="20">downs</token>
  <token t_id="287" sentence="10" number="21">,</token>
  <token t_id="288" sentence="10" number="22">Lyons</token>
  <token t_id="289" sentence="10" number="23">said</token>
  <token t_id="290" sentence="10" number="24">.</token>
  <Markables>
    <ACTION_ASPECTUAL m_id="1" comment="">
      <token_anchor t_id="288"/>
    </ACTION_ASPECTUAL>
    <ACTION_ASPECTUAL m_id="2" comment="">
      <token_anchor t_id="23"/>
    </ACTION_ASPECTUAL>
    <ACTION_CAUSATIVE m_id="3">
      <token_anchor t_id="118"/>
      <token_anchor t_id="119"/>
    </ACTION_CAUSATIVE>
    <ACTION_OCCURRENCE m_id="29" comment="" climaxEvent="FALSE">
      <token_anchor t_id="204"/>
    </ACTION_OCCURRENCE>
    <ACTION_OCCURRENCE m_id="30" comment="" climaxEvent="FALSE">
      <token_anchor t_id="22"/>
    </ACTION_OCCURRENCE>
    <ACTION_OCCURRENCE m_id="31" comment="" climaxEvent="FALSE">
      <token_anchor t_id="205"/>
    </ACTION_OCCURRENCE>
    <ACTION_OCCURRENCE m_id="32" comment="" climaxEvent="FALSE">
      <token_anchor t_id="209"/>
    </ACTION_OCCURRENCE>
    <ACTION_OCCURRENCE m_id="33" comment="" climaxEvent="FALSE">
      <token_anchor t_id="26"/>
    </ACTION_OCCURRENCE>
    <ACTION_OCCURRENCE m_id="34" comment="" climaxEvent="FALSE">
      <token_anchor t_id="214"/>
    </ACTION_OCCURRENCE>
    <ACTION_OCCURRENCE m_id="35" comment="" climaxEvent="FALSE">
      <token_anchor t_id="216"/>
    </ACTION_OCCURRENCE>
    <ACTION_OCCURRENCE m_id="36" comment="" climaxEvent="FALSE">
      <token_anchor t_id="37"/>
    </ACTION_OCCURRENCE>
    <ACTION_OCCURRENCE m_id="4" comment="" climaxEvent="FALSE">
      <token_anchor t_id="228"/>
    </ACTION_OCCURRENCE>
    <ACTION_OCCURRENCE m_id="37" comment="" climaxEvent="FALSE">
      <token_anchor t_id="219"/>
    </ACTION_OCCURRENCE>
    <ACTION_OCCURRENCE m_id="5" comment="" climaxEvent="FALSE">
      <token_anchor t_id="237"/>
    </ACTION_OCCURRENCE>
    <ACTION_OCCURRENCE m_id="38" comment="" climaxEvent="FALSE">
      <token_anchor t_id="55"/>
    </ACTION_OCCURRENCE>
    <ACTION_OCCURRENCE m_id="6" comment="" climaxEvent="FALSE">
      <token_anchor t_id="240"/>
    </ACTION_OCCURRENCE>
    <ACTION_OCCURRENCE m_id="39" comment="" climaxEvent="FALSE">
      <token_anchor t_id="221"/>
    </ACTION_OCCURRENCE>
    <ACTION_OCCURRENCE m_id="7" comment="" climaxEvent="FALSE">
      <token_anchor t_id="257"/>
    </ACTION_OCCURRENCE>
    <ACTION_OCCURRENCE m_id="40" comment="" climaxEvent="FALSE">
      <token_anchor t_id="53"/>
    </ACTION_OCCURRENCE>
    <ACTION_OCCURRENCE m_id="8" comment="" climaxEvent="FALSE">
      <token_anchor t_id="259"/>
      <token_anchor t_id="260"/>
    </ACTION_OCCURRENCE>
    <ACTION_OCCURRENCE m_id="9" comment="" climaxEvent="FALSE">
      <token_anchor t_id="113"/>
    </ACTION_OCCURRENCE>
    <ACTION_OCCURRENCE m_id="41" comment="" climaxEvent="FALSE">
      <token_anchor t_id="220"/>
    </ACTION_OCCURRENCE>
    <ACTION_OCCURRENCE m_id="10" comment="" climaxEvent="FALSE">
      <token_anchor t_id="262"/>
      <token_anchor t_id="263"/>
      <token_anchor t_id="264"/>
    </ACTION_OCCURRENCE>
    <ACTION_OCCURRENCE m_id="11" comment="" climaxEvent="FALSE">
      <token_anchor t_id="268"/>
    </ACTION_OCCURRENCE>
    <ACTION_OCCURRENCE m_id="12" comment="" climaxEvent="FALSE">
      <token_anchor t_id="66"/>
    </ACTION_OCCURRENCE>
    <ACTION_OCCURRENCE m_id="13" comment="" climaxEvent="FALSE">
      <token_anchor t_id="114"/>
    </ACTION_OCCURRENCE>
    <ACTION_OCCURRENCE m_id="14" comment="" climaxEvent="FALSE">
      <token_anchor t_id="284"/>
      <token_anchor t_id="285"/>
      <token_anchor t_id="286"/>
    </ACTION_OCCURRENCE>
    <ACTION_OCCURRENCE m_id="15" comment="" climaxEvent="FALSE">
      <token_anchor t_id="75"/>
    </ACTION_OCCURRENCE>
    <ACTION_OCCURRENCE m_id="16" comment="" climaxEvent="FALSE">
      <token_anchor t_id="117"/>
    </ACTION_OCCURRENCE>
    <ACTION_OCCURRENCE m_id="17" comment="" climaxEvent="FALSE">
      <token_anchor t_id="77"/>
    </ACTION_OCCURRENCE>
    <ACTION_OCCURRENCE m_id="18" comment="" climaxEvent="FALSE">
      <token_anchor t_id="116"/>
    </ACTION_OCCURRENCE>
    <ACTION_OCCURRENCE m_id="19" comment="" climaxEvent="FALSE">
      <token_anchor t_id="122"/>
    </ACTION_OCCURRENCE>
    <ACTION_OCCURRENCE m_id="20" comment="" climaxEvent="FALSE">
      <token_anchor t_id="135"/>
    </ACTION_OCCURRENCE>
    <ACTION_OCCURRENCE m_id="21" comment="" climaxEvent="FALSE">
      <token_anchor t_id="144"/>
    </ACTION_OCCURRENCE>
    <ACTION_OCCURRENCE m_id="22" comment="" climaxEvent="FALSE">
      <token_anchor t_id="95"/>
    </ACTION_OCCURRENCE>
    <ACTION_OCCURRENCE m_id="23" comment="" climaxEvent="FALSE">
      <token_anchor t_id="151"/>
    </ACTION_OCCURRENCE>
    <ACTION_OCCURRENCE m_id="24" comment="" climaxEvent="FALSE">
      <token_anchor t_id="171"/>
    </ACTION_OCCURRENCE>
    <ACTION_OCCURRENCE m_id="25" comment="" climaxEvent="FALSE">
      <token_anchor t_id="185"/>
    </ACTION_OCCURRENCE>
    <ACTION_OCCURRENCE m_id="26" comment="" climaxEvent="FALSE">
      <token_anchor t_id="187"/>
    </ACTION_OCCURRENCE>
    <ACTION_OCCURRENCE m_id="27" comment="" climaxEvent="FALSE">
      <token_anchor t_id="200"/>
    </ACTION_OCCURRENCE>
    <ACTION_OCCURRENCE m_id="28" comment="" climaxEvent="FALSE">
      <token_anchor t_id="202"/>
    </ACTION_OCCURRENCE>
    <ACTION_REPORTING m_id="42">
      <token_anchor t_id="59"/>
    </ACTION_REPORTING>
    <ACTION_REPORTING m_id="43">
      <token_anchor t_id="124"/>
    </ACTION_REPORTING>
    <ACTION_REPORTING m_id="44">
      <token_anchor t_id="289"/>
    </ACTION_REPORTING>
    <ACTION_STATE m_id="104" climaxEvent="FALSE" comment="">
      <token_anchor t_id="83"/>
      <token_anchor t_id="84"/>
      <token_anchor t_id="85"/>
    </ACTION_STATE>
    <ACTION_STATE m_id="45" climaxEvent="FALSE" comment="">
      <token_anchor t_id="103"/>
    </ACTION_STATE>
    <ACTION_STATE m_id="46" climaxEvent="FALSE" comment="">
      <token_anchor t_id="281"/>
      <token_anchor t_id="282"/>
    </ACTION_STATE>
    <ACTION_STATE m_id="47" climaxEvent="FALSE" comment="">
      <token_anchor t_id="161"/>
      <token_anchor t_id="162"/>
    </ACTION_STATE>
    <ACTION_STATE m_id="48" climaxEvent="FALSE" comment="">
      <token_anchor t_id="172"/>
    </ACTION_STATE>
    <ACTION_STATE m_id="49" climaxEvent="FALSE" comment="">
      <token_anchor t_id="174"/>
    </ACTION_STATE>
    <ACTION_STATE m_id="50" climaxEvent="FALSE" comment="">
      <token_anchor t_id="176"/>
    </ACTION_STATE>
    <HUMAN_PART_ORG m_id="51">
      <token_anchor t_id="29"/>
      <token_anchor t_id="30"/>
      <token_anchor t_id="31"/>
      <token_anchor t_id="32"/>
    </HUMAN_PART_ORG>
    <HUMAN_PART_PER m_id="61" comment="">
      <token_anchor t_id="111"/>
    </HUMAN_PART_PER>
    <HUMAN_PART_PER m_id="62" comment="">
      <token_anchor t_id="128"/>
      <token_anchor t_id="129"/>
    </HUMAN_PART_PER>
    <HUMAN_PART_PER m_id="63" comment="">
      <token_anchor t_id="131"/>
    </HUMAN_PART_PER>
    <HUMAN_PART_PER m_id="64" comment="">
      <token_anchor t_id="143"/>
    </HUMAN_PART_PER>
    <HUMAN_PART_PER m_id="65" comment="">
      <token_anchor t_id="150"/>
    </HUMAN_PART_PER>
    <HUMAN_PART_PER m_id="66" comment="">
      <token_anchor t_id="213"/>
    </HUMAN_PART_PER>
    <HUMAN_PART_PER m_id="67" comment="">
      <token_anchor t_id="169"/>
    </HUMAN_PART_PER>
    <HUMAN_PART_PER m_id="68" comment="">
      <token_anchor t_id="184"/>
    </HUMAN_PART_PER>
    <HUMAN_PART_PER m_id="69" comment="">
      <token_anchor t_id="197"/>
    </HUMAN_PART_PER>
    <HUMAN_PART_PER m_id="102" comment="">
      <token_anchor t_id="152"/>
    </HUMAN_PART_PER>
    <HUMAN_PART_PER m_id="70" comment="">
      <token_anchor t_id="273"/>
    </HUMAN_PART_PER>
    <HUMAN_PART_PER m_id="71" comment="">
      <token_anchor t_id="208"/>
    </HUMAN_PART_PER>
    <HUMAN_PART_PER m_id="72" comment="">
      <token_anchor t_id="68"/>
      <token_anchor t_id="69"/>
      <token_anchor t_id="70"/>
      <token_anchor t_id="71"/>
    </HUMAN_PART_PER>
    <HUMAN_PART_PER m_id="73" comment="">
      <token_anchor t_id="226"/>
    </HUMAN_PART_PER>
    <HUMAN_PART_PER m_id="74" comment="">
      <token_anchor t_id="229"/>
    </HUMAN_PART_PER>
    <HUMAN_PART_PER m_id="75" comment="">
      <token_anchor t_id="236"/>
    </HUMAN_PART_PER>
    <HUMAN_PART_PER m_id="52" comment="">
      <token_anchor t_id="239"/>
    </HUMAN_PART_PER>
    <HUMAN_PART_PER m_id="53" comment="">
      <token_anchor t_id="252"/>
    </HUMAN_PART_PER>
    <HUMAN_PART_PER m_id="54" comment="">
      <token_anchor t_id="36"/>
    </HUMAN_PART_PER>
    <HUMAN_PART_PER m_id="55" comment="">
      <token_anchor t_id="256"/>
    </HUMAN_PART_PER>
    <HUMAN_PART_PER m_id="56" comment="">
      <token_anchor t_id="267"/>
    </HUMAN_PART_PER>
    <HUMAN_PART_PER m_id="57" comment="">
      <token_anchor t_id="271"/>
    </HUMAN_PART_PER>
    <HUMAN_PART_PER m_id="58" comment="">
      <token_anchor t_id="44"/>
    </HUMAN_PART_PER>
    <HUMAN_PART_PER m_id="59" comment="">
      <token_anchor t_id="51"/>
    </HUMAN_PART_PER>
    <HUMAN_PART_PER m_id="60" comment="">
      <token_anchor t_id="101"/>
    </HUMAN_PART_PER>
    <LOC_FAC m_id="76">
      <token_anchor t_id="39"/>
      <token_anchor t_id="40"/>
      <token_anchor t_id="41"/>
    </LOC_FAC>
    <LOC_FAC m_id="77">
      <token_anchor t_id="42"/>
    </LOC_FAC>
    <LOC_FAC m_id="78">
      <token_anchor t_id="137"/>
      <token_anchor t_id="138"/>
      <token_anchor t_id="139"/>
      <token_anchor t_id="140"/>
      <token_anchor t_id="141"/>
    </LOC_FAC>
    <LOC_FAC m_id="79">
      <token_anchor t_id="154"/>
      <token_anchor t_id="155"/>
      <token_anchor t_id="156"/>
      <token_anchor t_id="157"/>
    </LOC_FAC>
    <LOC_FAC m_id="80">
      <token_anchor t_id="178"/>
      <token_anchor t_id="179"/>
      <token_anchor t_id="180"/>
      <token_anchor t_id="181"/>
    </LOC_FAC>
    <LOC_FAC m_id="81">
      <token_anchor t_id="195"/>
      <token_anchor t_id="196"/>
    </LOC_FAC>
    <LOC_FAC m_id="82">
      <token_anchor t_id="246"/>
      <token_anchor t_id="247"/>
      <token_anchor t_id="248"/>
    </LOC_FAC>
    <LOC_FAC m_id="83">
      <token_anchor t_id="274"/>
      <token_anchor t_id="275"/>
      <token_anchor t_id="276"/>
      <token_anchor t_id="277"/>
      <token_anchor t_id="278"/>
    </LOC_FAC>
    <LOC_FAC m_id="84">
      <token_anchor t_id="97"/>
      <token_anchor t_id="98"/>
      <token_anchor t_id="99"/>
    </LOC_FAC>
    <LOC_FAC m_id="85">
      <token_anchor t_id="100"/>
    </LOC_FAC>
    <LOC_FAC m_id="86">
      <token_anchor t_id="183"/>
    </LOC_FAC>
    <LOC_FAC m_id="87">
      <token_anchor t_id="242"/>
      <token_anchor t_id="243"/>
    </LOC_FAC>
    <LOC_GEO m_id="88" comment="">
      <token_anchor t_id="86"/>
      <token_anchor t_id="87"/>
    </LOC_GEO>
    <LOC_GEO m_id="89" comment="">
      <token_anchor t_id="89"/>
    </LOC_GEO>
    <NEG_ACTION_OCCURRENCE m_id="90" comment="" climaxEvent="FALSE">
      <token_anchor t_id="251"/>
    </NEG_ACTION_OCCURRENCE>
    <NON_HUMAN_PART m_id="93" comment="">
      <token_anchor t_id="232"/>
    </NON_HUMAN_PART>
    <NON_HUMAN_PART m_id="103" comment="">
      <token_anchor t_id="49"/>
    </NON_HUMAN_PART>
    <NON_HUMAN_PART m_id="91" comment="">
      <token_anchor t_id="146"/>
    </NON_HUMAN_PART>
    <NON_HUMAN_PART m_id="92" comment="">
      <token_anchor t_id="189"/>
    </NON_HUMAN_PART>
    <TIME_DATE m_id="94" comment="" DCT="FALSE" value="2009-12-7" anchorTimeID="101">
      <token_anchor t_id="60"/>
    </TIME_DATE>
    <TIME_DATE m_id="95" comment="" DCT="FALSE" value="September 2009" anchorTimeID="99">
      <token_anchor t_id="253"/>
      <token_anchor t_id="254"/>
      <token_anchor t_id="255"/>
    </TIME_DATE>
    <TIME_DATE m_id="96" comment="" DCT="FALSE" value="2009-11-30" anchorTimeID="101">
      <token_anchor t_id="63"/>
      <token_anchor t_id="64"/>
      <token_anchor t_id="65"/>
    </TIME_DATE>
    <TIME_DATE m_id="97" comment="" DCT="FALSE" value="December 2009" anchorTimeID="101">
      <token_anchor t_id="78"/>
      <token_anchor t_id="79"/>
    </TIME_DATE>
    <TIME_DATE m_id="98" comment="" DCT="FALSE" value="2009-12-7" anchorTimeID="">
      <token_anchor t_id="164"/>
      <token_anchor t_id="165"/>
      <token_anchor t_id="166"/>
    </TIME_DATE>
    <TIME_DATE m_id="99" comment="" DCT="FALSE" value="2009-11-30" anchorTimeID="">
      <token_anchor t_id="233"/>
      <token_anchor t_id="234"/>
      <token_anchor t_id="235"/>
    </TIME_DATE>
    <TIME_DURATION m_id="100" value="" anchorTimeID="" begin="" endPoint="">
      <token_anchor t_id="80"/>
      <token_anchor t_id="81"/>
      <token_anchor t_id="82"/>
    </TIME_DURATION>
    <TIME_OF_THE_DAY m_id="101" DCT="TRUE" value="2010-01-12T21:29" anchorTimeID="101">
      <token_anchor t_id="14"/>
      <token_anchor t_id="15"/>
      <token_anchor t_id="16"/>
      <token_anchor t_id="17"/>
      <token_anchor t_id="18"/>
      <token_anchor t_id="19"/>
      <token_anchor t_id="20"/>
      <token_anchor t_id="21"/>
    </TIME_OF_THE_DAY>
    <HUMAN_PART_PER m_id="105" RELATED_TO="" TAG_DESCRIPTOR="t3_prison_unit_employees" comment=""/>
    <ACTION_OCCURRENCE m_id="106" RELATED_TO="" TAG_DESCRIPTOR="t3_capture" comment="" climaxEvent="FALSE"/>
    <HUMAN_PART_PER m_id="107" RELATED_TO="" TAG_DESCRIPTOR="t3_arcade_joseph_comeaux" comment=""/>
    <ACTION_OCCURRENCE m_id="108" RELATED_TO="" TAG_DESCRIPTOR="t3_escape_nov_30" comment="" climaxEvent="FALSE"/>
    <LOC_FAC m_id="109" RELATED_TO="" TAG_DESCRIPTOR="t3_estelle_unit"/>
    <LOC_FAC m_id="110" RELATED_TO="" TAG_DESCRIPTOR="t3_huntsville_prison"/>
    <HUMAN_PART_PER m_id="111" RELATED_TO="" TAG_DESCRIPTOR="t3_2_guards" comment=""/>
    <HUMAN_PART_ORG m_id="112" RELATED_TO="" TAG_DESCRIPTOR="t3_TDCJ"/>
    <LOC_GEO m_id="113" RELATED_TO="" TAG_DESCRIPTOR="t3_baytown" comment=""/>
    <ACTION_OCCURRENCE m_id="114" RELATED_TO="" TAG_DESCRIPTOR="t3_pulled_a_gun_on" comment="" climaxEvent="FALSE"/>
    <NON_HUMAN_PART m_id="115" RELATED_TO="" TAG_DESCRIPTOR="t3_smuggled_gun" comment=""/>
    <ACTION_STATE m_id="116" RELATED_TO="" TAG_DESCRIPTOR="t3_on_the_run" climaxEvent="FALSE" comment=""/>
    <NON_HUMAN_PART m_id="117" RELATED_TO="" TAG_DESCRIPTOR="t3_van" comment=""/>
    <ACTION_OCCURRENCE m_id="118" RELATED_TO="" TAG_DESCRIPTOR="t3_transport_to_beaumont" comment="" climaxEvent="FALSE"/>
    <ACTION_OCCURRENCE m_id="119" RELATED_TO="" TAG_DESCRIPTOR="t3_convicted_98" comment="" climaxEvent="FALSE"/>
    <LOC_FAC m_id="120" RELATED_TO="" TAG_DESCRIPTOR="t3_beaumont_prison"/>
    <ACTION_OCCURRENCE m_id="121" RELATED_TO="" TAG_DESCRIPTOR="t3_fallout" comment="" climaxEvent="FALSE"/>
    <TIME_DATE m_id="122" RELATED_TO="" TAG_DESCRIPTOR="t3_nov_30" value="" anchorTimeID="" DCT="FALSE" comment=""/>
  </Markables>
  <Relations>
    <PLOT_LINK r_id="96379" SIGNAL="" relType="FALLING_ACTION" CAUSES="FALSE" CAUSED_BY="FALSE">
      <source m_id="17"/>
      <target m_id="104"/>
    </PLOT_LINK>
    <PLOT_LINK r_id="96380" SIGNAL="" relType="PRECONDITION" CAUSES="FALSE" CAUSED_BY="FALSE">
      <source m_id="12"/>
      <target m_id="17"/>
    </PLOT_LINK>
    <PLOT_LINK r_id="96381" SIGNAL="" relType="PRECONDITION" CAUSES="FALSE" CAUSED_BY="FALSE">
      <source m_id="12"/>
      <target m_id="22"/>
    </PLOT_LINK>
    <PLOT_LINK r_id="96387" SIGNAL="3" relType="FALLING_ACTION" CAUSES="FALSE" CAUSED_BY="TRUE">
      <source m_id="13"/>
      <target m_id="19"/>
    </PLOT_LINK>
    <PLOT_LINK r_id="96392" SIGNAL="3" relType="FALLING_ACTION" CAUSES="FALSE" CAUSED_BY="TRUE">
      <source m_id="16"/>
      <target m_id="19"/>
    </PLOT_LINK>
    <PLOT_LINK r_id="96396" SIGNAL="" relType="FALLING_ACTION" CAUSES="FALSE" CAUSED_BY="FALSE">
      <source m_id="20"/>
      <target m_id="21"/>
    </PLOT_LINK>
    <PLOT_LINK r_id="96399" SIGNAL="" relType="FALLING_ACTION" CAUSES="FALSE" CAUSED_BY="FALSE">
      <source m_id="20"/>
      <target m_id="23"/>
    </PLOT_LINK>
    <PLOT_LINK r_id="96400" SIGNAL="" relType="PRECONDITION" CAUSES="FALSE" CAUSED_BY="FALSE">
      <source m_id="20"/>
      <target m_id="47"/>
    </PLOT_LINK>
    <PLOT_LINK r_id="96402" SIGNAL="" relType="FALLING_ACTION" CAUSES="FALSE" CAUSED_BY="FALSE">
      <source m_id="28"/>
      <target m_id="32"/>
    </PLOT_LINK>
    <PLOT_LINK r_id="96404" SIGNAL="" relType="FALLING_ACTION" CAUSES="FALSE" CAUSED_BY="FALSE">
      <source m_id="31"/>
      <target m_id="32"/>
    </PLOT_LINK>
    <PLOT_LINK r_id="96407" SIGNAL="" relType="PRECONDITION" CAUSES="FALSE" CAUSED_BY="FALSE">
      <source m_id="32"/>
      <target m_id="35"/>
    </PLOT_LINK>
    <PLOT_LINK r_id="96411" SIGNAL="" relType="PRECONDITION" CAUSES="FALSE" CAUSED_BY="FALSE">
      <source m_id="32"/>
      <target m_id="39"/>
    </PLOT_LINK>
    <PLOT_LINK r_id="96420" SIGNAL="" relType="PRECONDITION" CAUSES="FALSE" CAUSED_BY="FALSE">
      <source m_id="11"/>
      <target m_id="14"/>
    </PLOT_LINK>
    <PLOT_LINK r_id="96422" SIGNAL="" relType="FALLING_ACTION" CAUSES="FALSE" CAUSED_BY="FALSE">
      <source m_id="6"/>
      <target m_id="7"/>
    </PLOT_LINK>
    <PLOT_LINK r_id="96423" SIGNAL="" relType="PRECONDITION" CAUSES="FALSE" CAUSED_BY="FALSE">
      <source m_id="90"/>
      <target m_id="7"/>
    </PLOT_LINK>
    <PLOT_LINK r_id="96426" SIGNAL="" relType="FALLING_ACTION" CAUSES="FALSE" CAUSED_BY="FALSE">
      <source m_id="7"/>
      <target m_id="10"/>
    </PLOT_LINK>
    <PLOT_LINK r_id="97907" SIGNAL="" relType="FALLING_ACTION" CAUSES="FALSE" CAUSED_BY="FALSE">
      <source m_id="36"/>
      <target m_id="38"/>
    </PLOT_LINK>
    <PLOT_LINK r_id="97908" SIGNAL="" relType="FALLING_ACTION" CAUSES="FALSE" CAUSED_BY="FALSE">
      <source m_id="30"/>
      <target m_id="33"/>
    </PLOT_LINK>
    <TLINK r_id="97910" contextualModality="" relType="OVERLAP" comment="">
      <source m_id="94"/>
      <target m_id="30"/>
    </TLINK>
    <TLINK r_id="97911" contextualModality="" relType="OVERLAP" comment="">
      <source m_id="94"/>
      <target m_id="2"/>
    </TLINK>
    <TLINK r_id="97912" contextualModality="" relType="AFTER" comment="">
      <source m_id="94"/>
      <target m_id="33"/>
    </TLINK>
    <TLINK r_id="97913" contextualModality="" relType="CONTAINS" comment="">
      <source m_id="94"/>
      <target m_id="36"/>
    </TLINK>
    <TLINK r_id="97914" contextualModality="" relType="AFTER" comment="">
      <source m_id="94"/>
      <target m_id="40"/>
    </TLINK>
    <TLINK r_id="97915" contextualModality="" relType="AFTER" comment="">
      <source m_id="94"/>
      <target m_id="38"/>
    </TLINK>
    <TLINK r_id="97916" contextualModality="" relType="CONTAINS" comment="">
      <source m_id="96"/>
      <target m_id="12"/>
    </TLINK>
    <TLINK r_id="97917" contextualModality="" relType="AFTER" comment="">
      <source m_id="96"/>
      <target m_id="15"/>
    </TLINK>
    <TLINK r_id="97918" contextualModality="" relType="CONTAINS" comment="">
      <source m_id="97"/>
      <target m_id="17"/>
    </TLINK>
    <TLINK r_id="97919" contextualModality="" relType="CONTAINS" comment="">
      <source m_id="97"/>
      <target m_id="104"/>
    </TLINK>
    <TLINK r_id="97920" contextualModality="" relType="BEFORE" comment="">
      <source m_id="96"/>
      <target m_id="22"/>
    </TLINK>
    <TLINK r_id="97921" contextualModality="" relType="ENDED_ON" comment="">
      <source m_id="96"/>
      <target m_id="45"/>
    </TLINK>
    <TLINK r_id="97923" contextualModality="" relType="BEFORE" comment="">
      <source m_id="96"/>
      <target m_id="9"/>
    </TLINK>
    <TLINK r_id="97924" contextualModality="" relType="BEFORE" comment="">
      <source m_id="96"/>
      <target m_id="13"/>
    </TLINK>
    <TLINK r_id="97925" contextualModality="" relType="BEFORE" comment="">
      <source m_id="96"/>
      <target m_id="18"/>
    </TLINK>
    <TLINK r_id="97926" contextualModality="" relType="CONTAINS" comment="">
      <source m_id="96"/>
      <target m_id="19"/>
    </TLINK>
    <TLINK r_id="97927" contextualModality="" relType="CONTAINS" comment="">
      <source m_id="96"/>
      <target m_id="20"/>
    </TLINK>
    <TLINK r_id="97928" contextualModality="" relType="CONTAINS" comment="">
      <source m_id="96"/>
      <target m_id="21"/>
    </TLINK>
    <TLINK r_id="97929" contextualModality="" relType="CONTAINS" comment="">
      <source m_id="96"/>
      <target m_id="23"/>
    </TLINK>
    <TLINK r_id="97930" contextualModality="" relType="ENDED_ON" comment="">
      <source m_id="98"/>
      <target m_id="47"/>
    </TLINK>
    <TLINK r_id="97931" contextualModality="" relType="CONTAINS" comment="">
      <source m_id="98"/>
      <target m_id="24"/>
    </TLINK>
    <TLINK r_id="97932" contextualModality="" relType="CONTAINS" comment="">
      <source m_id="98"/>
      <target m_id="26"/>
    </TLINK>
    <TLINK r_id="97934" contextualModality="" relType="BEFORE" comment="">
      <source m_id="96"/>
      <target m_id="29"/>
    </TLINK>
    <TLINK r_id="97935" contextualModality="" relType="BEFORE" comment="">
      <source m_id="96"/>
      <target m_id="31"/>
    </TLINK>
    <TLINK r_id="97936" contextualModality="" relType="CONTAINS" comment="">
      <source m_id="96"/>
      <target m_id="32"/>
    </TLINK>
    <TLINK r_id="97937" contextualModality="" relType="BEFORE" comment="">
      <source m_id="96"/>
      <target m_id="34"/>
    </TLINK>
    <TLINK r_id="97938" contextualModality="" relType="BEFORE" comment="">
      <source m_id="96"/>
      <target m_id="35"/>
    </TLINK>
    <TLINK r_id="97939" contextualModality="" relType="BEFORE" comment="">
      <source m_id="96"/>
      <target m_id="37"/>
    </TLINK>
    <TLINK r_id="97940" contextualModality="" relType="BEFORE" comment="">
      <source m_id="96"/>
      <target m_id="39"/>
    </TLINK>
    <TLINK r_id="97941" contextualModality="" relType="CONTAINS" comment="">
      <source m_id="99"/>
      <target m_id="4"/>
    </TLINK>
    <TLINK r_id="97942" contextualModality="" relType="CONTAINS" comment="">
      <source m_id="99"/>
      <target m_id="5"/>
    </TLINK>
    <TLINK r_id="97943" contextualModality="" relType="BEFORE" comment="">
      <source m_id="95"/>
      <target m_id="6"/>
    </TLINK>
    <TLINK r_id="97944" contextualModality="" relType="CONTAINS" comment="">
      <source m_id="95"/>
      <target m_id="90"/>
    </TLINK>
    <TLINK r_id="97945" contextualModality="" relType="BEFORE" comment="">
      <source m_id="95"/>
      <target m_id="7"/>
    </TLINK>
    <TLINK r_id="97946" contextualModality="" relType="CONTAINS" comment="">
      <source m_id="95"/>
      <target m_id="8"/>
    </TLINK>
    <TLINK r_id="97947" contextualModality="" relType="BEFORE" comment="">
      <source m_id="95"/>
      <target m_id="11"/>
    </TLINK>
    <TLINK r_id="97948" contextualModality="" relType="BEFORE" comment="">
      <source m_id="95"/>
      <target m_id="14"/>
    </TLINK>
    <TLINK r_id="97949" contextualModality="" relType="BEFORE" comment="">
      <source m_id="95"/>
      <target m_id="46"/>
    </TLINK>
    <TLINK r_id="97950" contextualModality="" relType="OVERLAP" comment="">
      <source m_id="101"/>
      <target m_id="30"/>
    </TLINK>
    <TLINK r_id="97951" contextualModality="" relType="AFTER" comment="">
      <source m_id="101"/>
      <target m_id="33"/>
    </TLINK>
    <TLINK r_id="97952" contextualModality="" relType="AFTER" comment="">
      <source m_id="101"/>
      <target m_id="36"/>
    </TLINK>
    <TLINK r_id="97953" contextualModality="" relType="AFTER" comment="">
      <source m_id="101"/>
      <target m_id="40"/>
    </TLINK>
    <TLINK r_id="97954" contextualModality="" relType="AFTER" comment="">
      <source m_id="101"/>
      <target m_id="38"/>
    </TLINK>
    <TLINK r_id="97955" contextualModality="" relType="AFTER" comment="">
      <source m_id="101"/>
      <target m_id="12"/>
    </TLINK>
    <TLINK r_id="97956" contextualModality="" relType="AFTER" comment="">
      <source m_id="101"/>
      <target m_id="15"/>
    </TLINK>
    <TLINK r_id="97957" contextualModality="" relType="AFTER" comment="">
      <source m_id="101"/>
      <target m_id="17"/>
    </TLINK>
    <TLINK r_id="97958" contextualModality="" relType="AFTER" comment="">
      <source m_id="101"/>
      <target m_id="104"/>
    </TLINK>
    <TLINK r_id="97959" contextualModality="" relType="OVERLAP" comment="">
      <source m_id="101"/>
      <target m_id="22"/>
    </TLINK>
    <TLINK r_id="97960" contextualModality="" relType="AFTER" comment="">
      <source m_id="101"/>
      <target m_id="45"/>
    </TLINK>
    <TLINK r_id="97961" contextualModality="" relType="OVERLAP" comment="">
      <source m_id="101"/>
      <target m_id="9"/>
    </TLINK>
    <TLINK r_id="97962" contextualModality="" relType="OVERLAP" comment="">
      <source m_id="101"/>
      <target m_id="13"/>
    </TLINK>
    <TLINK r_id="97963" contextualModality="" relType="OVERLAP" comment="">
      <source m_id="101"/>
      <target m_id="16"/>
    </TLINK>
    <TLINK r_id="97964" contextualModality="" relType="AFTER" comment="">
      <source m_id="101"/>
      <target m_id="19"/>
    </TLINK>
    <TLINK r_id="97965" contextualModality="" relType="AFTER" comment="">
      <source m_id="101"/>
      <target m_id="20"/>
    </TLINK>
    <TLINK r_id="97966" contextualModality="" relType="AFTER" comment="">
      <source m_id="101"/>
      <target m_id="21"/>
    </TLINK>
    <TLINK r_id="97969" contextualModality="" relType="AFTER" comment="">
      <source m_id="101"/>
      <target m_id="47"/>
    </TLINK>
    <TLINK r_id="97970" contextualModality="" relType="AFTER" comment="">
      <source m_id="101"/>
      <target m_id="24"/>
    </TLINK>
    <TLINK r_id="97971" contextualModality="" relType="AFTER" comment="">
      <source m_id="101"/>
      <target m_id="26"/>
    </TLINK>
    <TLINK r_id="97972" contextualModality="" relType="OVERLAP" comment="">
      <source m_id="101"/>
      <target m_id="28"/>
    </TLINK>
    <TLINK r_id="97973" contextualModality="" relType="OVERLAP" comment="">
      <source m_id="101"/>
      <target m_id="31"/>
    </TLINK>
    <TLINK r_id="97974" contextualModality="" relType="AFTER" comment="">
      <source m_id="101"/>
      <target m_id="32"/>
    </TLINK>
    <TLINK r_id="97975" contextualModality="" relType="AFTER" comment="">
      <source m_id="101"/>
      <target m_id="35"/>
    </TLINK>
    <TLINK r_id="97976" contextualModality="" relType="AFTER" comment="">
      <source m_id="101"/>
      <target m_id="34"/>
    </TLINK>
    <TLINK r_id="97977" contextualModality="" relType="OVERLAP" comment="">
      <source m_id="101"/>
      <target m_id="37"/>
    </TLINK>
    <TLINK r_id="97978" contextualModality="" relType="OVERLAP" comment="">
      <source m_id="101"/>
      <target m_id="39"/>
    </TLINK>
    <TLINK r_id="97979" contextualModality="" relType="AFTER" comment="">
      <source m_id="101"/>
      <target m_id="4"/>
    </TLINK>
    <TLINK r_id="97980" contextualModality="" relType="AFTER" comment="">
      <source m_id="101"/>
      <target m_id="5"/>
    </TLINK>
    <TLINK r_id="97981" contextualModality="" relType="AFTER" comment="">
      <source m_id="101"/>
      <target m_id="6"/>
    </TLINK>
    <TLINK r_id="97982" contextualModality="" relType="AFTER" comment="">
      <source m_id="101"/>
      <target m_id="90"/>
    </TLINK>
    <TLINK r_id="97983" contextualModality="" relType="AFTER" comment="">
      <source m_id="101"/>
      <target m_id="7"/>
    </TLINK>
    <TLINK r_id="97984" contextualModality="" relType="AFTER" comment="">
      <source m_id="101"/>
      <target m_id="10"/>
    </TLINK>
    <TLINK r_id="97985" contextualModality="" relType="AFTER" comment="">
      <source m_id="101"/>
      <target m_id="11"/>
    </TLINK>
    <TLINK r_id="97986" contextualModality="" relType="AFTER" comment="">
      <source m_id="101"/>
      <target m_id="46"/>
    </TLINK>
    <TLINK r_id="97987" contextualModality="" relType="AFTER" comment="">
      <source m_id="101"/>
      <target m_id="14"/>
    </TLINK>
  </Relations>
</Document>
