<?xml version='1.0' encoding='UTF-8'?>
<Document doc_name="3_6ecbplus.xml">
  <token t_id="1" sentence="0" number="0">http</token>
  <token t_id="2" sentence="0" number="1">:</token>
  <token t_id="3" sentence="0" number="2">/</token>
  <token t_id="4" sentence="0" number="3">/</token>
  <token t_id="5" sentence="0" number="4">www</token>
  <token t_id="6" sentence="0" number="5">.</token>
  <token t_id="7" sentence="0" number="6">foxnews</token>
  <token t_id="8" sentence="0" number="7">.</token>
  <token t_id="9" sentence="0" number="8">com</token>
  <token t_id="10" sentence="0" number="9">/</token>
  <token t_id="11" sentence="0" number="10">story</token>
  <token t_id="12" sentence="0" number="11">/</token>
  <token t_id="13" sentence="0" number="12">2009</token>
  <token t_id="14" sentence="0" number="13">/</token>
  <token t_id="15" sentence="0" number="14">11</token>
  <token t_id="16" sentence="0" number="15">/</token>
  <token t_id="17" sentence="0" number="16">30</token>
  <token t_id="18" sentence="0" number="17">/</token>
  <token t_id="19" sentence="0" number="18">armed</token>
  <token t_id="20" sentence="0" number="19">-</token>
  <token t_id="21" sentence="0" number="20">and</token>
  <token t_id="22" sentence="0" number="21">-</token>
  <token t_id="23" sentence="0" number="22">dangerous</token>
  <token t_id="24" sentence="0" number="23">-</token>
  <token t_id="25" sentence="0" number="24">texas</token>
  <token t_id="26" sentence="0" number="25">-</token>
  <token t_id="27" sentence="0" number="26">inmate</token>
  <token t_id="28" sentence="0" number="27">-</token>
  <token t_id="29" sentence="0" number="28">on</token>
  <token t_id="30" sentence="0" number="29">-</token>
  <token t_id="31" sentence="0" number="30">loose</token>
  <token t_id="32" sentence="0" number="31">/</token>
  <token t_id="33" sentence="1" number="0">'Armed</token>
  <token t_id="34" sentence="1" number="1">and</token>
  <token t_id="35" sentence="1" number="2">Dangerous'</token>
  <token t_id="36" sentence="1" number="3">Texas</token>
  <token t_id="37" sentence="1" number="4">Inmate</token>
  <token t_id="38" sentence="1" number="5">on</token>
  <token t_id="39" sentence="1" number="6">The</token>
  <token t_id="40" sentence="1" number="7">Loose</token>
  <token t_id="41" sentence="2" number="0">Published</token>
  <token t_id="42" sentence="2" number="1">November</token>
  <token t_id="43" sentence="2" number="2">30</token>
  <token t_id="44" sentence="2" number="3">,</token>
  <token t_id="45" sentence="2" number="4">2009</token>
  <token t_id="46" sentence="3" number="0">The</token>
  <token t_id="47" sentence="3" number="1">Texas</token>
  <token t_id="48" sentence="3" number="2">Department</token>
  <token t_id="49" sentence="3" number="3">of</token>
  <token t_id="50" sentence="3" number="4">Criminal</token>
  <token t_id="51" sentence="3" number="5">Justice</token>
  <token t_id="52" sentence="3" number="6">is</token>
  <token t_id="53" sentence="3" number="7">searching</token>
  <token t_id="54" sentence="3" number="8">for</token>
  <token t_id="55" sentence="3" number="9">an</token>
  <token t_id="56" sentence="3" number="10">escaped</token>
  <token t_id="57" sentence="3" number="11">inmate</token>
  <token t_id="58" sentence="3" number="12">who</token>
  <token t_id="59" sentence="3" number="13">is</token>
  <token t_id="60" sentence="3" number="14">considered</token>
  <token t_id="61" sentence="3" number="15">armed</token>
  <token t_id="62" sentence="3" number="16">and</token>
  <token t_id="63" sentence="3" number="17">dangerous</token>
  <token t_id="64" sentence="3" number="18">,</token>
  <token t_id="65" sentence="3" number="19">MyFoxHouston</token>
  <token t_id="66" sentence="3" number="20">.</token>
  <token t_id="67" sentence="3" number="21">com</token>
  <token t_id="68" sentence="3" number="22">reports</token>
  <token t_id="69" sentence="3" number="23">.</token>
  <token t_id="70" sentence="4" number="0">Officials</token>
  <token t_id="71" sentence="4" number="1">said</token>
  <token t_id="72" sentence="4" number="2">Arcade</token>
  <token t_id="73" sentence="4" number="3">Joseph</token>
  <token t_id="74" sentence="4" number="4">Comeaux</token>
  <token t_id="75" sentence="4" number="5">Jr</token>
  <token t_id="76" sentence="4" number="6">.</token>
  <token t_id="77" sentence="4" number="7">,</token>
  <token t_id="78" sentence="4" number="8">49</token>
  <token t_id="79" sentence="4" number="9">,</token>
  <token t_id="80" sentence="4" number="10">took</token>
  <token t_id="81" sentence="4" number="11">two</token>
  <token t_id="82" sentence="4" number="12">transport</token>
  <token t_id="83" sentence="4" number="13">officers</token>
  <token t_id="84" sentence="4" number="14">hostage</token>
  <token t_id="85" sentence="4" number="15">on</token>
  <token t_id="86" sentence="4" number="16">Monday</token>
  <token t_id="87" sentence="4" number="17">morning</token>
  <token t_id="88" sentence="4" number="18">and</token>
  <token t_id="89" sentence="4" number="19">then</token>
  <token t_id="90" sentence="4" number="20">escaped</token>
  <token t_id="91" sentence="4" number="21">from</token>
  <token t_id="92" sentence="4" number="22">the</token>
  <token t_id="93" sentence="4" number="23">vehicle</token>
  <token t_id="94" sentence="4" number="24">and</token>
  <token t_id="95" sentence="4" number="25">took</token>
  <token t_id="96" sentence="4" number="26">off</token>
  <token t_id="97" sentence="4" number="27">on</token>
  <token t_id="98" sentence="4" number="28">foot</token>
  <token t_id="99" sentence="4" number="29">,</token>
  <token t_id="100" sentence="4" number="30">MyFoxHouston</token>
  <token t_id="101" sentence="4" number="31">.</token>
  <token t_id="102" sentence="4" number="32">com</token>
  <token t_id="103" sentence="4" number="33">reports</token>
  <token t_id="104" sentence="4" number="34">.</token>
  <token t_id="105" sentence="5" number="0">Comeaux</token>
  <token t_id="106" sentence="5" number="1">,</token>
  <token t_id="107" sentence="5" number="2">a</token>
  <token t_id="108" sentence="5" number="3">6</token>
  <token t_id="109" sentence="5" number="4">-</token>
  <token t_id="110" sentence="5" number="5">foot</token>
  <token t_id="111" sentence="5" number="6">,</token>
  <token t_id="112" sentence="5" number="7">200</token>
  <token t_id="113" sentence="5" number="8">-</token>
  <token t_id="114" sentence="5" number="9">pound</token>
  <token t_id="115" sentence="5" number="10">black</token>
  <token t_id="116" sentence="5" number="11">male</token>
  <token t_id="117" sentence="5" number="12">,</token>
  <token t_id="118" sentence="5" number="13">was</token>
  <token t_id="119" sentence="5" number="14">serving</token>
  <token t_id="120" sentence="5" number="15">a</token>
  <token t_id="121" sentence="5" number="16">life</token>
  <token t_id="122" sentence="5" number="17">sentence</token>
  <token t_id="123" sentence="5" number="18">for</token>
  <token t_id="124" sentence="5" number="19">crimes</token>
  <token t_id="125" sentence="5" number="20">he</token>
  <token t_id="126" sentence="5" number="21">committed</token>
  <token t_id="127" sentence="5" number="22">in</token>
  <token t_id="128" sentence="5" number="23">three</token>
  <token t_id="129" sentence="5" number="24">Texas</token>
  <token t_id="130" sentence="5" number="25">counties</token>
  <token t_id="131" sentence="5" number="26">.</token>
  <token t_id="132" sentence="6" number="0">He</token>
  <token t_id="133" sentence="6" number="1">was</token>
  <token t_id="134" sentence="6" number="2">sentenced</token>
  <token t_id="135" sentence="6" number="3">to</token>
  <token t_id="136" sentence="6" number="4">life</token>
  <token t_id="137" sentence="6" number="5">in</token>
  <token t_id="138" sentence="6" number="6">prison</token>
  <token t_id="139" sentence="6" number="7">for</token>
  <token t_id="140" sentence="6" number="8">indecency</token>
  <token t_id="141" sentence="6" number="9">with</token>
  <token t_id="142" sentence="6" number="10">a</token>
  <token t_id="143" sentence="6" number="11">child</token>
  <token t_id="144" sentence="6" number="12">,</token>
  <token t_id="145" sentence="6" number="13">aggravated</token>
  <token t_id="146" sentence="6" number="14">sexual</token>
  <token t_id="147" sentence="6" number="15">assault</token>
  <token t_id="148" sentence="6" number="16">and</token>
  <token t_id="149" sentence="6" number="17">two</token>
  <token t_id="150" sentence="6" number="18">counts</token>
  <token t_id="151" sentence="6" number="19">of</token>
  <token t_id="152" sentence="6" number="20">aggravated</token>
  <token t_id="153" sentence="6" number="21">assault</token>
  <token t_id="154" sentence="6" number="22">with</token>
  <token t_id="155" sentence="6" number="23">a</token>
  <token t_id="156" sentence="6" number="24">deadly</token>
  <token t_id="157" sentence="6" number="25">weapon</token>
  <token t_id="158" sentence="6" number="26">,</token>
  <token t_id="159" sentence="6" number="27">MyFoxHouston</token>
  <token t_id="160" sentence="6" number="28">.</token>
  <token t_id="161" sentence="6" number="29">com</token>
  <token t_id="162" sentence="6" number="30">reports</token>
  <token t_id="163" sentence="6" number="31">.</token>
  <token t_id="164" sentence="7" number="0">Comeaux</token>
  <token t_id="165" sentence="7" number="1">allegedly</token>
  <token t_id="166" sentence="7" number="2">handcuffed</token>
  <token t_id="167" sentence="7" number="3">the</token>
  <token t_id="168" sentence="7" number="4">officers</token>
  <token t_id="169" sentence="7" number="5">together</token>
  <token t_id="170" sentence="7" number="6">in</token>
  <token t_id="171" sentence="7" number="7">the</token>
  <token t_id="172" sentence="7" number="8">vehicle</token>
  <token t_id="173" sentence="7" number="9">and</token>
  <token t_id="174" sentence="7" number="10">then</token>
  <token t_id="175" sentence="7" number="11">took</token>
  <token t_id="176" sentence="7" number="12">off</token>
  <token t_id="177" sentence="7" number="13">with</token>
  <token t_id="178" sentence="7" number="14">their</token>
  <token t_id="179" sentence="7" number="15">weapons</token>
  <token t_id="180" sentence="7" number="16">,</token>
  <token t_id="181" sentence="7" number="17">MyFoxHouston</token>
  <token t_id="182" sentence="7" number="18">.</token>
  <token t_id="183" sentence="7" number="19">com</token>
  <token t_id="184" sentence="7" number="20">reported</token>
  <token t_id="185" sentence="7" number="21">.</token>
  <Markables>
    <ACTION_OCCURRENCE m_id="1" comment="" climaxEvent="FALSE">
      <token_anchor t_id="80"/>
      <token_anchor t_id="84"/>
    </ACTION_OCCURRENCE>
    <ACTION_OCCURRENCE m_id="2" comment="" climaxEvent="FALSE">
      <token_anchor t_id="38"/>
      <token_anchor t_id="39"/>
      <token_anchor t_id="40"/>
    </ACTION_OCCURRENCE>
    <ACTION_OCCURRENCE m_id="3" comment="" climaxEvent="FALSE">
      <token_anchor t_id="53"/>
    </ACTION_OCCURRENCE>
    <ACTION_OCCURRENCE m_id="4" comment="" climaxEvent="FALSE">
      <token_anchor t_id="56"/>
    </ACTION_OCCURRENCE>
    <ACTION_OCCURRENCE m_id="5" comment="" climaxEvent="FALSE">
      <token_anchor t_id="97"/>
      <token_anchor t_id="98"/>
    </ACTION_OCCURRENCE>
    <ACTION_OCCURRENCE m_id="6" comment="" climaxEvent="FALSE">
      <token_anchor t_id="60"/>
    </ACTION_OCCURRENCE>
    <ACTION_OCCURRENCE m_id="7" comment="" climaxEvent="FALSE">
      <token_anchor t_id="90"/>
    </ACTION_OCCURRENCE>
    <ACTION_OCCURRENCE m_id="8" comment="" climaxEvent="FALSE">
      <token_anchor t_id="95"/>
      <token_anchor t_id="96"/>
    </ACTION_OCCURRENCE>
    <ACTION_OCCURRENCE m_id="9" comment="" climaxEvent="FALSE">
      <token_anchor t_id="119"/>
    </ACTION_OCCURRENCE>
    <ACTION_OCCURRENCE m_id="10" comment="" climaxEvent="FALSE">
      <token_anchor t_id="122"/>
    </ACTION_OCCURRENCE>
    <ACTION_OCCURRENCE m_id="11" comment="" climaxEvent="FALSE">
      <token_anchor t_id="126"/>
    </ACTION_OCCURRENCE>
    <ACTION_OCCURRENCE m_id="12" comment="" climaxEvent="FALSE">
      <token_anchor t_id="124"/>
    </ACTION_OCCURRENCE>
    <ACTION_OCCURRENCE m_id="13" comment="" climaxEvent="FALSE">
      <token_anchor t_id="140"/>
    </ACTION_OCCURRENCE>
    <ACTION_OCCURRENCE m_id="14" comment="" climaxEvent="FALSE">
      <token_anchor t_id="134"/>
    </ACTION_OCCURRENCE>
    <ACTION_OCCURRENCE m_id="15" comment="" climaxEvent="FALSE">
      <token_anchor t_id="147"/>
    </ACTION_OCCURRENCE>
    <ACTION_OCCURRENCE m_id="16" comment="" climaxEvent="FALSE">
      <token_anchor t_id="153"/>
    </ACTION_OCCURRENCE>
    <ACTION_OCCURRENCE m_id="17" comment="" climaxEvent="FALSE">
      <token_anchor t_id="166"/>
    </ACTION_OCCURRENCE>
    <ACTION_OCCURRENCE m_id="18" comment="" climaxEvent="FALSE">
      <token_anchor t_id="175"/>
      <token_anchor t_id="176"/>
    </ACTION_OCCURRENCE>
    <ACTION_REPORTING m_id="19">
      <token_anchor t_id="184"/>
    </ACTION_REPORTING>
    <ACTION_REPORTING m_id="20">
      <token_anchor t_id="162"/>
    </ACTION_REPORTING>
    <ACTION_REPORTING m_id="21">
      <token_anchor t_id="103"/>
    </ACTION_REPORTING>
    <ACTION_REPORTING m_id="22">
      <token_anchor t_id="68"/>
    </ACTION_REPORTING>
    <ACTION_REPORTING m_id="23">
      <token_anchor t_id="71"/>
    </ACTION_REPORTING>
    <ACTION_STATE m_id="24" climaxEvent="FALSE" comment="">
      <token_anchor t_id="61"/>
    </ACTION_STATE>
    <ACTION_STATE m_id="25" climaxEvent="FALSE" comment="">
      <token_anchor t_id="63"/>
    </ACTION_STATE>
    <HUMAN_PART_ORG m_id="29">
      <token_anchor t_id="181"/>
      <token_anchor t_id="182"/>
      <token_anchor t_id="183"/>
    </HUMAN_PART_ORG>
    <HUMAN_PART_ORG m_id="30">
      <token_anchor t_id="48"/>
      <token_anchor t_id="49"/>
      <token_anchor t_id="50"/>
      <token_anchor t_id="51"/>
    </HUMAN_PART_ORG>
    <HUMAN_PART_ORG m_id="26">
      <token_anchor t_id="65"/>
      <token_anchor t_id="66"/>
      <token_anchor t_id="67"/>
    </HUMAN_PART_ORG>
    <HUMAN_PART_ORG m_id="27">
      <token_anchor t_id="100"/>
      <token_anchor t_id="101"/>
      <token_anchor t_id="102"/>
    </HUMAN_PART_ORG>
    <HUMAN_PART_ORG m_id="28">
      <token_anchor t_id="159"/>
      <token_anchor t_id="160"/>
      <token_anchor t_id="161"/>
    </HUMAN_PART_ORG>
    <HUMAN_PART_PER m_id="31" comment="">
      <token_anchor t_id="168"/>
    </HUMAN_PART_PER>
    <HUMAN_PART_PER m_id="32" comment="">
      <token_anchor t_id="58"/>
    </HUMAN_PART_PER>
    <HUMAN_PART_PER m_id="33" comment="">
      <token_anchor t_id="37"/>
    </HUMAN_PART_PER>
    <HUMAN_PART_PER m_id="34" comment="">
      <token_anchor t_id="57"/>
    </HUMAN_PART_PER>
    <HUMAN_PART_PER m_id="35" comment="">
      <token_anchor t_id="72"/>
      <token_anchor t_id="73"/>
      <token_anchor t_id="74"/>
      <token_anchor t_id="75"/>
    </HUMAN_PART_PER>
    <HUMAN_PART_PER m_id="36" comment="">
      <token_anchor t_id="116"/>
    </HUMAN_PART_PER>
    <HUMAN_PART_PER m_id="37" comment="">
      <token_anchor t_id="105"/>
    </HUMAN_PART_PER>
    <HUMAN_PART_PER m_id="38" comment="">
      <token_anchor t_id="132"/>
    </HUMAN_PART_PER>
    <HUMAN_PART_PER m_id="39" comment="">
      <token_anchor t_id="70"/>
    </HUMAN_PART_PER>
    <HUMAN_PART_PER m_id="40" comment="">
      <token_anchor t_id="164"/>
    </HUMAN_PART_PER>
    <HUMAN_PART_PER m_id="41" comment="">
      <token_anchor t_id="143"/>
    </HUMAN_PART_PER>
    <HUMAN_PART_PER m_id="42" comment="">
      <token_anchor t_id="83"/>
    </HUMAN_PART_PER>
    <LOC_FAC m_id="43">
      <token_anchor t_id="137"/>
      <token_anchor t_id="138"/>
    </LOC_FAC>
    <LOC_GEO m_id="44" comment="">
      <token_anchor t_id="127"/>
      <token_anchor t_id="128"/>
      <token_anchor t_id="129"/>
      <token_anchor t_id="130"/>
    </LOC_GEO>
    <NON_HUMAN_PART m_id="45" comment="">
      <token_anchor t_id="93"/>
    </NON_HUMAN_PART>
    <NON_HUMAN_PART m_id="46" comment="">
      <token_anchor t_id="157"/>
    </NON_HUMAN_PART>
    <NON_HUMAN_PART m_id="47" comment="">
      <token_anchor t_id="172"/>
    </NON_HUMAN_PART>
    <NON_HUMAN_PART m_id="48" comment="">
      <token_anchor t_id="179"/>
    </NON_HUMAN_PART>
    <TIME_DATE m_id="49" comment="" DCT="TRUE" value="2009-11-30" anchorTimeID="49">
      <token_anchor t_id="42"/>
      <token_anchor t_id="43"/>
      <token_anchor t_id="44"/>
      <token_anchor t_id="45"/>
    </TIME_DATE>
    <TIME_DATE m_id="51" value="" anchorTimeID="" DCT="FALSE" comment="">
      <token_anchor t_id="85"/>
      <token_anchor t_id="86"/>
      <token_anchor t_id="87"/>
    </TIME_DATE>
    <TIME_DURATION m_id="50" value="" anchorTimeID="" begin="" endPoint="">
      <token_anchor t_id="121"/>
    </TIME_DURATION>
    <ACTION_OCCURRENCE m_id="52" RELATED_TO="" TAG_DESCRIPTOR="t3_serving_98_sentence" comment="" climaxEvent="FALSE"/>
    <HUMAN_PART_PER m_id="53" RELATED_TO="" TAG_DESCRIPTOR="t3_authorities" comment=""/>
    <NON_HUMAN_PART m_id="54" RELATED_TO="" TAG_DESCRIPTOR="t3_guards_guns" comment=""/>
    <HUMAN_PART_PER m_id="55" RELATED_TO="" TAG_DESCRIPTOR="t3_arcade_joseph_comeaux" comment=""/>
    <ACTION_OCCURRENCE m_id="56" RELATED_TO="" TAG_DESCRIPTOR="t3_escape_nov_30" comment="" climaxEvent="FALSE"/>
    <ACTION_OCCURRENCE m_id="57" RELATED_TO="" TAG_DESCRIPTOR="t3_life_sentence" comment="" climaxEvent="FALSE"/>
    <TIME_DURATION m_id="58" RELATED_TO="" TAG_DESCRIPTOR="t3_life" value="" anchorTimeID="" begin="" endPoint=""/>
    <HUMAN_PART_PER m_id="59" RELATED_TO="" TAG_DESCRIPTOR="t3_2_guards" comment=""/>
    <HUMAN_PART_ORG m_id="60" RELATED_TO="" TAG_DESCRIPTOR="t3_TDCJ"/>
    <HUMAN_PART_PER m_id="61" RELATED_TO="" TAG_DESCRIPTOR="t3_child" comment=""/>
    <ACTION_OCCURRENCE m_id="62" RELATED_TO="" TAG_DESCRIPTOR="t3_held_guards_hostage" comment="" climaxEvent="FALSE"/>
    <ACTION_REPORTING m_id="63" RELATED_TO="" TAG_DESCRIPTOR="t3_authorities_said"/>
    <TIME_DATE m_id="64" RELATED_TO="" TAG_DESCRIPTOR="t3_nov_30" value="" anchorTimeID="" DCT="FALSE" comment=""/>
    <ACTION_OCCURRENCE m_id="65" RELATED_TO="" TAG_DESCRIPTOR="t3_child_rape" comment="" climaxEvent="FALSE"/>
    <NON_HUMAN_PART m_id="66" RELATED_TO="" TAG_DESCRIPTOR="t3_van" comment=""/>
    <ACTION_OCCURRENCE m_id="67" RELATED_TO="" TAG_DESCRIPTOR="t3_handcuffed" comment="" climaxEvent="FALSE"/>
    <LOC_FAC m_id="68" RELATED_TO="" TAG_DESCRIPTOR="t3_in_prison"/>
    <ACTION_OCCURRENCE m_id="69" RELATED_TO="" TAG_DESCRIPTOR="t3_convicted_98" comment="" climaxEvent="FALSE"/>
  </Markables>
  <Relations>
    <PLOT_LINK r_id="96646" SIGNAL="" relType="PRECONDITION" CAUSES="FALSE" CAUSED_BY="FALSE">
      <source m_id="2"/>
      <target m_id="3"/>
    </PLOT_LINK>
    <PLOT_LINK r_id="96648" SIGNAL="" relType="FALLING_ACTION" CAUSES="FALSE" CAUSED_BY="FALSE">
      <source m_id="3"/>
      <target m_id="24"/>
    </PLOT_LINK>
    <PLOT_LINK r_id="96649" SIGNAL="" relType="FALLING_ACTION" CAUSES="FALSE" CAUSED_BY="FALSE">
      <source m_id="3"/>
      <target m_id="25"/>
    </PLOT_LINK>
    <PLOT_LINK r_id="96650" SIGNAL="" relType="PRECONDITION" CAUSES="FALSE" CAUSED_BY="FALSE">
      <source m_id="1"/>
      <target m_id="7"/>
    </PLOT_LINK>
    <PLOT_LINK r_id="96651">
      <source m_id="7"/>
      <target m_id="8"/>
    </PLOT_LINK>
    <PLOT_LINK r_id="96654" SIGNAL="" relType="FALLING_ACTION" CAUSES="FALSE" CAUSED_BY="FALSE">
      <source m_id="10"/>
      <target m_id="12"/>
    </PLOT_LINK>
    <PLOT_LINK r_id="96667" SIGNAL="" relType="FALLING_ACTION" CAUSES="FALSE" CAUSED_BY="FALSE">
      <source m_id="7"/>
      <target m_id="17"/>
    </PLOT_LINK>
    <PLOT_LINK r_id="96668" SIGNAL="" relType="PRECONDITION" CAUSES="FALSE" CAUSED_BY="FALSE">
      <source m_id="7"/>
      <target m_id="18"/>
    </PLOT_LINK>
    <TLINK r_id="98250" contextualModality="" relType="CONTAINS" comment="">
      <source m_id="51"/>
      <target m_id="4"/>
    </TLINK>
    <TLINK r_id="98252" contextualModality="" relType="CONTAINS" comment="">
      <source m_id="51"/>
      <target m_id="3"/>
    </TLINK>
    <TLINK r_id="98253" contextualModality="" relType="CONTAINS" comment="">
      <source m_id="51"/>
      <target m_id="24"/>
    </TLINK>
    <TLINK r_id="98255" contextualModality="" relType="CONTAINS" comment="">
      <source m_id="51"/>
      <target m_id="1"/>
    </TLINK>
    <TLINK r_id="98256" contextualModality="" relType="CONTAINS" comment="">
      <source m_id="51"/>
      <target m_id="7"/>
    </TLINK>
    <TLINK r_id="98257" contextualModality="" relType="CONTAINS" comment="">
      <source m_id="51"/>
      <target m_id="8"/>
    </TLINK>
    <TLINK r_id="98258" contextualModality="" relType="AFTER" comment="">
      <source m_id="51"/>
      <target m_id="9"/>
    </TLINK>
    <TLINK r_id="98259" contextualModality="" relType="AFTER" comment="">
      <source m_id="51"/>
      <target m_id="10"/>
    </TLINK>
    <TLINK r_id="98260" contextualModality="" relType="AFTER" comment="">
      <source m_id="51"/>
      <target m_id="12"/>
    </TLINK>
    <TLINK r_id="98261" contextualModality="" relType="AFTER" comment="">
      <source m_id="51"/>
      <target m_id="11"/>
    </TLINK>
    <TLINK r_id="98262" contextualModality="" relType="AFTER" comment="">
      <source m_id="51"/>
      <target m_id="14"/>
    </TLINK>
    <TLINK r_id="98263" contextualModality="" relType="AFTER" comment="">
      <source m_id="51"/>
      <target m_id="13"/>
    </TLINK>
    <TLINK r_id="98264" contextualModality="" relType="AFTER" comment="">
      <source m_id="51"/>
      <target m_id="15"/>
    </TLINK>
    <TLINK r_id="98265" contextualModality="" relType="AFTER" comment="">
      <source m_id="51"/>
      <target m_id="16"/>
    </TLINK>
    <TLINK r_id="98266" contextualModality="" relType="AFTER" comment="">
      <source m_id="51"/>
      <target m_id="17"/>
    </TLINK>
    <TLINK r_id="98267" contextualModality="" relType="AFTER" comment="">
      <source m_id="51"/>
      <target m_id="18"/>
    </TLINK>
    <TLINK r_id="98268" contextualModality="" relType="BEGUN_ON" comment="">
      <source m_id="51"/>
      <target m_id="2"/>
    </TLINK>
    <TLINK r_id="98269" contextualModality="" relType="CONTAINS" comment="">
      <source m_id="49"/>
      <target m_id="3"/>
    </TLINK>
    <TLINK r_id="98270" contextualModality="" relType="CONTAINS" comment="">
      <source m_id="49"/>
      <target m_id="4"/>
    </TLINK>
    <TLINK r_id="98271" contextualModality="" relType="CONTAINS" comment="">
      <source m_id="49"/>
      <target m_id="24"/>
    </TLINK>
    <TLINK r_id="98272" contextualModality="" relType="CONTAINS" comment="">
      <source m_id="49"/>
      <target m_id="25"/>
    </TLINK>
    <TLINK r_id="98273" contextualModality="" relType="CONTAINS" comment="">
      <source m_id="49"/>
      <target m_id="1"/>
    </TLINK>
    <TLINK r_id="98274" contextualModality="" relType="CONTAINS" comment="">
      <source m_id="49"/>
      <target m_id="7"/>
    </TLINK>
    <TLINK r_id="98275" contextualModality="" relType="CONTAINS" comment="">
      <source m_id="49"/>
      <target m_id="8"/>
    </TLINK>
    <TLINK r_id="98276" contextualModality="" relType="AFTER" comment="">
      <source m_id="49"/>
      <target m_id="9"/>
    </TLINK>
    <TLINK r_id="98277" contextualModality="" relType="AFTER" comment="">
      <source m_id="49"/>
      <target m_id="10"/>
    </TLINK>
    <TLINK r_id="98278" contextualModality="" relType="CONTAINS" comment="">
      <source m_id="49"/>
      <target m_id="12"/>
    </TLINK>
    <TLINK r_id="98279" contextualModality="" relType="CONTAINS" comment="">
      <source m_id="49"/>
      <target m_id="11"/>
    </TLINK>
    <TLINK r_id="98280" contextualModality="" relType="AFTER" comment="">
      <source m_id="49"/>
      <target m_id="14"/>
    </TLINK>
    <TLINK r_id="98281" contextualModality="" relType="AFTER" comment="">
      <source m_id="49"/>
      <target m_id="13"/>
    </TLINK>
    <TLINK r_id="98282" contextualModality="" relType="AFTER" comment="">
      <source m_id="49"/>
      <target m_id="15"/>
    </TLINK>
    <TLINK r_id="98283" contextualModality="" relType="AFTER" comment="">
      <source m_id="49"/>
      <target m_id="16"/>
    </TLINK>
    <TLINK r_id="98285" contextualModality="" relType="CONTAINS" comment="">
      <source m_id="49"/>
      <target m_id="17"/>
    </TLINK>
    <TLINK r_id="98286" contextualModality="" relType="CONTAINS" comment="">
      <source m_id="49"/>
      <target m_id="18"/>
    </TLINK>
    <PLOT_LINK r_id="100643" SIGNAL="" relType="FALLING_ACTION" CAUSES="FALSE" CAUSED_BY="FALSE">
      <source m_id="9"/>
      <target m_id="11"/>
    </PLOT_LINK>
    <PLOT_LINK r_id="100644" SIGNAL="" relType="FALLING_ACTION" CAUSES="FALSE" CAUSED_BY="FALSE">
      <source m_id="14"/>
      <target m_id="13"/>
    </PLOT_LINK>
    <PLOT_LINK r_id="100645" SIGNAL="" relType="FALLING_ACTION" CAUSES="FALSE" CAUSED_BY="FALSE">
      <source m_id="14"/>
      <target m_id="15"/>
    </PLOT_LINK>
    <PLOT_LINK r_id="100646" SIGNAL="" relType="FALLING_ACTION" CAUSES="FALSE" CAUSED_BY="FALSE">
      <source m_id="14"/>
      <target m_id="16"/>
    </PLOT_LINK>
  </Relations>
</Document>
