<?xml version='1.0' encoding='UTF-8'?>
<Document doc_name="3_8ecbplus.xml">
  <token t_id="1" sentence="0" number="0">http</token>
  <token t_id="2" sentence="0" number="1">:</token>
  <token t_id="3" sentence="0" number="2">/</token>
  <token t_id="4" sentence="0" number="3">/</token>
  <token t_id="5" sentence="0" number="4">www</token>
  <token t_id="6" sentence="0" number="5">.</token>
  <token t_id="7" sentence="0" number="6">chron</token>
  <token t_id="8" sentence="0" number="7">.</token>
  <token t_id="9" sentence="0" number="8">com</token>
  <token t_id="10" sentence="0" number="9">/</token>
  <token t_id="11" sentence="0" number="10">neighborhood</token>
  <token t_id="12" sentence="0" number="11">/</token>
  <token t_id="13" sentence="0" number="12">pasadena</token>
  <token t_id="14" sentence="0" number="13">-</token>
  <token t_id="15" sentence="0" number="14">news</token>
  <token t_id="16" sentence="0" number="15">/</token>
  <token t_id="17" sentence="0" number="16">article</token>
  <token t_id="18" sentence="0" number="17">/</token>
  <token t_id="19" sentence="0" number="18">Escape</token>
  <token t_id="20" sentence="0" number="19">-</token>
  <token t_id="21" sentence="0" number="20">renews</token>
  <token t_id="22" sentence="0" number="21">-</token>
  <token t_id="23" sentence="0" number="22">calls</token>
  <token t_id="24" sentence="0" number="23">-</token>
  <token t_id="25" sentence="0" number="24">for</token>
  <token t_id="26" sentence="0" number="25">-</token>
  <token t_id="27" sentence="0" number="26">prison</token>
  <token t_id="28" sentence="0" number="27">-</token>
  <token t_id="29" sentence="0" number="28">agency</token>
  <token t_id="30" sentence="0" number="29">-</token>
  <token t_id="31" sentence="0" number="30">shake</token>
  <token t_id="32" sentence="0" number="31">-</token>
  <token t_id="33" sentence="0" number="32">up</token>
  <token t_id="34" sentence="0" number="33">-</token>
  <token t_id="35" sentence="0" number="34">1725656</token>
  <token t_id="36" sentence="0" number="35">.</token>
  <token t_id="37" sentence="0" number="36">php</token>
  <token t_id="38" sentence="1" number="0">Escape</token>
  <token t_id="39" sentence="1" number="1">renews</token>
  <token t_id="40" sentence="1" number="2">calls</token>
  <token t_id="41" sentence="1" number="3">for</token>
  <token t_id="42" sentence="1" number="4">prison</token>
  <token t_id="43" sentence="1" number="5">agency</token>
  <token t_id="44" sentence="1" number="6">shake</token>
  <token t_id="45" sentence="1" number="7">-</token>
  <token t_id="46" sentence="1" number="8">up</token>
  <token t_id="47" sentence="2" number="0">November</token>
  <token t_id="48" sentence="2" number="1">30</token>
  <token t_id="49" sentence="2" number="2">,</token>
  <token t_id="50" sentence="2" number="3">2009</token>
  <token t_id="51" sentence="3" number="0">After</token>
  <token t_id="52" sentence="3" number="1">facing</token>
  <token t_id="53" sentence="3" number="2">serious</token>
  <token t_id="54" sentence="3" number="3">questions</token>
  <token t_id="55" sentence="3" number="4">about</token>
  <token t_id="56" sentence="3" number="5">how</token>
  <token t_id="57" sentence="3" number="6">900</token>
  <token t_id="58" sentence="3" number="7">prohibited</token>
  <token t_id="59" sentence="3" number="8">cell</token>
  <token t_id="60" sentence="3" number="9">phones</token>
  <token t_id="61" sentence="3" number="10">were</token>
  <token t_id="62" sentence="3" number="11">smuggled</token>
  <token t_id="63" sentence="3" number="12">into</token>
  <token t_id="64" sentence="3" number="13">Texas</token>
  <token t_id="65" sentence="3" number="14">prisons</token>
  <token t_id="66" sentence="3" number="15">this</token>
  <token t_id="67" sentence="3" number="16">year</token>
  <token t_id="68" sentence="3" number="17">,</token>
  <token t_id="69" sentence="3" number="18">along</token>
  <token t_id="70" sentence="3" number="19">with</token>
  <token t_id="71" sentence="3" number="20">drugs</token>
  <token t_id="72" sentence="3" number="21">and</token>
  <token t_id="73" sentence="3" number="22">weapons</token>
  <token t_id="74" sentence="3" number="23">,</token>
  <token t_id="75" sentence="3" number="24">the</token>
  <token t_id="76" sentence="3" number="25">Texas</token>
  <token t_id="77" sentence="3" number="26">Department</token>
  <token t_id="78" sentence="3" number="27">of</token>
  <token t_id="79" sentence="3" number="28">Criminal</token>
  <token t_id="80" sentence="3" number="29">Justice</token>
  <token t_id="81" sentence="3" number="30">found</token>
  <token t_id="82" sentence="3" number="31">itself</token>
  <token t_id="83" sentence="3" number="32">on</token>
  <token t_id="84" sentence="3" number="33">the</token>
  <token t_id="85" sentence="3" number="34">defensive</token>
  <token t_id="86" sentence="3" number="35">again</token>
  <token t_id="87" sentence="3" number="36">Tuesday</token>
  <token t_id="88" sentence="3" number="37">while</token>
  <token t_id="89" sentence="3" number="38">trying</token>
  <token t_id="90" sentence="3" number="39">to</token>
  <token t_id="91" sentence="3" number="40">find</token>
  <token t_id="92" sentence="3" number="41">an</token>
  <token t_id="93" sentence="3" number="42">inmate</token>
  <token t_id="94" sentence="3" number="43">who</token>
  <token t_id="95" sentence="3" number="44">escaped</token>
  <token t_id="96" sentence="3" number="45">despite</token>
  <token t_id="97" sentence="3" number="46">being</token>
  <token t_id="98" sentence="3" number="47">shackled</token>
  <token t_id="99" sentence="3" number="48">to</token>
  <token t_id="100" sentence="3" number="49">a</token>
  <token t_id="101" sentence="3" number="50">wheelchair</token>
  <token t_id="102" sentence="3" number="51">.</token>
  <token t_id="103" sentence="4" number="0">TDCJ</token>
  <token t_id="104" sentence="4" number="1">officials</token>
  <token t_id="105" sentence="4" number="2">could</token>
  <token t_id="106" sentence="4" number="3">answer</token>
  <token t_id="107" sentence="4" number="4">few</token>
  <token t_id="108" sentence="4" number="5">questions</token>
  <token t_id="109" sentence="4" number="6">about</token>
  <token t_id="110" sentence="4" number="7">how</token>
  <token t_id="111" sentence="4" number="8">convicted</token>
  <token t_id="112" sentence="4" number="9">rapist</token>
  <token t_id="113" sentence="4" number="10">Arcade</token>
  <token t_id="114" sentence="4" number="11">Joseph</token>
  <token t_id="115" sentence="4" number="12">Comeaux</token>
  <token t_id="116" sentence="4" number="13">Jr</token>
  <token t_id="117" sentence="4" number="14">.</token>
  <token t_id="118" sentence="4" number="15">,</token>
  <token t_id="119" sentence="4" number="16">49</token>
  <token t_id="120" sentence="4" number="17">,</token>
  <token t_id="121" sentence="4" number="18">escaped</token>
  <token t_id="122" sentence="4" number="19">Monday</token>
  <token t_id="123" sentence="4" number="20">from</token>
  <token t_id="124" sentence="4" number="21">a</token>
  <token t_id="125" sentence="4" number="22">prison</token>
  <token t_id="126" sentence="4" number="23">van</token>
  <token t_id="127" sentence="4" number="24">in</token>
  <token t_id="128" sentence="4" number="25">Baytown</token>
  <token t_id="129" sentence="4" number="26">after</token>
  <token t_id="130" sentence="4" number="27">pulling</token>
  <token t_id="131" sentence="4" number="28">a</token>
  <token t_id="132" sentence="4" number="29">gun</token>
  <token t_id="133" sentence="4" number="30">and</token>
  <token t_id="134" sentence="4" number="31">handcuffing</token>
  <token t_id="135" sentence="4" number="32">two</token>
  <token t_id="136" sentence="4" number="33">transport</token>
  <token t_id="137" sentence="4" number="34">officers</token>
  <token t_id="138" sentence="4" number="35">,</token>
  <token t_id="139" sentence="4" number="36">stealing</token>
  <token t_id="140" sentence="4" number="37">their</token>
  <token t_id="141" sentence="4" number="38">three</token>
  <token t_id="142" sentence="4" number="39">guns</token>
  <token t_id="143" sentence="4" number="40">and</token>
  <token t_id="144" sentence="4" number="41">walking</token>
  <token t_id="145" sentence="4" number="42">away</token>
  <token t_id="146" sentence="4" number="43">.</token>
  <token t_id="147" sentence="5" number="0">He</token>
  <token t_id="148" sentence="5" number="1">remains</token>
  <token t_id="149" sentence="5" number="2">on</token>
  <token t_id="150" sentence="5" number="3">the</token>
  <token t_id="151" sentence="5" number="4">loose</token>
  <token t_id="152" sentence="5" number="5">today</token>
  <token t_id="153" sentence="5" number="6">.</token>
  <token t_id="154" sentence="6" number="0">Comeaux</token>
  <token t_id="155" sentence="6" number="1">escaped</token>
  <token t_id="156" sentence="6" number="2">Monday</token>
  <token t_id="157" sentence="6" number="3">morning</token>
  <token t_id="158" sentence="6" number="4">as</token>
  <token t_id="159" sentence="6" number="5">transport</token>
  <token t_id="160" sentence="6" number="6">officers</token>
  <token t_id="161" sentence="6" number="7">tried</token>
  <token t_id="162" sentence="6" number="8">to</token>
  <token t_id="163" sentence="6" number="9">move</token>
  <token t_id="164" sentence="6" number="10">him</token>
  <token t_id="165" sentence="6" number="11">in</token>
  <token t_id="166" sentence="6" number="12">a</token>
  <token t_id="167" sentence="6" number="13">TDCJ</token>
  <token t_id="168" sentence="6" number="14">van</token>
  <token t_id="169" sentence="6" number="15">from</token>
  <token t_id="170" sentence="6" number="16">the</token>
  <token t_id="171" sentence="6" number="17">Estelle</token>
  <token t_id="172" sentence="6" number="18">prison</token>
  <token t_id="173" sentence="6" number="19">unit</token>
  <token t_id="174" sentence="6" number="20">in</token>
  <token t_id="175" sentence="6" number="21">Huntsville</token>
  <token t_id="176" sentence="6" number="22">to</token>
  <token t_id="177" sentence="6" number="23">the</token>
  <token t_id="178" sentence="6" number="24">Stiles</token>
  <token t_id="179" sentence="6" number="25">Unit</token>
  <token t_id="180" sentence="6" number="26">in</token>
  <token t_id="181" sentence="6" number="27">Beaumont</token>
  <token t_id="182" sentence="6" number="28">.</token>
  <token t_id="183" sentence="7" number="0">He</token>
  <token t_id="184" sentence="7" number="1">put</token>
  <token t_id="185" sentence="7" number="2">on</token>
  <token t_id="186" sentence="7" number="3">one</token>
  <token t_id="187" sentence="7" number="4">officer's</token>
  <token t_id="188" sentence="7" number="5">gray</token>
  <token t_id="189" sentence="7" number="6">uniform</token>
  <token t_id="190" sentence="7" number="7">and</token>
  <token t_id="191" sentence="7" number="8">black</token>
  <token t_id="192" sentence="7" number="9">boots</token>
  <token t_id="193" sentence="7" number="10">,</token>
  <token t_id="194" sentence="7" number="11">then</token>
  <token t_id="195" sentence="7" number="12">stole</token>
  <token t_id="196" sentence="7" number="13">a</token>
  <token t_id="197" sentence="7" number="14">12</token>
  <token t_id="198" sentence="7" number="15">-</token>
  <token t_id="199" sentence="7" number="16">gauge</token>
  <token t_id="200" sentence="7" number="17">shotgun</token>
  <token t_id="201" sentence="7" number="18">and</token>
  <token t_id="202" sentence="7" number="19">two</token>
  <token t_id="203" sentence="7" number="20">semi</token>
  <token t_id="204" sentence="7" number="21">-</token>
  <token t_id="205" sentence="7" number="22">automatic</token>
  <token t_id="206" sentence="7" number="23">pistols</token>
  <token t_id="207" sentence="7" number="24">before</token>
  <token t_id="208" sentence="7" number="25">fleeing</token>
  <token t_id="209" sentence="7" number="26">on</token>
  <token t_id="210" sentence="7" number="27">foot</token>
  <token t_id="211" sentence="7" number="28">,</token>
  <token t_id="212" sentence="7" number="29">leaving</token>
  <token t_id="213" sentence="7" number="30">his</token>
  <token t_id="214" sentence="7" number="31">pistol</token>
  <token t_id="215" sentence="7" number="32">behind</token>
  <token t_id="216" sentence="7" number="33">.</token>
  <Markables>
    <ACTION_ASPECTUAL m_id="1" comment="">
      <token_anchor t_id="148"/>
    </ACTION_ASPECTUAL>
    <ACTION_OCCURRENCE m_id="63" comment="" climaxEvent="FALSE">
      <token_anchor t_id="163"/>
    </ACTION_OCCURRENCE>
    <ACTION_OCCURRENCE m_id="2" comment="" climaxEvent="FALSE">
      <token_anchor t_id="81"/>
    </ACTION_OCCURRENCE>
    <ACTION_OCCURRENCE m_id="3" comment="" climaxEvent="FALSE">
      <token_anchor t_id="89"/>
    </ACTION_OCCURRENCE>
    <ACTION_OCCURRENCE m_id="4" comment="" climaxEvent="FALSE">
      <token_anchor t_id="91"/>
    </ACTION_OCCURRENCE>
    <ACTION_OCCURRENCE m_id="5" comment="" climaxEvent="FALSE">
      <token_anchor t_id="95"/>
    </ACTION_OCCURRENCE>
    <ACTION_OCCURRENCE m_id="6" comment="" climaxEvent="FALSE">
      <token_anchor t_id="111"/>
    </ACTION_OCCURRENCE>
    <ACTION_OCCURRENCE m_id="7" comment="" climaxEvent="FALSE">
      <token_anchor t_id="121"/>
    </ACTION_OCCURRENCE>
    <ACTION_OCCURRENCE m_id="8" comment="" climaxEvent="FALSE">
      <token_anchor t_id="130"/>
    </ACTION_OCCURRENCE>
    <ACTION_OCCURRENCE m_id="9" comment="" climaxEvent="FALSE">
      <token_anchor t_id="134"/>
    </ACTION_OCCURRENCE>
    <ACTION_OCCURRENCE m_id="10" comment="" climaxEvent="FALSE">
      <token_anchor t_id="139"/>
    </ACTION_OCCURRENCE>
    <ACTION_OCCURRENCE m_id="11" comment="" climaxEvent="FALSE">
      <token_anchor t_id="144"/>
    </ACTION_OCCURRENCE>
    <ACTION_OCCURRENCE m_id="12" comment="" climaxEvent="FALSE">
      <token_anchor t_id="155"/>
    </ACTION_OCCURRENCE>
    <ACTION_OCCURRENCE m_id="13" comment="" climaxEvent="FALSE">
      <token_anchor t_id="161"/>
    </ACTION_OCCURRENCE>
    <ACTION_OCCURRENCE m_id="14" comment="" climaxEvent="FALSE">
      <token_anchor t_id="184"/>
      <token_anchor t_id="185"/>
    </ACTION_OCCURRENCE>
    <ACTION_OCCURRENCE m_id="15" comment="" climaxEvent="FALSE">
      <token_anchor t_id="195"/>
    </ACTION_OCCURRENCE>
    <ACTION_OCCURRENCE m_id="16" comment="" climaxEvent="FALSE">
      <token_anchor t_id="208"/>
    </ACTION_OCCURRENCE>
    <ACTION_OCCURRENCE m_id="17" comment="" climaxEvent="FALSE">
      <token_anchor t_id="212"/>
    </ACTION_OCCURRENCE>
    <ACTION_OCCURRENCE m_id="18" comment="" climaxEvent="FALSE">
      <token_anchor t_id="38"/>
    </ACTION_OCCURRENCE>
    <ACTION_OCCURRENCE m_id="19" comment="" climaxEvent="FALSE">
      <token_anchor t_id="39"/>
    </ACTION_OCCURRENCE>
    <ACTION_OCCURRENCE m_id="20" comment="" climaxEvent="FALSE">
      <token_anchor t_id="40"/>
    </ACTION_OCCURRENCE>
    <ACTION_OCCURRENCE m_id="21" comment="" climaxEvent="FALSE">
      <token_anchor t_id="44"/>
      <token_anchor t_id="45"/>
      <token_anchor t_id="46"/>
    </ACTION_OCCURRENCE>
    <ACTION_OCCURRENCE m_id="22" comment="" climaxEvent="FALSE">
      <token_anchor t_id="52"/>
    </ACTION_OCCURRENCE>
    <ACTION_OCCURRENCE m_id="23" comment="" climaxEvent="FALSE">
      <token_anchor t_id="58"/>
    </ACTION_OCCURRENCE>
    <ACTION_OCCURRENCE m_id="24" comment="" climaxEvent="FALSE">
      <token_anchor t_id="62"/>
    </ACTION_OCCURRENCE>
    <ACTION_STATE m_id="25" climaxEvent="FALSE" comment="">
      <token_anchor t_id="85"/>
    </ACTION_STATE>
    <ACTION_STATE m_id="26" climaxEvent="FALSE" comment="">
      <token_anchor t_id="98"/>
    </ACTION_STATE>
    <HUMAN_PART_ORG m_id="29">
      <token_anchor t_id="43"/>
    </HUMAN_PART_ORG>
    <HUMAN_PART_ORG m_id="27">
      <token_anchor t_id="77"/>
      <token_anchor t_id="78"/>
      <token_anchor t_id="79"/>
      <token_anchor t_id="80"/>
    </HUMAN_PART_ORG>
    <HUMAN_PART_ORG m_id="28">
      <token_anchor t_id="82"/>
    </HUMAN_PART_ORG>
    <HUMAN_PART_PER m_id="30" comment="">
      <token_anchor t_id="93"/>
    </HUMAN_PART_PER>
    <HUMAN_PART_PER m_id="31" comment="">
      <token_anchor t_id="104"/>
    </HUMAN_PART_PER>
    <HUMAN_PART_PER m_id="32" comment="">
      <token_anchor t_id="160"/>
    </HUMAN_PART_PER>
    <HUMAN_PART_PER m_id="33" comment="">
      <token_anchor t_id="113"/>
      <token_anchor t_id="114"/>
      <token_anchor t_id="115"/>
      <token_anchor t_id="116"/>
    </HUMAN_PART_PER>
    <HUMAN_PART_PER m_id="34" comment="">
      <token_anchor t_id="137"/>
    </HUMAN_PART_PER>
    <HUMAN_PART_PER m_id="35" comment="">
      <token_anchor t_id="147"/>
    </HUMAN_PART_PER>
    <HUMAN_PART_PER m_id="36" comment="">
      <token_anchor t_id="154"/>
    </HUMAN_PART_PER>
    <HUMAN_PART_PER m_id="37" comment="">
      <token_anchor t_id="183"/>
    </HUMAN_PART_PER>
    <HUMAN_PART_PER m_id="38" comment="">
      <token_anchor t_id="164"/>
    </HUMAN_PART_PER>
    <HUMAN_PART_PER m_id="39" comment="">
      <token_anchor t_id="187"/>
    </HUMAN_PART_PER>
    <LOC_FAC m_id="40">
      <token_anchor t_id="65"/>
    </LOC_FAC>
    <LOC_FAC m_id="41">
      <token_anchor t_id="170"/>
      <token_anchor t_id="171"/>
      <token_anchor t_id="172"/>
      <token_anchor t_id="173"/>
      <token_anchor t_id="174"/>
      <token_anchor t_id="175"/>
    </LOC_FAC>
    <LOC_FAC m_id="42">
      <token_anchor t_id="177"/>
      <token_anchor t_id="178"/>
      <token_anchor t_id="179"/>
      <token_anchor t_id="180"/>
      <token_anchor t_id="181"/>
    </LOC_FAC>
    <NEG_ACTION_OCCURRENCE m_id="43" comment="" climaxEvent="FALSE">
      <token_anchor t_id="106"/>
    </NEG_ACTION_OCCURRENCE>
    <NON_HUMAN_PART m_id="61" comment="">
      <token_anchor t_id="124"/>
      <token_anchor t_id="125"/>
      <token_anchor t_id="126"/>
    </NON_HUMAN_PART>
    <NON_HUMAN_PART m_id="44" comment="">
      <token_anchor t_id="101"/>
    </NON_HUMAN_PART>
    <NON_HUMAN_PART m_id="45" comment="">
      <token_anchor t_id="132"/>
    </NON_HUMAN_PART>
    <NON_HUMAN_PART m_id="46" comment="">
      <token_anchor t_id="200"/>
    </NON_HUMAN_PART>
    <NON_HUMAN_PART m_id="47" comment="">
      <token_anchor t_id="206"/>
    </NON_HUMAN_PART>
    <NON_HUMAN_PART m_id="48" comment="">
      <token_anchor t_id="214"/>
    </NON_HUMAN_PART>
    <NON_HUMAN_PART m_id="49" comment="">
      <token_anchor t_id="142"/>
    </NON_HUMAN_PART>
    <NON_HUMAN_PART m_id="50" comment="">
      <token_anchor t_id="59"/>
      <token_anchor t_id="60"/>
    </NON_HUMAN_PART>
    <NON_HUMAN_PART m_id="51" comment="">
      <token_anchor t_id="168"/>
    </NON_HUMAN_PART>
    <NON_HUMAN_PART m_id="52" comment="">
      <token_anchor t_id="71"/>
    </NON_HUMAN_PART>
    <NON_HUMAN_PART m_id="53" comment="">
      <token_anchor t_id="73"/>
    </NON_HUMAN_PART>
    <NON_HUMAN_PART m_id="54" comment="">
      <token_anchor t_id="189"/>
    </NON_HUMAN_PART>
    <NON_HUMAN_PART m_id="55" comment="">
      <token_anchor t_id="192"/>
    </NON_HUMAN_PART>
    <TIME_DATE m_id="62" comment="" DCT="FALSE" value="2009-11-30" anchorTimeID="57">
      <token_anchor t_id="156"/>
      <token_anchor t_id="157"/>
    </TIME_DATE>
    <TIME_DATE m_id="56" comment="" DCT="FALSE" value="2009-11-30" anchorTimeID="57">
      <token_anchor t_id="122"/>
    </TIME_DATE>
    <TIME_DATE m_id="57" comment="" DCT="TRUE" value="2009-11-30" anchorTimeID="57">
      <token_anchor t_id="47"/>
      <token_anchor t_id="48"/>
      <token_anchor t_id="49"/>
      <token_anchor t_id="50"/>
    </TIME_DATE>
    <TIME_DATE m_id="58" comment="" DCT="FALSE" value="2009-12-1" anchorTimeID="57">
      <token_anchor t_id="87"/>
    </TIME_DATE>
    <TIME_DATE m_id="59" value="" anchorTimeID="" DCT="FALSE" comment="">
      <token_anchor t_id="66"/>
      <token_anchor t_id="67"/>
    </TIME_DATE>
    <TIME_DATE m_id="60" value="" anchorTimeID="" DCT="FALSE" comment="">
      <token_anchor t_id="152"/>
    </TIME_DATE>
    <ACTION_OCCURRENCE m_id="64" RELATED_TO="" TAG_DESCRIPTOR="t3_escape_nov_30" comment="" climaxEvent="FALSE"/>
    <LOC_FAC m_id="65" RELATED_TO="" TAG_DESCRIPTOR="t3_estelle_unit"/>
    <ACTION_OCCURRENCE m_id="66" RELATED_TO="" TAG_DESCRIPTOR="t3_convicted_98" comment="" climaxEvent="FALSE"/>
    <HUMAN_PART_PER m_id="67" RELATED_TO="" TAG_DESCRIPTOR="t3_2_guards" comment=""/>
    <NON_HUMAN_PART m_id="68" RELATED_TO="" TAG_DESCRIPTOR="t3_shotgun" comment=""/>
    <ACTION_OCCURRENCE m_id="69" RELATED_TO="" TAG_DESCRIPTOR="t3_pulled_a_gun_on" comment="" climaxEvent="FALSE"/>
    <HUMAN_PART_ORG m_id="70" RELATED_TO="" TAG_DESCRIPTOR="t3_TDCJ"/>
    <NON_HUMAN_PART m_id="71" RELATED_TO="" TAG_DESCRIPTOR="t3_smuggled_gun" comment=""/>
    <NON_HUMAN_PART m_id="72" RELATED_TO="" TAG_DESCRIPTOR="t3_van" comment=""/>
    <ACTION_OCCURRENCE m_id="73" RELATED_TO="" TAG_DESCRIPTOR="t3_handcuffed" comment="" climaxEvent="FALSE"/>
    <NON_HUMAN_PART m_id="74" RELATED_TO="" TAG_DESCRIPTOR="t3_uniforms" comment=""/>
    <NON_HUMAN_PART m_id="75" RELATED_TO="" TAG_DESCRIPTOR="t3_wheelchair" comment=""/>
    <ACTION_OCCURRENCE m_id="76" RELATED_TO="" TAG_DESCRIPTOR="t3_transport_to_beaumont" comment="" climaxEvent="FALSE"/>
    <ACTION_OCCURRENCE m_id="77" RELATED_TO="" TAG_DESCRIPTOR="t3_stole_weapons" comment="" climaxEvent="FALSE"/>
    <LOC_FAC m_id="78" RELATED_TO="" TAG_DESCRIPTOR="t3_beaumont_prison"/>
    <TIME_DATE m_id="79" RELATED_TO="" TAG_DESCRIPTOR="t3_nov_30" value="" anchorTimeID="" DCT="FALSE" comment=""/>
    <HUMAN_PART_PER m_id="80" RELATED_TO="" TAG_DESCRIPTOR="t3_authorities" comment=""/>
    <HUMAN_PART_PER m_id="81" RELATED_TO="" TAG_DESCRIPTOR="t3_arcade_joseph_comeaux" comment=""/>
    <NON_HUMAN_PART m_id="82" RELATED_TO="" TAG_DESCRIPTOR="t3_pistols" comment=""/>
    <NON_HUMAN_PART m_id="83" RELATED_TO="" TAG_DESCRIPTOR="t3_guards_guns" comment=""/>
  </Markables>
  <Relations>
    <PLOT_LINK r_id="96681" SIGNAL="19" relType="PRECONDITION" CAUSES="TRUE" CAUSED_BY="FALSE">
      <source m_id="18"/>
      <target m_id="21"/>
    </PLOT_LINK>
    <PLOT_LINK r_id="96683" SIGNAL="19" relType="PRECONDITION" CAUSES="TRUE" CAUSED_BY="FALSE">
      <source m_id="18"/>
      <target m_id="20"/>
    </PLOT_LINK>
    <PLOT_LINK r_id="96684" SIGNAL="" relType="PRECONDITION" CAUSES="FALSE" CAUSED_BY="FALSE">
      <source m_id="18"/>
      <target m_id="22"/>
    </PLOT_LINK>
    <PLOT_LINK r_id="96688" SIGNAL="" relType="FALLING_ACTION" CAUSES="FALSE" CAUSED_BY="FALSE">
      <source m_id="4"/>
      <target m_id="5"/>
    </PLOT_LINK>
    <PLOT_LINK r_id="96690" SIGNAL="" relType="FALLING_ACTION" CAUSES="FALSE" CAUSED_BY="FALSE">
      <source m_id="25"/>
      <target m_id="4"/>
    </PLOT_LINK>
    <PLOT_LINK r_id="96691" SIGNAL="" relType="FALLING_ACTION" CAUSES="FALSE" CAUSED_BY="FALSE">
      <source m_id="25"/>
      <target m_id="5"/>
    </PLOT_LINK>
    <PLOT_LINK r_id="96692" SIGNAL="" relType="PRECONDITION" CAUSES="FALSE" CAUSED_BY="FALSE">
      <source m_id="6"/>
      <target m_id="7"/>
    </PLOT_LINK>
    <PLOT_LINK r_id="96693" SIGNAL="" relType="FALLING_ACTION" CAUSES="FALSE" CAUSED_BY="FALSE">
      <source m_id="7"/>
      <target m_id="8"/>
    </PLOT_LINK>
    <PLOT_LINK r_id="96694" SIGNAL="" relType="FALLING_ACTION" CAUSES="FALSE" CAUSED_BY="FALSE">
      <source m_id="7"/>
      <target m_id="9"/>
    </PLOT_LINK>
    <PLOT_LINK r_id="96695" SIGNAL="" relType="FALLING_ACTION" CAUSES="FALSE" CAUSED_BY="FALSE">
      <source m_id="7"/>
      <target m_id="10"/>
    </PLOT_LINK>
    <PLOT_LINK r_id="96696" SIGNAL="" relType="FALLING_ACTION" CAUSES="FALSE" CAUSED_BY="FALSE">
      <source m_id="7"/>
      <target m_id="11"/>
    </PLOT_LINK>
    <PLOT_LINK r_id="96697" SIGNAL="" relType="FALLING_ACTION" CAUSES="FALSE" CAUSED_BY="FALSE">
      <source m_id="43"/>
      <target m_id="7"/>
    </PLOT_LINK>
    <PLOT_LINK r_id="96698" SIGNAL="" relType="FALLING_ACTION" CAUSES="FALSE" CAUSED_BY="FALSE">
      <source m_id="12"/>
      <target m_id="13"/>
    </PLOT_LINK>
    <PLOT_LINK r_id="96699" SIGNAL="" relType="FALLING_ACTION" CAUSES="FALSE" CAUSED_BY="FALSE">
      <source m_id="12"/>
      <target m_id="63"/>
    </PLOT_LINK>
    <PLOT_LINK r_id="96700" SIGNAL="" relType="FALLING_ACTION" CAUSES="FALSE" CAUSED_BY="FALSE">
      <source m_id="12"/>
      <target m_id="14"/>
    </PLOT_LINK>
    <PLOT_LINK r_id="96701" SIGNAL="" relType="FALLING_ACTION" CAUSES="FALSE" CAUSED_BY="FALSE">
      <source m_id="12"/>
      <target m_id="15"/>
    </PLOT_LINK>
    <PLOT_LINK r_id="96702" SIGNAL="" relType="PRECONDITION" CAUSES="FALSE" CAUSED_BY="FALSE">
      <source m_id="12"/>
      <target m_id="16"/>
    </PLOT_LINK>
    <PLOT_LINK r_id="96703" SIGNAL="" relType="PRECONDITION" CAUSES="FALSE" CAUSED_BY="FALSE">
      <source m_id="14"/>
      <target m_id="16"/>
    </PLOT_LINK>
    <PLOT_LINK r_id="96704" SIGNAL="" relType="PRECONDITION" CAUSES="FALSE" CAUSED_BY="FALSE">
      <source m_id="15"/>
      <target m_id="16"/>
    </PLOT_LINK>
    <TLINK r_id="98314" contextualModality="" relType="CONTAINS" comment="">
      <source m_id="56"/>
      <target m_id="18"/>
    </TLINK>
    <TLINK r_id="98315" contextualModality="" relType="CONTAINS" comment="">
      <source m_id="56"/>
      <target m_id="19"/>
    </TLINK>
    <TLINK r_id="98316" contextualModality="" relType="BEGINS_ON" comment="">
      <source m_id="56"/>
      <target m_id="21"/>
    </TLINK>
    <TLINK r_id="98317" contextualModality="" relType="AFTER" comment="">
      <source m_id="56"/>
      <target m_id="22"/>
    </TLINK>
    <TLINK r_id="98318" contextualModality="" relType="AFTER" comment="">
      <source m_id="56"/>
      <target m_id="23"/>
    </TLINK>
    <TLINK r_id="98319" contextualModality="" relType="AFTER" comment="">
      <source m_id="56"/>
      <target m_id="24"/>
    </TLINK>
    <TLINK r_id="98320" contextualModality="" relType="CONTAINS" comment="">
      <source m_id="58"/>
      <target m_id="2"/>
    </TLINK>
    <TLINK r_id="98321" contextualModality="" relType="CONTAINS" comment="">
      <source m_id="58"/>
      <target m_id="25"/>
    </TLINK>
    <TLINK r_id="98322" contextualModality="" relType="CONTAINS" comment="">
      <source m_id="58"/>
      <target m_id="4"/>
    </TLINK>
    <TLINK r_id="98323" contextualModality="" relType="AFTER" comment="">
      <source m_id="58"/>
      <target m_id="5"/>
    </TLINK>
    <TLINK r_id="98324" contextualModality="" relType="AFTER" comment="">
      <source m_id="58"/>
      <target m_id="26"/>
    </TLINK>
    <TLINK r_id="98325" contextualModality="" relType="AFTER" comment="">
      <source m_id="56"/>
      <target m_id="6"/>
    </TLINK>
    <TLINK r_id="98326" contextualModality="" relType="BEFORE" comment="">
      <source m_id="56"/>
      <target m_id="43"/>
    </TLINK>
    <TLINK r_id="98327" contextualModality="" relType="CONTAINS" comment="">
      <source m_id="56"/>
      <target m_id="7"/>
    </TLINK>
    <TLINK r_id="98328" contextualModality="" relType="CONTAINS" comment="">
      <source m_id="56"/>
      <target m_id="8"/>
    </TLINK>
    <TLINK r_id="98329" contextualModality="" relType="CONTAINS" comment="">
      <source m_id="56"/>
      <target m_id="9"/>
    </TLINK>
    <TLINK r_id="98330" contextualModality="" relType="CONTAINS" comment="">
      <source m_id="56"/>
      <target m_id="10"/>
    </TLINK>
    <TLINK r_id="98331" contextualModality="" relType="CONTAINS" comment="">
      <source m_id="56"/>
      <target m_id="11"/>
    </TLINK>
    <TLINK r_id="98332" contextualModality="" relType="CONTAINS" comment="">
      <source m_id="60"/>
      <target m_id="1"/>
    </TLINK>
    <TLINK r_id="98333" contextualModality="" relType="CONTAINS" comment="">
      <source m_id="62"/>
      <target m_id="12"/>
    </TLINK>
    <TLINK r_id="98334" contextualModality="" relType="CONTAINS" comment="">
      <source m_id="62"/>
      <target m_id="63"/>
    </TLINK>
    <TLINK r_id="98335" contextualModality="" relType="CONTAINS" comment="">
      <source m_id="62"/>
      <target m_id="14"/>
    </TLINK>
    <TLINK r_id="98336" contextualModality="" relType="CONTAINS" comment="">
      <source m_id="62"/>
      <target m_id="15"/>
    </TLINK>
    <TLINK r_id="98337" contextualModality="" relType="CONTAINS" comment="">
      <source m_id="62"/>
      <target m_id="16"/>
    </TLINK>
    <TLINK r_id="98338" contextualModality="" relType="CONTAINS" comment="">
      <source m_id="62"/>
      <target m_id="17"/>
    </TLINK>
  </Relations>
</Document>
