<?xml version='1.0' encoding='UTF-8'?>
<Document doc_name="14_3ecbplus.xml">
  <token t_id="1" sentence="0" number="0">http</token>
  <token t_id="2" sentence="0" number="1">:</token>
  <token t_id="3" sentence="0" number="2">/</token>
  <token t_id="4" sentence="0" number="3">/</token>
  <token t_id="5" sentence="0" number="4">www</token>
  <token t_id="6" sentence="0" number="5">.</token>
  <token t_id="7" sentence="0" number="6">bbc</token>
  <token t_id="8" sentence="0" number="7">.</token>
  <token t_id="9" sentence="0" number="8">co</token>
  <token t_id="10" sentence="0" number="9">.</token>
  <token t_id="11" sentence="0" number="10">uk</token>
  <token t_id="12" sentence="0" number="11">/</token>
  <token t_id="13" sentence="0" number="12">news</token>
  <token t_id="14" sentence="0" number="13">/</token>
  <token t_id="15" sentence="0" number="14">uk</token>
  <token t_id="16" sentence="0" number="15">-</token>
  <token t_id="17" sentence="0" number="16">england</token>
  <token t_id="18" sentence="0" number="17">-</token>
  <token t_id="19" sentence="0" number="18">somerset</token>
  <token t_id="20" sentence="0" number="19">-</token>
  <token t_id="21" sentence="0" number="20">23411255</token>
  <token t_id="22" sentence="1" number="0">22</token>
  <token t_id="23" sentence="1" number="1">July</token>
  <token t_id="24" sentence="1" number="2">2013</token>
  <token t_id="25" sentence="1" number="3">Last</token>
  <token t_id="26" sentence="1" number="4">updated</token>
  <token t_id="27" sentence="1" number="5">at</token>
  <token t_id="28" sentence="1" number="6">17</token>
  <token t_id="29" sentence="1" number="7">:</token>
  <token t_id="30" sentence="1" number="8">50</token>
  <token t_id="31" sentence="1" number="9">GMT</token>
  <token t_id="32" sentence="2" number="0">Man</token>
  <token t_id="33" sentence="2" number="1">charged</token>
  <token t_id="34" sentence="2" number="2">with</token>
  <token t_id="35" sentence="2" number="3">arson</token>
  <token t_id="36" sentence="2" number="4">over</token>
  <token t_id="37" sentence="2" number="5">Waitrose</token>
  <token t_id="38" sentence="2" number="6">fire</token>
  <token t_id="39" sentence="2" number="7">in</token>
  <token t_id="40" sentence="2" number="8">Wellington</token>
  <token t_id="41" sentence="3" number="0">A</token>
  <token t_id="42" sentence="3" number="1">man</token>
  <token t_id="43" sentence="3" number="2">has</token>
  <token t_id="44" sentence="3" number="3">been</token>
  <token t_id="45" sentence="3" number="4">charged</token>
  <token t_id="46" sentence="3" number="5">with</token>
  <token t_id="47" sentence="3" number="6">arson</token>
  <token t_id="48" sentence="3" number="7">after</token>
  <token t_id="49" sentence="3" number="8">a</token>
  <token t_id="50" sentence="3" number="9">fire</token>
  <token t_id="51" sentence="3" number="10">at</token>
  <token t_id="52" sentence="3" number="11">the</token>
  <token t_id="53" sentence="3" number="12">Waitrose</token>
  <token t_id="54" sentence="3" number="13">supermarket</token>
  <token t_id="55" sentence="3" number="14">in</token>
  <token t_id="56" sentence="3" number="15">Wellington</token>
  <token t_id="57" sentence="3" number="16">,</token>
  <token t_id="58" sentence="3" number="17">Somerset</token>
  <token t_id="59" sentence="3" number="18">.</token>
  <token t_id="60" sentence="4" number="0">Robert</token>
  <token t_id="61" sentence="4" number="1">Pitman</token>
  <token t_id="62" sentence="4" number="2">,</token>
  <token t_id="63" sentence="4" number="3">24</token>
  <token t_id="64" sentence="4" number="4">,</token>
  <token t_id="65" sentence="4" number="5">from</token>
  <token t_id="66" sentence="4" number="6">the</token>
  <token t_id="67" sentence="4" number="7">town</token>
  <token t_id="68" sentence="4" number="8">is</token>
  <token t_id="69" sentence="4" number="9">due</token>
  <token t_id="70" sentence="4" number="10">to</token>
  <token t_id="71" sentence="4" number="11">appear</token>
  <token t_id="72" sentence="4" number="12">before</token>
  <token t_id="73" sentence="4" number="13">Taunton</token>
  <token t_id="74" sentence="4" number="14">Deane</token>
  <token t_id="75" sentence="4" number="15">Magistrates'</token>
  <token t_id="76" sentence="4" number="16">Court</token>
  <token t_id="77" sentence="4" number="17">on</token>
  <token t_id="78" sentence="4" number="18">Tuesday</token>
  <token t_id="79" sentence="4" number="19">.</token>
  <token t_id="80" sentence="5" number="0">Half</token>
  <token t_id="81" sentence="5" number="1">of</token>
  <token t_id="82" sentence="5" number="2">the</token>
  <token t_id="83" sentence="5" number="3">roof</token>
  <token t_id="84" sentence="5" number="4">at</token>
  <token t_id="85" sentence="5" number="5">the</token>
  <token t_id="86" sentence="5" number="6">entrance</token>
  <token t_id="87" sentence="5" number="7">of</token>
  <token t_id="88" sentence="5" number="8">the</token>
  <token t_id="89" sentence="5" number="9">store</token>
  <token t_id="90" sentence="5" number="10">in</token>
  <token t_id="91" sentence="5" number="11">the</token>
  <token t_id="92" sentence="5" number="12">High</token>
  <token t_id="93" sentence="5" number="13">Street</token>
  <token t_id="94" sentence="5" number="14">collapsed</token>
  <token t_id="95" sentence="5" number="15">during</token>
  <token t_id="96" sentence="5" number="16">the</token>
  <token t_id="97" sentence="5" number="17">blaze</token>
  <token t_id="98" sentence="5" number="18">,</token>
  <token t_id="99" sentence="5" number="19">shortly</token>
  <token t_id="100" sentence="5" number="20">after</token>
  <token t_id="101" sentence="5" number="21">06</token>
  <token t_id="102" sentence="5" number="22">:</token>
  <token t_id="103" sentence="5" number="23">00</token>
  <token t_id="104" sentence="5" number="24">BST</token>
  <token t_id="105" sentence="5" number="25">on</token>
  <token t_id="106" sentence="5" number="26">Sunday</token>
  <token t_id="107" sentence="5" number="27">.</token>
  <token t_id="108" sentence="6" number="0">No</token>
  <token t_id="109" sentence="6" number="1">-</token>
  <token t_id="110" sentence="6" number="2">one</token>
  <token t_id="111" sentence="6" number="3">was</token>
  <token t_id="112" sentence="6" number="4">injured</token>
  <token t_id="113" sentence="6" number="5">in</token>
  <token t_id="114" sentence="6" number="6">the</token>
  <token t_id="115" sentence="6" number="7">fire</token>
  <token t_id="116" sentence="6" number="8">.</token>
  <token t_id="117" sentence="7" number="0">The</token>
  <token t_id="118" sentence="7" number="1">main</token>
  <token t_id="119" sentence="7" number="2">building</token>
  <token t_id="120" sentence="7" number="3">remains</token>
  <token t_id="121" sentence="7" number="4">closed</token>
  <token t_id="122" sentence="7" number="5">.</token>
  <Markables>
    <ACTION_OCCURRENCE m_id="1" climaxEvent="TRUE" comment="">
      <token_anchor t_id="35"/>
    </ACTION_OCCURRENCE>
    <ACTION_OCCURRENCE m_id="2" comment="" climaxEvent="FALSE">
      <token_anchor t_id="38"/>
    </ACTION_OCCURRENCE>
    <ACTION_OCCURRENCE m_id="3" climaxEvent="TRUE" comment="">
      <token_anchor t_id="33"/>
    </ACTION_OCCURRENCE>
    <ACTION_OCCURRENCE m_id="4" comment="" climaxEvent="FALSE">
      <token_anchor t_id="45"/>
    </ACTION_OCCURRENCE>
    <ACTION_OCCURRENCE m_id="5" comment="" climaxEvent="FALSE">
      <token_anchor t_id="47"/>
    </ACTION_OCCURRENCE>
    <ACTION_OCCURRENCE m_id="6" comment="" climaxEvent="FALSE">
      <token_anchor t_id="50"/>
    </ACTION_OCCURRENCE>
    <HUMAN_PART_PER m_id="7" comment="">
      <token_anchor t_id="32"/>
    </HUMAN_PART_PER>
    <HUMAN_PART_PER m_id="8" comment="">
      <token_anchor t_id="42"/>
    </HUMAN_PART_PER>
    <LOC_FAC m_id="9">
      <token_anchor t_id="52"/>
      <token_anchor t_id="53"/>
      <token_anchor t_id="54"/>
      <token_anchor t_id="55"/>
      <token_anchor t_id="56"/>
      <token_anchor t_id="57"/>
      <token_anchor t_id="58"/>
    </LOC_FAC>
    <LOC_GEO m_id="10" comment="">
      <token_anchor t_id="39"/>
      <token_anchor t_id="40"/>
    </LOC_GEO>
    <NON_HUMAN_PART m_id="13" comment="">
      <token_anchor t_id="37"/>
    </NON_HUMAN_PART>
    <TIME_DATE m_id="11" comment="" DCT="TRUE" value="2013-07-22" anchorTimeID="11">
      <token_anchor t_id="22"/>
      <token_anchor t_id="23"/>
      <token_anchor t_id="24"/>
    </TIME_DATE>
    <TIME_OF_THE_DAY m_id="12" DCT="FALSE" value="2013-07-21T17:50" anchorTimeID="11">
      <token_anchor t_id="28"/>
      <token_anchor t_id="29"/>
      <token_anchor t_id="30"/>
      <token_anchor t_id="31"/>
    </TIME_OF_THE_DAY>
    <LOC_GEO m_id="14" RELATED_TO="" TAG_DESCRIPTOR="t14_wellington" comment=""/>
    <ACTION_OCCURRENCE m_id="15" RELATED_TO="" TAG_DESCRIPTOR="t14_fire" comment="" climaxEvent="FALSE"/>
    <HUMAN_PART_PER m_id="16" RELATED_TO="" TAG_DESCRIPTOR="t14_arsonist" comment=""/>
    <ACTION_OCCURRENCE m_id="17" RELATED_TO="" TAG_DESCRIPTOR="t14_charged" comment="" climaxEvent="FALSE"/>
    <ACTION_OCCURRENCE m_id="18" RELATED_TO="" TAG_DESCRIPTOR="t14_arson" comment="" climaxEvent="FALSE"/>
    <LOC_FAC m_id="19" RELATED_TO="" TAG_DESCRIPTOR="t14_waitrose"/>
    <NON_HUMAN_PART m_id="20" RELATED_TO="" TAG_DESCRIPTOR="t14_building_wellington" comment=""/>
  </Markables>
  <Relations>
    <TLINK r_id="106131" contextualModality="" relType="CONTAINS" comment="">
      <source m_id="11"/>
      <target m_id="3"/>
    </TLINK>
    <TLINK r_id="106132" contextualModality="" relType="CONTAINS" comment="">
      <source m_id="11"/>
      <target m_id="1"/>
    </TLINK>
    <TLINK r_id="106133" contextualModality="" relType="AFTER" comment="">
      <source m_id="11"/>
      <target m_id="2"/>
    </TLINK>
    <TLINK r_id="106134" contextualModality="" relType="CONTAINS" comment="">
      <source m_id="11"/>
      <target m_id="4"/>
    </TLINK>
    <TLINK r_id="106135" contextualModality="" relType="CONTAINS" comment="">
      <source m_id="11"/>
      <target m_id="5"/>
    </TLINK>
    <TLINK r_id="106136" contextualModality="" relType="AFTER" comment="">
      <source m_id="11"/>
      <target m_id="6"/>
    </TLINK>
    <PLOT_LINK r_id="106137" SIGNAL="" relType="FALLING_ACTION" CAUSES="FALSE" CAUSED_BY="FALSE">
      <source m_id="1"/>
      <target m_id="2"/>
    </PLOT_LINK>
    <PLOT_LINK r_id="106138" SIGNAL="" relType="FALLING_ACTION" CAUSES="FALSE" CAUSED_BY="FALSE">
      <source m_id="5"/>
      <target m_id="6"/>
    </PLOT_LINK>
  </Relations>
</Document>
