<?xml version='1.0' encoding='UTF-8'?>
<Document doc_name="14_9ecbplus.xml">
  <token t_id="1" sentence="0" number="0">http</token>
  <token t_id="2" sentence="0" number="1">:</token>
  <token t_id="3" sentence="0" number="2">/</token>
  <token t_id="4" sentence="0" number="3">/</token>
  <token t_id="5" sentence="0" number="4">www</token>
  <token t_id="6" sentence="0" number="5">.</token>
  <token t_id="7" sentence="0" number="6">westerndailypress</token>
  <token t_id="8" sentence="0" number="7">.</token>
  <token t_id="9" sentence="0" number="8">co</token>
  <token t_id="10" sentence="0" number="9">.</token>
  <token t_id="11" sentence="0" number="10">uk</token>
  <token t_id="12" sentence="0" number="11">/</token>
  <token t_id="13" sentence="0" number="12">Breaking</token>
  <token t_id="14" sentence="0" number="13">-</token>
  <token t_id="15" sentence="0" number="14">man</token>
  <token t_id="16" sentence="0" number="15">-</token>
  <token t_id="17" sentence="0" number="16">charged</token>
  <token t_id="18" sentence="0" number="17">-</token>
  <token t_id="19" sentence="0" number="18">arson</token>
  <token t_id="20" sentence="0" number="19">-</token>
  <token t_id="21" sentence="0" number="20">Waitrose</token>
  <token t_id="22" sentence="0" number="21">-</token>
  <token t_id="23" sentence="0" number="22">Wellington</token>
  <token t_id="24" sentence="0" number="23">/</token>
  <token t_id="25" sentence="0" number="24">story</token>
  <token t_id="26" sentence="0" number="25">-</token>
  <token t_id="27" sentence="0" number="26">19552795</token>
  <token t_id="28" sentence="0" number="27">-</token>
  <token t_id="29" sentence="0" number="28">detail</token>
  <token t_id="30" sentence="0" number="29">/</token>
  <token t_id="31" sentence="0" number="30">story</token>
  <token t_id="32" sentence="0" number="31">.</token>
  <token t_id="33" sentence="0" number="32">html</token>
  <token t_id="34" sentence="1" number="0">Breaking</token>
  <token t_id="35" sentence="1" number="1">:</token>
  <token t_id="36" sentence="1" number="2">man</token>
  <token t_id="37" sentence="1" number="3">charged</token>
  <token t_id="38" sentence="1" number="4">with</token>
  <token t_id="39" sentence="1" number="5">arson</token>
  <token t_id="40" sentence="1" number="6">after</token>
  <token t_id="41" sentence="1" number="7">fire</token>
  <token t_id="42" sentence="1" number="8">at</token>
  <token t_id="43" sentence="1" number="9">Waitrose</token>
  <token t_id="44" sentence="1" number="10">in</token>
  <token t_id="45" sentence="1" number="11">Wellington</token>
  <token t_id="46" sentence="2" number="0">Monday</token>
  <token t_id="47" sentence="2" number="1">,</token>
  <token t_id="48" sentence="2" number="2">July</token>
  <token t_id="49" sentence="2" number="3">22</token>
  <token t_id="50" sentence="2" number="4">,</token>
  <token t_id="51" sentence="2" number="5">2013</token>
  <token t_id="52" sentence="3" number="0">A</token>
  <token t_id="53" sentence="3" number="1">man</token>
  <token t_id="54" sentence="3" number="2">has</token>
  <token t_id="55" sentence="3" number="3">been</token>
  <token t_id="56" sentence="3" number="4">charged</token>
  <token t_id="57" sentence="3" number="5">on</token>
  <token t_id="58" sentence="3" number="6">suspicion</token>
  <token t_id="59" sentence="3" number="7">of</token>
  <token t_id="60" sentence="3" number="8">arson</token>
  <token t_id="61" sentence="3" number="9">following</token>
  <token t_id="62" sentence="3" number="10">a</token>
  <token t_id="63" sentence="3" number="11">fire</token>
  <token t_id="64" sentence="3" number="12">that</token>
  <token t_id="65" sentence="3" number="13">devastated</token>
  <token t_id="66" sentence="3" number="14">a</token>
  <token t_id="67" sentence="3" number="15">Somerset</token>
  <token t_id="68" sentence="3" number="16">supermarket</token>
  <token t_id="69" sentence="3" number="17">.</token>
  <token t_id="70" sentence="4" number="0">Robert</token>
  <token t_id="71" sentence="4" number="1">Pitman</token>
  <token t_id="72" sentence="4" number="2">,</token>
  <token t_id="73" sentence="4" number="3">aged</token>
  <token t_id="74" sentence="4" number="4">24</token>
  <token t_id="75" sentence="4" number="5">and</token>
  <token t_id="76" sentence="4" number="6">from</token>
  <token t_id="77" sentence="4" number="7">Wellington</token>
  <token t_id="78" sentence="4" number="8">,</token>
  <token t_id="79" sentence="4" number="9">was</token>
  <token t_id="80" sentence="4" number="10">charged</token>
  <token t_id="81" sentence="4" number="11">with</token>
  <token t_id="82" sentence="4" number="12">arson</token>
  <token t_id="83" sentence="4" number="13">following</token>
  <token t_id="84" sentence="4" number="14">the</token>
  <token t_id="85" sentence="4" number="15">fire</token>
  <token t_id="86" sentence="4" number="16">at</token>
  <token t_id="87" sentence="4" number="17">the</token>
  <token t_id="88" sentence="4" number="18">Waitrose</token>
  <token t_id="89" sentence="4" number="19">supermarket</token>
  <token t_id="90" sentence="4" number="20">in</token>
  <token t_id="91" sentence="4" number="21">the</token>
  <token t_id="92" sentence="4" number="22">Somerset</token>
  <token t_id="93" sentence="4" number="23">town</token>
  <token t_id="94" sentence="4" number="24">at</token>
  <token t_id="95" sentence="4" number="25">the</token>
  <token t_id="96" sentence="4" number="26">weekend</token>
  <token t_id="97" sentence="4" number="27">.</token>
  <token t_id="98" sentence="5" number="0">He</token>
  <token t_id="99" sentence="5" number="1">has</token>
  <token t_id="100" sentence="5" number="2">been</token>
  <token t_id="101" sentence="5" number="3">denied</token>
  <token t_id="102" sentence="5" number="4">bail</token>
  <token t_id="103" sentence="5" number="5">and</token>
  <token t_id="104" sentence="5" number="6">will</token>
  <token t_id="105" sentence="5" number="7">appear</token>
  <token t_id="106" sentence="5" number="8">at</token>
  <token t_id="107" sentence="5" number="9">Taunton</token>
  <token t_id="108" sentence="5" number="10">Deane</token>
  <token t_id="109" sentence="5" number="11">Magistrates</token>
  <token t_id="110" sentence="5" number="12">Court</token>
  <token t_id="111" sentence="5" number="13">tomorrow</token>
  <token t_id="112" sentence="5" number="14">morning</token>
  <token t_id="113" sentence="5" number="15">.</token>
  <token t_id="114" sentence="6" number="0">Dozens</token>
  <token t_id="115" sentence="6" number="1">of</token>
  <token t_id="116" sentence="6" number="2">firefighters</token>
  <token t_id="117" sentence="6" number="3">tackled</token>
  <token t_id="118" sentence="6" number="4">the</token>
  <token t_id="119" sentence="6" number="5">blaze</token>
  <token t_id="120" sentence="6" number="6">at</token>
  <token t_id="121" sentence="6" number="7">the</token>
  <token t_id="122" sentence="6" number="8">supermarket</token>
  <token t_id="123" sentence="6" number="9">after</token>
  <token t_id="124" sentence="6" number="10">the</token>
  <token t_id="125" sentence="6" number="11">alarm</token>
  <token t_id="126" sentence="6" number="12">was</token>
  <token t_id="127" sentence="6" number="13">raised</token>
  <token t_id="128" sentence="6" number="14">at</token>
  <token t_id="129" sentence="6" number="15">about</token>
  <token t_id="130" sentence="6" number="16">6am</token>
  <token t_id="131" sentence="6" number="17">on</token>
  <token t_id="132" sentence="6" number="18">Sunday</token>
  <token t_id="133" sentence="6" number="19">morning</token>
  <token t_id="134" sentence="6" number="20">.</token>
  <Markables>
    <ACTION_OCCURRENCE m_id="1" comment="" climaxEvent="FALSE">
      <token_anchor t_id="37"/>
    </ACTION_OCCURRENCE>
    <ACTION_OCCURRENCE m_id="2" climaxEvent="TRUE" comment="">
      <token_anchor t_id="39"/>
    </ACTION_OCCURRENCE>
    <ACTION_OCCURRENCE m_id="3" comment="" climaxEvent="FALSE">
      <token_anchor t_id="56"/>
    </ACTION_OCCURRENCE>
    <ACTION_OCCURRENCE m_id="4" comment="" climaxEvent="FALSE">
      <token_anchor t_id="58"/>
    </ACTION_OCCURRENCE>
    <ACTION_OCCURRENCE m_id="5" comment="" climaxEvent="FALSE">
      <token_anchor t_id="60"/>
    </ACTION_OCCURRENCE>
    <ACTION_OCCURRENCE m_id="6" comment="" climaxEvent="FALSE">
      <token_anchor t_id="65"/>
    </ACTION_OCCURRENCE>
    <ACTION_OCCURRENCE m_id="7" comment="" climaxEvent="FALSE">
      <token_anchor t_id="80"/>
    </ACTION_OCCURRENCE>
    <ACTION_OCCURRENCE m_id="8" comment="" climaxEvent="FALSE">
      <token_anchor t_id="82"/>
    </ACTION_OCCURRENCE>
    <ACTION_OCCURRENCE m_id="9" comment="" climaxEvent="FALSE">
      <token_anchor t_id="83"/>
    </ACTION_OCCURRENCE>
    <ACTION_OCCURRENCE m_id="10" comment="" climaxEvent="FALSE">
      <token_anchor t_id="61"/>
    </ACTION_OCCURRENCE>
    <ACTION_OCCURRENCE m_id="11" climaxEvent="TRUE" comment="">
      <token_anchor t_id="41"/>
    </ACTION_OCCURRENCE>
    <ACTION_OCCURRENCE m_id="12" comment="" climaxEvent="FALSE">
      <token_anchor t_id="63"/>
    </ACTION_OCCURRENCE>
    <ACTION_OCCURRENCE m_id="13" comment="" climaxEvent="FALSE">
      <token_anchor t_id="85"/>
    </ACTION_OCCURRENCE>
    <ACTION_OCCURRENCE m_id="14" comment="" climaxEvent="FALSE">
      <token_anchor t_id="119"/>
    </ACTION_OCCURRENCE>
    <ACTION_OCCURRENCE m_id="15" comment="" climaxEvent="FALSE">
      <token_anchor t_id="117"/>
    </ACTION_OCCURRENCE>
    <ACTION_OCCURRENCE m_id="16" comment="" climaxEvent="FALSE">
      <token_anchor t_id="125"/>
    </ACTION_OCCURRENCE>
    <ACTION_OCCURRENCE m_id="17" comment="" climaxEvent="FALSE">
      <token_anchor t_id="127"/>
    </ACTION_OCCURRENCE>
    <HUMAN_PART_ORG m_id="27">
      <token_anchor t_id="116"/>
    </HUMAN_PART_ORG>
    <HUMAN_PART_PER m_id="18" comment="">
      <token_anchor t_id="36"/>
    </HUMAN_PART_PER>
    <HUMAN_PART_PER m_id="19" comment="">
      <token_anchor t_id="53"/>
    </HUMAN_PART_PER>
    <HUMAN_PART_PER m_id="20" comment="">
      <token_anchor t_id="70"/>
      <token_anchor t_id="71"/>
    </HUMAN_PART_PER>
    <LOC_FAC m_id="29">
      <token_anchor t_id="42"/>
      <token_anchor t_id="43"/>
      <token_anchor t_id="44"/>
      <token_anchor t_id="45"/>
    </LOC_FAC>
    <LOC_FAC m_id="21">
      <token_anchor t_id="87"/>
      <token_anchor t_id="88"/>
      <token_anchor t_id="89"/>
      <token_anchor t_id="90"/>
      <token_anchor t_id="91"/>
      <token_anchor t_id="92"/>
      <token_anchor t_id="93"/>
    </LOC_FAC>
    <LOC_FAC m_id="22">
      <token_anchor t_id="121"/>
      <token_anchor t_id="122"/>
    </LOC_FAC>
    <LOC_GEO m_id="26" comment="">
      <token_anchor t_id="67"/>
    </LOC_GEO>
    <NON_HUMAN_PART m_id="28" comment="">
      <token_anchor t_id="68"/>
    </NON_HUMAN_PART>
    <TIME_DATE m_id="23" value="" anchorTimeID="" DCT="FALSE" comment="">
      <token_anchor t_id="94"/>
      <token_anchor t_id="95"/>
      <token_anchor t_id="96"/>
    </TIME_DATE>
    <TIME_DATE m_id="24" comment="" DCT="TRUE" value="2013-07-22" anchorTimeID="24">
      <token_anchor t_id="46"/>
      <token_anchor t_id="47"/>
      <token_anchor t_id="48"/>
      <token_anchor t_id="49"/>
      <token_anchor t_id="50"/>
      <token_anchor t_id="51"/>
    </TIME_DATE>
    <TIME_OF_THE_DAY m_id="25" DCT="FALSE" value="2013-07-21T06_00" anchorTimeID="24">
      <token_anchor t_id="128"/>
      <token_anchor t_id="129"/>
      <token_anchor t_id="130"/>
      <token_anchor t_id="131"/>
      <token_anchor t_id="132"/>
      <token_anchor t_id="133"/>
    </TIME_OF_THE_DAY>
    <ACTION_OCCURRENCE m_id="30" RELATED_TO="" TAG_DESCRIPTOR="t14_damaged" comment="" climaxEvent="FALSE"/>
    <LOC_GEO m_id="31" RELATED_TO="" TAG_DESCRIPTOR="t14_wellington" comment=""/>
    <ACTION_OCCURRENCE m_id="32" RELATED_TO="" TAG_DESCRIPTOR="t14_fire" comment="" climaxEvent="FALSE"/>
    <HUMAN_PART_PER m_id="33" RELATED_TO="" TAG_DESCRIPTOR="t14_arsonist" comment=""/>
    <ACTION_OCCURRENCE m_id="34" RELATED_TO="" TAG_DESCRIPTOR="t14_arson" comment="" climaxEvent="FALSE"/>
    <NON_HUMAN_PART m_id="35" RELATED_TO="" TAG_DESCRIPTOR="t14_building_wellington" comment=""/>
    <TIME_OF_THE_DAY m_id="36" RELATED_TO="" TAG_DESCRIPTOR="t14_early_sunday" value="" anchorTimeID="" DCT="FALSE"/>
    <ACTION_OCCURRENCE m_id="37" RELATED_TO="" TAG_DESCRIPTOR="t14_fight_blaze" comment="" climaxEvent="FALSE"/>
    <HUMAN_PART_ORG m_id="38" RELATED_TO="" TAG_DESCRIPTOR="t14_fire_crews"/>
    <ACTION_OCCURRENCE m_id="39" RELATED_TO="" TAG_DESCRIPTOR="t14_charged" comment="" climaxEvent="FALSE"/>
    <LOC_FAC m_id="40" RELATED_TO="" TAG_DESCRIPTOR="t14_waitrose"/>
  </Markables>
  <Relations>
    <TLINK r_id="106248" contextualModality="" relType="AFTER" comment="">
      <source m_id="24"/>
      <target m_id="1"/>
    </TLINK>
    <TLINK r_id="106249" contextualModality="" relType="AFTER" comment="">
      <source m_id="24"/>
      <target m_id="2"/>
    </TLINK>
    <TLINK r_id="106250" contextualModality="" relType="AFTER" comment="">
      <source m_id="24"/>
      <target m_id="11"/>
    </TLINK>
    <TLINK r_id="106251" contextualModality="" relType="AFTER" comment="">
      <source m_id="24"/>
      <target m_id="3"/>
    </TLINK>
    <TLINK r_id="106252" contextualModality="" relType="AFTER" comment="">
      <source m_id="24"/>
      <target m_id="5"/>
    </TLINK>
    <TLINK r_id="106253" contextualModality="" relType="AFTER" comment="">
      <source m_id="24"/>
      <target m_id="12"/>
    </TLINK>
    <TLINK r_id="106254" contextualModality="" relType="AFTER" comment="">
      <source m_id="24"/>
      <target m_id="6"/>
    </TLINK>
    <TLINK r_id="106255" contextualModality="" relType="AFTER" comment="">
      <source m_id="24"/>
      <target m_id="7"/>
    </TLINK>
    <TLINK r_id="106256" contextualModality="" relType="AFTER" comment="">
      <source m_id="24"/>
      <target m_id="8"/>
    </TLINK>
    <TLINK r_id="106257" contextualModality="" relType="AFTER" comment="">
      <source m_id="24"/>
      <target m_id="13"/>
    </TLINK>
    <TLINK r_id="106258" contextualModality="" relType="AFTER" comment="">
      <source m_id="24"/>
      <target m_id="15"/>
    </TLINK>
    <TLINK r_id="106259" contextualModality="" relType="AFTER" comment="">
      <source m_id="24"/>
      <target m_id="14"/>
    </TLINK>
    <TLINK r_id="106260" contextualModality="" relType="AFTER" comment="">
      <source m_id="24"/>
      <target m_id="16"/>
    </TLINK>
    <TLINK r_id="106261" contextualModality="" relType="AFTER" comment="">
      <source m_id="24"/>
      <target m_id="17"/>
    </TLINK>
    <TLINK r_id="106262" contextualModality="" relType="CONTAINS" comment="">
      <source m_id="25"/>
      <target m_id="11"/>
    </TLINK>
    <TLINK r_id="106263" contextualModality="" relType="CONTAINS" comment="">
      <source m_id="25"/>
      <target m_id="12"/>
    </TLINK>
    <TLINK r_id="106264" contextualModality="" relType="CONTAINS" comment="">
      <source m_id="25"/>
      <target m_id="6"/>
    </TLINK>
    <TLINK r_id="106265" contextualModality="" relType="CONTAINS" comment="">
      <source m_id="25"/>
      <target m_id="13"/>
    </TLINK>
    <TLINK r_id="106266" contextualModality="" relType="CONTAINS" comment="">
      <source m_id="25"/>
      <target m_id="14"/>
    </TLINK>
    <TLINK r_id="106267" contextualModality="" relType="CONTAINS" comment="">
      <source m_id="25"/>
      <target m_id="16"/>
    </TLINK>
    <TLINK r_id="106268" contextualModality="" relType="CONTAINS" comment="">
      <source m_id="25"/>
      <target m_id="15"/>
    </TLINK>
    <PLOT_LINK r_id="106388" SIGNAL="" relType="FALLING_ACTION" CAUSES="FALSE" CAUSED_BY="FALSE">
      <source m_id="2"/>
      <target m_id="11"/>
    </PLOT_LINK>
    <PLOT_LINK r_id="106389" SIGNAL="10" relType="PRECONDITION" CAUSES="FALSE" CAUSED_BY="TRUE">
      <source m_id="5"/>
      <target m_id="12"/>
    </PLOT_LINK>
    <PLOT_LINK r_id="106390" SIGNAL="" relType="PRECONDITION" CAUSES="FALSE" CAUSED_BY="FALSE">
      <source m_id="12"/>
      <target m_id="6"/>
    </PLOT_LINK>
    <PLOT_LINK r_id="106391" SIGNAL="9" relType="FALLING_ACTION" CAUSES="FALSE" CAUSED_BY="TRUE">
      <source m_id="8"/>
      <target m_id="13"/>
    </PLOT_LINK>
    <PLOT_LINK r_id="106392" SIGNAL="" relType="FALLING_ACTION" CAUSES="FALSE" CAUSED_BY="FALSE">
      <source m_id="15"/>
      <target m_id="16"/>
    </PLOT_LINK>
    <PLOT_LINK r_id="106393" SIGNAL="" relType="PRECONDITION" CAUSES="FALSE" CAUSED_BY="FALSE">
      <source m_id="14"/>
      <target m_id="16"/>
    </PLOT_LINK>
  </Relations>
</Document>
