<?xml version='1.0' encoding='UTF-8'?>
<Document doc_name="30_12ecbplus.xml">
  <token t_id="1" sentence="0" number="0">http</token>
  <token t_id="2" sentence="0" number="1">:</token>
  <token t_id="3" sentence="0" number="2">/</token>
  <token t_id="4" sentence="0" number="3">/</token>
  <token t_id="5" sentence="0" number="4">broabandtrafficmanagement</token>
  <token t_id="6" sentence="0" number="5">.</token>
  <token t_id="7" sentence="0" number="6">blogspot</token>
  <token t_id="8" sentence="0" number="7">.</token>
  <token t_id="9" sentence="0" number="8">nl</token>
  <token t_id="10" sentence="0" number="9">/</token>
  <token t_id="11" sentence="0" number="10">2011</token>
  <token t_id="12" sentence="0" number="11">/</token>
  <token t_id="13" sentence="0" number="12">10</token>
  <token t_id="14" sentence="0" number="13">/</token>
  <token t_id="15" sentence="0" number="14">south</token>
  <token t_id="16" sentence="0" number="15">-</token>
  <token t_id="17" sentence="0" number="16">africa</token>
  <token t_id="18" sentence="0" number="17">-</token>
  <token t_id="19" sentence="0" number="18">p2p</token>
  <token t_id="20" sentence="0" number="19">-</token>
  <token t_id="21" sentence="0" number="20">control</token>
  <token t_id="22" sentence="0" number="21">-</token>
  <token t_id="23" sentence="0" number="22">helps</token>
  <token t_id="24" sentence="0" number="23">-</token>
  <token t_id="25" sentence="0" number="24">overcome</token>
  <token t_id="26" sentence="0" number="25">.</token>
  <token t_id="27" sentence="0" number="26">html</token>
  <token t_id="28" sentence="1" number="0">TUESDAY</token>
  <token t_id="29" sentence="1" number="1">,</token>
  <token t_id="30" sentence="1" number="2">OCTOBER</token>
  <token t_id="31" sentence="1" number="3">11</token>
  <token t_id="32" sentence="1" number="4">,</token>
  <token t_id="33" sentence="1" number="5">2011</token>
  <token t_id="34" sentence="2" number="0">South</token>
  <token t_id="35" sentence="2" number="1">Africa</token>
  <token t_id="36" sentence="2" number="2">:</token>
  <token t_id="37" sentence="2" number="3">P2P</token>
  <token t_id="38" sentence="2" number="4">Control</token>
  <token t_id="39" sentence="2" number="5">Helps</token>
  <token t_id="40" sentence="2" number="6">Overcome</token>
  <token t_id="41" sentence="2" number="7">Undersea</token>
  <token t_id="42" sentence="2" number="8">Cable</token>
  <token t_id="43" sentence="2" number="9">Outage</token>
  <token t_id="44" sentence="3" number="0">"The</token>
  <token t_id="45" sentence="3" number="1">SEACOM</token>
  <token t_id="46" sentence="3" number="2">undersea</token>
  <token t_id="47" sentence="3" number="3">cable</token>
  <token t_id="48" sentence="3" number="4">,</token>
  <token t_id="49" sentence="3" number="5">which</token>
  <token t_id="50" sentence="3" number="6">provides</token>
  <token t_id="51" sentence="3" number="7">a</token>
  <token t_id="52" sentence="3" number="8">data</token>
  <token t_id="53" sentence="3" number="9">link</token>
  <token t_id="54" sentence="3" number="10">between</token>
  <token t_id="55" sentence="3" number="11">South</token>
  <token t_id="56" sentence="3" number="12">Africa</token>
  <token t_id="57" sentence="3" number="13">,</token>
  <token t_id="58" sentence="3" number="14">Europe</token>
  <token t_id="59" sentence="3" number="15">and</token>
  <token t_id="60" sentence="3" number="16">India</token>
  <token t_id="61" sentence="3" number="17">,</token>
  <token t_id="62" sentence="3" number="18">experienced</token>
  <token t_id="63" sentence="3" number="19">downtime</token>
  <token t_id="64" sentence="3" number="20">beginning</token>
  <token t_id="65" sentence="3" number="21">on</token>
  <token t_id="66" sentence="3" number="22">Saturday</token>
  <token t_id="67" sentence="3" number="23">8</token>
  <token t_id="68" sentence="3" number="24">October</token>
  <token t_id="69" sentence="3" number="25">2011</token>
  <token t_id="70" sentence="3" number="26">,</token>
  <token t_id="71" sentence="3" number="27">caused</token>
  <token t_id="72" sentence="3" number="28">by</token>
  <token t_id="73" sentence="3" number="29">a</token>
  <token t_id="74" sentence="3" number="30">problem</token>
  <token t_id="75" sentence="3" number="31">on</token>
  <token t_id="76" sentence="3" number="32">a</token>
  <token t_id="77" sentence="3" number="33">cable</token>
  <token t_id="78" sentence="3" number="34">between</token>
  <token t_id="79" sentence="3" number="35">Abu</token>
  <token t_id="80" sentence="3" number="36">Talat</token>
  <token t_id="81" sentence="3" number="37">(</token>
  <token t_id="82" sentence="3" number="38">Egypt</token>
  <token t_id="83" sentence="3" number="39">)</token>
  <token t_id="84" sentence="3" number="40">and</token>
  <token t_id="85" sentence="3" number="41">Marseilles</token>
  <token t_id="86" sentence="3" number="42">(</token>
  <token t_id="87" sentence="3" number="43">France</token>
  <token t_id="88" sentence="3" number="44">)</token>
  <token t_id="89" sentence="3" number="45">.</token>
  <token t_id="90" sentence="3" number="46">.</token>
  <token t_id="91" sentence="4" number="0">Meanwhile</token>
  <token t_id="92" sentence="4" number="1">,</token>
  <token t_id="93" sentence="4" number="2">local</token>
  <token t_id="94" sentence="4" number="3">Internet</token>
  <token t_id="95" sentence="4" number="4">Service</token>
  <token t_id="96" sentence="4" number="5">Providers</token>
  <token t_id="97" sentence="4" number="6">(</token>
  <token t_id="98" sentence="4" number="7">ISPs</token>
  <token t_id="99" sentence="4" number="8">)</token>
  <token t_id="100" sentence="4" number="9">who</token>
  <token t_id="101" sentence="4" number="10">use</token>
  <token t_id="102" sentence="4" number="11">bandwidth</token>
  <token t_id="103" sentence="4" number="12">on</token>
  <token t_id="104" sentence="4" number="13">the</token>
  <token t_id="105" sentence="4" number="14">SEACOM</token>
  <token t_id="106" sentence="4" number="15">cable</token>
  <token t_id="107" sentence="4" number="16">have</token>
  <token t_id="108" sentence="4" number="17">been</token>
  <token t_id="109" sentence="4" number="18">scrambling</token>
  <token t_id="110" sentence="4" number="19">to</token>
  <token t_id="111" sentence="4" number="20">implement</token>
  <token t_id="112" sentence="4" number="21">contingency</token>
  <token t_id="113" sentence="4" number="22">plans</token>
  <token t_id="114" sentence="4" number="23">to</token>
  <token t_id="115" sentence="4" number="24">keep</token>
  <token t_id="116" sentence="4" number="25">their</token>
  <token t_id="117" sentence="4" number="26">customers</token>
  <token t_id="118" sentence="4" number="27">connected"</token>
  <token t_id="119" sentence="4" number="28">.</token>
  <token t_id="120" sentence="5" number="0">According</token>
  <token t_id="121" sentence="5" number="1">to</token>
  <token t_id="122" sentence="5" number="2">an</token>
  <token t_id="123" sentence="5" number="3">MWEB</token>
  <token t_id="124" sentence="5" number="4">update</token>
  <token t_id="125" sentence="5" number="5">-</token>
  <token t_id="126" sentence="5" number="6">"Some</token>
  <token t_id="127" sentence="5" number="7">more</token>
  <token t_id="128" sentence="5" number="8">bandwidth</token>
  <token t_id="129" sentence="5" number="9">was</token>
  <token t_id="130" sentence="5" number="10">brought</token>
  <token t_id="131" sentence="5" number="11">online</token>
  <token t_id="132" sentence="5" number="12">last</token>
  <token t_id="133" sentence="5" number="13">night</token>
  <token t_id="134" sentence="5" number="14">[</token>
  <token t_id="135" sentence="5" number="15">10</token>
  <token t_id="136" sentence="5" number="16">October</token>
  <token t_id="137" sentence="5" number="17">2011</token>
  <token t_id="138" sentence="5" number="18">]</token>
  <token t_id="139" sentence="5" number="19">bringing</token>
  <token t_id="140" sentence="5" number="20">us</token>
  <token t_id="141" sentence="5" number="21">up</token>
  <token t_id="142" sentence="5" number="22">to</token>
  <token t_id="143" sentence="5" number="23">83%</token>
  <token t_id="144" sentence="5" number="24">of</token>
  <token t_id="145" sentence="5" number="25">our</token>
  <token t_id="146" sentence="5" number="26">required</token>
  <token t_id="147" sentence="5" number="27">capacity</token>
  <token t_id="148" sentence="5" number="28">.</token>
  <token t_id="149" sentence="6" number="0">We</token>
  <token t_id="150" sentence="6" number="1">allowed</token>
  <token t_id="151" sentence="6" number="2">P2P</token>
  <token t_id="152" sentence="6" number="3">traffic</token>
  <token t_id="153" sentence="6" number="4">to</token>
  <token t_id="154" sentence="6" number="5">run</token>
  <token t_id="155" sentence="6" number="6">from</token>
  <token t_id="156" sentence="6" number="7">midnight</token>
  <token t_id="157" sentence="6" number="8">to</token>
  <token t_id="158" sentence="6" number="9">7am</token>
  <token t_id="159" sentence="6" number="10">,</token>
  <token t_id="160" sentence="6" number="11">after</token>
  <token t_id="161" sentence="6" number="12">which</token>
  <token t_id="162" sentence="6" number="13">it</token>
  <token t_id="163" sentence="6" number="14">had</token>
  <token t_id="164" sentence="6" number="15">to</token>
  <token t_id="165" sentence="6" number="16">give</token>
  <token t_id="166" sentence="6" number="17">way</token>
  <token t_id="167" sentence="6" number="18">for</token>
  <token t_id="168" sentence="6" number="19">critical</token>
  <token t_id="169" sentence="6" number="20">traffic</token>
  <token t_id="170" sentence="6" number="21">again</token>
  <token t_id="171" sentence="6" number="22">.</token>
  <token t_id="172" sentence="6" number="23">"</token>
  <token t_id="173" sentence="7" number="0">As</token>
  <token t_id="174" sentence="7" number="1">MWEB</token>
  <token t_id="175" sentence="7" number="2">also</token>
  <token t_id="176" sentence="7" number="3">uses</token>
  <token t_id="177" sentence="7" number="4">PeerApp's</token>
  <token t_id="178" sentence="7" number="5">caching</token>
  <token t_id="179" sentence="7" number="6">solution</token>
  <token t_id="180" sentence="7" number="7">,</token>
  <token t_id="181" sentence="7" number="8">it</token>
  <token t_id="182" sentence="7" number="9">may</token>
  <token t_id="183" sentence="7" number="10">help</token>
  <token t_id="184" sentence="7" number="11">serve</token>
  <token t_id="185" sentence="7" number="12">some</token>
  <token t_id="186" sentence="7" number="13">P2P</token>
  <token t_id="187" sentence="7" number="14">traffic</token>
  <token t_id="188" sentence="7" number="15">without</token>
  <token t_id="189" sentence="7" number="16">accessing</token>
  <token t_id="190" sentence="7" number="17">the</token>
  <token t_id="191" sentence="7" number="18">undersea</token>
  <token t_id="192" sentence="7" number="19">cable</token>
  <token t_id="193" sentence="7" number="20">.</token>
  <Markables>
    <ACTION_ASPECTUAL m_id="1" comment="">
      <token_anchor t_id="115"/>
    </ACTION_ASPECTUAL>
    <ACTION_ASPECTUAL m_id="2" comment="">
      <token_anchor t_id="64"/>
    </ACTION_ASPECTUAL>
    <ACTION_CAUSATIVE m_id="3">
      <token_anchor t_id="71"/>
    </ACTION_CAUSATIVE>
    <ACTION_OCCURRENCE m_id="4" comment="" climaxEvent="FALSE">
      <token_anchor t_id="37"/>
      <token_anchor t_id="38"/>
    </ACTION_OCCURRENCE>
    <ACTION_OCCURRENCE m_id="5" climaxEvent="TRUE" comment="">
      <token_anchor t_id="40"/>
    </ACTION_OCCURRENCE>
    <ACTION_OCCURRENCE m_id="6" comment="" climaxEvent="FALSE">
      <token_anchor t_id="147"/>
    </ACTION_OCCURRENCE>
    <ACTION_OCCURRENCE m_id="7" comment="" climaxEvent="FALSE">
      <token_anchor t_id="50"/>
    </ACTION_OCCURRENCE>
    <ACTION_OCCURRENCE m_id="8" comment="" climaxEvent="FALSE">
      <token_anchor t_id="62"/>
    </ACTION_OCCURRENCE>
    <ACTION_OCCURRENCE m_id="9" comment="" climaxEvent="FALSE">
      <token_anchor t_id="63"/>
    </ACTION_OCCURRENCE>
    <ACTION_OCCURRENCE m_id="10" comment="" climaxEvent="FALSE">
      <token_anchor t_id="43"/>
    </ACTION_OCCURRENCE>
    <ACTION_OCCURRENCE m_id="11" comment="" climaxEvent="FALSE">
      <token_anchor t_id="74"/>
    </ACTION_OCCURRENCE>
    <ACTION_OCCURRENCE m_id="12" comment="" climaxEvent="FALSE">
      <token_anchor t_id="101"/>
    </ACTION_OCCURRENCE>
    <ACTION_OCCURRENCE m_id="13" comment="" climaxEvent="FALSE">
      <token_anchor t_id="109"/>
    </ACTION_OCCURRENCE>
    <ACTION_OCCURRENCE m_id="14" climaxEvent="FALSE" comment="TC: annotation error">
      <token_anchor t_id="112"/>
      <token_anchor t_id="113"/>
    </ACTION_OCCURRENCE>
    <ACTION_OCCURRENCE m_id="15" comment="" climaxEvent="FALSE">
      <token_anchor t_id="111"/>
    </ACTION_OCCURRENCE>
    <ACTION_OCCURRENCE m_id="16" comment="" climaxEvent="FALSE">
      <token_anchor t_id="118"/>
    </ACTION_OCCURRENCE>
    <ACTION_OCCURRENCE m_id="17" comment="" climaxEvent="FALSE">
      <token_anchor t_id="124"/>
    </ACTION_OCCURRENCE>
    <ACTION_OCCURRENCE m_id="49" comment="" climaxEvent="FALSE">
      <token_anchor t_id="52"/>
      <token_anchor t_id="53"/>
    </ACTION_OCCURRENCE>
    <ACTION_OCCURRENCE m_id="18" comment="" climaxEvent="FALSE">
      <token_anchor t_id="130"/>
    </ACTION_OCCURRENCE>
    <ACTION_OCCURRENCE m_id="19" comment="" climaxEvent="FALSE">
      <token_anchor t_id="139"/>
    </ACTION_OCCURRENCE>
    <ACTION_OCCURRENCE m_id="20" comment="" climaxEvent="FALSE">
      <token_anchor t_id="176"/>
    </ACTION_OCCURRENCE>
    <ACTION_OCCURRENCE m_id="21" comment="" climaxEvent="FALSE">
      <token_anchor t_id="178"/>
      <token_anchor t_id="179"/>
    </ACTION_OCCURRENCE>
    <ACTION_OCCURRENCE m_id="22" comment="" climaxEvent="FALSE">
      <token_anchor t_id="184"/>
    </ACTION_OCCURRENCE>
    <ACTION_OCCURRENCE m_id="23" comment="" climaxEvent="FALSE">
      <token_anchor t_id="186"/>
      <token_anchor t_id="187"/>
    </ACTION_OCCURRENCE>
    <ACTION_OCCURRENCE m_id="24" climaxEvent="FALSE" comment="TC: annotation error on events">
      <token_anchor t_id="189"/>
    </ACTION_OCCURRENCE>
    <ACTION_OCCURRENCE m_id="25" comment="" climaxEvent="FALSE">
      <token_anchor t_id="183"/>
    </ACTION_OCCURRENCE>
    <ACTION_STATE m_id="26" climaxEvent="FALSE" comment="">
      <token_anchor t_id="141"/>
      <token_anchor t_id="142"/>
      <token_anchor t_id="143"/>
    </ACTION_STATE>
    <HUMAN_PART_ORG m_id="29">
      <token_anchor t_id="105"/>
    </HUMAN_PART_ORG>
    <HUMAN_PART_ORG m_id="30">
      <token_anchor t_id="94"/>
      <token_anchor t_id="95"/>
      <token_anchor t_id="96"/>
      <token_anchor t_id="97"/>
      <token_anchor t_id="98"/>
    </HUMAN_PART_ORG>
    <HUMAN_PART_ORG m_id="31">
      <token_anchor t_id="174"/>
    </HUMAN_PART_ORG>
    <HUMAN_PART_ORG m_id="32">
      <token_anchor t_id="123"/>
    </HUMAN_PART_ORG>
    <HUMAN_PART_ORG m_id="33">
      <token_anchor t_id="140"/>
    </HUMAN_PART_ORG>
    <HUMAN_PART_ORG m_id="27">
      <token_anchor t_id="45"/>
    </HUMAN_PART_ORG>
    <HUMAN_PART_ORG m_id="28">
      <token_anchor t_id="177"/>
    </HUMAN_PART_ORG>
    <HUMAN_PART_PER m_id="34" comment="">
      <token_anchor t_id="117"/>
    </HUMAN_PART_PER>
    <LOC_GEO m_id="35" comment="">
      <token_anchor t_id="54"/>
      <token_anchor t_id="55"/>
      <token_anchor t_id="56"/>
      <token_anchor t_id="57"/>
      <token_anchor t_id="58"/>
      <token_anchor t_id="59"/>
      <token_anchor t_id="60"/>
    </LOC_GEO>
    <LOC_GEO m_id="36" comment="">
      <token_anchor t_id="78"/>
      <token_anchor t_id="79"/>
      <token_anchor t_id="80"/>
      <token_anchor t_id="81"/>
      <token_anchor t_id="82"/>
      <token_anchor t_id="83"/>
      <token_anchor t_id="84"/>
      <token_anchor t_id="85"/>
      <token_anchor t_id="86"/>
      <token_anchor t_id="87"/>
      <token_anchor t_id="88"/>
    </LOC_GEO>
    <NEG_ACTION_STATE m_id="37" climaxEvent="FALSE" comment="TC: annotation error on events">
      <token_anchor t_id="188"/>
    </NEG_ACTION_STATE>
    <NON_HUMAN_PART m_id="38" comment="">
      <token_anchor t_id="102"/>
    </NON_HUMAN_PART>
    <NON_HUMAN_PART m_id="39" comment="">
      <token_anchor t_id="106"/>
    </NON_HUMAN_PART>
    <NON_HUMAN_PART m_id="40" comment="">
      <token_anchor t_id="128"/>
    </NON_HUMAN_PART>
    <NON_HUMAN_PART m_id="41" comment="">
      <token_anchor t_id="49"/>
    </NON_HUMAN_PART>
    <NON_HUMAN_PART m_id="42" comment="">
      <token_anchor t_id="77"/>
    </NON_HUMAN_PART>
    <NON_HUMAN_PART m_id="43" comment="">
      <token_anchor t_id="41"/>
      <token_anchor t_id="42"/>
    </NON_HUMAN_PART>
    <NON_HUMAN_PART m_id="44" comment="">
      <token_anchor t_id="191"/>
      <token_anchor t_id="192"/>
    </NON_HUMAN_PART>
    <NON_HUMAN_PART m_id="45" comment="">
      <token_anchor t_id="46"/>
      <token_anchor t_id="47"/>
    </NON_HUMAN_PART>
    <TIME_DATE m_id="46" comment="" DCT="TRUE" value="2011-10-11" anchorTimeID="">
      <token_anchor t_id="28"/>
      <token_anchor t_id="29"/>
      <token_anchor t_id="30"/>
      <token_anchor t_id="31"/>
      <token_anchor t_id="32"/>
      <token_anchor t_id="33"/>
    </TIME_DATE>
    <TIME_DATE m_id="47" comment="" DCT="FALSE" value="2011-10-08" anchorTimeID="">
      <token_anchor t_id="65"/>
      <token_anchor t_id="66"/>
      <token_anchor t_id="67"/>
      <token_anchor t_id="68"/>
      <token_anchor t_id="69"/>
    </TIME_DATE>
    <TIME_OF_THE_DAY m_id="48" DCT="FALSE" value="2011-10-10" anchorTimeID="">
      <token_anchor t_id="132"/>
      <token_anchor t_id="133"/>
      <token_anchor t_id="134"/>
      <token_anchor t_id="135"/>
      <token_anchor t_id="136"/>
      <token_anchor t_id="137"/>
      <token_anchor t_id="138"/>
    </TIME_OF_THE_DAY>
    <ACTION_OCCURRENCE m_id="50" RELATED_TO="" TAG_DESCRIPTOR="t30_uses_seacom_cable" comment="" climaxEvent="FALSE"/>
    <NON_HUMAN_PART m_id="51" RELATED_TO="" TAG_DESCRIPTOR="t30_bandwidth" comment=""/>
    <NON_HUMAN_PART m_id="52" RELATED_TO="" TAG_DESCRIPTOR="t30_cable" comment=""/>
    <ACTION_OCCURRENCE m_id="53" RELATED_TO="" TAG_DESCRIPTOR="t30_downtime" comment="" climaxEvent="FALSE"/>
    <ACTION_OCCURRENCE m_id="54" RELATED_TO="" TAG_DESCRIPTOR="t30_experiencing_problems" comment="" climaxEvent="FALSE"/>
    <ACTION_CAUSATIVE m_id="55" RELATED_TO="" TAG_DESCRIPTOR="t30_caused_downtime"/>
    <LOC_GEO m_id="56" RELATED_TO="" TAG_DESCRIPTOR="t30_bw_abutalat_marseilles" comment=""/>
    <HUMAN_PART_ORG m_id="57" RELATED_TO="" TAG_DESCRIPTOR="t30_seacom"/>
    <LOC_GEO m_id="58" RELATED_TO="" TAG_DESCRIPTOR="t30_safr_eur_india" comment=""/>
    <ACTION_OCCURRENCE m_id="59" RELATED_TO="" TAG_DESCRIPTOR="t30_seacom_services" comment="" climaxEvent="FALSE"/>
    <ACTION_OCCURRENCE m_id="60" RELATED_TO="" TAG_DESCRIPTOR="t30_cable_break" comment="" climaxEvent="FALSE"/>
    <TIME_DATE m_id="61" RELATED_TO="" TAG_DESCRIPTOR="t30_oct_8" value="" anchorTimeID="" DCT="FALSE" comment=""/>
    <HUMAN_PART_PER m_id="62" RELATED_TO="" TAG_DESCRIPTOR="t30_customers" comment=""/>
    <HUMAN_PART_ORG m_id="63" RELATED_TO="" TAG_DESCRIPTOR="t30_other_IPS"/>
  </Markables>
  <Relations>
    <TLINK r_id="155540" contextualModality="" relType="AFTER" comment="">
      <source m_id="46"/>
      <target m_id="5"/>
    </TLINK>
    <TLINK r_id="155541" contextualModality="" relType="AFTER" comment="">
      <source m_id="46"/>
      <target m_id="10"/>
    </TLINK>
    <TLINK r_id="155542" contextualModality="" relType="OVERLAP" comment="">
      <source m_id="46"/>
      <target m_id="7"/>
    </TLINK>
    <TLINK r_id="155543" contextualModality="" relType="AFTER" comment="">
      <source m_id="46"/>
      <target m_id="8"/>
    </TLINK>
    <TLINK r_id="155544" contextualModality="" relType="AFTER" comment="">
      <source m_id="46"/>
      <target m_id="9"/>
    </TLINK>
    <TLINK r_id="155545" contextualModality="" relType="AFTER" comment="">
      <source m_id="46"/>
      <target m_id="2"/>
    </TLINK>
    <TLINK r_id="155546" contextualModality="" relType="OVERLAP" comment="">
      <source m_id="46"/>
      <target m_id="49"/>
    </TLINK>
    <TLINK r_id="155547" contextualModality="" relType="AFTER" comment="">
      <source m_id="46"/>
      <target m_id="3"/>
    </TLINK>
    <TLINK r_id="155548" contextualModality="" relType="AFTER" comment="">
      <source m_id="46"/>
      <target m_id="11"/>
    </TLINK>
    <TLINK r_id="155549" contextualModality="" relType="AFTER" comment="">
      <source m_id="46"/>
      <target m_id="13"/>
    </TLINK>
    <TLINK r_id="155550" contextualModality="" relType="AFTER" comment="">
      <source m_id="46"/>
      <target m_id="15"/>
    </TLINK>
    <TLINK r_id="155551" contextualModality="" relType="AFTER" comment="">
      <source m_id="46"/>
      <target m_id="14"/>
    </TLINK>
    <TLINK r_id="155552" contextualModality="" relType="AFTER" comment="">
      <source m_id="46"/>
      <target m_id="1"/>
    </TLINK>
    <TLINK r_id="155553" contextualModality="" relType="AFTER" comment="">
      <source m_id="46"/>
      <target m_id="16"/>
    </TLINK>
    <TLINK r_id="155554" contextualModality="" relType="AFTER" comment="">
      <source m_id="46"/>
      <target m_id="17"/>
    </TLINK>
    <TLINK r_id="155555" contextualModality="" relType="AFTER" comment="">
      <source m_id="46"/>
      <target m_id="18"/>
    </TLINK>
    <TLINK r_id="155556" contextualModality="" relType="AFTER" comment="">
      <source m_id="46"/>
      <target m_id="19"/>
    </TLINK>
    <TLINK r_id="155557" contextualModality="" relType="AFTER" comment="">
      <source m_id="46"/>
      <target m_id="6"/>
    </TLINK>
    <TLINK r_id="155558" contextualModality="" relType="AFTER" comment="">
      <source m_id="46"/>
      <target m_id="20"/>
    </TLINK>
    <TLINK r_id="155559" contextualModality="" relType="AFTER" comment="">
      <source m_id="46"/>
      <target m_id="21"/>
    </TLINK>
    <TLINK r_id="155560" contextualModality="" relType="AFTER" comment="">
      <source m_id="46"/>
      <target m_id="25"/>
    </TLINK>
    <TLINK r_id="155561" contextualModality="" relType="AFTER" comment="">
      <source m_id="46"/>
      <target m_id="22"/>
    </TLINK>
    <TLINK r_id="155562" contextualModality="" relType="OVERLAP" comment="">
      <source m_id="46"/>
      <target m_id="23"/>
    </TLINK>
    <TLINK r_id="155563" contextualModality="" relType="AFTER" comment="">
      <source m_id="46"/>
      <target m_id="24"/>
    </TLINK>
    <TLINK r_id="155564" contextualModality="" relType="BEFORE" comment="">
      <source m_id="47"/>
      <target m_id="5"/>
    </TLINK>
    <TLINK r_id="155565" contextualModality="" relType="CONTAINS" comment="">
      <source m_id="47"/>
      <target m_id="10"/>
    </TLINK>
    <TLINK r_id="155566" contextualModality="" relType="OVERLAP" comment="">
      <source m_id="47"/>
      <target m_id="7"/>
    </TLINK>
    <TLINK r_id="155567" contextualModality="" relType="OVERLAP" comment="">
      <source m_id="47"/>
      <target m_id="49"/>
    </TLINK>
    <TLINK r_id="155568" contextualModality="" relType="CONTAINS" comment="">
      <source m_id="47"/>
      <target m_id="8"/>
    </TLINK>
    <TLINK r_id="155569" contextualModality="" relType="CONTAINS" comment="">
      <source m_id="47"/>
      <target m_id="9"/>
    </TLINK>
    <TLINK r_id="155570" contextualModality="" relType="CONTAINS" comment="">
      <source m_id="47"/>
      <target m_id="2"/>
    </TLINK>
    <TLINK r_id="155571" contextualModality="" relType="CONTAINS" comment="">
      <source m_id="47"/>
      <target m_id="3"/>
    </TLINK>
    <TLINK r_id="155572" contextualModality="" relType="CONTAINS" comment="">
      <source m_id="47"/>
      <target m_id="11"/>
    </TLINK>
    <TLINK r_id="155573" contextualModality="" relType="OVERLAP" comment="">
      <source m_id="47"/>
      <target m_id="12"/>
    </TLINK>
    <TLINK r_id="155574" contextualModality="" relType="BEFORE" comment="">
      <source m_id="47"/>
      <target m_id="13"/>
    </TLINK>
    <TLINK r_id="155575" contextualModality="" relType="BEFORE" comment="">
      <source m_id="47"/>
      <target m_id="15"/>
    </TLINK>
    <TLINK r_id="155576" contextualModality="" relType="BEFORE" comment="">
      <source m_id="47"/>
      <target m_id="14"/>
    </TLINK>
    <TLINK r_id="155577" contextualModality="" relType="BEFORE" comment="">
      <source m_id="47"/>
      <target m_id="16"/>
    </TLINK>
    <TLINK r_id="155578" contextualModality="" relType="BEFORE" comment="">
      <source m_id="47"/>
      <target m_id="1"/>
    </TLINK>
    <TLINK r_id="155579" contextualModality="" relType="CONTAINS" comment="">
      <source m_id="48"/>
      <target m_id="17"/>
    </TLINK>
    <TLINK r_id="155580" contextualModality="" relType="CONTAINS" comment="">
      <source m_id="48"/>
      <target m_id="18"/>
    </TLINK>
    <TLINK r_id="155581" contextualModality="" relType="CONTAINS" comment="">
      <source m_id="48"/>
      <target m_id="19"/>
    </TLINK>
    <TLINK r_id="155582" contextualModality="" relType="OVERLAP" comment="">
      <source m_id="48"/>
      <target m_id="6"/>
    </TLINK>
    <TLINK r_id="155583" contextualModality="" relType="OVERLAP" comment="">
      <source m_id="48"/>
      <target m_id="20"/>
    </TLINK>
    <TLINK r_id="155585" contextualModality="" relType="OVERLAP" comment="">
      <source m_id="48"/>
      <target m_id="25"/>
    </TLINK>
    <TLINK r_id="155586" contextualModality="" relType="OVERLAP" comment="">
      <source m_id="48"/>
      <target m_id="22"/>
    </TLINK>
    <TLINK r_id="155587" contextualModality="" relType="OVERLAP" comment="">
      <source m_id="48"/>
      <target m_id="23"/>
    </TLINK>
    <TLINK r_id="155589" contextualModality="" relType="OVERLAP" comment="">
      <source m_id="48"/>
      <target m_id="24"/>
    </TLINK>
    <PLOT_LINK r_id="155590" SIGNAL="3" relType="FALLING_ACTION" CAUSES="FALSE" CAUSED_BY="TRUE">
      <source m_id="9"/>
      <target m_id="11"/>
    </PLOT_LINK>
    <PLOT_LINK r_id="155591" SIGNAL="" relType="PRECONDITION" CAUSES="FALSE" CAUSED_BY="FALSE">
      <source m_id="49"/>
      <target m_id="9"/>
    </PLOT_LINK>
    <PLOT_LINK r_id="155592" SIGNAL="3" relType="PRECONDITION" CAUSES="FALSE" CAUSED_BY="TRUE">
      <source m_id="10"/>
      <target m_id="11"/>
    </PLOT_LINK>
    <PLOT_LINK r_id="155594" SIGNAL="" relType="PRECONDITION" CAUSES="FALSE" CAUSED_BY="FALSE">
      <source m_id="14"/>
      <target m_id="16"/>
    </PLOT_LINK>
    <PLOT_LINK r_id="155596" SIGNAL="" relType="PRECONDITION" CAUSES="FALSE" CAUSED_BY="FALSE">
      <source m_id="21"/>
      <target m_id="22"/>
    </PLOT_LINK>
    <PLOT_LINK r_id="155597" SIGNAL="" relType="PRECONDITION" CAUSES="FALSE" CAUSED_BY="FALSE">
      <source m_id="21"/>
      <target m_id="24"/>
    </PLOT_LINK>
    <PLOT_LINK r_id="213571" SIGNAL="" relType="PRECONDITION" CAUSES="FALSE" CAUSED_BY="FALSE">
      <source m_id="4"/>
      <target m_id="10"/>
    </PLOT_LINK>
    <PLOT_LINK r_id="213572" SIGNAL="" relType="PRECONDITION" CAUSES="FALSE" CAUSED_BY="FALSE">
      <source m_id="9"/>
      <target m_id="13"/>
    </PLOT_LINK>
    <PLOT_LINK r_id="213574">
      <source m_id="9"/>
      <target m_id="15"/>
    </PLOT_LINK>
  </Relations>
</Document>
