<?xml version='1.0' encoding='UTF-8'?>
<Document doc_name="30_13ecbplus.xml">
  <token t_id="1" sentence="0" number="0">http</token>
  <token t_id="2" sentence="0" number="1">:</token>
  <token t_id="3" sentence="0" number="2">/</token>
  <token t_id="4" sentence="0" number="3">/</token>
  <token t_id="5" sentence="0" number="4">mybroadband</token>
  <token t_id="6" sentence="0" number="5">.</token>
  <token t_id="7" sentence="0" number="6">co</token>
  <token t_id="8" sentence="0" number="7">.</token>
  <token t_id="9" sentence="0" number="8">za</token>
  <token t_id="10" sentence="0" number="9">/</token>
  <token t_id="11" sentence="0" number="10">news</token>
  <token t_id="12" sentence="0" number="11">/</token>
  <token t_id="13" sentence="0" number="12">telecoms</token>
  <token t_id="14" sentence="0" number="13">/</token>
  <token t_id="15" sentence="0" number="14">36528</token>
  <token t_id="16" sentence="0" number="15">-</token>
  <token t_id="17" sentence="0" number="16">seacom</token>
  <token t_id="18" sentence="0" number="17">-</token>
  <token t_id="19" sentence="0" number="18">restored</token>
  <token t_id="20" sentence="0" number="19">-</token>
  <token t_id="21" sentence="0" number="20">via</token>
  <token t_id="22" sentence="0" number="21">-</token>
  <token t_id="23" sentence="0" number="22">alternative</token>
  <token t_id="24" sentence="0" number="23">-</token>
  <token t_id="25" sentence="0" number="24">routes</token>
  <token t_id="26" sentence="0" number="25">.</token>
  <token t_id="27" sentence="0" number="26">html</token>
  <token t_id="28" sentence="1" number="0">Seacom</token>
  <token t_id="29" sentence="1" number="1">restored</token>
  <token t_id="30" sentence="1" number="2">via</token>
  <token t_id="31" sentence="1" number="3">alternative</token>
  <token t_id="32" sentence="1" number="4">routes</token>
  <token t_id="33" sentence="2" number="0">Seacom</token>
  <token t_id="34" sentence="2" number="1">announced</token>
  <token t_id="35" sentence="2" number="2">that</token>
  <token t_id="36" sentence="2" number="3">it</token>
  <token t_id="37" sentence="2" number="4">has</token>
  <token t_id="38" sentence="2" number="5">fully</token>
  <token t_id="39" sentence="2" number="6">restored</token>
  <token t_id="40" sentence="2" number="7">all</token>
  <token t_id="41" sentence="2" number="8">its</token>
  <token t_id="42" sentence="2" number="9">customers</token>
  <token t_id="43" sentence="2" number="10">on</token>
  <token t_id="44" sentence="2" number="11">alternative</token>
  <token t_id="45" sentence="2" number="12">routes</token>
  <token t_id="46" sentence="3" number="0">October</token>
  <token t_id="47" sentence="3" number="1">20</token>
  <token t_id="48" sentence="3" number="2">,</token>
  <token t_id="49" sentence="3" number="3">2011</token>
  <token t_id="50" sentence="4" number="0">Subsea</token>
  <token t_id="51" sentence="4" number="1">cable</token>
  <token t_id="52" sentence="4" number="2">operator</token>
  <token t_id="53" sentence="4" number="3">,</token>
  <token t_id="54" sentence="4" number="4">Seacom</token>
  <token t_id="55" sentence="4" number="5">,</token>
  <token t_id="56" sentence="4" number="6">announced</token>
  <token t_id="57" sentence="4" number="7">on</token>
  <token t_id="58" sentence="4" number="8">Twitter</token>
  <token t_id="59" sentence="4" number="9">today</token>
  <token t_id="60" sentence="4" number="10">(</token>
  <token t_id="61" sentence="4" number="11">20</token>
  <token t_id="62" sentence="4" number="12">October</token>
  <token t_id="63" sentence="4" number="13">2011</token>
  <token t_id="64" sentence="4" number="14">)</token>
  <token t_id="65" sentence="4" number="15">that</token>
  <token t_id="66" sentence="4" number="16">they</token>
  <token t_id="67" sentence="4" number="17">have</token>
  <token t_id="68" sentence="4" number="18">restored</token>
  <token t_id="69" sentence="4" number="19">services</token>
  <token t_id="70" sentence="4" number="20">to</token>
  <token t_id="71" sentence="4" number="21">all</token>
  <token t_id="72" sentence="4" number="22">customers</token>
  <token t_id="73" sentence="4" number="23">using</token>
  <token t_id="74" sentence="4" number="24">alternate</token>
  <token t_id="75" sentence="4" number="25">routes</token>
  <token t_id="76" sentence="4" number="26">,</token>
  <token t_id="77" sentence="4" number="27">following</token>
  <token t_id="78" sentence="4" number="28">an</token>
  <token t_id="79" sentence="4" number="29">outage</token>
  <token t_id="80" sentence="4" number="30">that</token>
  <token t_id="81" sentence="4" number="31">was</token>
  <token t_id="82" sentence="4" number="32">initially</token>
  <token t_id="83" sentence="4" number="33">expected</token>
  <token t_id="84" sentence="4" number="34">to</token>
  <token t_id="85" sentence="4" number="35">take</token>
  <token t_id="86" sentence="4" number="36">12</token>
  <token t_id="87" sentence="4" number="37">days</token>
  <token t_id="88" sentence="4" number="38">to</token>
  <token t_id="89" sentence="4" number="39">repair</token>
  <token t_id="90" sentence="4" number="40">.</token>
  <token t_id="91" sentence="5" number="0">In</token>
  <token t_id="92" sentence="5" number="1">a</token>
  <token t_id="93" sentence="5" number="2">statement</token>
  <token t_id="94" sentence="5" number="3">published</token>
  <token t_id="95" sentence="5" number="4">on</token>
  <token t_id="96" sentence="5" number="5">its</token>
  <token t_id="97" sentence="5" number="6">official</token>
  <token t_id="98" sentence="5" number="7">website</token>
  <token t_id="99" sentence="5" number="8">,</token>
  <token t_id="100" sentence="5" number="9">Seacom</token>
  <token t_id="101" sentence="5" number="10">said</token>
  <token t_id="102" sentence="5" number="11">that</token>
  <token t_id="103" sentence="5" number="12">a</token>
  <token t_id="104" sentence="5" number="13">repair</token>
  <token t_id="105" sentence="5" number="14">vessel</token>
  <token t_id="106" sentence="5" number="15">is</token>
  <token t_id="107" sentence="5" number="16">now</token>
  <token t_id="108" sentence="5" number="17">in</token>
  <token t_id="109" sentence="5" number="18">transit</token>
  <token t_id="110" sentence="5" number="19">.</token>
  <token t_id="111" sentence="6" number="0">"The</token>
  <token t_id="112" sentence="6" number="1">vessel</token>
  <token t_id="113" sentence="6" number="2">has</token>
  <token t_id="114" sentence="6" number="3">received</token>
  <token t_id="115" sentence="6" number="4">the</token>
  <token t_id="116" sentence="6" number="5">master</token>
  <token t_id="117" sentence="6" number="6">permit</token>
  <token t_id="118" sentence="6" number="7">for</token>
  <token t_id="119" sentence="6" number="8">this</token>
  <token t_id="120" sentence="6" number="9">repair</token>
  <token t_id="121" sentence="6" number="10">;</token>
  <token t_id="122" sentence="6" number="11">operational</token>
  <token t_id="123" sentence="6" number="12">permits</token>
  <token t_id="124" sentence="6" number="13">are</token>
  <token t_id="125" sentence="6" number="14">being</token>
  <token t_id="126" sentence="6" number="15">finalized</token>
  <token t_id="127" sentence="6" number="16">and</token>
  <token t_id="128" sentence="6" number="17">should</token>
  <token t_id="129" sentence="6" number="18">be</token>
  <token t_id="130" sentence="6" number="19">received</token>
  <token t_id="131" sentence="6" number="20">prior</token>
  <token t_id="132" sentence="6" number="21">to</token>
  <token t_id="133" sentence="6" number="22">arrival</token>
  <token t_id="134" sentence="6" number="23">on</token>
  <token t_id="135" sentence="6" number="24">the</token>
  <token t_id="136" sentence="6" number="25">repair</token>
  <token t_id="137" sentence="6" number="26">ground</token>
  <token t_id="138" sentence="6" number="27">,</token>
  <token t_id="139" sentence="6" number="28">"</token>
  <token t_id="140" sentence="6" number="29">Seacom</token>
  <token t_id="141" sentence="6" number="30">said</token>
  <token t_id="142" sentence="6" number="31">.</token>
  <token t_id="143" sentence="7" number="0">The</token>
  <token t_id="144" sentence="7" number="1">repair</token>
  <token t_id="145" sentence="7" number="2">is</token>
  <token t_id="146" sentence="7" number="3">now</token>
  <token t_id="147" sentence="7" number="4">expected</token>
  <token t_id="148" sentence="7" number="5">to</token>
  <token t_id="149" sentence="7" number="6">be</token>
  <token t_id="150" sentence="7" number="7">completed</token>
  <token t_id="151" sentence="7" number="8">in</token>
  <token t_id="152" sentence="7" number="9">late</token>
  <token t_id="153" sentence="7" number="10">October</token>
  <token t_id="154" sentence="7" number="11">,</token>
  <token t_id="155" sentence="7" number="12">but</token>
  <token t_id="156" sentence="7" number="13">Seacom</token>
  <token t_id="157" sentence="7" number="14">warned</token>
  <token t_id="158" sentence="7" number="15">that</token>
  <token t_id="159" sentence="7" number="16">"the</token>
  <token t_id="160" sentence="7" number="17">usual</token>
  <token t_id="161" sentence="7" number="18">exogenous</token>
  <token t_id="162" sentence="7" number="19">factors</token>
  <token t_id="163" sentence="7" number="20">associated</token>
  <token t_id="164" sentence="7" number="21">with</token>
  <token t_id="165" sentence="7" number="22">sub</token>
  <token t_id="166" sentence="7" number="23">-</token>
  <token t_id="167" sentence="7" number="24">sea</token>
  <token t_id="168" sentence="7" number="25">repairs</token>
  <token t_id="169" sentence="7" number="26">,</token>
  <token t_id="170" sentence="7" number="27">including</token>
  <token t_id="171" sentence="7" number="28">weather</token>
  <token t_id="172" sentence="7" number="29">and</token>
  <token t_id="173" sentence="7" number="30">currents</token>
  <token t_id="174" sentence="7" number="31">,</token>
  <token t_id="175" sentence="7" number="32">may</token>
  <token t_id="176" sentence="7" number="33">further</token>
  <token t_id="177" sentence="7" number="34">impact</token>
  <token t_id="178" sentence="7" number="35">the</token>
  <token t_id="179" sentence="7" number="36">repair</token>
  <token t_id="180" sentence="7" number="37">.</token>
  <token t_id="181" sentence="7" number="38">"</token>
  <token t_id="182" sentence="8" number="0">Seacom</token>
  <token t_id="183" sentence="8" number="1">started</token>
  <token t_id="184" sentence="8" number="2">to</token>
  <token t_id="185" sentence="8" number="3">experience</token>
  <token t_id="186" sentence="8" number="4">problems</token>
  <token t_id="187" sentence="8" number="5">on</token>
  <token t_id="188" sentence="8" number="6">Saturday</token>
  <token t_id="189" sentence="8" number="7">,</token>
  <token t_id="190" sentence="8" number="8">8</token>
  <token t_id="191" sentence="8" number="9">October</token>
  <token t_id="192" sentence="8" number="10">2011</token>
  <token t_id="193" sentence="8" number="11">,</token>
  <token t_id="194" sentence="8" number="12">which</token>
  <token t_id="195" sentence="8" number="13">it</token>
  <token t_id="196" sentence="8" number="14">said</token>
  <token t_id="197" sentence="8" number="15">was</token>
  <token t_id="198" sentence="8" number="16">caused</token>
  <token t_id="199" sentence="8" number="17">by</token>
  <token t_id="200" sentence="8" number="18">a</token>
  <token t_id="201" sentence="8" number="19">problem</token>
  <token t_id="202" sentence="8" number="20">on</token>
  <token t_id="203" sentence="8" number="21">a</token>
  <token t_id="204" sentence="8" number="22">cable</token>
  <token t_id="205" sentence="8" number="23">between</token>
  <token t_id="206" sentence="8" number="24">Abu</token>
  <token t_id="207" sentence="8" number="25">Talat</token>
  <token t_id="208" sentence="8" number="26">in</token>
  <token t_id="209" sentence="8" number="27">Egypt</token>
  <token t_id="210" sentence="8" number="28">and</token>
  <token t_id="211" sentence="8" number="29">Marseilles</token>
  <token t_id="212" sentence="8" number="30">in</token>
  <token t_id="213" sentence="8" number="31">France</token>
  <token t_id="214" sentence="8" number="32">.</token>
  <token t_id="215" sentence="9" number="0">Last</token>
  <token t_id="216" sentence="9" number="1">week</token>
  <token t_id="217" sentence="9" number="2">Friday</token>
  <token t_id="218" sentence="9" number="3">(</token>
  <token t_id="219" sentence="9" number="4">14</token>
  <token t_id="220" sentence="9" number="5">October</token>
  <token t_id="221" sentence="9" number="6">2011</token>
  <token t_id="222" sentence="9" number="7">)</token>
  <token t_id="223" sentence="9" number="8">,</token>
  <token t_id="224" sentence="9" number="9">Seacom</token>
  <token t_id="225" sentence="9" number="10">announced</token>
  <token t_id="226" sentence="9" number="11">that</token>
  <token t_id="227" sentence="9" number="12">it</token>
  <token t_id="228" sentence="9" number="13">had</token>
  <token t_id="229" sentence="9" number="14">restored</token>
  <token t_id="230" sentence="9" number="15">services</token>
  <token t_id="231" sentence="9" number="16">to</token>
  <token t_id="232" sentence="9" number="17">its</token>
  <token t_id="233" sentence="9" number="18">business</token>
  <token t_id="234" sentence="9" number="19">customers</token>
  <token t_id="235" sentence="9" number="20">,</token>
  <token t_id="236" sentence="9" number="21">which</token>
  <token t_id="237" sentence="9" number="22">included</token>
  <token t_id="238" sentence="9" number="23">Internet</token>
  <token t_id="239" sentence="9" number="24">service</token>
  <token t_id="240" sentence="9" number="25">providers</token>
  <token t_id="241" sentence="9" number="26">,</token>
  <token t_id="242" sentence="9" number="27">via</token>
  <token t_id="243" sentence="9" number="28">alternate</token>
  <token t_id="244" sentence="9" number="29">routes</token>
  <token t_id="245" sentence="9" number="30">.</token>
  <Markables>
    <ACTION_ASPECTUAL m_id="1" comment="">
      <token_anchor t_id="150"/>
    </ACTION_ASPECTUAL>
    <ACTION_ASPECTUAL m_id="2" comment="">
      <token_anchor t_id="183"/>
    </ACTION_ASPECTUAL>
    <ACTION_CAUSATIVE m_id="3">
      <token_anchor t_id="198"/>
    </ACTION_CAUSATIVE>
    <ACTION_OCCURRENCE m_id="29" comment="" climaxEvent="FALSE">
      <token_anchor t_id="229"/>
    </ACTION_OCCURRENCE>
    <ACTION_OCCURRENCE m_id="30" comment="" climaxEvent="FALSE">
      <token_anchor t_id="162"/>
    </ACTION_OCCURRENCE>
    <ACTION_OCCURRENCE m_id="31" climaxEvent="TRUE" comment="">
      <token_anchor t_id="29"/>
    </ACTION_OCCURRENCE>
    <ACTION_OCCURRENCE m_id="4" comment="" climaxEvent="FALSE">
      <token_anchor t_id="39"/>
    </ACTION_OCCURRENCE>
    <ACTION_OCCURRENCE m_id="5" comment="" climaxEvent="FALSE">
      <token_anchor t_id="68"/>
    </ACTION_OCCURRENCE>
    <ACTION_OCCURRENCE m_id="6" comment="" climaxEvent="FALSE">
      <token_anchor t_id="79"/>
    </ACTION_OCCURRENCE>
    <ACTION_OCCURRENCE m_id="71" comment="" climaxEvent="FALSE">
      <token_anchor t_id="69"/>
    </ACTION_OCCURRENCE>
    <ACTION_OCCURRENCE m_id="7" comment="" climaxEvent="FALSE">
      <token_anchor t_id="94"/>
    </ACTION_OCCURRENCE>
    <ACTION_OCCURRENCE m_id="72" comment="" climaxEvent="FALSE">
      <token_anchor t_id="230"/>
    </ACTION_OCCURRENCE>
    <ACTION_OCCURRENCE m_id="8" comment="" climaxEvent="FALSE">
      <token_anchor t_id="109"/>
    </ACTION_OCCURRENCE>
    <ACTION_OCCURRENCE m_id="9" comment="" climaxEvent="FALSE">
      <token_anchor t_id="114"/>
    </ACTION_OCCURRENCE>
    <ACTION_OCCURRENCE m_id="73" climaxEvent="FALSE" comment="TC: annotation error">
      <token_anchor t_id="28"/>
    </ACTION_OCCURRENCE>
    <ACTION_OCCURRENCE m_id="10" climaxEvent="FALSE" comment="TC: annotation error">
      <token_anchor t_id="117"/>
    </ACTION_OCCURRENCE>
    <ACTION_OCCURRENCE m_id="11" comment="" climaxEvent="FALSE">
      <token_anchor t_id="120"/>
    </ACTION_OCCURRENCE>
    <ACTION_OCCURRENCE m_id="12" climaxEvent="FALSE" comment="TC: annotation errors">
      <token_anchor t_id="122"/>
      <token_anchor t_id="123"/>
    </ACTION_OCCURRENCE>
    <ACTION_OCCURRENCE m_id="13" comment="" climaxEvent="FALSE">
      <token_anchor t_id="126"/>
    </ACTION_OCCURRENCE>
    <ACTION_OCCURRENCE m_id="14" comment="" climaxEvent="FALSE">
      <token_anchor t_id="130"/>
    </ACTION_OCCURRENCE>
    <ACTION_OCCURRENCE m_id="15" comment="" climaxEvent="FALSE">
      <token_anchor t_id="133"/>
    </ACTION_OCCURRENCE>
    <ACTION_OCCURRENCE m_id="16" comment="" climaxEvent="FALSE">
      <token_anchor t_id="144"/>
    </ACTION_OCCURRENCE>
    <ACTION_OCCURRENCE m_id="17" comment="" climaxEvent="FALSE">
      <token_anchor t_id="147"/>
    </ACTION_OCCURRENCE>
    <ACTION_OCCURRENCE m_id="18" comment="" climaxEvent="FALSE">
      <token_anchor t_id="89"/>
    </ACTION_OCCURRENCE>
    <ACTION_OCCURRENCE m_id="19" comment="" climaxEvent="FALSE">
      <token_anchor t_id="177"/>
    </ACTION_OCCURRENCE>
    <ACTION_OCCURRENCE m_id="20" comment="" climaxEvent="FALSE">
      <token_anchor t_id="73"/>
    </ACTION_OCCURRENCE>
    <ACTION_OCCURRENCE m_id="21" comment="" climaxEvent="FALSE">
      <token_anchor t_id="179"/>
    </ACTION_OCCURRENCE>
    <ACTION_OCCURRENCE m_id="22" comment="" climaxEvent="FALSE">
      <token_anchor t_id="185"/>
    </ACTION_OCCURRENCE>
    <ACTION_OCCURRENCE m_id="23" comment="" climaxEvent="FALSE">
      <token_anchor t_id="186"/>
    </ACTION_OCCURRENCE>
    <ACTION_OCCURRENCE m_id="24" comment="" climaxEvent="FALSE">
      <token_anchor t_id="201"/>
    </ACTION_OCCURRENCE>
    <ACTION_OCCURRENCE m_id="25" comment="" climaxEvent="FALSE">
      <token_anchor t_id="163"/>
    </ACTION_OCCURRENCE>
    <ACTION_OCCURRENCE m_id="26" comment="" climaxEvent="FALSE">
      <token_anchor t_id="165"/>
      <token_anchor t_id="166"/>
      <token_anchor t_id="167"/>
      <token_anchor t_id="168"/>
    </ACTION_OCCURRENCE>
    <ACTION_OCCURRENCE m_id="27" comment="" climaxEvent="FALSE">
      <token_anchor t_id="171"/>
    </ACTION_OCCURRENCE>
    <ACTION_OCCURRENCE m_id="28" comment="" climaxEvent="FALSE">
      <token_anchor t_id="173"/>
    </ACTION_OCCURRENCE>
    <ACTION_REPORTING m_id="32">
      <token_anchor t_id="196"/>
    </ACTION_REPORTING>
    <ACTION_REPORTING m_id="33">
      <token_anchor t_id="225"/>
    </ACTION_REPORTING>
    <ACTION_REPORTING m_id="34">
      <token_anchor t_id="34"/>
    </ACTION_REPORTING>
    <ACTION_REPORTING m_id="35">
      <token_anchor t_id="56"/>
    </ACTION_REPORTING>
    <ACTION_REPORTING m_id="36">
      <token_anchor t_id="93"/>
    </ACTION_REPORTING>
    <ACTION_REPORTING m_id="37">
      <token_anchor t_id="101"/>
    </ACTION_REPORTING>
    <ACTION_REPORTING m_id="38">
      <token_anchor t_id="141"/>
    </ACTION_REPORTING>
    <ACTION_REPORTING m_id="39">
      <token_anchor t_id="157"/>
    </ACTION_REPORTING>
    <ACTION_STATE m_id="70" climaxEvent="FALSE" comment="">
      <token_anchor t_id="83"/>
    </ACTION_STATE>
    <HUMAN_PART_ORG m_id="40">
      <token_anchor t_id="195"/>
    </HUMAN_PART_ORG>
    <HUMAN_PART_ORG m_id="41">
      <token_anchor t_id="238"/>
      <token_anchor t_id="239"/>
      <token_anchor t_id="240"/>
    </HUMAN_PART_ORG>
    <HUMAN_PART_ORG m_id="42">
      <token_anchor t_id="33"/>
    </HUMAN_PART_ORG>
    <HUMAN_PART_ORG m_id="43">
      <token_anchor t_id="54"/>
    </HUMAN_PART_ORG>
    <HUMAN_PART_ORG m_id="44">
      <token_anchor t_id="100"/>
    </HUMAN_PART_ORG>
    <HUMAN_PART_ORG m_id="45">
      <token_anchor t_id="140"/>
    </HUMAN_PART_ORG>
    <HUMAN_PART_ORG m_id="46">
      <token_anchor t_id="182"/>
    </HUMAN_PART_ORG>
    <HUMAN_PART_ORG m_id="47">
      <token_anchor t_id="36"/>
    </HUMAN_PART_ORG>
    <HUMAN_PART_ORG m_id="48">
      <token_anchor t_id="224"/>
    </HUMAN_PART_ORG>
    <HUMAN_PART_ORG m_id="49">
      <token_anchor t_id="66"/>
    </HUMAN_PART_ORG>
    <HUMAN_PART_ORG m_id="50">
      <token_anchor t_id="156"/>
    </HUMAN_PART_ORG>
    <HUMAN_PART_PER m_id="51" comment="">
      <token_anchor t_id="42"/>
    </HUMAN_PART_PER>
    <HUMAN_PART_PER m_id="52" comment="">
      <token_anchor t_id="72"/>
    </HUMAN_PART_PER>
    <HUMAN_PART_PER m_id="53" comment="">
      <token_anchor t_id="234"/>
    </HUMAN_PART_PER>
    <HUMAN_PART_VEH m_id="54">
      <token_anchor t_id="112"/>
    </HUMAN_PART_VEH>
    <LOC_GEO m_id="55" comment="">
      <token_anchor t_id="134"/>
      <token_anchor t_id="135"/>
      <token_anchor t_id="136"/>
      <token_anchor t_id="137"/>
    </LOC_GEO>
    <LOC_OTHER m_id="56">
      <token_anchor t_id="95"/>
      <token_anchor t_id="96"/>
      <token_anchor t_id="97"/>
      <token_anchor t_id="98"/>
    </LOC_OTHER>
    <LOC_OTHER m_id="57">
      <token_anchor t_id="57"/>
      <token_anchor t_id="58"/>
    </LOC_OTHER>
    <NON_HUMAN_PART m_id="61" comment="">
      <token_anchor t_id="74"/>
      <token_anchor t_id="75"/>
    </NON_HUMAN_PART>
    <NON_HUMAN_PART m_id="62" comment="">
      <token_anchor t_id="243"/>
      <token_anchor t_id="244"/>
    </NON_HUMAN_PART>
    <NON_HUMAN_PART m_id="63" comment="">
      <token_anchor t_id="104"/>
      <token_anchor t_id="105"/>
    </NON_HUMAN_PART>
    <NON_HUMAN_PART m_id="58" comment="">
      <token_anchor t_id="204"/>
    </NON_HUMAN_PART>
    <NON_HUMAN_PART m_id="59" comment="">
      <token_anchor t_id="44"/>
      <token_anchor t_id="45"/>
    </NON_HUMAN_PART>
    <NON_HUMAN_PART m_id="60" comment="">
      <token_anchor t_id="31"/>
      <token_anchor t_id="32"/>
    </NON_HUMAN_PART>
    <TIME_DATE m_id="64" comment="" DCT="TRUE" value="2011-10-20" anchorTimeID="">
      <token_anchor t_id="46"/>
      <token_anchor t_id="47"/>
      <token_anchor t_id="48"/>
      <token_anchor t_id="49"/>
    </TIME_DATE>
    <TIME_DATE m_id="65" comment="" DCT="FALSE" value="2011-10-14" anchorTimeID="">
      <token_anchor t_id="215"/>
      <token_anchor t_id="216"/>
      <token_anchor t_id="217"/>
      <token_anchor t_id="218"/>
      <token_anchor t_id="219"/>
      <token_anchor t_id="220"/>
      <token_anchor t_id="221"/>
    </TIME_DATE>
    <TIME_DATE m_id="66" comment="" DCT="FALSE" value="2011-10-08" anchorTimeID="">
      <token_anchor t_id="187"/>
      <token_anchor t_id="188"/>
      <token_anchor t_id="189"/>
      <token_anchor t_id="190"/>
      <token_anchor t_id="191"/>
      <token_anchor t_id="192"/>
    </TIME_DATE>
    <TIME_DATE m_id="67" comment="" DCT="FALSE" value="2011-10" anchorTimeID="64">
      <token_anchor t_id="151"/>
      <token_anchor t_id="152"/>
      <token_anchor t_id="153"/>
    </TIME_DATE>
    <TIME_DATE m_id="68" comment="" DCT="FALSE" value="2011-10-20" anchorTimeID="">
      <token_anchor t_id="59"/>
      <token_anchor t_id="60"/>
      <token_anchor t_id="61"/>
      <token_anchor t_id="62"/>
      <token_anchor t_id="63"/>
      <token_anchor t_id="64"/>
    </TIME_DATE>
    <TIME_DURATION m_id="69" value="" anchorTimeID="" begin="" endPoint="">
      <token_anchor t_id="86"/>
      <token_anchor t_id="87"/>
    </TIME_DURATION>
    <HUMAN_PART_PER m_id="74" RELATED_TO="" TAG_DESCRIPTOR="t30_customers" comment=""/>
    <TIME_DATE m_id="75" RELATED_TO="" TAG_DESCRIPTOR="t30_oct_8" value="" anchorTimeID="" DCT="FALSE" comment=""/>
    <HUMAN_PART_ORG m_id="76" RELATED_TO="" TAG_DESCRIPTOR="t30_other_IPS"/>
    <LOC_OTHER m_id="77" RELATED_TO="" TAG_DESCRIPTOR="t30_on_twitter"/>
    <ACTION_REPORTING m_id="78" RELATED_TO="" TAG_DESCRIPTOR="t30_seacom_said_fixed"/>
    <ACTION_STATE m_id="79" RELATED_TO="" TAG_DESCRIPTOR="t30_expected_12day_repair" climaxEvent="FALSE" comment=""/>
    <ACTION_OCCURRENCE m_id="80" RELATED_TO="" TAG_DESCRIPTOR="t30_downtime" comment="" climaxEvent="FALSE"/>
    <NON_HUMAN_PART m_id="81" RELATED_TO="" TAG_DESCRIPTOR="t30_cable" comment=""/>
    <TIME_DURATION m_id="82" RELATED_TO="" TAG_DESCRIPTOR="t30_few_days" value="" anchorTimeID="" begin="" endPoint=""/>
    <ACTION_OCCURRENCE m_id="83" RELATED_TO="" TAG_DESCRIPTOR="t30_restored_service_alternate_routes" comment="" climaxEvent="FALSE"/>
    <ACTION_OCCURRENCE m_id="84" RELATED_TO="" TAG_DESCRIPTOR="t30_cable_break" comment="" climaxEvent="FALSE"/>
    <ACTION_CAUSATIVE m_id="85" RELATED_TO="" TAG_DESCRIPTOR="t30_caused_downtime"/>
    <ACTION_OCCURRENCE m_id="86" RELATED_TO="" TAG_DESCRIPTOR="t30_experiencing_problems" comment="" climaxEvent="FALSE"/>
    <ACTION_REPORTING m_id="87" RELATED_TO="" TAG_DESCRIPTOR="t30_seacom_said_problems_14days"/>
    <NON_HUMAN_PART m_id="88" RELATED_TO="" TAG_DESCRIPTOR="t30_alternate_routes" comment=""/>
    <HUMAN_PART_ORG m_id="89" RELATED_TO="" TAG_DESCRIPTOR="t30_seacom"/>
    <ACTION_OCCURRENCE m_id="90" RELATED_TO="" TAG_DESCRIPTOR="t30_seacom_services" comment="" climaxEvent="FALSE"/>
  </Markables>
  <Relations>
    <TLINK r_id="155635" contextualModality="" relType="CONTAINS" comment="">
      <source m_id="64"/>
      <target m_id="31"/>
    </TLINK>
    <TLINK r_id="155636" contextualModality="" relType="CONTAINS" comment="">
      <source m_id="64"/>
      <target m_id="34"/>
    </TLINK>
    <TLINK r_id="155637" contextualModality="" relType="CONTAINS" comment="">
      <source m_id="64"/>
      <target m_id="4"/>
    </TLINK>
    <TLINK r_id="155639" contextualModality="" relType="CONTAINS" comment="">
      <source m_id="64"/>
      <target m_id="35"/>
    </TLINK>
    <TLINK r_id="155640" contextualModality="" relType="CONTAINS" comment="">
      <source m_id="64"/>
      <target m_id="5"/>
    </TLINK>
    <TLINK r_id="155641" contextualModality="" relType="CONTAINS" comment="">
      <source m_id="64"/>
      <target m_id="20"/>
    </TLINK>
    <TLINK r_id="155642" contextualModality="" relType="CONTAINS" comment="">
      <source m_id="64"/>
      <target m_id="6"/>
    </TLINK>
    <TLINK r_id="155643" contextualModality="" relType="AFTER" comment="">
      <source m_id="64"/>
      <target m_id="70"/>
    </TLINK>
    <TLINK r_id="155644" contextualModality="" relType="AFTER" comment="">
      <source m_id="64"/>
      <target m_id="18"/>
    </TLINK>
    <TLINK r_id="155645" contextualModality="" relType="CONTAINS" comment="">
      <source m_id="64"/>
      <target m_id="36"/>
    </TLINK>
    <TLINK r_id="155646" contextualModality="" relType="CONTAINS" comment="">
      <source m_id="64"/>
      <target m_id="7"/>
    </TLINK>
    <TLINK r_id="155647" contextualModality="" relType="CONTAINS" comment="">
      <source m_id="64"/>
      <target m_id="8"/>
    </TLINK>
    <TLINK r_id="155648" contextualModality="" relType="CONTAINS" comment="">
      <source m_id="64"/>
      <target m_id="9"/>
    </TLINK>
    <TLINK r_id="155649" contextualModality="" relType="CONTAINS" comment="">
      <source m_id="64"/>
      <target m_id="10"/>
    </TLINK>
    <TLINK r_id="155650" contextualModality="" relType="CONTAINS" comment="">
      <source m_id="64"/>
      <target m_id="11"/>
    </TLINK>
    <TLINK r_id="155651" contextualModality="" relType="CONTAINS" comment="">
      <source m_id="64"/>
      <target m_id="13"/>
    </TLINK>
    <TLINK r_id="155652" contextualModality="" relType="CONTAINS" comment="">
      <source m_id="64"/>
      <target m_id="14"/>
    </TLINK>
    <TLINK r_id="155653" contextualModality="" relType="CONTAINS" comment="">
      <source m_id="64"/>
      <target m_id="15"/>
    </TLINK>
    <TLINK r_id="155654" contextualModality="" relType="CONTAINS" comment="">
      <source m_id="64"/>
      <target m_id="16"/>
    </TLINK>
    <TLINK r_id="155655" contextualModality="" relType="CONTAINS" comment="">
      <source m_id="64"/>
      <target m_id="17"/>
    </TLINK>
    <TLINK r_id="155656" contextualModality="" relType="CONTAINS" comment="">
      <source m_id="64"/>
      <target m_id="1"/>
    </TLINK>
    <TLINK r_id="155657" contextualModality="" relType="CONTAINS" comment="">
      <source m_id="64"/>
      <target m_id="39"/>
    </TLINK>
    <TLINK r_id="155658" contextualModality="" relType="CONTAINS" comment="">
      <source m_id="64"/>
      <target m_id="30"/>
    </TLINK>
    <TLINK r_id="155660" contextualModality="" relType="CONTAINS" comment="">
      <source m_id="64"/>
      <target m_id="26"/>
    </TLINK>
    <TLINK r_id="155676" contextualModality="" relType="CONTAINS" comment="">
      <source m_id="64"/>
      <target m_id="27"/>
    </TLINK>
    <TLINK r_id="155677" contextualModality="" relType="CONTAINS" comment="">
      <source m_id="64"/>
      <target m_id="28"/>
    </TLINK>
    <TLINK r_id="155678" contextualModality="" relType="CONTAINS" comment="">
      <source m_id="64"/>
      <target m_id="19"/>
    </TLINK>
    <TLINK r_id="155679" contextualModality="" relType="CONTAINS" comment="">
      <source m_id="64"/>
      <target m_id="21"/>
    </TLINK>
    <TLINK r_id="155680" contextualModality="" relType="AFTER" comment="">
      <source m_id="64"/>
      <target m_id="22"/>
    </TLINK>
    <TLINK r_id="155681" contextualModality="" relType="AFTER" comment="">
      <source m_id="64"/>
      <target m_id="23"/>
    </TLINK>
    <TLINK r_id="155682" contextualModality="" relType="AFTER" comment="">
      <source m_id="64"/>
      <target m_id="3"/>
    </TLINK>
    <TLINK r_id="155683" contextualModality="" relType="AFTER" comment="">
      <source m_id="64"/>
      <target m_id="24"/>
    </TLINK>
    <TLINK r_id="155684" contextualModality="" relType="AFTER" comment="">
      <source m_id="64"/>
      <target m_id="33"/>
    </TLINK>
    <TLINK r_id="155685" contextualModality="" relType="AFTER" comment="">
      <source m_id="64"/>
      <target m_id="29"/>
    </TLINK>
    <TLINK r_id="155686" contextualModality="" relType="AFTER" comment="">
      <source m_id="64"/>
      <target m_id="72"/>
    </TLINK>
    <TLINK r_id="155687" contextualModality="" relType="CONTAINS" comment="">
      <source m_id="68"/>
      <target m_id="35"/>
    </TLINK>
    <TLINK r_id="155688" contextualModality="" relType="CONTAINS" comment="">
      <source m_id="68"/>
      <target m_id="5"/>
    </TLINK>
    <TLINK r_id="155689" contextualModality="" relType="CONTAINS" comment="">
      <source m_id="68"/>
      <target m_id="71"/>
    </TLINK>
    <TLINK r_id="155690" contextualModality="" relType="CONTAINS" comment="">
      <source m_id="68"/>
      <target m_id="20"/>
    </TLINK>
    <TLINK r_id="155691" contextualModality="" relType="CONTAINS" comment="">
      <source m_id="68"/>
      <target m_id="6"/>
    </TLINK>
    <TLINK r_id="155692" contextualModality="" relType="CONTAINS" comment="">
      <source m_id="68"/>
      <target m_id="70"/>
    </TLINK>
    <TLINK r_id="155693" contextualModality="" relType="CONTAINS" comment="">
      <source m_id="68"/>
      <target m_id="18"/>
    </TLINK>
    <TLINK r_id="155702" contextualModality="" relType="CONTAINS" comment="">
      <source m_id="68"/>
      <target m_id="12"/>
    </TLINK>
    <TLINK r_id="155703" contextualModality="" relType="CONTAINS" comment="">
      <source m_id="68"/>
      <target m_id="13"/>
    </TLINK>
    <TLINK r_id="155704" contextualModality="" relType="CONTAINS" comment="">
      <source m_id="68"/>
      <target m_id="14"/>
    </TLINK>
    <TLINK r_id="155705" contextualModality="" relType="CONTAINS" comment="">
      <source m_id="68"/>
      <target m_id="15"/>
    </TLINK>
    <TLINK r_id="155706" contextualModality="" relType="CONTAINS" comment="">
      <source m_id="67"/>
      <target m_id="16"/>
    </TLINK>
    <TLINK r_id="155707" contextualModality="" relType="AFTER" comment="">
      <source m_id="67"/>
      <target m_id="17"/>
    </TLINK>
    <TLINK r_id="155708" contextualModality="" relType="AFTER" comment="">
      <source m_id="67"/>
      <target m_id="1"/>
    </TLINK>
    <TLINK r_id="155709" contextualModality="" relType="AFTER" comment="">
      <source m_id="67"/>
      <target m_id="39"/>
    </TLINK>
    <TLINK r_id="155711" contextualModality="" relType="AFTER" comment="">
      <source m_id="67"/>
      <target m_id="25"/>
    </TLINK>
    <TLINK r_id="155712" contextualModality="" relType="AFTER" comment="">
      <source m_id="67"/>
      <target m_id="26"/>
    </TLINK>
    <TLINK r_id="155713" contextualModality="" relType="AFTER" comment="">
      <source m_id="67"/>
      <target m_id="27"/>
    </TLINK>
    <TLINK r_id="155715" contextualModality="" relType="AFTER" comment="">
      <source m_id="67"/>
      <target m_id="28"/>
    </TLINK>
    <TLINK r_id="155717" contextualModality="" relType="AFTER" comment="">
      <source m_id="67"/>
      <target m_id="19"/>
    </TLINK>
    <TLINK r_id="155718" contextualModality="" relType="AFTER" comment="">
      <source m_id="67"/>
      <target m_id="21"/>
    </TLINK>
    <TLINK r_id="155720" contextualModality="" relType="CONTAINS" comment="">
      <source m_id="66"/>
      <target m_id="2"/>
    </TLINK>
    <TLINK r_id="155721" contextualModality="" relType="CONTAINS" comment="">
      <source m_id="66"/>
      <target m_id="22"/>
    </TLINK>
    <TLINK r_id="155722" contextualModality="" relType="BEGINS_ON" comment="">
      <source m_id="66"/>
      <target m_id="23"/>
    </TLINK>
    <TLINK r_id="155725" contextualModality="" relType="BEFORE" comment="">
      <source m_id="66"/>
      <target m_id="33"/>
    </TLINK>
    <TLINK r_id="155729" contextualModality="" relType="BEFORE" comment="">
      <source m_id="66"/>
      <target m_id="29"/>
    </TLINK>
    <TLINK r_id="155730" contextualModality="" relType="BEFORE" comment="">
      <source m_id="66"/>
      <target m_id="72"/>
    </TLINK>
    <PLOT_LINK r_id="155738" SIGNAL="" relType="FALLING_ACTION" CAUSES="FALSE" CAUSED_BY="FALSE">
      <source m_id="4"/>
      <target m_id="6"/>
    </PLOT_LINK>
    <PLOT_LINK r_id="155739" SIGNAL="" relType="FALLING_ACTION" CAUSES="FALSE" CAUSED_BY="FALSE">
      <source m_id="5"/>
      <target m_id="6"/>
    </PLOT_LINK>
    <PLOT_LINK r_id="155740" SIGNAL="" relType="FALLING_ACTION" CAUSES="FALSE" CAUSED_BY="FALSE">
      <source m_id="5"/>
      <target m_id="20"/>
    </PLOT_LINK>
    <PLOT_LINK r_id="155741" SIGNAL="" relType="FALLING_ACTION" CAUSES="FALSE" CAUSED_BY="FALSE">
      <source m_id="18"/>
      <target m_id="8"/>
    </PLOT_LINK>
    <PLOT_LINK r_id="155743" SIGNAL="" relType="FALLING_ACTION" CAUSES="FALSE" CAUSED_BY="FALSE">
      <source m_id="11"/>
      <target m_id="12"/>
    </PLOT_LINK>
    <PLOT_LINK r_id="155744" SIGNAL="" relType="PRECONDITION" CAUSES="FALSE" CAUSED_BY="FALSE">
      <source m_id="13"/>
      <target m_id="14"/>
    </PLOT_LINK>
    <PLOT_LINK r_id="155745" SIGNAL="" relType="PRECONDITION" CAUSES="FALSE" CAUSED_BY="FALSE">
      <source m_id="6"/>
      <target m_id="11"/>
    </PLOT_LINK>
    <PLOT_LINK r_id="155746" SIGNAL="" relType="PRECONDITION" CAUSES="FALSE" CAUSED_BY="FALSE">
      <source m_id="6"/>
      <target m_id="16"/>
    </PLOT_LINK>
    <PLOT_LINK r_id="155747" SIGNAL="" relType="PRECONDITION" CAUSES="FALSE" CAUSED_BY="FALSE">
      <source m_id="6"/>
      <target m_id="26"/>
    </PLOT_LINK>
    <PLOT_LINK r_id="155749" SIGNAL="" relType="PRECONDITION" CAUSES="FALSE" CAUSED_BY="FALSE">
      <source m_id="30"/>
      <target m_id="19"/>
    </PLOT_LINK>
    <PLOT_LINK r_id="155751" SIGNAL="" relType="PRECONDITION" CAUSES="FALSE" CAUSED_BY="FALSE">
      <source m_id="27"/>
      <target m_id="19"/>
    </PLOT_LINK>
    <PLOT_LINK r_id="155752" SIGNAL="" relType="PRECONDITION" CAUSES="FALSE" CAUSED_BY="FALSE">
      <source m_id="28"/>
      <target m_id="19"/>
    </PLOT_LINK>
    <PLOT_LINK r_id="155756" SIGNAL="3" relType="PRECONDITION" CAUSES="FALSE" CAUSED_BY="TRUE">
      <source m_id="23"/>
      <target m_id="24"/>
    </PLOT_LINK>
    <PLOT_LINK r_id="155759" SIGNAL="" relType="PRECONDITION" CAUSES="FALSE" CAUSED_BY="FALSE">
      <source m_id="6"/>
      <target m_id="29"/>
    </PLOT_LINK>
    <PLOT_LINK r_id="155763" SIGNAL="" relType="PRECONDITION" CAUSES="FALSE" CAUSED_BY="FALSE">
      <source m_id="21"/>
      <target m_id="29"/>
    </PLOT_LINK>
    <PLOT_LINK r_id="155764" SIGNAL="" relType="PRECONDITION" CAUSES="FALSE" CAUSED_BY="FALSE">
      <source m_id="16"/>
      <target m_id="29"/>
    </PLOT_LINK>
    <PLOT_LINK r_id="213575" SIGNAL="" relType="PRECONDITION" CAUSES="FALSE" CAUSED_BY="FALSE">
      <source m_id="9"/>
      <target m_id="11"/>
    </PLOT_LINK>
    <PLOT_LINK r_id="213576" SIGNAL="" relType="FALLING_ACTION" CAUSES="FALSE" CAUSED_BY="FALSE">
      <source m_id="11"/>
      <target m_id="13"/>
    </PLOT_LINK>
    <PLOT_LINK r_id="213577" SIGNAL="" relType="FALLING_ACTION" CAUSES="FALSE" CAUSED_BY="FALSE">
      <source m_id="11"/>
      <target m_id="14"/>
    </PLOT_LINK>
    <PLOT_LINK r_id="213578" SIGNAL="" relType="FALLING_ACTION" CAUSES="FALSE" CAUSED_BY="FALSE">
      <source m_id="11"/>
      <target m_id="15"/>
    </PLOT_LINK>
    <PLOT_LINK r_id="213579" SIGNAL="" relType="PRECONDITION" CAUSES="FALSE" CAUSED_BY="FALSE">
      <source m_id="9"/>
      <target m_id="11"/>
    </PLOT_LINK>
    <PLOT_LINK r_id="213580" SIGNAL="" relType="PRECONDITION" CAUSES="FALSE" CAUSED_BY="FALSE">
      <source m_id="6"/>
      <target m_id="16"/>
    </PLOT_LINK>
  </Relations>
</Document>
