<?xml version='1.0' encoding='UTF-8'?>
<Document doc_name="30_3ecbplus.xml">
  <token t_id="1" sentence="0" number="0">http</token>
  <token t_id="2" sentence="0" number="1">:</token>
  <token t_id="3" sentence="0" number="2">/</token>
  <token t_id="4" sentence="0" number="3">/</token>
  <token t_id="5" sentence="0" number="4">www</token>
  <token t_id="6" sentence="0" number="5">.</token>
  <token t_id="7" sentence="0" number="6">egyptindependent</token>
  <token t_id="8" sentence="0" number="7">.</token>
  <token t_id="9" sentence="0" number="8">com</token>
  <token t_id="10" sentence="0" number="9">/</token>
  <token t_id="11" sentence="0" number="10">news</token>
  <token t_id="12" sentence="0" number="11">/</token>
  <token t_id="13" sentence="0" number="12">cable</token>
  <token t_id="14" sentence="0" number="13">-</token>
  <token t_id="15" sentence="0" number="14">cuts</token>
  <token t_id="16" sentence="0" number="15">-</token>
  <token t_id="17" sentence="0" number="16">partially</token>
  <token t_id="18" sentence="0" number="17">-</token>
  <token t_id="19" sentence="0" number="18">block</token>
  <token t_id="20" sentence="0" number="19">-</token>
  <token t_id="21" sentence="0" number="20">internet</token>
  <token t_id="22" sentence="0" number="21">-</token>
  <token t_id="23" sentence="0" number="22">mobile</token>
  <token t_id="24" sentence="0" number="23">-</token>
  <token t_id="25" sentence="0" number="24">services</token>
  <token t_id="26" sentence="0" number="25">-</token>
  <token t_id="27" sentence="0" number="26">some</token>
  <token t_id="28" sentence="0" number="27">-</token>
  <token t_id="29" sentence="0" number="28">areas</token>
  <token t_id="30" sentence="1" number="0">Cable</token>
  <token t_id="31" sentence="1" number="1">cuts</token>
  <token t_id="32" sentence="1" number="2">partially</token>
  <token t_id="33" sentence="1" number="3">block</token>
  <token t_id="34" sentence="1" number="4">internet</token>
  <token t_id="35" sentence="1" number="5">,</token>
  <token t_id="36" sentence="1" number="6">mobile</token>
  <token t_id="37" sentence="1" number="7">services</token>
  <token t_id="38" sentence="1" number="8">in</token>
  <token t_id="39" sentence="1" number="9">some</token>
  <token t_id="40" sentence="1" number="10">areas</token>
  <token t_id="41" sentence="2" number="0">On</token>
  <token t_id="42" sentence="2" number="1">Tue</token>
  <token t_id="43" sentence="2" number="2">,</token>
  <token t_id="44" sentence="2" number="3">16</token>
  <token t_id="45" sentence="2" number="4">/</token>
  <token t_id="46" sentence="2" number="5">08</token>
  <token t_id="47" sentence="2" number="6">/</token>
  <token t_id="48" sentence="2" number="7">2011</token>
  <token t_id="49" sentence="2" number="8">-</token>
  <token t_id="50" sentence="2" number="9">13</token>
  <token t_id="51" sentence="2" number="10">:</token>
  <token t_id="52" sentence="2" number="11">42</token>
  <token t_id="53" sentence="3" number="0">An</token>
  <token t_id="54" sentence="3" number="1">undersea</token>
  <token t_id="55" sentence="3" number="2">telecommunications</token>
  <token t_id="56" sentence="3" number="3">cable</token>
  <token t_id="57" sentence="3" number="4">cut</token>
  <token t_id="58" sentence="3" number="5">on</token>
  <token t_id="59" sentence="3" number="6">Tuesday</token>
  <token t_id="60" sentence="3" number="7">partially</token>
  <token t_id="61" sentence="3" number="8">blocked</token>
  <token t_id="62" sentence="3" number="9">internet</token>
  <token t_id="63" sentence="3" number="10">and</token>
  <token t_id="64" sentence="3" number="11">mobile</token>
  <token t_id="65" sentence="3" number="12">services</token>
  <token t_id="66" sentence="3" number="13">in</token>
  <token t_id="67" sentence="3" number="14">Alexandria</token>
  <token t_id="68" sentence="3" number="15">and</token>
  <token t_id="69" sentence="3" number="16">some</token>
  <token t_id="70" sentence="3" number="17">other</token>
  <token t_id="71" sentence="3" number="18">governorates</token>
  <token t_id="72" sentence="3" number="19">.</token>
  <token t_id="73" sentence="4" number="0">The</token>
  <token t_id="74" sentence="4" number="1">cable</token>
  <token t_id="75" sentence="4" number="2">cut</token>
  <token t_id="76" sentence="4" number="3">happened</token>
  <token t_id="77" sentence="4" number="4">around</token>
  <token t_id="78" sentence="4" number="5">the</token>
  <token t_id="79" sentence="4" number="6">same</token>
  <token t_id="80" sentence="4" number="7">time</token>
  <token t_id="81" sentence="4" number="8">that</token>
  <token t_id="82" sentence="4" number="9">a</token>
  <token t_id="83" sentence="4" number="10">different</token>
  <token t_id="84" sentence="4" number="11">cable</token>
  <token t_id="85" sentence="4" number="12">,</token>
  <token t_id="86" sentence="4" number="13">owned</token>
  <token t_id="87" sentence="4" number="14">by</token>
  <token t_id="88" sentence="4" number="15">Telecom</token>
  <token t_id="89" sentence="4" number="16">Egypt</token>
  <token t_id="90" sentence="4" number="17">,</token>
  <token t_id="91" sentence="4" number="18">was</token>
  <token t_id="92" sentence="4" number="19">cut</token>
  <token t_id="93" sentence="4" number="20">that</token>
  <token t_id="94" sentence="4" number="21">also</token>
  <token t_id="95" sentence="4" number="22">affected</token>
  <token t_id="96" sentence="4" number="23">services</token>
  <token t_id="97" sentence="4" number="24">,</token>
  <token t_id="98" sentence="4" number="25">Egyptian</token>
  <token t_id="99" sentence="4" number="26">authorities</token>
  <token t_id="100" sentence="4" number="27">said</token>
  <token t_id="101" sentence="4" number="28">.</token>
  <token t_id="102" sentence="5" number="0">Mahmoud</token>
  <token t_id="103" sentence="5" number="1">al</token>
  <token t_id="104" sentence="5" number="2">-</token>
  <token t_id="105" sentence="5" number="3">Goweiny</token>
  <token t_id="106" sentence="5" number="4">,</token>
  <token t_id="107" sentence="5" number="5">a</token>
  <token t_id="108" sentence="5" number="6">member</token>
  <token t_id="109" sentence="5" number="7">of</token>
  <token t_id="110" sentence="5" number="8">the</token>
  <token t_id="111" sentence="5" number="9">National</token>
  <token t_id="112" sentence="5" number="10">Telecommunications</token>
  <token t_id="113" sentence="5" number="11">Regulatory</token>
  <token t_id="114" sentence="5" number="12">Authority's</token>
  <token t_id="115" sentence="5" number="13">board</token>
  <token t_id="116" sentence="5" number="14">of</token>
  <token t_id="117" sentence="5" number="15">directors</token>
  <token t_id="118" sentence="5" number="16">,</token>
  <token t_id="119" sentence="5" number="17">told</token>
  <token t_id="120" sentence="5" number="18">Al</token>
  <token t_id="121" sentence="5" number="19">-</token>
  <token t_id="122" sentence="5" number="20">Masry</token>
  <token t_id="123" sentence="5" number="21">Al</token>
  <token t_id="124" sentence="5" number="22">-</token>
  <token t_id="125" sentence="5" number="23">Youm</token>
  <token t_id="126" sentence="5" number="24">that</token>
  <token t_id="127" sentence="5" number="25">this</token>
  <token t_id="128" sentence="5" number="26">particular</token>
  <token t_id="129" sentence="5" number="27">undersea</token>
  <token t_id="130" sentence="5" number="28">cable</token>
  <token t_id="131" sentence="5" number="29">has</token>
  <token t_id="132" sentence="5" number="30">frequently</token>
  <token t_id="133" sentence="5" number="31">malfunctioned</token>
  <token t_id="134" sentence="5" number="32">since</token>
  <token t_id="135" sentence="5" number="33">late</token>
  <token t_id="136" sentence="5" number="34">2007</token>
  <token t_id="137" sentence="5" number="35">.</token>
  <token t_id="138" sentence="6" number="0">Ahmed</token>
  <token t_id="139" sentence="6" number="1">Osama</token>
  <token t_id="140" sentence="6" number="2">,</token>
  <token t_id="141" sentence="6" number="3">deputy</token>
  <token t_id="142" sentence="6" number="4">executive</token>
  <token t_id="143" sentence="6" number="5">director</token>
  <token t_id="144" sentence="6" number="6">of</token>
  <token t_id="145" sentence="6" number="7">Telecom</token>
  <token t_id="146" sentence="6" number="8">Egypt</token>
  <token t_id="147" sentence="6" number="9">,</token>
  <token t_id="148" sentence="6" number="10">said</token>
  <token t_id="149" sentence="6" number="11">the</token>
  <token t_id="150" sentence="6" number="12">cable</token>
  <token t_id="151" sentence="6" number="13">passes</token>
  <token t_id="152" sentence="6" number="14">through</token>
  <token t_id="153" sentence="6" number="15">Egypt</token>
  <token t_id="154" sentence="6" number="16">from</token>
  <token t_id="155" sentence="6" number="17">Europe</token>
  <token t_id="156" sentence="6" number="18">and</token>
  <token t_id="157" sentence="6" number="19">reaches</token>
  <token t_id="158" sentence="6" number="20">Asia</token>
  <token t_id="159" sentence="6" number="21">.</token>
  <token t_id="160" sentence="7" number="0">Osama</token>
  <token t_id="161" sentence="7" number="1">said</token>
  <token t_id="162" sentence="7" number="2">the</token>
  <token t_id="163" sentence="7" number="3">cut's</token>
  <token t_id="164" sentence="7" number="4">effect</token>
  <token t_id="165" sentence="7" number="5">in</token>
  <token t_id="166" sentence="7" number="6">Egypt</token>
  <token t_id="167" sentence="7" number="7">was</token>
  <token t_id="168" sentence="7" number="8">limited</token>
  <token t_id="169" sentence="7" number="9">,</token>
  <token t_id="170" sentence="7" number="10">and</token>
  <token t_id="171" sentence="7" number="11">there</token>
  <token t_id="172" sentence="7" number="12">haven't</token>
  <token t_id="173" sentence="7" number="13">been</token>
  <token t_id="174" sentence="7" number="14">clear</token>
  <token t_id="175" sentence="7" number="15">reports</token>
  <token t_id="176" sentence="7" number="16">about</token>
  <token t_id="177" sentence="7" number="17">a</token>
  <token t_id="178" sentence="7" number="18">cause</token>
  <token t_id="179" sentence="7" number="19">.</token>
  <token t_id="180" sentence="8" number="0">"Some</token>
  <token t_id="181" sentence="8" number="1">internet</token>
  <token t_id="182" sentence="8" number="2">users</token>
  <token t_id="183" sentence="8" number="3">suffered</token>
  <token t_id="184" sentence="8" number="4">problems</token>
  <token t_id="185" sentence="8" number="5">with</token>
  <token t_id="186" sentence="8" number="6">internet</token>
  <token t_id="187" sentence="8" number="7">and</token>
  <token t_id="188" sentence="8" number="8">mobile</token>
  <token t_id="189" sentence="8" number="9">services</token>
  <token t_id="190" sentence="8" number="10">,</token>
  <token t_id="191" sentence="8" number="11">Osama</token>
  <token t_id="192" sentence="8" number="12">noted</token>
  <token t_id="193" sentence="8" number="13">.</token>
  <token t_id="194" sentence="9" number="0">Osama</token>
  <token t_id="195" sentence="9" number="1">attributed</token>
  <token t_id="196" sentence="9" number="2">these</token>
  <token t_id="197" sentence="9" number="3">problems</token>
  <token t_id="198" sentence="9" number="4">to</token>
  <token t_id="199" sentence="9" number="5">the</token>
  <token t_id="200" sentence="9" number="6">Telecom</token>
  <token t_id="201" sentence="9" number="7">Egypt</token>
  <token t_id="202" sentence="9" number="8">cable</token>
  <token t_id="203" sentence="9" number="9">cut</token>
  <token t_id="204" sentence="9" number="10">,</token>
  <token t_id="205" sentence="9" number="11">which</token>
  <token t_id="206" sentence="9" number="12">affected</token>
  <token t_id="207" sentence="9" number="13">Etisalat</token>
  <token t_id="208" sentence="9" number="14">Egypt</token>
  <token t_id="209" sentence="9" number="15">and</token>
  <token t_id="210" sentence="9" number="16">LINKdotNET</token>
  <token t_id="211" sentence="9" number="17">,</token>
  <token t_id="212" sentence="9" number="18">two</token>
  <token t_id="213" sentence="9" number="19">of</token>
  <token t_id="214" sentence="9" number="20">Egypt's</token>
  <token t_id="215" sentence="9" number="21">largest</token>
  <token t_id="216" sentence="9" number="22">internet</token>
  <token t_id="217" sentence="9" number="23">services</token>
  <token t_id="218" sentence="9" number="24">providers</token>
  <token t_id="219" sentence="9" number="25">.</token>
  <token t_id="220" sentence="10" number="0">No</token>
  <token t_id="221" sentence="10" number="1">further</token>
  <token t_id="222" sentence="10" number="2">details</token>
  <token t_id="223" sentence="10" number="3">were</token>
  <token t_id="224" sentence="10" number="4">reported</token>
  <token t_id="225" sentence="10" number="5">about</token>
  <token t_id="226" sentence="10" number="6">the</token>
  <token t_id="227" sentence="10" number="7">effects</token>
  <token t_id="228" sentence="10" number="8">of</token>
  <token t_id="229" sentence="10" number="9">the</token>
  <token t_id="230" sentence="10" number="10">cuts</token>
  <token t_id="231" sentence="10" number="11">.</token>
  <Markables>
    <ACTION_OCCURRENCE m_id="1" comment="" climaxEvent="FALSE">
      <token_anchor t_id="86"/>
      <token_anchor t_id="87"/>
    </ACTION_OCCURRENCE>
    <ACTION_OCCURRENCE m_id="2" comment="" climaxEvent="FALSE">
      <token_anchor t_id="92"/>
    </ACTION_OCCURRENCE>
    <ACTION_OCCURRENCE m_id="3" comment="" climaxEvent="FALSE">
      <token_anchor t_id="95"/>
    </ACTION_OCCURRENCE>
    <ACTION_OCCURRENCE m_id="4" comment="" climaxEvent="FALSE">
      <token_anchor t_id="133"/>
    </ACTION_OCCURRENCE>
    <ACTION_OCCURRENCE m_id="5" comment="" climaxEvent="FALSE">
      <token_anchor t_id="151"/>
    </ACTION_OCCURRENCE>
    <ACTION_OCCURRENCE m_id="6" comment="" climaxEvent="FALSE">
      <token_anchor t_id="195"/>
    </ACTION_OCCURRENCE>
    <ACTION_OCCURRENCE m_id="7" comment="" climaxEvent="FALSE">
      <token_anchor t_id="202"/>
      <token_anchor t_id="203"/>
    </ACTION_OCCURRENCE>
    <ACTION_OCCURRENCE m_id="8" comment="" climaxEvent="FALSE">
      <token_anchor t_id="206"/>
    </ACTION_OCCURRENCE>
    <ACTION_OCCURRENCE m_id="9" climaxEvent="TRUE" comment="">
      <token_anchor t_id="31"/>
    </ACTION_OCCURRENCE>
    <ACTION_OCCURRENCE m_id="10" comment="" climaxEvent="FALSE">
      <token_anchor t_id="75"/>
    </ACTION_OCCURRENCE>
    <ACTION_OCCURRENCE m_id="11" comment="" climaxEvent="FALSE">
      <token_anchor t_id="57"/>
    </ACTION_OCCURRENCE>
    <ACTION_OCCURRENCE m_id="12" comment="" climaxEvent="FALSE">
      <token_anchor t_id="186"/>
      <token_anchor t_id="187"/>
      <token_anchor t_id="188"/>
      <token_anchor t_id="189"/>
    </ACTION_OCCURRENCE>
    <ACTION_OCCURRENCE m_id="13" comment="" climaxEvent="FALSE">
      <token_anchor t_id="184"/>
    </ACTION_OCCURRENCE>
    <ACTION_OCCURRENCE m_id="14" comment="" climaxEvent="FALSE">
      <token_anchor t_id="197"/>
    </ACTION_OCCURRENCE>
    <ACTION_OCCURRENCE m_id="15" comment="" climaxEvent="FALSE">
      <token_anchor t_id="183"/>
    </ACTION_OCCURRENCE>
    <ACTION_OCCURRENCE m_id="16" comment="" climaxEvent="FALSE">
      <token_anchor t_id="163"/>
    </ACTION_OCCURRENCE>
    <ACTION_OCCURRENCE m_id="17" comment="" climaxEvent="FALSE">
      <token_anchor t_id="164"/>
    </ACTION_OCCURRENCE>
    <ACTION_OCCURRENCE m_id="18" comment="" climaxEvent="FALSE">
      <token_anchor t_id="33"/>
    </ACTION_OCCURRENCE>
    <ACTION_OCCURRENCE m_id="19" comment="" climaxEvent="FALSE">
      <token_anchor t_id="168"/>
    </ACTION_OCCURRENCE>
    <ACTION_OCCURRENCE m_id="20" comment="" climaxEvent="FALSE">
      <token_anchor t_id="61"/>
    </ACTION_OCCURRENCE>
    <ACTION_OCCURRENCE m_id="54" comment="" climaxEvent="FALSE">
      <token_anchor t_id="96"/>
    </ACTION_OCCURRENCE>
    <ACTION_OCCURRENCE m_id="56" comment="" climaxEvent="FALSE">
      <token_anchor t_id="37"/>
    </ACTION_OCCURRENCE>
    <ACTION_OCCURRENCE m_id="57" comment="" climaxEvent="FALSE">
      <token_anchor t_id="65"/>
    </ACTION_OCCURRENCE>
    <ACTION_REPORTING m_id="21">
      <token_anchor t_id="100"/>
    </ACTION_REPORTING>
    <ACTION_REPORTING m_id="22">
      <token_anchor t_id="119"/>
    </ACTION_REPORTING>
    <ACTION_REPORTING m_id="23">
      <token_anchor t_id="148"/>
    </ACTION_REPORTING>
    <ACTION_REPORTING m_id="24">
      <token_anchor t_id="161"/>
    </ACTION_REPORTING>
    <ACTION_REPORTING m_id="25">
      <token_anchor t_id="192"/>
    </ACTION_REPORTING>
    <HUMAN_PART_ORG m_id="29">
      <token_anchor t_id="145"/>
      <token_anchor t_id="146"/>
    </HUMAN_PART_ORG>
    <HUMAN_PART_ORG m_id="30">
      <token_anchor t_id="200"/>
      <token_anchor t_id="201"/>
    </HUMAN_PART_ORG>
    <HUMAN_PART_ORG m_id="31">
      <token_anchor t_id="207"/>
      <token_anchor t_id="208"/>
    </HUMAN_PART_ORG>
    <HUMAN_PART_ORG m_id="32">
      <token_anchor t_id="210"/>
    </HUMAN_PART_ORG>
    <HUMAN_PART_ORG m_id="26">
      <token_anchor t_id="216"/>
      <token_anchor t_id="217"/>
      <token_anchor t_id="218"/>
    </HUMAN_PART_ORG>
    <HUMAN_PART_ORG m_id="27">
      <token_anchor t_id="88"/>
      <token_anchor t_id="89"/>
    </HUMAN_PART_ORG>
    <HUMAN_PART_ORG m_id="28">
      <token_anchor t_id="120"/>
      <token_anchor t_id="121"/>
      <token_anchor t_id="122"/>
      <token_anchor t_id="123"/>
      <token_anchor t_id="124"/>
      <token_anchor t_id="125"/>
    </HUMAN_PART_ORG>
    <HUMAN_PART_PER m_id="33" comment="">
      <token_anchor t_id="160"/>
    </HUMAN_PART_PER>
    <HUMAN_PART_PER m_id="34" comment="">
      <token_anchor t_id="194"/>
    </HUMAN_PART_PER>
    <HUMAN_PART_PER m_id="35" comment="">
      <token_anchor t_id="181"/>
      <token_anchor t_id="182"/>
    </HUMAN_PART_PER>
    <HUMAN_PART_PER m_id="36" comment="">
      <token_anchor t_id="191"/>
    </HUMAN_PART_PER>
    <HUMAN_PART_PER m_id="37" comment="">
      <token_anchor t_id="138"/>
      <token_anchor t_id="139"/>
    </HUMAN_PART_PER>
    <HUMAN_PART_PER m_id="38" comment="">
      <token_anchor t_id="102"/>
      <token_anchor t_id="103"/>
      <token_anchor t_id="104"/>
      <token_anchor t_id="105"/>
    </HUMAN_PART_PER>
    <HUMAN_PART_PER m_id="39" comment="">
      <token_anchor t_id="98"/>
      <token_anchor t_id="99"/>
    </HUMAN_PART_PER>
    <LOC_GEO m_id="40" comment="">
      <token_anchor t_id="66"/>
      <token_anchor t_id="67"/>
      <token_anchor t_id="68"/>
      <token_anchor t_id="69"/>
      <token_anchor t_id="70"/>
      <token_anchor t_id="71"/>
    </LOC_GEO>
    <LOC_GEO m_id="41" comment="">
      <token_anchor t_id="152"/>
      <token_anchor t_id="153"/>
      <token_anchor t_id="154"/>
      <token_anchor t_id="155"/>
      <token_anchor t_id="156"/>
      <token_anchor t_id="157"/>
      <token_anchor t_id="158"/>
    </LOC_GEO>
    <LOC_GEO m_id="42" comment="">
      <token_anchor t_id="165"/>
      <token_anchor t_id="166"/>
    </LOC_GEO>
    <LOC_GEO m_id="55" comment="">
      <token_anchor t_id="38"/>
      <token_anchor t_id="39"/>
      <token_anchor t_id="40"/>
    </LOC_GEO>
    <NEG_ACTION_CAUSATIVE m_id="43">
      <token_anchor t_id="178"/>
    </NEG_ACTION_CAUSATIVE>
    <NEG_ACTION_REPORTING m_id="44">
      <token_anchor t_id="175"/>
    </NEG_ACTION_REPORTING>
    <NON_HUMAN_PART m_id="45" comment="">
      <token_anchor t_id="150"/>
    </NON_HUMAN_PART>
    <NON_HUMAN_PART m_id="46" comment="">
      <token_anchor t_id="30"/>
    </NON_HUMAN_PART>
    <NON_HUMAN_PART m_id="47" comment="">
      <token_anchor t_id="74"/>
    </NON_HUMAN_PART>
    <NON_HUMAN_PART m_id="48" comment="">
      <token_anchor t_id="56"/>
    </NON_HUMAN_PART>
    <NON_HUMAN_PART m_id="49" comment="">
      <token_anchor t_id="84"/>
    </NON_HUMAN_PART>
    <NON_HUMAN_PART m_id="50" comment="">
      <token_anchor t_id="129"/>
      <token_anchor t_id="130"/>
    </NON_HUMAN_PART>
    <TIME_DATE m_id="51" comment="" DCT="FALSE" value="2011-08-16" anchorTimeID="53">
      <token_anchor t_id="58"/>
      <token_anchor t_id="59"/>
    </TIME_DATE>
    <TIME_DATE m_id="52" comment="" DCT="FALSE" value="2007" anchorTimeID="">
      <token_anchor t_id="134"/>
      <token_anchor t_id="135"/>
      <token_anchor t_id="136"/>
    </TIME_DATE>
    <TIME_OF_THE_DAY m_id="53" DCT="TRUE" value="2011-08-16T13:42" anchorTimeID="">
      <token_anchor t_id="41"/>
      <token_anchor t_id="42"/>
      <token_anchor t_id="43"/>
      <token_anchor t_id="44"/>
      <token_anchor t_id="45"/>
      <token_anchor t_id="46"/>
      <token_anchor t_id="47"/>
      <token_anchor t_id="48"/>
      <token_anchor t_id="49"/>
      <token_anchor t_id="50"/>
      <token_anchor t_id="51"/>
      <token_anchor t_id="52"/>
    </TIME_OF_THE_DAY>
    <ACTION_OCCURRENCE m_id="58" RELATED_TO="" TAG_DESCRIPTOR="t30_egypt_cable_break" comment="" climaxEvent="FALSE"/>
    <ACTION_OCCURRENCE m_id="59" RELATED_TO="" TAG_DESCRIPTOR="t30_egypt_communications" comment="" climaxEvent="FALSE"/>
    <ACTION_OCCURRENCE m_id="60" RELATED_TO="" TAG_DESCRIPTOR="t30_affecting_services" comment="" climaxEvent="FALSE"/>
    <HUMAN_PART_ORG m_id="61" RELATED_TO="" TAG_DESCRIPTOR="t30_telecom_egypt"/>
    <TIME_DATE m_id="62" RELATED_TO="" TAG_DESCRIPTOR="t30_tue_egypt_cut" value="" anchorTimeID="" DCT="FALSE" comment=""/>
    <ACTION_OCCURRENCE m_id="63" RELATED_TO="" TAG_DESCRIPTOR="t30_egypt_communications_disrupted" comment="" climaxEvent="FALSE"/>
    <LOC_GEO m_id="64" RELATED_TO="" TAG_DESCRIPTOR="t30_egypt_area" comment=""/>
    <NON_HUMAN_PART m_id="65" RELATED_TO="" TAG_DESCRIPTOR="t30_egypt_cable" comment=""/>
  </Markables>
  <Relations>
    <TLINK r_id="155866" contextualModality="" relType="AFTER" comment="">
      <source m_id="53"/>
      <target m_id="9"/>
    </TLINK>
    <TLINK r_id="155867" contextualModality="" relType="AFTER" comment="">
      <source m_id="53"/>
      <target m_id="18"/>
    </TLINK>
    <TLINK r_id="155868" contextualModality="" relType="OVERLAP" comment="">
      <source m_id="53"/>
      <target m_id="56"/>
    </TLINK>
    <TLINK r_id="155869" contextualModality="" relType="AFTER" comment="">
      <source m_id="53"/>
      <target m_id="11"/>
    </TLINK>
    <TLINK r_id="155870" contextualModality="" relType="AFTER" comment="">
      <source m_id="53"/>
      <target m_id="20"/>
    </TLINK>
    <TLINK r_id="155871" contextualModality="" relType="OVERLAP" comment="">
      <source m_id="53"/>
      <target m_id="57"/>
    </TLINK>
    <TLINK r_id="155872" contextualModality="" relType="AFTER" comment="">
      <source m_id="53"/>
      <target m_id="10"/>
    </TLINK>
    <TLINK r_id="155873" contextualModality="" relType="OVERLAP" comment="">
      <source m_id="53"/>
      <target m_id="1"/>
    </TLINK>
    <TLINK r_id="155874" contextualModality="" relType="AFTER" comment="">
      <source m_id="53"/>
      <target m_id="2"/>
    </TLINK>
    <TLINK r_id="155875" contextualModality="" relType="AFTER" comment="">
      <source m_id="53"/>
      <target m_id="3"/>
    </TLINK>
    <TLINK r_id="155876" contextualModality="" relType="AFTER" comment="">
      <source m_id="53"/>
      <target m_id="54"/>
    </TLINK>
    <TLINK r_id="155877" contextualModality="" relType="AFTER" comment="">
      <source m_id="53"/>
      <target m_id="4"/>
    </TLINK>
    <TLINK r_id="155878" contextualModality="" relType="OVERLAP" comment="">
      <source m_id="53"/>
      <target m_id="5"/>
    </TLINK>
    <TLINK r_id="155879" contextualModality="" relType="AFTER" comment="">
      <source m_id="53"/>
      <target m_id="16"/>
    </TLINK>
    <TLINK r_id="155880" contextualModality="" relType="AFTER" comment="">
      <source m_id="53"/>
      <target m_id="17"/>
    </TLINK>
    <TLINK r_id="155881" contextualModality="" relType="AFTER" comment="">
      <source m_id="53"/>
      <target m_id="19"/>
    </TLINK>
    <TLINK r_id="155882" contextualModality="" relType="AFTER" comment="">
      <source m_id="53"/>
      <target m_id="44"/>
    </TLINK>
    <TLINK r_id="155883" contextualModality="" relType="AFTER" comment="">
      <source m_id="53"/>
      <target m_id="43"/>
    </TLINK>
    <TLINK r_id="155884" contextualModality="" relType="AFTER" comment="">
      <source m_id="53"/>
      <target m_id="15"/>
    </TLINK>
    <TLINK r_id="155885" contextualModality="" relType="AFTER" comment="">
      <source m_id="53"/>
      <target m_id="13"/>
    </TLINK>
    <TLINK r_id="155886" contextualModality="" relType="AFTER" comment="">
      <source m_id="53"/>
      <target m_id="12"/>
    </TLINK>
    <TLINK r_id="155887" contextualModality="" relType="AFTER" comment="">
      <source m_id="53"/>
      <target m_id="6"/>
    </TLINK>
    <TLINK r_id="155888" contextualModality="" relType="OVERLAP" comment="">
      <source m_id="53"/>
      <target m_id="14"/>
    </TLINK>
    <TLINK r_id="155889" contextualModality="" relType="AFTER" comment="">
      <source m_id="53"/>
      <target m_id="7"/>
    </TLINK>
    <TLINK r_id="155890" contextualModality="" relType="AFTER" comment="">
      <source m_id="53"/>
      <target m_id="8"/>
    </TLINK>
    <TLINK r_id="155891" contextualModality="" relType="CONTAINS" comment="">
      <source m_id="51"/>
      <target m_id="9"/>
    </TLINK>
    <TLINK r_id="155892" contextualModality="" relType="CONTAINS" comment="">
      <source m_id="51"/>
      <target m_id="18"/>
    </TLINK>
    <TLINK r_id="155893" contextualModality="" relType="OVERLAP" comment="">
      <source m_id="51"/>
      <target m_id="56"/>
    </TLINK>
    <TLINK r_id="155894" contextualModality="" relType="CONTAINS" comment="">
      <source m_id="51"/>
      <target m_id="11"/>
    </TLINK>
    <TLINK r_id="155895" contextualModality="" relType="CONTAINS" comment="">
      <source m_id="51"/>
      <target m_id="20"/>
    </TLINK>
    <TLINK r_id="155896" contextualModality="" relType="OVERLAP" comment="">
      <source m_id="51"/>
      <target m_id="57"/>
    </TLINK>
    <TLINK r_id="155897" contextualModality="" relType="CONTAINS" comment="">
      <source m_id="51"/>
      <target m_id="10"/>
    </TLINK>
    <TLINK r_id="155898" contextualModality="" relType="OVERLAP" comment="">
      <source m_id="51"/>
      <target m_id="1"/>
    </TLINK>
    <TLINK r_id="155899" contextualModality="" relType="CONTAINS" comment="">
      <source m_id="51"/>
      <target m_id="2"/>
    </TLINK>
    <TLINK r_id="155900" contextualModality="" relType="CONTAINS" comment="">
      <source m_id="51"/>
      <target m_id="3"/>
    </TLINK>
    <TLINK r_id="155901" contextualModality="" relType="OVERLAP" comment="">
      <source m_id="51"/>
      <target m_id="54"/>
    </TLINK>
    <TLINK r_id="155902" contextualModality="" relType="BEGUN_ON" comment="">
      <source m_id="52"/>
      <target m_id="4"/>
    </TLINK>
    <TLINK r_id="155903" contextualModality="" relType="CONTAINS" comment="">
      <source m_id="51"/>
      <target m_id="16"/>
    </TLINK>
    <TLINK r_id="155904" contextualModality="" relType="CONTAINS" comment="">
      <source m_id="51"/>
      <target m_id="17"/>
    </TLINK>
    <TLINK r_id="155905" contextualModality="" relType="CONTAINS" comment="">
      <source m_id="51"/>
      <target m_id="19"/>
    </TLINK>
    <TLINK r_id="155906" contextualModality="" relType="CONTAINS" comment="">
      <source m_id="51"/>
      <target m_id="44"/>
    </TLINK>
    <TLINK r_id="155907" contextualModality="" relType="CONTAINS" comment="">
      <source m_id="51"/>
      <target m_id="43"/>
    </TLINK>
    <TLINK r_id="155908" contextualModality="" relType="CONTAINS" comment="">
      <source m_id="51"/>
      <target m_id="15"/>
    </TLINK>
    <TLINK r_id="155909" contextualModality="" relType="CONTAINS" comment="">
      <source m_id="51"/>
      <target m_id="13"/>
    </TLINK>
    <TLINK r_id="155913" contextualModality="" relType="CONTAINS" comment="">
      <source m_id="51"/>
      <target m_id="7"/>
    </TLINK>
    <TLINK r_id="155914" contextualModality="" relType="CONTAINS" comment="">
      <source m_id="51"/>
      <target m_id="8"/>
    </TLINK>
    <PLOT_LINK r_id="155915" SIGNAL="" relType="PRECONDITION" CAUSES="FALSE" CAUSED_BY="FALSE">
      <source m_id="9"/>
      <target m_id="18"/>
    </PLOT_LINK>
    <PLOT_LINK r_id="155916" SIGNAL="" relType="PRECONDITION" CAUSES="FALSE" CAUSED_BY="FALSE">
      <source m_id="11"/>
      <target m_id="20"/>
    </PLOT_LINK>
    <PLOT_LINK r_id="155917" SIGNAL="" relType="PRECONDITION" CAUSES="FALSE" CAUSED_BY="FALSE">
      <source m_id="2"/>
      <target m_id="3"/>
    </PLOT_LINK>
    <PLOT_LINK r_id="155918" SIGNAL="" relType="PRECONDITION" CAUSES="FALSE" CAUSED_BY="FALSE">
      <source m_id="10"/>
      <target m_id="3"/>
    </PLOT_LINK>
    <PLOT_LINK r_id="155920" SIGNAL="" relType="FALLING_ACTION" CAUSES="FALSE" CAUSED_BY="FALSE">
      <source m_id="10"/>
      <target m_id="43"/>
    </PLOT_LINK>
    <PLOT_LINK r_id="155921" SIGNAL="" relType="PRECONDITION" CAUSES="FALSE" CAUSED_BY="FALSE">
      <source m_id="17"/>
      <target m_id="13"/>
    </PLOT_LINK>
    <PLOT_LINK r_id="155922" SIGNAL="" relType="PRECONDITION" CAUSES="FALSE" CAUSED_BY="FALSE">
      <source m_id="10"/>
      <target m_id="13"/>
    </PLOT_LINK>
    <PLOT_LINK r_id="155923" SIGNAL="" relType="PRECONDITION" CAUSES="FALSE" CAUSED_BY="FALSE">
      <source m_id="2"/>
      <target m_id="13"/>
    </PLOT_LINK>
    <PLOT_LINK r_id="155924" SIGNAL="" relType="FALLING_ACTION" CAUSES="FALSE" CAUSED_BY="FALSE">
      <source m_id="2"/>
      <target m_id="43"/>
    </PLOT_LINK>
    <PLOT_LINK r_id="155925" SIGNAL="" relType="FALLING_ACTION" CAUSES="FALSE" CAUSED_BY="FALSE">
      <source m_id="14"/>
      <target m_id="7"/>
    </PLOT_LINK>
    <PLOT_LINK r_id="155926" SIGNAL="" relType="PRECONDITION" CAUSES="FALSE" CAUSED_BY="FALSE">
      <source m_id="7"/>
      <target m_id="8"/>
    </PLOT_LINK>
  </Relations>
</Document>
