<?xml version='1.0' encoding='UTF-8'?>
<Document doc_name="30_8ecbplus.xml">
  <token t_id="1" sentence="0" number="0">http</token>
  <token t_id="2" sentence="0" number="1">:</token>
  <token t_id="3" sentence="0" number="2">/</token>
  <token t_id="4" sentence="0" number="3">/</token>
  <token t_id="5" sentence="0" number="4">mybroadband</token>
  <token t_id="6" sentence="0" number="5">.</token>
  <token t_id="7" sentence="0" number="6">co</token>
  <token t_id="8" sentence="0" number="7">.</token>
  <token t_id="9" sentence="0" number="8">za</token>
  <token t_id="10" sentence="0" number="9">/</token>
  <token t_id="11" sentence="0" number="10">news</token>
  <token t_id="12" sentence="0" number="11">/</token>
  <token t_id="13" sentence="0" number="12">telecoms</token>
  <token t_id="14" sentence="0" number="13">/</token>
  <token t_id="15" sentence="0" number="14">35702</token>
  <token t_id="16" sentence="0" number="15">-</token>
  <token t_id="17" sentence="0" number="16">seacom</token>
  <token t_id="18" sentence="0" number="17">-</token>
  <token t_id="19" sentence="0" number="18">problems</token>
  <token t_id="20" sentence="0" number="19">-</token>
  <token t_id="21" sentence="0" number="20">only</token>
  <token t_id="22" sentence="0" number="21">-</token>
  <token t_id="23" sentence="0" number="22">resolved</token>
  <token t_id="24" sentence="0" number="23">-</token>
  <token t_id="25" sentence="0" number="24">next</token>
  <token t_id="26" sentence="0" number="25">-</token>
  <token t_id="27" sentence="0" number="26">week</token>
  <token t_id="28" sentence="0" number="27">.</token>
  <token t_id="29" sentence="0" number="28">html</token>
  <token t_id="30" sentence="1" number="0">SEACOM</token>
  <token t_id="31" sentence="1" number="1">problems</token>
  <token t_id="32" sentence="1" number="2">only</token>
  <token t_id="33" sentence="1" number="3">resolved</token>
  <token t_id="34" sentence="1" number="4">next</token>
  <token t_id="35" sentence="1" number="5">week</token>
  <token t_id="36" sentence="2" number="0">Initial</token>
  <token t_id="37" sentence="2" number="1">estimates</token>
  <token t_id="38" sentence="2" number="2">indicate</token>
  <token t_id="39" sentence="2" number="3">that</token>
  <token t_id="40" sentence="2" number="4">the</token>
  <token t_id="41" sentence="2" number="5">total</token>
  <token t_id="42" sentence="2" number="6">SEACOM</token>
  <token t_id="43" sentence="2" number="7">repair</token>
  <token t_id="44" sentence="2" number="8">time</token>
  <token t_id="45" sentence="2" number="9">will</token>
  <token t_id="46" sentence="2" number="10">be</token>
  <token t_id="47" sentence="2" number="11">around</token>
  <token t_id="48" sentence="2" number="12">twelve</token>
  <token t_id="49" sentence="2" number="13">days</token>
  <token t_id="50" sentence="3" number="0">October</token>
  <token t_id="51" sentence="3" number="1">10</token>
  <token t_id="52" sentence="3" number="2">,</token>
  <token t_id="53" sentence="3" number="3">2011</token>
  <token t_id="54" sentence="4" number="0">SEACOM</token>
  <token t_id="55" sentence="4" number="1">said</token>
  <token t_id="56" sentence="4" number="2">today</token>
  <token t_id="57" sentence="4" number="3">(</token>
  <token t_id="58" sentence="4" number="4">10</token>
  <token t_id="59" sentence="4" number="5">October</token>
  <token t_id="60" sentence="4" number="6">2011</token>
  <token t_id="61" sentence="4" number="7">)</token>
  <token t_id="62" sentence="4" number="8">that</token>
  <token t_id="63" sentence="4" number="9">the</token>
  <token t_id="64" sentence="4" number="10">total</token>
  <token t_id="65" sentence="4" number="11">repair</token>
  <token t_id="66" sentence="4" number="12">time</token>
  <token t_id="67" sentence="4" number="13">of</token>
  <token t_id="68" sentence="4" number="14">the</token>
  <token t_id="69" sentence="4" number="15">current</token>
  <token t_id="70" sentence="4" number="16">problems</token>
  <token t_id="71" sentence="4" number="17">they</token>
  <token t_id="72" sentence="4" number="18">experience</token>
  <token t_id="73" sentence="4" number="19">will</token>
  <token t_id="74" sentence="4" number="20">be</token>
  <token t_id="75" sentence="4" number="21">around</token>
  <token t_id="76" sentence="4" number="22">twelve</token>
  <token t_id="77" sentence="4" number="23">days</token>
  <token t_id="78" sentence="4" number="24">depending</token>
  <token t_id="79" sentence="4" number="25">on</token>
  <token t_id="80" sentence="4" number="26">weather</token>
  <token t_id="81" sentence="4" number="27">conditions</token>
  <token t_id="82" sentence="4" number="28">.</token>
  <token t_id="83" sentence="5" number="0">SEACOM</token>
  <token t_id="84" sentence="5" number="1">started</token>
  <token t_id="85" sentence="5" number="2">to</token>
  <token t_id="86" sentence="5" number="3">experience</token>
  <token t_id="87" sentence="5" number="4">problems</token>
  <token t_id="88" sentence="5" number="5">on</token>
  <token t_id="89" sentence="5" number="6">Saturday</token>
  <token t_id="90" sentence="5" number="7">8</token>
  <token t_id="91" sentence="5" number="8">October</token>
  <token t_id="92" sentence="5" number="9">2011</token>
  <token t_id="93" sentence="5" number="10">,</token>
  <token t_id="94" sentence="5" number="11">caused</token>
  <token t_id="95" sentence="5" number="12">by</token>
  <token t_id="96" sentence="5" number="13">a</token>
  <token t_id="97" sentence="5" number="14">problem</token>
  <token t_id="98" sentence="5" number="15">on</token>
  <token t_id="99" sentence="5" number="16">a</token>
  <token t_id="100" sentence="5" number="17">cable</token>
  <token t_id="101" sentence="5" number="18">between</token>
  <token t_id="102" sentence="5" number="19">Abu</token>
  <token t_id="103" sentence="5" number="20">Talat</token>
  <token t_id="104" sentence="5" number="21">(</token>
  <token t_id="105" sentence="5" number="22">Egypt</token>
  <token t_id="106" sentence="5" number="23">)</token>
  <token t_id="107" sentence="5" number="24">and</token>
  <token t_id="108" sentence="5" number="25">Marseilles</token>
  <token t_id="109" sentence="5" number="26">(</token>
  <token t_id="110" sentence="5" number="27">France</token>
  <token t_id="111" sentence="5" number="28">)</token>
  <token t_id="112" sentence="5" number="29">.</token>
  <token t_id="113" sentence="6" number="0">"Initial</token>
  <token t_id="114" sentence="6" number="1">estimates</token>
  <token t_id="115" sentence="6" number="2">indicate</token>
  <token t_id="116" sentence="6" number="3">that</token>
  <token t_id="117" sentence="6" number="4">the</token>
  <token t_id="118" sentence="6" number="5">total</token>
  <token t_id="119" sentence="6" number="6">repair</token>
  <token t_id="120" sentence="6" number="7">time</token>
  <token t_id="121" sentence="6" number="8">will</token>
  <token t_id="122" sentence="6" number="9">be</token>
  <token t_id="123" sentence="6" number="10">around</token>
  <token t_id="124" sentence="6" number="11">twelve</token>
  <token t_id="125" sentence="6" number="12">days</token>
  <token t_id="126" sentence="6" number="13">depending</token>
  <token t_id="127" sentence="6" number="14">on</token>
  <token t_id="128" sentence="6" number="15">weather</token>
  <token t_id="129" sentence="6" number="16">conditions</token>
  <token t_id="130" sentence="6" number="17">.</token>
  <token t_id="131" sentence="7" number="0">This</token>
  <token t_id="132" sentence="7" number="1">entails</token>
  <token t_id="133" sentence="7" number="2">gaining</token>
  <token t_id="134" sentence="7" number="3">the</token>
  <token t_id="135" sentence="7" number="4">necessary</token>
  <token t_id="136" sentence="7" number="5">permits</token>
  <token t_id="137" sentence="7" number="6">and</token>
  <token t_id="138" sentence="7" number="7">the</token>
  <token t_id="139" sentence="7" number="8">actual</token>
  <token t_id="140" sentence="7" number="9">repair</token>
  <token t_id="141" sentence="7" number="10">time</token>
  <token t_id="142" sentence="7" number="11">.</token>
  <token t_id="143" sentence="8" number="0">A</token>
  <token t_id="144" sentence="8" number="1">repair</token>
  <token t_id="145" sentence="8" number="2">vessel</token>
  <token t_id="146" sentence="8" number="3">has</token>
  <token t_id="147" sentence="8" number="4">been</token>
  <token t_id="148" sentence="8" number="5">notified</token>
  <token t_id="149" sentence="8" number="6">of</token>
  <token t_id="150" sentence="8" number="7">the</token>
  <token t_id="151" sentence="8" number="8">call</token>
  <token t_id="152" sentence="8" number="9">-</token>
  <token t_id="153" sentence="8" number="10">out</token>
  <token t_id="154" sentence="8" number="11">and</token>
  <token t_id="155" sentence="8" number="12">mobilization</token>
  <token t_id="156" sentence="8" number="13">will</token>
  <token t_id="157" sentence="8" number="14">occur</token>
  <token t_id="158" sentence="8" number="15">immediately</token>
  <token t_id="159" sentence="8" number="16">once</token>
  <token t_id="160" sentence="8" number="17">permits</token>
  <token t_id="161" sentence="8" number="18">are</token>
  <token t_id="162" sentence="8" number="19">received</token>
  <token t_id="163" sentence="8" number="20">,</token>
  <token t_id="164" sentence="8" number="21">"</token>
  <token t_id="165" sentence="8" number="22">SEACOM</token>
  <token t_id="166" sentence="8" number="23">said</token>
  <token t_id="167" sentence="8" number="24">in</token>
  <token t_id="168" sentence="8" number="25">an</token>
  <token t_id="169" sentence="8" number="26">official</token>
  <token t_id="170" sentence="8" number="27">statement</token>
  <token t_id="171" sentence="8" number="28">.</token>
  <token t_id="172" sentence="9" number="0">"The</token>
  <token t_id="173" sentence="9" number="1">outage</token>
  <token t_id="174" sentence="9" number="2">initially</token>
  <token t_id="175" sentence="9" number="3">affected</token>
  <token t_id="176" sentence="9" number="4">all</token>
  <token t_id="177" sentence="9" number="5">SEACOM</token>
  <token t_id="178" sentence="9" number="6">traffic</token>
  <token t_id="179" sentence="9" number="7">to</token>
  <token t_id="180" sentence="9" number="8">Europe</token>
  <token t_id="181" sentence="9" number="9">,</token>
  <token t_id="182" sentence="9" number="10">however</token>
  <token t_id="183" sentence="9" number="11">SEACOM</token>
  <token t_id="184" sentence="9" number="12">was</token>
  <token t_id="185" sentence="9" number="13">able</token>
  <token t_id="186" sentence="9" number="14">to</token>
  <token t_id="187" sentence="9" number="15">restore</token>
  <token t_id="188" sentence="9" number="16">some</token>
  <token t_id="189" sentence="9" number="17">services</token>
  <token t_id="190" sentence="9" number="18">by</token>
  <token t_id="191" sentence="9" number="19">Saturday</token>
  <token t_id="192" sentence="9" number="20">afternoon</token>
  <token t_id="193" sentence="9" number="21">.</token>
  <token t_id="194" sentence="9" number="22">"</token>
  <token t_id="195" sentence="10" number="0">"Further</token>
  <token t_id="196" sentence="10" number="1">restoration</token>
  <token t_id="197" sentence="10" number="2">has</token>
  <token t_id="198" sentence="10" number="3">continued</token>
  <token t_id="199" sentence="10" number="4">throughout</token>
  <token t_id="200" sentence="10" number="5">the</token>
  <token t_id="201" sentence="10" number="6">weekend</token>
  <token t_id="202" sentence="10" number="7">in</token>
  <token t_id="203" sentence="10" number="8">cooperation</token>
  <token t_id="204" sentence="10" number="9">with</token>
  <token t_id="205" sentence="10" number="10">customers</token>
  <token t_id="206" sentence="10" number="11">and</token>
  <token t_id="207" sentence="10" number="12">partners</token>
  <token t_id="208" sentence="10" number="13">and</token>
  <token t_id="209" sentence="10" number="14">SEACOM</token>
  <token t_id="210" sentence="10" number="15">will</token>
  <token t_id="211" sentence="10" number="16">continue</token>
  <token t_id="212" sentence="10" number="17">to</token>
  <token t_id="213" sentence="10" number="18">actively</token>
  <token t_id="214" sentence="10" number="19">work</token>
  <token t_id="215" sentence="10" number="20">on</token>
  <token t_id="216" sentence="10" number="21">securing</token>
  <token t_id="217" sentence="10" number="22">additional</token>
  <token t_id="218" sentence="10" number="23">capacity</token>
  <token t_id="219" sentence="10" number="24">for</token>
  <token t_id="220" sentence="10" number="25">all</token>
  <token t_id="221" sentence="10" number="26">necessary</token>
  <token t_id="222" sentence="10" number="27">services</token>
  <token t_id="223" sentence="10" number="28">over</token>
  <token t_id="224" sentence="10" number="29">the</token>
  <token t_id="225" sentence="10" number="30">next</token>
  <token t_id="226" sentence="10" number="31">day</token>
  <token t_id="227" sentence="10" number="32">or</token>
  <token t_id="228" sentence="10" number="33">two</token>
  <token t_id="229" sentence="10" number="34">.</token>
  <token t_id="230" sentence="10" number="35">"</token>
  <Markables>
    <ACTION_ASPECTUAL m_id="1" comment="">
      <token_anchor t_id="198"/>
    </ACTION_ASPECTUAL>
    <ACTION_ASPECTUAL m_id="2" comment="">
      <token_anchor t_id="211"/>
    </ACTION_ASPECTUAL>
    <ACTION_CAUSATIVE m_id="3">
      <token_anchor t_id="94"/>
    </ACTION_CAUSATIVE>
    <ACTION_OCCURRENCE m_id="29" climaxEvent="TRUE" comment="">
      <token_anchor t_id="33"/>
    </ACTION_OCCURRENCE>
    <ACTION_OCCURRENCE m_id="30" comment="" climaxEvent="FALSE">
      <token_anchor t_id="37"/>
    </ACTION_OCCURRENCE>
    <ACTION_OCCURRENCE m_id="4" comment="" climaxEvent="FALSE">
      <token_anchor t_id="38"/>
    </ACTION_OCCURRENCE>
    <ACTION_OCCURRENCE m_id="5" comment="" climaxEvent="FALSE">
      <token_anchor t_id="43"/>
      <token_anchor t_id="44"/>
    </ACTION_OCCURRENCE>
    <ACTION_OCCURRENCE m_id="6" comment="" climaxEvent="FALSE">
      <token_anchor t_id="70"/>
    </ACTION_OCCURRENCE>
    <ACTION_OCCURRENCE m_id="7" comment="" climaxEvent="FALSE">
      <token_anchor t_id="72"/>
    </ACTION_OCCURRENCE>
    <ACTION_OCCURRENCE m_id="8" comment="" climaxEvent="FALSE">
      <token_anchor t_id="78"/>
    </ACTION_OCCURRENCE>
    <ACTION_OCCURRENCE m_id="9" comment="" climaxEvent="FALSE">
      <token_anchor t_id="80"/>
      <token_anchor t_id="81"/>
    </ACTION_OCCURRENCE>
    <ACTION_OCCURRENCE m_id="10" comment="" climaxEvent="FALSE">
      <token_anchor t_id="86"/>
    </ACTION_OCCURRENCE>
    <ACTION_OCCURRENCE m_id="11" comment="" climaxEvent="FALSE">
      <token_anchor t_id="87"/>
    </ACTION_OCCURRENCE>
    <ACTION_OCCURRENCE m_id="12" comment="" climaxEvent="FALSE">
      <token_anchor t_id="97"/>
    </ACTION_OCCURRENCE>
    <ACTION_OCCURRENCE m_id="13" comment="" climaxEvent="FALSE">
      <token_anchor t_id="148"/>
    </ACTION_OCCURRENCE>
    <ACTION_OCCURRENCE m_id="14" comment="" climaxEvent="FALSE">
      <token_anchor t_id="151"/>
      <token_anchor t_id="152"/>
      <token_anchor t_id="153"/>
    </ACTION_OCCURRENCE>
    <ACTION_OCCURRENCE m_id="15" comment="" climaxEvent="FALSE">
      <token_anchor t_id="155"/>
    </ACTION_OCCURRENCE>
    <ACTION_OCCURRENCE m_id="16" comment="" climaxEvent="FALSE">
      <token_anchor t_id="160"/>
    </ACTION_OCCURRENCE>
    <ACTION_OCCURRENCE m_id="17" comment="" climaxEvent="FALSE">
      <token_anchor t_id="31"/>
    </ACTION_OCCURRENCE>
    <ACTION_OCCURRENCE m_id="18" comment="" climaxEvent="FALSE">
      <token_anchor t_id="162"/>
    </ACTION_OCCURRENCE>
    <ACTION_OCCURRENCE m_id="19" comment="" climaxEvent="FALSE">
      <token_anchor t_id="187"/>
    </ACTION_OCCURRENCE>
    <ACTION_OCCURRENCE m_id="20" comment="" climaxEvent="FALSE">
      <token_anchor t_id="189"/>
    </ACTION_OCCURRENCE>
    <ACTION_OCCURRENCE m_id="21" comment="" climaxEvent="FALSE">
      <token_anchor t_id="175"/>
    </ACTION_OCCURRENCE>
    <ACTION_OCCURRENCE m_id="22" comment="" climaxEvent="FALSE">
      <token_anchor t_id="196"/>
    </ACTION_OCCURRENCE>
    <ACTION_OCCURRENCE m_id="23" comment="" climaxEvent="FALSE">
      <token_anchor t_id="65"/>
    </ACTION_OCCURRENCE>
    <ACTION_OCCURRENCE m_id="24" comment="" climaxEvent="FALSE">
      <token_anchor t_id="203"/>
    </ACTION_OCCURRENCE>
    <ACTION_OCCURRENCE m_id="25" comment="" climaxEvent="FALSE">
      <token_anchor t_id="214"/>
    </ACTION_OCCURRENCE>
    <ACTION_OCCURRENCE m_id="26" comment="" climaxEvent="FALSE">
      <token_anchor t_id="222"/>
    </ACTION_OCCURRENCE>
    <ACTION_OCCURRENCE m_id="27" comment="" climaxEvent="FALSE">
      <token_anchor t_id="216"/>
    </ACTION_OCCURRENCE>
    <ACTION_OCCURRENCE m_id="28" comment="" climaxEvent="FALSE">
      <token_anchor t_id="173"/>
    </ACTION_OCCURRENCE>
    <ACTION_REPORTING m_id="31">
      <token_anchor t_id="170"/>
    </ACTION_REPORTING>
    <ACTION_REPORTING m_id="32">
      <token_anchor t_id="55"/>
    </ACTION_REPORTING>
    <ACTION_REPORTING m_id="33">
      <token_anchor t_id="166"/>
    </ACTION_REPORTING>
    <ACTION_STATE m_id="34" climaxEvent="FALSE" comment="">
      <token_anchor t_id="218"/>
    </ACTION_STATE>
    <ACTION_STATE m_id="35" climaxEvent="FALSE" comment="BT: annotation error">
      <token_anchor t_id="217"/>
    </ACTION_STATE>
    <HUMAN_PART_ORG m_id="36">
      <token_anchor t_id="207"/>
    </HUMAN_PART_ORG>
    <HUMAN_PART_ORG m_id="37">
      <token_anchor t_id="42"/>
    </HUMAN_PART_ORG>
    <HUMAN_PART_ORG m_id="38">
      <token_anchor t_id="54"/>
    </HUMAN_PART_ORG>
    <HUMAN_PART_ORG m_id="39">
      <token_anchor t_id="71"/>
    </HUMAN_PART_ORG>
    <HUMAN_PART_ORG m_id="40">
      <token_anchor t_id="165"/>
    </HUMAN_PART_ORG>
    <HUMAN_PART_ORG m_id="41">
      <token_anchor t_id="183"/>
    </HUMAN_PART_ORG>
    <HUMAN_PART_ORG m_id="42">
      <token_anchor t_id="209"/>
    </HUMAN_PART_ORG>
    <HUMAN_PART_ORG m_id="59">
      <token_anchor t_id="30"/>
    </HUMAN_PART_ORG>
    <HUMAN_PART_ORG m_id="60">
      <token_anchor t_id="83"/>
    </HUMAN_PART_ORG>
    <HUMAN_PART_PER m_id="43" comment="">
      <token_anchor t_id="205"/>
    </HUMAN_PART_PER>
    <HUMAN_PART_VEH m_id="44">
      <token_anchor t_id="144"/>
      <token_anchor t_id="145"/>
    </HUMAN_PART_VEH>
    <LOC_GEO m_id="61" comment="">
      <token_anchor t_id="101"/>
      <token_anchor t_id="102"/>
      <token_anchor t_id="103"/>
      <token_anchor t_id="104"/>
      <token_anchor t_id="105"/>
      <token_anchor t_id="106"/>
      <token_anchor t_id="107"/>
      <token_anchor t_id="108"/>
      <token_anchor t_id="109"/>
      <token_anchor t_id="110"/>
      <token_anchor t_id="111"/>
    </LOC_GEO>
    <LOC_GEO m_id="45" comment="">
      <token_anchor t_id="179"/>
      <token_anchor t_id="180"/>
    </LOC_GEO>
    <NON_HUMAN_PART m_id="46" comment="">
      <token_anchor t_id="177"/>
    </NON_HUMAN_PART>
    <NON_HUMAN_PART m_id="47" comment="">
      <token_anchor t_id="178"/>
    </NON_HUMAN_PART>
    <NON_HUMAN_PART m_id="48" comment="">
      <token_anchor t_id="100"/>
    </NON_HUMAN_PART>
    <TIME_DATE m_id="49" comment="" DCT="FALSE" value="2011-10-08" anchorTimeID="">
      <token_anchor t_id="88"/>
      <token_anchor t_id="89"/>
      <token_anchor t_id="90"/>
      <token_anchor t_id="91"/>
      <token_anchor t_id="92"/>
    </TIME_DATE>
    <TIME_DATE m_id="50" comment="" DCT="FALSE" value="2011-10-10" anchorTimeID="">
      <token_anchor t_id="56"/>
      <token_anchor t_id="57"/>
      <token_anchor t_id="58"/>
      <token_anchor t_id="59"/>
      <token_anchor t_id="60"/>
    </TIME_DATE>
    <TIME_DATE m_id="51" comment="" DCT="TRUE" value="2011-10-10" anchorTimeID="">
      <token_anchor t_id="50"/>
      <token_anchor t_id="51"/>
      <token_anchor t_id="52"/>
      <token_anchor t_id="53"/>
    </TIME_DATE>
    <TIME_DURATION m_id="52" value="" anchorTimeID="" begin="" endPoint="">
      <token_anchor t_id="199"/>
      <token_anchor t_id="200"/>
      <token_anchor t_id="201"/>
    </TIME_DURATION>
    <TIME_DURATION m_id="53" value="" anchorTimeID="" begin="" endPoint="">
      <token_anchor t_id="66"/>
    </TIME_DURATION>
    <TIME_DURATION m_id="54" value="" anchorTimeID="" begin="" endPoint="">
      <token_anchor t_id="223"/>
      <token_anchor t_id="224"/>
      <token_anchor t_id="225"/>
      <token_anchor t_id="226"/>
      <token_anchor t_id="227"/>
      <token_anchor t_id="228"/>
    </TIME_DURATION>
    <TIME_DURATION m_id="55" value="" anchorTimeID="" begin="" endPoint="">
      <token_anchor t_id="75"/>
      <token_anchor t_id="76"/>
      <token_anchor t_id="77"/>
    </TIME_DURATION>
    <TIME_DURATION m_id="56" value="" anchorTimeID="" begin="" endPoint="">
      <token_anchor t_id="47"/>
      <token_anchor t_id="48"/>
      <token_anchor t_id="49"/>
    </TIME_DURATION>
    <TIME_DURATION m_id="58" value="" anchorTimeID="" begin="" endPoint="">
      <token_anchor t_id="34"/>
      <token_anchor t_id="35"/>
    </TIME_DURATION>
    <TIME_OF_THE_DAY m_id="57" DCT="FALSE" value="2011-10-08" anchorTimeID="49">
      <token_anchor t_id="190"/>
      <token_anchor t_id="191"/>
      <token_anchor t_id="192"/>
    </TIME_OF_THE_DAY>
    <ACTION_OCCURRENCE m_id="62" RELATED_TO="" TAG_DESCRIPTOR="t30_cable_break" comment="" climaxEvent="FALSE"/>
    <TIME_DURATION m_id="63" RELATED_TO="" TAG_DESCRIPTOR="t30_few_days" value="" anchorTimeID="" begin="" endPoint=""/>
    <ACTION_CAUSATIVE m_id="64" RELATED_TO="" TAG_DESCRIPTOR="t30_caused_downtime"/>
    <TIME_DATE m_id="65" RELATED_TO="" TAG_DESCRIPTOR="t30_oct_8" value="" anchorTimeID="" DCT="FALSE" comment=""/>
    <ACTION_OCCURRENCE m_id="66" RELATED_TO="" TAG_DESCRIPTOR="t30_experiencing_problems" comment="" climaxEvent="FALSE"/>
    <ACTION_REPORTING m_id="67" RELATED_TO="" TAG_DESCRIPTOR="t30_seacom_said_problems_14days"/>
    <LOC_GEO m_id="68" RELATED_TO="" TAG_DESCRIPTOR="t30_bw_abutalat_marseilles" comment=""/>
    <HUMAN_PART_ORG m_id="69" RELATED_TO="" TAG_DESCRIPTOR="t30_seacom"/>
    <ACTION_OCCURRENCE m_id="70" RELATED_TO="" TAG_DESCRIPTOR="t30_repair" comment="" climaxEvent="FALSE"/>
    <ACTION_OCCURRENCE m_id="71" RELATED_TO="" TAG_DESCRIPTOR="t30_downtime" comment="" climaxEvent="FALSE"/>
    <NON_HUMAN_PART m_id="72" RELATED_TO="" TAG_DESCRIPTOR="t30_cable" comment=""/>
  </Markables>
  <Relations>
    <TLINK r_id="156696" contextualModality="" relType="CONTAINS" comment="">
      <source m_id="51"/>
      <target m_id="17"/>
    </TLINK>
    <TLINK r_id="156697" contextualModality="" relType="BEFORE" comment="">
      <source m_id="51"/>
      <target m_id="29"/>
    </TLINK>
    <TLINK r_id="156698" contextualModality="" relType="CONTAINS" comment="">
      <source m_id="51"/>
      <target m_id="30"/>
    </TLINK>
    <TLINK r_id="156699" contextualModality="" relType="CONTAINS" comment="">
      <source m_id="51"/>
      <target m_id="4"/>
    </TLINK>
    <TLINK r_id="156700" contextualModality="" relType="CONTAINS" comment="">
      <source m_id="51"/>
      <target m_id="5"/>
    </TLINK>
    <TLINK r_id="156701" contextualModality="" relType="CONTAINS" comment="">
      <source m_id="51"/>
      <target m_id="23"/>
    </TLINK>
    <TLINK r_id="156702" contextualModality="" relType="CONTAINS" comment="">
      <source m_id="51"/>
      <target m_id="6"/>
    </TLINK>
    <TLINK r_id="156703" contextualModality="" relType="CONTAINS" comment="">
      <source m_id="51"/>
      <target m_id="7"/>
    </TLINK>
    <TLINK r_id="156704" contextualModality="" relType="OVERLAP" comment="">
      <source m_id="51"/>
      <target m_id="9"/>
    </TLINK>
    <TLINK r_id="156705" contextualModality="" relType="AFTER" comment="">
      <source m_id="51"/>
      <target m_id="10"/>
    </TLINK>
    <TLINK r_id="156706" contextualModality="" relType="AFTER" comment="">
      <source m_id="51"/>
      <target m_id="11"/>
    </TLINK>
    <TLINK r_id="156707" contextualModality="" relType="CONTAINS" comment="">
      <source m_id="51"/>
      <target m_id="3"/>
    </TLINK>
    <TLINK r_id="156708" contextualModality="" relType="CONTAINS" comment="">
      <source m_id="51"/>
      <target m_id="12"/>
    </TLINK>
    <TLINK r_id="156709" contextualModality="" relType="CONTAINS" comment="">
      <source m_id="51"/>
      <target m_id="14"/>
    </TLINK>
    <TLINK r_id="156710" contextualModality="" relType="CONTAINS" comment="">
      <source m_id="51"/>
      <target m_id="15"/>
    </TLINK>
    <TLINK r_id="156711" contextualModality="" relType="CONTAINS" comment="">
      <source m_id="51"/>
      <target m_id="16"/>
    </TLINK>
    <TLINK r_id="156712" contextualModality="" relType="CONTAINS" comment="">
      <source m_id="51"/>
      <target m_id="18"/>
    </TLINK>
    <TLINK r_id="156713" contextualModality="" relType="CONTAINS" comment="">
      <source m_id="51"/>
      <target m_id="28"/>
    </TLINK>
    <TLINK r_id="156714" contextualModality="" relType="CONTAINS" comment="">
      <source m_id="51"/>
      <target m_id="21"/>
    </TLINK>
    <TLINK r_id="156715" contextualModality="" relType="CONTAINS" comment="">
      <source m_id="51"/>
      <target m_id="19"/>
    </TLINK>
    <TLINK r_id="156716" contextualModality="" relType="CONTAINS" comment="">
      <source m_id="51"/>
      <target m_id="20"/>
    </TLINK>
    <TLINK r_id="156717" contextualModality="" relType="CONTAINS" comment="">
      <source m_id="51"/>
      <target m_id="22"/>
    </TLINK>
    <TLINK r_id="156718" contextualModality="" relType="OVERLAP" comment="">
      <source m_id="51"/>
      <target m_id="1"/>
    </TLINK>
    <TLINK r_id="156719" contextualModality="" relType="OVERLAP" comment="">
      <source m_id="51"/>
      <target m_id="24"/>
    </TLINK>
    <TLINK r_id="156720" contextualModality="" relType="CONTAINS" comment="">
      <source m_id="51"/>
      <target m_id="2"/>
    </TLINK>
    <TLINK r_id="156721" contextualModality="" relType="CONTAINS" comment="">
      <source m_id="51"/>
      <target m_id="25"/>
    </TLINK>
    <TLINK r_id="156722" contextualModality="" relType="CONTAINS" comment="">
      <source m_id="51"/>
      <target m_id="27"/>
    </TLINK>
    <TLINK r_id="156724" contextualModality="" relType="CONTAINS" comment="">
      <source m_id="51"/>
      <target m_id="34"/>
    </TLINK>
    <TLINK r_id="156725" contextualModality="" relType="OVERLAP" comment="">
      <source m_id="51"/>
      <target m_id="26"/>
    </TLINK>
    <TLINK r_id="156726" contextualModality="" relType="CONTAINS" comment="">
      <source m_id="51"/>
      <target m_id="31"/>
    </TLINK>
    <TLINK r_id="156727" contextualModality="" relType="CONTAINS" comment="">
      <source m_id="50"/>
      <target m_id="17"/>
    </TLINK>
    <TLINK r_id="156730" contextualModality="" relType="CONTAINS" comment="">
      <source m_id="50"/>
      <target m_id="30"/>
    </TLINK>
    <TLINK r_id="156731" contextualModality="" relType="CONTAINS" comment="">
      <source m_id="50"/>
      <target m_id="4"/>
    </TLINK>
    <TLINK r_id="156732" contextualModality="" relType="CONTAINS" comment="">
      <source m_id="50"/>
      <target m_id="5"/>
    </TLINK>
    <TLINK r_id="156733" contextualModality="" relType="CONTAINS" comment="">
      <source m_id="50"/>
      <target m_id="23"/>
    </TLINK>
    <TLINK r_id="156734" contextualModality="" relType="CONTAINS" comment="">
      <source m_id="50"/>
      <target m_id="6"/>
    </TLINK>
    <TLINK r_id="156735" contextualModality="" relType="CONTAINS" comment="">
      <source m_id="50"/>
      <target m_id="7"/>
    </TLINK>
    <TLINK r_id="156736" contextualModality="" relType="CONTAINS" comment="">
      <source m_id="50"/>
      <target m_id="8"/>
    </TLINK>
    <TLINK r_id="156737" contextualModality="" relType="OVERLAP" comment="">
      <source m_id="50"/>
      <target m_id="9"/>
    </TLINK>
    <TLINK r_id="156738" contextualModality="" relType="CONTAINS" comment="">
      <source m_id="49"/>
      <target m_id="10"/>
    </TLINK>
    <TLINK r_id="156739" contextualModality="" relType="CONTAINS" comment="">
      <source m_id="49"/>
      <target m_id="11"/>
    </TLINK>
    <TLINK r_id="156740" contextualModality="" relType="CONTAINS" comment="">
      <source m_id="49"/>
      <target m_id="3"/>
    </TLINK>
    <TLINK r_id="156741" contextualModality="" relType="CONTAINS" comment="">
      <source m_id="49"/>
      <target m_id="12"/>
    </TLINK>
    <TLINK r_id="156742" contextualModality="" relType="AFTER" comment="">
      <source m_id="57"/>
      <target m_id="13"/>
    </TLINK>
    <TLINK r_id="156743" contextualModality="" relType="AFTER" comment="">
      <source m_id="57"/>
      <target m_id="14"/>
    </TLINK>
    <TLINK r_id="156744" contextualModality="" relType="AFTER" comment="">
      <source m_id="57"/>
      <target m_id="15"/>
    </TLINK>
    <TLINK r_id="156745" contextualModality="" relType="AFTER" comment="">
      <source m_id="57"/>
      <target m_id="16"/>
    </TLINK>
    <TLINK r_id="156746" contextualModality="" relType="AFTER" comment="">
      <source m_id="57"/>
      <target m_id="18"/>
    </TLINK>
    <TLINK r_id="156747" contextualModality="" relType="AFTER" comment="">
      <source m_id="57"/>
      <target m_id="31"/>
    </TLINK>
    <TLINK r_id="156748" contextualModality="" relType="AFTER" comment="">
      <source m_id="57"/>
      <target m_id="28"/>
    </TLINK>
    <TLINK r_id="156749" contextualModality="" relType="AFTER" comment="">
      <source m_id="57"/>
      <target m_id="21"/>
    </TLINK>
    <TLINK r_id="156750" contextualModality="" relType="CONTAINS" comment="">
      <source m_id="57"/>
      <target m_id="19"/>
    </TLINK>
    <TLINK r_id="156751" contextualModality="" relType="CONTAINS" comment="">
      <source m_id="57"/>
      <target m_id="20"/>
    </TLINK>
    <TLINK r_id="156752" contextualModality="" relType="BEFORE" comment="">
      <source m_id="57"/>
      <target m_id="22"/>
    </TLINK>
    <TLINK r_id="156753" contextualModality="" relType="BEFORE" comment="">
      <source m_id="57"/>
      <target m_id="1"/>
    </TLINK>
    <TLINK r_id="156754" contextualModality="" relType="BEFORE" comment="">
      <source m_id="57"/>
      <target m_id="24"/>
    </TLINK>
    <TLINK r_id="156755" contextualModality="" relType="BEFORE" comment="">
      <source m_id="57"/>
      <target m_id="2"/>
    </TLINK>
    <TLINK r_id="156756" contextualModality="" relType="BEFORE" comment="">
      <source m_id="57"/>
      <target m_id="25"/>
    </TLINK>
    <TLINK r_id="156757" contextualModality="" relType="BEFORE" comment="">
      <source m_id="57"/>
      <target m_id="27"/>
    </TLINK>
    <TLINK r_id="156758" contextualModality="" relType="BEFORE" comment="">
      <source m_id="57"/>
      <target m_id="34"/>
    </TLINK>
    <TLINK r_id="156759" contextualModality="" relType="OVERLAP" comment="">
      <source m_id="57"/>
      <target m_id="26"/>
    </TLINK>
    <PLOT_LINK r_id="156761" SIGNAL="" relType="PRECONDITION" CAUSES="FALSE" CAUSED_BY="FALSE">
      <source m_id="17"/>
      <target m_id="5"/>
    </PLOT_LINK>
    <PLOT_LINK r_id="156762" SIGNAL="" relType="PRECONDITION" CAUSES="FALSE" CAUSED_BY="FALSE">
      <source m_id="17"/>
      <target m_id="23"/>
    </PLOT_LINK>
    <PLOT_LINK r_id="156763" SIGNAL="" relType="FALLING_ACTION" CAUSES="FALSE" CAUSED_BY="FALSE">
      <source m_id="23"/>
      <target m_id="6"/>
    </PLOT_LINK>
    <PLOT_LINK r_id="156764" SIGNAL="3" relType="PRECONDITION" CAUSES="FALSE" CAUSED_BY="TRUE">
      <source m_id="11"/>
      <target m_id="12"/>
    </PLOT_LINK>
    <PLOT_LINK r_id="156766" SIGNAL="" relType="FALLING_ACTION" CAUSES="FALSE" CAUSED_BY="FALSE">
      <source m_id="14"/>
      <target m_id="16"/>
    </PLOT_LINK>
    <PLOT_LINK r_id="156767" SIGNAL="" relType="FALLING_ACTION" CAUSES="FALSE" CAUSED_BY="FALSE">
      <source m_id="15"/>
      <target m_id="16"/>
    </PLOT_LINK>
    <PLOT_LINK r_id="156768" SIGNAL="" relType="PRECONDITION" CAUSES="FALSE" CAUSED_BY="FALSE">
      <source m_id="28"/>
      <target m_id="19"/>
    </PLOT_LINK>
    <PLOT_LINK r_id="156769" SIGNAL="" relType="PRECONDITION" CAUSES="FALSE" CAUSED_BY="FALSE">
      <source m_id="12"/>
      <target m_id="28"/>
    </PLOT_LINK>
    <PLOT_LINK r_id="156770" SIGNAL="" relType="PRECONDITION" CAUSES="FALSE" CAUSED_BY="FALSE">
      <source m_id="28"/>
      <target m_id="22"/>
    </PLOT_LINK>
    <PLOT_LINK r_id="156771" SIGNAL="" relType="PRECONDITION" CAUSES="FALSE" CAUSED_BY="FALSE">
      <source m_id="34"/>
      <target m_id="26"/>
    </PLOT_LINK>
  </Relations>
</Document>
