<?xml version='1.0' encoding='UTF-8'?>
<Document doc_name="30_9ecbplus.xml">
  <token t_id="1" sentence="0" number="0">http</token>
  <token t_id="2" sentence="0" number="1">:</token>
  <token t_id="3" sentence="0" number="2">/</token>
  <token t_id="4" sentence="0" number="3">/</token>
  <token t_id="5" sentence="0" number="4">mybroadband</token>
  <token t_id="6" sentence="0" number="5">.</token>
  <token t_id="7" sentence="0" number="6">co</token>
  <token t_id="8" sentence="0" number="7">.</token>
  <token t_id="9" sentence="0" number="8">za</token>
  <token t_id="10" sentence="0" number="9">/</token>
  <token t_id="11" sentence="0" number="10">news</token>
  <token t_id="12" sentence="0" number="11">/</token>
  <token t_id="13" sentence="0" number="12">broadband</token>
  <token t_id="14" sentence="0" number="13">/</token>
  <token t_id="15" sentence="0" number="14">35788</token>
  <token t_id="16" sentence="0" number="15">-</token>
  <token t_id="17" sentence="0" number="16">mweb</token>
  <token t_id="18" sentence="0" number="17">-</token>
  <token t_id="19" sentence="0" number="18">updates</token>
  <token t_id="20" sentence="0" number="19">-</token>
  <token t_id="21" sentence="0" number="20">customers</token>
  <token t_id="22" sentence="0" number="21">-</token>
  <token t_id="23" sentence="0" number="22">on</token>
  <token t_id="24" sentence="0" number="23">-</token>
  <token t_id="25" sentence="0" number="24">seacom</token>
  <token t_id="26" sentence="0" number="25">-</token>
  <token t_id="27" sentence="0" number="26">downtime</token>
  <token t_id="28" sentence="0" number="27">.</token>
  <token t_id="29" sentence="0" number="28">html</token>
  <token t_id="30" sentence="1" number="0">MWEB</token>
  <token t_id="31" sentence="1" number="1">updates</token>
  <token t_id="32" sentence="1" number="2">customers</token>
  <token t_id="33" sentence="1" number="3">on</token>
  <token t_id="34" sentence="1" number="4">SEACOM</token>
  <token t_id="35" sentence="1" number="5">downtime</token>
  <token t_id="36" sentence="2" number="0">SEACOM</token>
  <token t_id="37" sentence="2" number="1">downtime</token>
  <token t_id="38" sentence="2" number="2">has</token>
  <token t_id="39" sentence="2" number="3">local</token>
  <token t_id="40" sentence="2" number="4">ISPs</token>
  <token t_id="41" sentence="2" number="5">scrambling</token>
  <token t_id="42" sentence="2" number="6">to</token>
  <token t_id="43" sentence="2" number="7">keep</token>
  <token t_id="44" sentence="2" number="8">customers</token>
  <token t_id="45" sentence="2" number="9">online</token>
  <token t_id="46" sentence="2" number="10">;</token>
  <token t_id="47" sentence="2" number="11">MWEB</token>
  <token t_id="48" sentence="2" number="12">issues</token>
  <token t_id="49" sentence="2" number="13">an</token>
  <token t_id="50" sentence="2" number="14">update</token>
  <token t_id="51" sentence="3" number="0">October</token>
  <token t_id="52" sentence="3" number="1">11</token>
  <token t_id="53" sentence="3" number="2">,</token>
  <token t_id="54" sentence="3" number="3">2011</token>
  <token t_id="55" sentence="4" number="0">Summary</token>
  <token t_id="56" sentence="4" number="1">:</token>
  <token t_id="57" sentence="4" number="2">MWEB</token>
  <token t_id="58" sentence="4" number="3">has</token>
  <token t_id="59" sentence="4" number="4">managed</token>
  <token t_id="60" sentence="4" number="5">to</token>
  <token t_id="61" sentence="4" number="6">restore</token>
  <token t_id="62" sentence="4" number="7">83%</token>
  <token t_id="63" sentence="4" number="8">of</token>
  <token t_id="64" sentence="4" number="9">the</token>
  <token t_id="65" sentence="4" number="10">required</token>
  <token t_id="66" sentence="4" number="11">capacity</token>
  <token t_id="67" sentence="4" number="12">on</token>
  <token t_id="68" sentence="4" number="13">SEACOM</token>
  <token t_id="69" sentence="4" number="14">.</token>
  <token t_id="70" sentence="5" number="0">P2P</token>
  <token t_id="71" sentence="5" number="1">protocols</token>
  <token t_id="72" sentence="5" number="2">will</token>
  <token t_id="73" sentence="5" number="3">remain</token>
  <token t_id="74" sentence="5" number="4">shaped</token>
  <token t_id="75" sentence="5" number="5">to</token>
  <token t_id="76" sentence="5" number="6">prioritise</token>
  <token t_id="77" sentence="5" number="7">critical</token>
  <token t_id="78" sentence="5" number="8">traffic</token>
  <token t_id="79" sentence="5" number="9">.</token>
  <token t_id="80" sentence="6" number="0">The</token>
  <token t_id="81" sentence="6" number="1">SEACOM</token>
  <token t_id="82" sentence="6" number="2">undersea</token>
  <token t_id="83" sentence="6" number="3">cable</token>
  <token t_id="84" sentence="6" number="4">,</token>
  <token t_id="85" sentence="6" number="5">which</token>
  <token t_id="86" sentence="6" number="6">provides</token>
  <token t_id="87" sentence="6" number="7">a</token>
  <token t_id="88" sentence="6" number="8">data</token>
  <token t_id="89" sentence="6" number="9">link</token>
  <token t_id="90" sentence="6" number="10">between</token>
  <token t_id="91" sentence="6" number="11">South</token>
  <token t_id="92" sentence="6" number="12">Africa</token>
  <token t_id="93" sentence="6" number="13">,</token>
  <token t_id="94" sentence="6" number="14">Europe</token>
  <token t_id="95" sentence="6" number="15">and</token>
  <token t_id="96" sentence="6" number="16">India</token>
  <token t_id="97" sentence="6" number="17">,</token>
  <token t_id="98" sentence="6" number="18">experienced</token>
  <token t_id="99" sentence="6" number="19">downtime</token>
  <token t_id="100" sentence="6" number="20">beginning</token>
  <token t_id="101" sentence="6" number="21">on</token>
  <token t_id="102" sentence="6" number="22">Saturday</token>
  <token t_id="103" sentence="6" number="23">8</token>
  <token t_id="104" sentence="6" number="24">October</token>
  <token t_id="105" sentence="6" number="25">2011</token>
  <token t_id="106" sentence="6" number="26">,</token>
  <token t_id="107" sentence="6" number="27">caused</token>
  <token t_id="108" sentence="6" number="28">by</token>
  <token t_id="109" sentence="6" number="29">a</token>
  <token t_id="110" sentence="6" number="30">problem</token>
  <token t_id="111" sentence="6" number="31">on</token>
  <token t_id="112" sentence="6" number="32">a</token>
  <token t_id="113" sentence="6" number="33">cable</token>
  <token t_id="114" sentence="6" number="34">between</token>
  <token t_id="115" sentence="6" number="35">Abu</token>
  <token t_id="116" sentence="6" number="36">Talat</token>
  <token t_id="117" sentence="6" number="37">(</token>
  <token t_id="118" sentence="6" number="38">Egypt</token>
  <token t_id="119" sentence="6" number="39">)</token>
  <token t_id="120" sentence="6" number="40">and</token>
  <token t_id="121" sentence="6" number="41">Marseilles</token>
  <token t_id="122" sentence="6" number="42">(</token>
  <token t_id="123" sentence="6" number="43">France</token>
  <token t_id="124" sentence="6" number="44">)</token>
  <token t_id="125" sentence="6" number="45">.</token>
  <token t_id="126" sentence="7" number="0">This</token>
  <token t_id="127" sentence="7" number="1">outage</token>
  <token t_id="128" sentence="7" number="2">will</token>
  <token t_id="129" sentence="7" number="3">likely</token>
  <token t_id="130" sentence="7" number="4">only</token>
  <token t_id="131" sentence="7" number="5">be</token>
  <token t_id="132" sentence="7" number="6">fully</token>
  <token t_id="133" sentence="7" number="7">resolved</token>
  <token t_id="134" sentence="7" number="8">sometime</token>
  <token t_id="135" sentence="7" number="9">during</token>
  <token t_id="136" sentence="7" number="10">the</token>
  <token t_id="137" sentence="7" number="11">week</token>
  <token t_id="138" sentence="7" number="12">beginning</token>
  <token t_id="139" sentence="7" number="13">17</token>
  <token t_id="140" sentence="7" number="14">October</token>
  <token t_id="141" sentence="7" number="15">2011</token>
  <token t_id="142" sentence="7" number="16">.</token>
  <token t_id="143" sentence="8" number="0">Meanwhile</token>
  <token t_id="144" sentence="8" number="1">,</token>
  <token t_id="145" sentence="8" number="2">local</token>
  <token t_id="146" sentence="8" number="3">Internet</token>
  <token t_id="147" sentence="8" number="4">Service</token>
  <token t_id="148" sentence="8" number="5">Providers</token>
  <token t_id="149" sentence="8" number="6">(</token>
  <token t_id="150" sentence="8" number="7">ISPs</token>
  <token t_id="151" sentence="8" number="8">)</token>
  <token t_id="152" sentence="8" number="9">who</token>
  <token t_id="153" sentence="8" number="10">use</token>
  <token t_id="154" sentence="8" number="11">bandwidth</token>
  <token t_id="155" sentence="8" number="12">on</token>
  <token t_id="156" sentence="8" number="13">the</token>
  <token t_id="157" sentence="8" number="14">SEACOM</token>
  <token t_id="158" sentence="8" number="15">cable</token>
  <token t_id="159" sentence="8" number="16">have</token>
  <token t_id="160" sentence="8" number="17">been</token>
  <token t_id="161" sentence="8" number="18">scrambling</token>
  <token t_id="162" sentence="8" number="19">to</token>
  <token t_id="163" sentence="8" number="20">implement</token>
  <token t_id="164" sentence="8" number="21">contingency</token>
  <token t_id="165" sentence="8" number="22">plans</token>
  <token t_id="166" sentence="8" number="23">to</token>
  <token t_id="167" sentence="8" number="24">keep</token>
  <token t_id="168" sentence="8" number="25">their</token>
  <token t_id="169" sentence="8" number="26">customers</token>
  <token t_id="170" sentence="8" number="27">connected</token>
  <token t_id="171" sentence="8" number="28">.</token>
  <token t_id="172" sentence="9" number="0">MWEB</token>
  <token t_id="173" sentence="9" number="1">operations</token>
  <token t_id="174" sentence="9" number="2">has</token>
  <token t_id="175" sentence="9" number="3">issued</token>
  <token t_id="176" sentence="9" number="4">an</token>
  <token t_id="177" sentence="9" number="5">update</token>
  <token t_id="178" sentence="9" number="6">regarding</token>
  <token t_id="179" sentence="9" number="7">the</token>
  <token t_id="180" sentence="9" number="8">SEACOM</token>
  <token t_id="181" sentence="9" number="9">downtime</token>
  <token t_id="182" sentence="9" number="10">to</token>
  <token t_id="183" sentence="9" number="11">its</token>
  <token t_id="184" sentence="9" number="12">customers</token>
  <token t_id="185" sentence="9" number="13">.</token>
  <token t_id="186" sentence="10" number="0">"Some</token>
  <token t_id="187" sentence="10" number="1">more</token>
  <token t_id="188" sentence="10" number="2">bandwidth</token>
  <token t_id="189" sentence="10" number="3">was</token>
  <token t_id="190" sentence="10" number="4">brought</token>
  <token t_id="191" sentence="10" number="5">online</token>
  <token t_id="192" sentence="10" number="6">last</token>
  <token t_id="193" sentence="10" number="7">night</token>
  <token t_id="194" sentence="10" number="8">[</token>
  <token t_id="195" sentence="10" number="9">10</token>
  <token t_id="196" sentence="10" number="10">October</token>
  <token t_id="197" sentence="10" number="11">2011</token>
  <token t_id="198" sentence="10" number="12">]</token>
  <token t_id="199" sentence="10" number="13">bringing</token>
  <token t_id="200" sentence="10" number="14">us</token>
  <token t_id="201" sentence="10" number="15">up</token>
  <token t_id="202" sentence="10" number="16">to</token>
  <token t_id="203" sentence="10" number="17">83%</token>
  <token t_id="204" sentence="10" number="18">of</token>
  <token t_id="205" sentence="10" number="19">our</token>
  <token t_id="206" sentence="10" number="20">required</token>
  <token t_id="207" sentence="10" number="21">capacity</token>
  <token t_id="208" sentence="10" number="22">.</token>
  <token t_id="209" sentence="11" number="0">We</token>
  <token t_id="210" sentence="11" number="1">allowed</token>
  <token t_id="211" sentence="11" number="2">P2P</token>
  <token t_id="212" sentence="11" number="3">traffic</token>
  <token t_id="213" sentence="11" number="4">to</token>
  <token t_id="214" sentence="11" number="5">run</token>
  <token t_id="215" sentence="11" number="6">from</token>
  <token t_id="216" sentence="11" number="7">midnight</token>
  <token t_id="217" sentence="11" number="8">to</token>
  <token t_id="218" sentence="11" number="9">7am</token>
  <token t_id="219" sentence="11" number="10">,</token>
  <token t_id="220" sentence="11" number="11">after</token>
  <token t_id="221" sentence="11" number="12">which</token>
  <token t_id="222" sentence="11" number="13">it</token>
  <token t_id="223" sentence="11" number="14">had</token>
  <token t_id="224" sentence="11" number="15">to</token>
  <token t_id="225" sentence="11" number="16">give</token>
  <token t_id="226" sentence="11" number="17">way</token>
  <token t_id="227" sentence="11" number="18">for</token>
  <token t_id="228" sentence="11" number="19">critical</token>
  <token t_id="229" sentence="11" number="20">traffic</token>
  <token t_id="230" sentence="11" number="21">again</token>
  <token t_id="231" sentence="11" number="22">.</token>
  <token t_id="232" sentence="11" number="23">"</token>
  <token t_id="233" sentence="12" number="0">"We</token>
  <token t_id="234" sentence="12" number="1">are</token>
  <token t_id="235" sentence="12" number="2">working</token>
  <token t_id="236" sentence="12" number="3">on</token>
  <token t_id="237" sentence="12" number="4">having</token>
  <token t_id="238" sentence="12" number="5">the</token>
  <token t_id="239" sentence="12" number="6">remaining</token>
  <token t_id="240" sentence="12" number="7">capacity</token>
  <token t_id="241" sentence="12" number="8">restored</token>
  <token t_id="242" sentence="12" number="9">during</token>
  <token t_id="243" sentence="12" number="10">the</token>
  <token t_id="244" sentence="12" number="11">course</token>
  <token t_id="245" sentence="12" number="12">of</token>
  <token t_id="246" sentence="12" number="13">the</token>
  <token t_id="247" sentence="12" number="14">day</token>
  <token t_id="248" sentence="12" number="15">,</token>
  <token t_id="249" sentence="12" number="16">after</token>
  <token t_id="250" sentence="12" number="17">which</token>
  <token t_id="251" sentence="12" number="18">all</token>
  <token t_id="252" sentence="12" number="19">traffic</token>
  <token t_id="253" sentence="12" number="20">priorities</token>
  <token t_id="254" sentence="12" number="21">will</token>
  <token t_id="255" sentence="12" number="22">return</token>
  <token t_id="256" sentence="12" number="23">to</token>
  <token t_id="257" sentence="12" number="24">normal</token>
  <token t_id="258" sentence="12" number="25">,</token>
  <token t_id="259" sentence="12" number="26">"</token>
  <token t_id="260" sentence="12" number="27">said</token>
  <token t_id="261" sentence="12" number="28">MWEB</token>
  <token t_id="262" sentence="12" number="29">Operations</token>
  <token t_id="263" sentence="12" number="30">.</token>
  <token t_id="264" sentence="13" number="0">SEACOM</token>
  <token t_id="265" sentence="13" number="1">has</token>
  <token t_id="266" sentence="13" number="2">previously</token>
  <token t_id="267" sentence="13" number="3">issued</token>
  <token t_id="268" sentence="13" number="4">a</token>
  <token t_id="269" sentence="13" number="5">statement</token>
  <token t_id="270" sentence="13" number="6">on</token>
  <token t_id="271" sentence="13" number="7">the</token>
  <token t_id="272" sentence="13" number="8">current</token>
  <token t_id="273" sentence="13" number="9">problem</token>
  <token t_id="274" sentence="13" number="10">with</token>
  <token t_id="275" sentence="13" number="11">the</token>
  <token t_id="276" sentence="13" number="12">cable</token>
  <token t_id="277" sentence="13" number="13">:</token>
  <token t_id="278" sentence="14" number="0">"Initial</token>
  <token t_id="279" sentence="14" number="1">estimates</token>
  <token t_id="280" sentence="14" number="2">indicate</token>
  <token t_id="281" sentence="14" number="3">that</token>
  <token t_id="282" sentence="14" number="4">the</token>
  <token t_id="283" sentence="14" number="5">total</token>
  <token t_id="284" sentence="14" number="6">repair</token>
  <token t_id="285" sentence="14" number="7">time</token>
  <token t_id="286" sentence="14" number="8">will</token>
  <token t_id="287" sentence="14" number="9">be</token>
  <token t_id="288" sentence="14" number="10">around</token>
  <token t_id="289" sentence="14" number="11">twelve</token>
  <token t_id="290" sentence="14" number="12">days</token>
  <token t_id="291" sentence="14" number="13">depending</token>
  <token t_id="292" sentence="14" number="14">on</token>
  <token t_id="293" sentence="14" number="15">weather</token>
  <token t_id="294" sentence="14" number="16">conditions</token>
  <token t_id="295" sentence="14" number="17">.</token>
  <token t_id="296" sentence="15" number="0">This</token>
  <token t_id="297" sentence="15" number="1">entails</token>
  <token t_id="298" sentence="15" number="2">gaining</token>
  <token t_id="299" sentence="15" number="3">the</token>
  <token t_id="300" sentence="15" number="4">necessary</token>
  <token t_id="301" sentence="15" number="5">permits</token>
  <token t_id="302" sentence="15" number="6">and</token>
  <token t_id="303" sentence="15" number="7">the</token>
  <token t_id="304" sentence="15" number="8">actual</token>
  <token t_id="305" sentence="15" number="9">repair</token>
  <token t_id="306" sentence="15" number="10">time</token>
  <token t_id="307" sentence="15" number="11">.</token>
  <token t_id="308" sentence="16" number="0">A</token>
  <token t_id="309" sentence="16" number="1">repair</token>
  <token t_id="310" sentence="16" number="2">vessel</token>
  <token t_id="311" sentence="16" number="3">has</token>
  <token t_id="312" sentence="16" number="4">been</token>
  <token t_id="313" sentence="16" number="5">notified</token>
  <token t_id="314" sentence="16" number="6">of</token>
  <token t_id="315" sentence="16" number="7">the</token>
  <token t_id="316" sentence="16" number="8">call</token>
  <token t_id="317" sentence="16" number="9">-</token>
  <token t_id="318" sentence="16" number="10">out</token>
  <token t_id="319" sentence="16" number="11">and</token>
  <token t_id="320" sentence="16" number="12">mobilization</token>
  <token t_id="321" sentence="16" number="13">will</token>
  <token t_id="322" sentence="16" number="14">occur</token>
  <token t_id="323" sentence="16" number="15">immediately</token>
  <token t_id="324" sentence="16" number="16">once</token>
  <token t_id="325" sentence="16" number="17">permits</token>
  <token t_id="326" sentence="16" number="18">are</token>
  <token t_id="327" sentence="16" number="19">received</token>
  <token t_id="328" sentence="16" number="20">,</token>
  <token t_id="329" sentence="16" number="21">"</token>
  <token t_id="330" sentence="16" number="22">SEACOM</token>
  <token t_id="331" sentence="16" number="23">said</token>
  <token t_id="332" sentence="16" number="24">in</token>
  <token t_id="333" sentence="16" number="25">an</token>
  <token t_id="334" sentence="16" number="26">official</token>
  <token t_id="335" sentence="16" number="27">statement</token>
  <token t_id="336" sentence="16" number="28">.</token>
  <token t_id="337" sentence="17" number="0">"The</token>
  <token t_id="338" sentence="17" number="1">outage</token>
  <token t_id="339" sentence="17" number="2">initially</token>
  <token t_id="340" sentence="17" number="3">affected</token>
  <token t_id="341" sentence="17" number="4">all</token>
  <token t_id="342" sentence="17" number="5">SEACOM</token>
  <token t_id="343" sentence="17" number="6">traffic</token>
  <token t_id="344" sentence="17" number="7">to</token>
  <token t_id="345" sentence="17" number="8">Europe</token>
  <token t_id="346" sentence="17" number="9">,</token>
  <token t_id="347" sentence="17" number="10">however</token>
  <token t_id="348" sentence="17" number="11">SEACOM</token>
  <token t_id="349" sentence="17" number="12">was</token>
  <token t_id="350" sentence="17" number="13">able</token>
  <token t_id="351" sentence="17" number="14">to</token>
  <token t_id="352" sentence="17" number="15">restore</token>
  <token t_id="353" sentence="17" number="16">some</token>
  <token t_id="354" sentence="17" number="17">services</token>
  <token t_id="355" sentence="17" number="18">by</token>
  <token t_id="356" sentence="17" number="19">Saturday</token>
  <token t_id="357" sentence="17" number="20">afternoon</token>
  <token t_id="358" sentence="17" number="21">[</token>
  <token t_id="359" sentence="17" number="22">8</token>
  <token t_id="360" sentence="17" number="23">October</token>
  <token t_id="361" sentence="17" number="24">2011</token>
  <token t_id="362" sentence="17" number="25">]</token>
  <token t_id="363" sentence="17" number="26">.</token>
  <token t_id="364" sentence="17" number="27">"</token>
  <token t_id="365" sentence="18" number="0">"Further</token>
  <token t_id="366" sentence="18" number="1">restoration</token>
  <token t_id="367" sentence="18" number="2">has</token>
  <token t_id="368" sentence="18" number="3">continued</token>
  <token t_id="369" sentence="18" number="4">throughout</token>
  <token t_id="370" sentence="18" number="5">the</token>
  <token t_id="371" sentence="18" number="6">weekend</token>
  <token t_id="372" sentence="18" number="7">in</token>
  <token t_id="373" sentence="18" number="8">cooperation</token>
  <token t_id="374" sentence="18" number="9">with</token>
  <token t_id="375" sentence="18" number="10">customers</token>
  <token t_id="376" sentence="18" number="11">and</token>
  <token t_id="377" sentence="18" number="12">partners</token>
  <token t_id="378" sentence="18" number="13">and</token>
  <token t_id="379" sentence="18" number="14">SEACOM</token>
  <token t_id="380" sentence="18" number="15">will</token>
  <token t_id="381" sentence="18" number="16">continue</token>
  <token t_id="382" sentence="18" number="17">to</token>
  <token t_id="383" sentence="18" number="18">actively</token>
  <token t_id="384" sentence="18" number="19">work</token>
  <token t_id="385" sentence="18" number="20">on</token>
  <token t_id="386" sentence="18" number="21">securing</token>
  <token t_id="387" sentence="18" number="22">additional</token>
  <token t_id="388" sentence="18" number="23">capacity</token>
  <token t_id="389" sentence="18" number="24">for</token>
  <token t_id="390" sentence="18" number="25">all</token>
  <token t_id="391" sentence="18" number="26">necessary</token>
  <token t_id="392" sentence="18" number="27">services</token>
  <token t_id="393" sentence="18" number="28">over</token>
  <token t_id="394" sentence="18" number="29">the</token>
  <token t_id="395" sentence="18" number="30">next</token>
  <token t_id="396" sentence="18" number="31">day</token>
  <token t_id="397" sentence="18" number="32">or</token>
  <token t_id="398" sentence="18" number="33">two</token>
  <token t_id="399" sentence="18" number="34">.</token>
  <token t_id="400" sentence="18" number="35">"</token>
  <Markables>
    <ACTION_ASPECTUAL m_id="1" comment="">
      <token_anchor t_id="100"/>
    </ACTION_ASPECTUAL>
    <ACTION_ASPECTUAL m_id="2" comment="">
      <token_anchor t_id="167"/>
    </ACTION_ASPECTUAL>
    <ACTION_ASPECTUAL m_id="3" comment="">
      <token_anchor t_id="43"/>
    </ACTION_ASPECTUAL>
    <ACTION_CAUSATIVE m_id="4">
      <token_anchor t_id="107"/>
    </ACTION_CAUSATIVE>
    <ACTION_OCCURRENCE m_id="93" climaxEvent="FALSE" comment="BT: annotation error">
      <token_anchor t_id="36"/>
    </ACTION_OCCURRENCE>
    <ACTION_OCCURRENCE m_id="29" comment="" climaxEvent="FALSE">
      <token_anchor t_id="291"/>
    </ACTION_OCCURRENCE>
    <ACTION_OCCURRENCE m_id="94" climaxEvent="FALSE" comment="">
      <token_anchor t_id="88"/>
      <token_anchor t_id="89"/>
    </ACTION_OCCURRENCE>
    <ACTION_OCCURRENCE m_id="30" comment="" climaxEvent="FALSE">
      <token_anchor t_id="161"/>
    </ACTION_OCCURRENCE>
    <ACTION_OCCURRENCE m_id="31" comment="" climaxEvent="FALSE">
      <token_anchor t_id="293"/>
      <token_anchor t_id="294"/>
    </ACTION_OCCURRENCE>
    <ACTION_OCCURRENCE m_id="32" comment="" climaxEvent="FALSE">
      <token_anchor t_id="163"/>
    </ACTION_OCCURRENCE>
    <ACTION_OCCURRENCE m_id="33" comment="" climaxEvent="FALSE">
      <token_anchor t_id="165"/>
    </ACTION_OCCURRENCE>
    <ACTION_OCCURRENCE m_id="34" comment="" climaxEvent="FALSE">
      <token_anchor t_id="170"/>
    </ACTION_OCCURRENCE>
    <ACTION_OCCURRENCE m_id="35" comment="" climaxEvent="FALSE">
      <token_anchor t_id="338"/>
    </ACTION_OCCURRENCE>
    <ACTION_OCCURRENCE m_id="36" comment="" climaxEvent="FALSE">
      <token_anchor t_id="340"/>
    </ACTION_OCCURRENCE>
    <ACTION_OCCURRENCE m_id="37" comment="" climaxEvent="FALSE">
      <token_anchor t_id="352"/>
    </ACTION_OCCURRENCE>
    <ACTION_OCCURRENCE m_id="5" climaxEvent="TRUE" comment="">
      <token_anchor t_id="34"/>
      <token_anchor t_id="35"/>
    </ACTION_OCCURRENCE>
    <ACTION_OCCURRENCE m_id="38" comment="" climaxEvent="FALSE">
      <token_anchor t_id="313"/>
    </ACTION_OCCURRENCE>
    <ACTION_OCCURRENCE m_id="6" comment="" climaxEvent="FALSE">
      <token_anchor t_id="327"/>
    </ACTION_OCCURRENCE>
    <ACTION_OCCURRENCE m_id="39" comment="" climaxEvent="FALSE">
      <token_anchor t_id="316"/>
    </ACTION_OCCURRENCE>
    <ACTION_OCCURRENCE m_id="7" comment="" climaxEvent="FALSE">
      <token_anchor t_id="98"/>
    </ACTION_OCCURRENCE>
    <ACTION_OCCURRENCE m_id="40" comment="" climaxEvent="FALSE">
      <token_anchor t_id="31"/>
    </ACTION_OCCURRENCE>
    <ACTION_OCCURRENCE m_id="8" comment="" climaxEvent="FALSE">
      <token_anchor t_id="41"/>
    </ACTION_OCCURRENCE>
    <ACTION_OCCURRENCE m_id="9" comment="" climaxEvent="FALSE">
      <token_anchor t_id="325"/>
    </ACTION_OCCURRENCE>
    <ACTION_OCCURRENCE m_id="41" climaxEvent="FALSE" comment="">
      <token_anchor t_id="320"/>
    </ACTION_OCCURRENCE>
    <ACTION_OCCURRENCE m_id="10" comment="" climaxEvent="FALSE">
      <token_anchor t_id="99"/>
    </ACTION_OCCURRENCE>
    <ACTION_OCCURRENCE m_id="42" comment="" climaxEvent="FALSE">
      <token_anchor t_id="86"/>
    </ACTION_OCCURRENCE>
    <ACTION_OCCURRENCE m_id="11" comment="" climaxEvent="FALSE">
      <token_anchor t_id="48"/>
    </ACTION_OCCURRENCE>
    <ACTION_OCCURRENCE m_id="12" comment="" climaxEvent="FALSE">
      <token_anchor t_id="110"/>
    </ACTION_OCCURRENCE>
    <ACTION_OCCURRENCE m_id="13" comment="" climaxEvent="FALSE">
      <token_anchor t_id="50"/>
    </ACTION_OCCURRENCE>
    <ACTION_OCCURRENCE m_id="14" comment="" climaxEvent="FALSE">
      <token_anchor t_id="59"/>
    </ACTION_OCCURRENCE>
    <ACTION_OCCURRENCE m_id="15" comment="" climaxEvent="FALSE">
      <token_anchor t_id="61"/>
    </ACTION_OCCURRENCE>
    <ACTION_OCCURRENCE m_id="16" comment="" climaxEvent="FALSE">
      <token_anchor t_id="190"/>
    </ACTION_OCCURRENCE>
    <ACTION_OCCURRENCE m_id="17" comment="" climaxEvent="FALSE">
      <token_anchor t_id="235"/>
    </ACTION_OCCURRENCE>
    <ACTION_OCCURRENCE m_id="18" comment="" climaxEvent="FALSE">
      <token_anchor t_id="199"/>
    </ACTION_OCCURRENCE>
    <ACTION_OCCURRENCE m_id="19" comment="" climaxEvent="FALSE">
      <token_anchor t_id="37"/>
    </ACTION_OCCURRENCE>
    <ACTION_OCCURRENCE m_id="20" comment="" climaxEvent="FALSE">
      <token_anchor t_id="241"/>
    </ACTION_OCCURRENCE>
    <ACTION_OCCURRENCE m_id="21" comment="" climaxEvent="FALSE">
      <token_anchor t_id="252"/>
      <token_anchor t_id="253"/>
    </ACTION_OCCURRENCE>
    <ACTION_OCCURRENCE m_id="22" comment="" climaxEvent="FALSE">
      <token_anchor t_id="255"/>
    </ACTION_OCCURRENCE>
    <ACTION_OCCURRENCE m_id="23" comment="" climaxEvent="FALSE">
      <token_anchor t_id="267"/>
    </ACTION_OCCURRENCE>
    <ACTION_OCCURRENCE m_id="24" comment="" climaxEvent="FALSE">
      <token_anchor t_id="273"/>
    </ACTION_OCCURRENCE>
    <ACTION_OCCURRENCE m_id="25" comment="" climaxEvent="FALSE">
      <token_anchor t_id="279"/>
    </ACTION_OCCURRENCE>
    <ACTION_OCCURRENCE m_id="26" comment="" climaxEvent="FALSE">
      <token_anchor t_id="280"/>
    </ACTION_OCCURRENCE>
    <ACTION_OCCURRENCE m_id="27" comment="" climaxEvent="FALSE">
      <token_anchor t_id="284"/>
      <token_anchor t_id="285"/>
    </ACTION_OCCURRENCE>
    <ACTION_OCCURRENCE m_id="28" comment="" climaxEvent="FALSE">
      <token_anchor t_id="153"/>
    </ACTION_OCCURRENCE>
    <ACTION_REPORTING m_id="43">
      <token_anchor t_id="331"/>
    </ACTION_REPORTING>
    <ACTION_REPORTING m_id="44">
      <token_anchor t_id="335"/>
    </ACTION_REPORTING>
    <ACTION_REPORTING m_id="45">
      <token_anchor t_id="260"/>
    </ACTION_REPORTING>
    <ACTION_REPORTING m_id="46">
      <token_anchor t_id="269"/>
    </ACTION_REPORTING>
    <ACTION_STATE m_id="47" climaxEvent="FALSE" comment="">
      <token_anchor t_id="207"/>
    </ACTION_STATE>
    <ACTION_STATE m_id="48" climaxEvent="FALSE" comment="">
      <token_anchor t_id="201"/>
      <token_anchor t_id="202"/>
      <token_anchor t_id="203"/>
    </ACTION_STATE>
    <ACTION_STATE m_id="49" climaxEvent="FALSE" comment="">
      <token_anchor t_id="191"/>
    </ACTION_STATE>
    <ACTION_STATE m_id="50" climaxEvent="FALSE" comment="BT: annotation error">
      <token_anchor t_id="62"/>
    </ACTION_STATE>
    <ACTION_STATE m_id="51" climaxEvent="FALSE" comment="">
      <token_anchor t_id="239"/>
    </ACTION_STATE>
    <ACTION_STATE m_id="52" climaxEvent="FALSE" comment="">
      <token_anchor t_id="257"/>
    </ACTION_STATE>
    <ACTION_STATE m_id="53" climaxEvent="FALSE" comment="">
      <token_anchor t_id="164"/>
    </ACTION_STATE>
    <ACTION_STATE m_id="54" climaxEvent="FALSE" comment="">
      <token_anchor t_id="45"/>
    </ACTION_STATE>
    <ACTION_STATE m_id="55" climaxEvent="FALSE" comment="">
      <token_anchor t_id="66"/>
    </ACTION_STATE>
    <ACTION_STATE m_id="56" climaxEvent="FALSE" comment="">
      <token_anchor t_id="240"/>
    </ACTION_STATE>
    <HUMAN_PART_ORG m_id="61">
      <token_anchor t_id="348"/>
    </HUMAN_PART_ORG>
    <HUMAN_PART_ORG m_id="62">
      <token_anchor t_id="330"/>
    </HUMAN_PART_ORG>
    <HUMAN_PART_ORG m_id="95">
      <token_anchor t_id="81"/>
    </HUMAN_PART_ORG>
    <HUMAN_PART_ORG m_id="63">
      <token_anchor t_id="30"/>
    </HUMAN_PART_ORG>
    <HUMAN_PART_ORG m_id="64">
      <token_anchor t_id="47"/>
    </HUMAN_PART_ORG>
    <HUMAN_PART_ORG m_id="65">
      <token_anchor t_id="57"/>
    </HUMAN_PART_ORG>
    <HUMAN_PART_ORG m_id="66">
      <token_anchor t_id="68"/>
    </HUMAN_PART_ORG>
    <HUMAN_PART_ORG m_id="67">
      <token_anchor t_id="264"/>
    </HUMAN_PART_ORG>
    <HUMAN_PART_ORG m_id="68">
      <token_anchor t_id="261"/>
      <token_anchor t_id="262"/>
    </HUMAN_PART_ORG>
    <HUMAN_PART_ORG m_id="69">
      <token_anchor t_id="233"/>
    </HUMAN_PART_ORG>
    <HUMAN_PART_ORG m_id="57">
      <token_anchor t_id="146"/>
      <token_anchor t_id="147"/>
      <token_anchor t_id="148"/>
      <token_anchor t_id="149"/>
      <token_anchor t_id="150"/>
      <token_anchor t_id="151"/>
    </HUMAN_PART_ORG>
    <HUMAN_PART_ORG m_id="58">
      <token_anchor t_id="152"/>
    </HUMAN_PART_ORG>
    <HUMAN_PART_ORG m_id="59">
      <token_anchor t_id="200"/>
    </HUMAN_PART_ORG>
    <HUMAN_PART_ORG m_id="60">
      <token_anchor t_id="40"/>
    </HUMAN_PART_ORG>
    <HUMAN_PART_PER m_id="70" comment="">
      <token_anchor t_id="169"/>
    </HUMAN_PART_PER>
    <HUMAN_PART_PER m_id="71" comment="">
      <token_anchor t_id="32"/>
    </HUMAN_PART_PER>
    <HUMAN_PART_PER m_id="72" comment="">
      <token_anchor t_id="44"/>
    </HUMAN_PART_PER>
    <HUMAN_PART_VEH m_id="73">
      <token_anchor t_id="309"/>
      <token_anchor t_id="310"/>
    </HUMAN_PART_VEH>
    <LOC_GEO m_id="74" comment="">
      <token_anchor t_id="344"/>
      <token_anchor t_id="345"/>
    </LOC_GEO>
    <LOC_GEO m_id="75" comment="">
      <token_anchor t_id="90"/>
      <token_anchor t_id="91"/>
      <token_anchor t_id="92"/>
      <token_anchor t_id="93"/>
      <token_anchor t_id="94"/>
      <token_anchor t_id="95"/>
      <token_anchor t_id="96"/>
    </LOC_GEO>
    <LOC_GEO m_id="76" comment="">
      <token_anchor t_id="114"/>
      <token_anchor t_id="115"/>
      <token_anchor t_id="116"/>
      <token_anchor t_id="117"/>
      <token_anchor t_id="118"/>
      <token_anchor t_id="119"/>
      <token_anchor t_id="120"/>
      <token_anchor t_id="121"/>
      <token_anchor t_id="122"/>
      <token_anchor t_id="123"/>
      <token_anchor t_id="124"/>
    </LOC_GEO>
    <NON_HUMAN_PART m_id="77" comment="">
      <token_anchor t_id="154"/>
    </NON_HUMAN_PART>
    <NON_HUMAN_PART m_id="78" comment="">
      <token_anchor t_id="158"/>
    </NON_HUMAN_PART>
    <NON_HUMAN_PART m_id="79" comment="">
      <token_anchor t_id="188"/>
    </NON_HUMAN_PART>
    <NON_HUMAN_PART m_id="80" comment="">
      <token_anchor t_id="157"/>
    </NON_HUMAN_PART>
    <NON_HUMAN_PART m_id="81" comment="">
      <token_anchor t_id="276"/>
    </NON_HUMAN_PART>
    <NON_HUMAN_PART m_id="82" comment="">
      <token_anchor t_id="342"/>
    </NON_HUMAN_PART>
    <NON_HUMAN_PART m_id="83" comment="">
      <token_anchor t_id="343"/>
    </NON_HUMAN_PART>
    <NON_HUMAN_PART m_id="84" comment="">
      <token_anchor t_id="354"/>
    </NON_HUMAN_PART>
    <NON_HUMAN_PART m_id="85" comment="">
      <token_anchor t_id="83"/>
    </NON_HUMAN_PART>
    <NON_HUMAN_PART m_id="86" comment="">
      <token_anchor t_id="85"/>
    </NON_HUMAN_PART>
    <NON_HUMAN_PART m_id="87" comment="">
      <token_anchor t_id="113"/>
    </NON_HUMAN_PART>
    <TIME_DATE m_id="96" comment="" DCT="FALSE" value="2011-10-08" anchorTimeID="">
      <token_anchor t_id="355"/>
      <token_anchor t_id="356"/>
      <token_anchor t_id="357"/>
      <token_anchor t_id="358"/>
      <token_anchor t_id="359"/>
      <token_anchor t_id="360"/>
      <token_anchor t_id="361"/>
      <token_anchor t_id="362"/>
    </TIME_DATE>
    <TIME_DATE m_id="88" comment="" DCT="FALSE" value="2011-10-08" anchorTimeID="">
      <token_anchor t_id="101"/>
      <token_anchor t_id="102"/>
      <token_anchor t_id="103"/>
      <token_anchor t_id="104"/>
      <token_anchor t_id="105"/>
    </TIME_DATE>
    <TIME_DATE m_id="89" comment="" DCT="TRUE" value="2011-10-11" anchorTimeID="">
      <token_anchor t_id="51"/>
      <token_anchor t_id="52"/>
      <token_anchor t_id="53"/>
      <token_anchor t_id="54"/>
    </TIME_DATE>
    <TIME_DURATION m_id="90" value="" anchorTimeID="" begin="" endPoint="">
      <token_anchor t_id="288"/>
      <token_anchor t_id="289"/>
      <token_anchor t_id="290"/>
    </TIME_DURATION>
    <TIME_DURATION m_id="91" value="" anchorTimeID="" begin="" endPoint="">
      <token_anchor t_id="242"/>
      <token_anchor t_id="243"/>
      <token_anchor t_id="244"/>
      <token_anchor t_id="245"/>
      <token_anchor t_id="246"/>
      <token_anchor t_id="247"/>
    </TIME_DURATION>
    <TIME_OF_THE_DAY m_id="92" DCT="FALSE" value="2011-10-10" anchorTimeID="">
      <token_anchor t_id="192"/>
      <token_anchor t_id="193"/>
      <token_anchor t_id="194"/>
      <token_anchor t_id="195"/>
      <token_anchor t_id="196"/>
      <token_anchor t_id="197"/>
      <token_anchor t_id="198"/>
    </TIME_OF_THE_DAY>
    <ACTION_OCCURRENCE m_id="97" RELATED_TO="" TAG_DESCRIPTOR="t30_cable_break" comment="" climaxEvent="FALSE"/>
    <TIME_DATE m_id="98" RELATED_TO="" TAG_DESCRIPTOR="t30_oct_8" value="" anchorTimeID="" DCT="FALSE" comment=""/>
    <HUMAN_PART_PER m_id="99" RELATED_TO="" TAG_DESCRIPTOR="t30_customers" comment=""/>
    <HUMAN_PART_ORG m_id="100" RELATED_TO="" TAG_DESCRIPTOR="t30_other_IPS"/>
    <ACTION_OCCURRENCE m_id="101" RELATED_TO="" TAG_DESCRIPTOR="t30_uses_seacom_cable" comment="" climaxEvent="FALSE"/>
    <ACTION_ASPECTUAL m_id="102" RELATED_TO="3" TAG_DESCRIPTOR="keep" comment=""/>
    <ACTION_OCCURRENCE m_id="103" RELATED_TO="8" TAG_DESCRIPTOR="scrambling" comment="" climaxEvent="FALSE"/>
    <NON_HUMAN_PART m_id="104" RELATED_TO="" TAG_DESCRIPTOR="seacom_services" comment=""/>
    <ACTION_STATE m_id="105" RELATED_TO="54" TAG_DESCRIPTOR="online" climaxEvent="FALSE" comment=""/>
    <NON_HUMAN_PART m_id="106" RELATED_TO="" TAG_DESCRIPTOR="t30_bandwidth" comment=""/>
    <ACTION_OCCURRENCE m_id="107" RELATED_TO="" TAG_DESCRIPTOR="t30_downtime" comment="" climaxEvent="FALSE"/>
    <NON_HUMAN_PART m_id="108" RELATED_TO="" TAG_DESCRIPTOR="t30_cable" comment=""/>
    <ACTION_OCCURRENCE m_id="109" RELATED_TO="" TAG_DESCRIPTOR="t30_experiencing_problems" comment="" climaxEvent="FALSE"/>
    <ACTION_CAUSATIVE m_id="110" RELATED_TO="" TAG_DESCRIPTOR="t30_caused_downtime"/>
    <LOC_GEO m_id="111" RELATED_TO="" TAG_DESCRIPTOR="t30_bw_abutalat_marseilles" comment=""/>
    <HUMAN_PART_ORG m_id="112" RELATED_TO="" TAG_DESCRIPTOR="t30_seacom"/>
    <LOC_GEO m_id="113" RELATED_TO="" TAG_DESCRIPTOR="t30_europe" comment=""/>
    <LOC_GEO m_id="114" RELATED_TO="" TAG_DESCRIPTOR="t30_safr_eur_india" comment=""/>
    <ACTION_OCCURRENCE m_id="115" RELATED_TO="" TAG_DESCRIPTOR="t30_seacom_services" comment="" climaxEvent="FALSE"/>
  </Markables>
  <Relations>
    <TLINK r_id="157091" contextualModality="" relType="AFTER" comment="">
      <source m_id="89"/>
      <target m_id="3"/>
    </TLINK>
    <TLINK r_id="157092" contextualModality="" relType="AFTER" comment="">
      <source m_id="89"/>
      <target m_id="54"/>
    </TLINK>
    <TLINK r_id="157093" contextualModality="" relType="AFTER" comment="">
      <source m_id="89"/>
      <target m_id="13"/>
    </TLINK>
    <TLINK r_id="157094" contextualModality="" relType="AFTER" comment="">
      <source m_id="89"/>
      <target m_id="14"/>
    </TLINK>
    <TLINK r_id="157095" contextualModality="" relType="AFTER" comment="">
      <source m_id="89"/>
      <target m_id="15"/>
    </TLINK>
    <TLINK r_id="157096" contextualModality="" relType="AFTER" comment="">
      <source m_id="89"/>
      <target m_id="55"/>
    </TLINK>
    <TLINK r_id="157097" contextualModality="" relType="AFTER" comment="">
      <source m_id="89"/>
      <target m_id="42"/>
    </TLINK>
    <TLINK r_id="157098" contextualModality="" relType="OVERLAP" comment="">
      <source m_id="89"/>
      <target m_id="94"/>
    </TLINK>
    <TLINK r_id="157099" contextualModality="" relType="AFTER" comment="">
      <source m_id="89"/>
      <target m_id="7"/>
    </TLINK>
    <TLINK r_id="157100" contextualModality="" relType="AFTER" comment="">
      <source m_id="89"/>
      <target m_id="10"/>
    </TLINK>
    <TLINK r_id="157101" contextualModality="" relType="AFTER" comment="">
      <source m_id="89"/>
      <target m_id="12"/>
    </TLINK>
    <TLINK r_id="157102" contextualModality="" relType="AFTER" comment="">
      <source m_id="89"/>
      <target m_id="28"/>
    </TLINK>
    <TLINK r_id="157103" contextualModality="" relType="AFTER" comment="">
      <source m_id="89"/>
      <target m_id="30"/>
    </TLINK>
    <TLINK r_id="157104" contextualModality="" relType="AFTER" comment="">
      <source m_id="89"/>
      <target m_id="32"/>
    </TLINK>
    <TLINK r_id="157105" contextualModality="" relType="AFTER" comment="">
      <source m_id="89"/>
      <target m_id="33"/>
    </TLINK>
    <TLINK r_id="157107" contextualModality="" relType="AFTER" comment="">
      <source m_id="89"/>
      <target m_id="34"/>
    </TLINK>
    <TLINK r_id="157108" contextualModality="" relType="AFTER" comment="">
      <source m_id="89"/>
      <target m_id="16"/>
    </TLINK>
    <TLINK r_id="157109" contextualModality="" relType="AFTER" comment="">
      <source m_id="89"/>
      <target m_id="49"/>
    </TLINK>
    <TLINK r_id="157110" contextualModality="" relType="AFTER" comment="">
      <source m_id="89"/>
      <target m_id="18"/>
    </TLINK>
    <TLINK r_id="157111" contextualModality="" relType="AFTER" comment="">
      <source m_id="89"/>
      <target m_id="48"/>
    </TLINK>
    <TLINK r_id="157116" contextualModality="" relType="AFTER" comment="">
      <source m_id="89"/>
      <target m_id="21"/>
    </TLINK>
    <TLINK r_id="157117" contextualModality="" relType="AFTER" comment="">
      <source m_id="89"/>
      <target m_id="22"/>
    </TLINK>
    <TLINK r_id="157118" contextualModality="" relType="AFTER" comment="">
      <source m_id="89"/>
      <target m_id="52"/>
    </TLINK>
    <TLINK r_id="157119" contextualModality="" relType="AFTER" comment="">
      <source m_id="89"/>
      <target m_id="46"/>
    </TLINK>
    <TLINK r_id="157120" contextualModality="" relType="AFTER" comment="">
      <source m_id="89"/>
      <target m_id="24"/>
    </TLINK>
    <TLINK r_id="157121" contextualModality="" relType="AFTER" comment="">
      <source m_id="89"/>
      <target m_id="25"/>
    </TLINK>
    <TLINK r_id="157123" contextualModality="" relType="AFTER" comment="">
      <source m_id="89"/>
      <target m_id="27"/>
    </TLINK>
    <TLINK r_id="157124" contextualModality="" relType="AFTER" comment="">
      <source m_id="89"/>
      <target m_id="31"/>
    </TLINK>
    <TLINK r_id="157125" contextualModality="" relType="AFTER" comment="">
      <source m_id="89"/>
      <target m_id="38"/>
    </TLINK>
    <TLINK r_id="157129" contextualModality="" relType="AFTER" comment="">
      <source m_id="89"/>
      <target m_id="6"/>
    </TLINK>
    <TLINK r_id="157130" contextualModality="" relType="AFTER" comment="">
      <source m_id="89"/>
      <target m_id="44"/>
    </TLINK>
    <TLINK r_id="157132" contextualModality="" relType="AFTER" comment="">
      <source m_id="89"/>
      <target m_id="36"/>
    </TLINK>
    <TLINK r_id="157133" contextualModality="" relType="AFTER" comment="">
      <source m_id="89"/>
      <target m_id="37"/>
    </TLINK>
    <PLOT_LINK r_id="157134" SIGNAL="" relType="PRECONDITION" CAUSES="FALSE" CAUSED_BY="FALSE">
      <source m_id="19"/>
      <target m_id="8"/>
    </PLOT_LINK>
    <PLOT_LINK r_id="157135" SIGNAL="" relType="PRECONDITION" CAUSES="FALSE" CAUSED_BY="FALSE">
      <source m_id="8"/>
      <target m_id="54"/>
    </PLOT_LINK>
    <PLOT_LINK r_id="157136" SIGNAL="" relType="PRECONDITION" CAUSES="FALSE" CAUSED_BY="FALSE">
      <source m_id="19"/>
      <target m_id="15"/>
    </PLOT_LINK>
    <PLOT_LINK r_id="157137" SIGNAL="4" relType="PRECONDITION" CAUSES="FALSE" CAUSED_BY="TRUE">
      <source m_id="10"/>
      <target m_id="12"/>
    </PLOT_LINK>
    <PLOT_LINK r_id="157139" SIGNAL="" relType="FALLING_ACTION" CAUSES="FALSE" CAUSED_BY="FALSE">
      <source m_id="30"/>
      <target m_id="33"/>
    </PLOT_LINK>
    <PLOT_LINK r_id="157140" SIGNAL="" relType="PRECONDITION" CAUSES="FALSE" CAUSED_BY="FALSE">
      <source m_id="33"/>
      <target m_id="34"/>
    </PLOT_LINK>
    <PLOT_LINK r_id="157142" SIGNAL="" relType="PRECONDITION" CAUSES="FALSE" CAUSED_BY="FALSE">
      <source m_id="17"/>
      <target m_id="20"/>
    </PLOT_LINK>
    <PLOT_LINK r_id="157143" SIGNAL="" relType="PRECONDITION" CAUSES="FALSE" CAUSED_BY="FALSE">
      <source m_id="24"/>
      <target m_id="27"/>
    </PLOT_LINK>
    <PLOT_LINK r_id="157144" SIGNAL="" relType="FALLING_ACTION" CAUSES="FALSE" CAUSED_BY="FALSE">
      <source m_id="41"/>
      <target m_id="9"/>
    </PLOT_LINK>
    <PLOT_LINK r_id="157145" SIGNAL="" relType="PRECONDITION" CAUSES="FALSE" CAUSED_BY="FALSE">
      <source m_id="35"/>
      <target m_id="36"/>
    </PLOT_LINK>
    <PLOT_LINK r_id="157146" SIGNAL="" relType="PRECONDITION" CAUSES="FALSE" CAUSED_BY="FALSE">
      <source m_id="35"/>
      <target m_id="37"/>
    </PLOT_LINK>
    <TLINK r_id="207718" contextualModality="" relType="BEFORE" comment="">
      <source m_id="88"/>
      <target m_id="40"/>
    </TLINK>
    <TLINK r_id="207719" contextualModality="" relType="BEGINS_ON" comment="">
      <source m_id="88"/>
      <target m_id="5"/>
    </TLINK>
    <TLINK r_id="207720" contextualModality="" relType="BEGINS_ON" comment="">
      <source m_id="88"/>
      <target m_id="19"/>
    </TLINK>
    <TLINK r_id="207721" contextualModality="" relType="BEFORE" comment="">
      <source m_id="88"/>
      <target m_id="8"/>
    </TLINK>
    <TLINK r_id="207722" contextualModality="" relType="BEFORE" comment="">
      <source m_id="88"/>
      <target m_id="54"/>
    </TLINK>
    <TLINK r_id="207723" contextualModality="" relType="BEGINS_ON" comment="">
      <source m_id="88"/>
      <target m_id="11"/>
    </TLINK>
    <TLINK r_id="207724" contextualModality="" relType="BEFORE" comment="">
      <source m_id="88"/>
      <target m_id="13"/>
    </TLINK>
    <TLINK r_id="207725" contextualModality="" relType="BEFORE" comment="">
      <source m_id="88"/>
      <target m_id="14"/>
    </TLINK>
    <TLINK r_id="207726" contextualModality="" relType="BEFORE" comment="">
      <source m_id="88"/>
      <target m_id="15"/>
    </TLINK>
    <TLINK r_id="207727" contextualModality="" relType="OVERLAP" comment="">
      <source m_id="88"/>
      <target m_id="55"/>
    </TLINK>
    <TLINK r_id="207728" contextualModality="" relType="OVERLAP" comment="">
      <source m_id="88"/>
      <target m_id="42"/>
    </TLINK>
    <TLINK r_id="207729" contextualModality="" relType="OVERLAP" comment="">
      <source m_id="88"/>
      <target m_id="94"/>
    </TLINK>
    <TLINK r_id="207730" contextualModality="" relType="BEGINS_ON" comment="">
      <source m_id="88"/>
      <target m_id="7"/>
    </TLINK>
    <TLINK r_id="207731" contextualModality="" relType="BEGINS_ON" comment="">
      <source m_id="88"/>
      <target m_id="10"/>
    </TLINK>
    <TLINK r_id="207732" contextualModality="" relType="CONTAINS" comment="">
      <source m_id="88"/>
      <target m_id="4"/>
    </TLINK>
    <TLINK r_id="207733" contextualModality="" relType="CONTAINS" comment="">
      <source m_id="88"/>
      <target m_id="12"/>
    </TLINK>
    <TLINK r_id="207734" contextualModality="" relType="OVERLAP" comment="">
      <source m_id="92"/>
      <target m_id="28"/>
    </TLINK>
    <TLINK r_id="207735" contextualModality="" relType="AFTER" comment="">
      <source m_id="92"/>
      <target m_id="30"/>
    </TLINK>
    <TLINK r_id="207736" contextualModality="" relType="AFTER" comment="">
      <source m_id="92"/>
      <target m_id="32"/>
    </TLINK>
    <TLINK r_id="207737" contextualModality="" relType="AFTER" comment="">
      <source m_id="92"/>
      <target m_id="33"/>
    </TLINK>
    <TLINK r_id="207738" contextualModality="" relType="AFTER" comment="">
      <source m_id="92"/>
      <target m_id="34"/>
    </TLINK>
    <TLINK r_id="207739" contextualModality="" relType="CONTAINS" comment="">
      <source m_id="92"/>
      <target m_id="16"/>
    </TLINK>
    <TLINK r_id="207740" contextualModality="" relType="CONTAINS" comment="">
      <source m_id="92"/>
      <target m_id="49"/>
    </TLINK>
    <TLINK r_id="207741" contextualModality="" relType="CONTAINS" comment="">
      <source m_id="92"/>
      <target m_id="18"/>
    </TLINK>
    <TLINK r_id="207742" contextualModality="" relType="CONTAINS" comment="">
      <source m_id="92"/>
      <target m_id="48"/>
    </TLINK>
    <TLINK r_id="207743" contextualModality="" relType="CONTAINS" comment="">
      <source m_id="92"/>
      <target m_id="47"/>
    </TLINK>
    <TLINK r_id="207744" contextualModality="" relType="BEFORE" comment="">
      <source m_id="92"/>
      <target m_id="17"/>
    </TLINK>
    <TLINK r_id="207745" contextualModality="" relType="BEFORE" comment="">
      <source m_id="92"/>
      <target m_id="20"/>
    </TLINK>
    <TLINK r_id="207746" contextualModality="" relType="BEFORE" comment="">
      <source m_id="92"/>
      <target m_id="21"/>
    </TLINK>
    <TLINK r_id="207747" contextualModality="" relType="BEFORE" comment="">
      <source m_id="92"/>
      <target m_id="22"/>
    </TLINK>
    <TLINK r_id="207748" contextualModality="" relType="BEFORE" comment="">
      <source m_id="92"/>
      <target m_id="52"/>
    </TLINK>
    <TLINK r_id="207749" contextualModality="" relType="BEFORE" comment="">
      <source m_id="92"/>
      <target m_id="23"/>
    </TLINK>
    <TLINK r_id="207750" contextualModality="" relType="BEFORE" comment="">
      <source m_id="92"/>
      <target m_id="46"/>
    </TLINK>
    <TLINK r_id="207751" contextualModality="" relType="OVERLAP" comment="">
      <source m_id="92"/>
      <target m_id="24"/>
    </TLINK>
    <TLINK r_id="207752" contextualModality="" relType="BEFORE" comment="">
      <source m_id="92"/>
      <target m_id="25"/>
    </TLINK>
    <TLINK r_id="207753" contextualModality="" relType="BEFORE" comment="">
      <source m_id="92"/>
      <target m_id="26"/>
    </TLINK>
    <TLINK r_id="207754" contextualModality="" relType="OVERLAP" comment="">
      <source m_id="92"/>
      <target m_id="27"/>
    </TLINK>
    <TLINK r_id="207755" contextualModality="" relType="OVERLAP" comment="">
      <source m_id="92"/>
      <target m_id="31"/>
    </TLINK>
    <TLINK r_id="207756" contextualModality="" relType="CONTAINS" comment="">
      <source m_id="96"/>
      <target m_id="38"/>
    </TLINK>
    <TLINK r_id="207757" contextualModality="" relType="CONTAINS" comment="">
      <source m_id="96"/>
      <target m_id="39"/>
    </TLINK>
    <TLINK r_id="207758" contextualModality="" relType="BEFORE" comment="">
      <source m_id="96"/>
      <target m_id="41"/>
    </TLINK>
    <TLINK r_id="207759" contextualModality="" relType="BEFORE" comment="">
      <source m_id="96"/>
      <target m_id="9"/>
    </TLINK>
    <TLINK r_id="207760" contextualModality="" relType="BEFORE" comment="">
      <source m_id="96"/>
      <target m_id="6"/>
    </TLINK>
    <TLINK r_id="207761" contextualModality="" relType="CONTAINS" comment="">
      <source m_id="96"/>
      <target m_id="44"/>
    </TLINK>
    <TLINK r_id="207762" contextualModality="" relType="BEGINS_ON" comment="">
      <source m_id="96"/>
      <target m_id="35"/>
    </TLINK>
    <TLINK r_id="207763" contextualModality="" relType="CONTAINS" comment="">
      <source m_id="96"/>
      <target m_id="36"/>
    </TLINK>
    <TLINK r_id="207764" contextualModality="" relType="CONTAINS" comment="">
      <source m_id="96"/>
      <target m_id="37"/>
    </TLINK>
  </Relations>
</Document>
