<?xml version='1.0' encoding='UTF-8'?>
<Document doc_name="1_18ecbplus.xml">
  <token t_id="1" sentence="0" number="0">http</token>
  <token t_id="2" sentence="0" number="1">:</token>
  <token t_id="3" sentence="0" number="2">/</token>
  <token t_id="4" sentence="0" number="3">/</token>
  <token t_id="5" sentence="0" number="4">www</token>
  <token t_id="6" sentence="0" number="5">.</token>
  <token t_id="7" sentence="0" number="6">usatoday</token>
  <token t_id="8" sentence="0" number="7">.</token>
  <token t_id="9" sentence="0" number="8">com</token>
  <token t_id="10" sentence="0" number="9">/</token>
  <token t_id="11" sentence="0" number="10">story</token>
  <token t_id="12" sentence="0" number="11">/</token>
  <token t_id="13" sentence="0" number="12">life</token>
  <token t_id="14" sentence="0" number="13">/</token>
  <token t_id="15" sentence="0" number="14">people</token>
  <token t_id="16" sentence="0" number="15">/</token>
  <token t_id="17" sentence="0" number="16">2013</token>
  <token t_id="18" sentence="0" number="17">/</token>
  <token t_id="19" sentence="0" number="18">05</token>
  <token t_id="20" sentence="0" number="19">/</token>
  <token t_id="21" sentence="0" number="20">02</token>
  <token t_id="22" sentence="0" number="21">/</token>
  <token t_id="23" sentence="0" number="22">will</token>
  <token t_id="24" sentence="0" number="23">-</token>
  <token t_id="25" sentence="0" number="24">hysterical</token>
  <token t_id="26" sentence="0" number="25">-</token>
  <token t_id="27" sentence="0" number="26">lindsay</token>
  <token t_id="28" sentence="0" number="27">-</token>
  <token t_id="29" sentence="0" number="28">lohan</token>
  <token t_id="30" sentence="0" number="29">-</token>
  <token t_id="31" sentence="0" number="30">make</token>
  <token t_id="32" sentence="0" number="31">-</token>
  <token t_id="33" sentence="0" number="32">it</token>
  <token t_id="34" sentence="0" number="33">-</token>
  <token t_id="35" sentence="0" number="34">to</token>
  <token t_id="36" sentence="0" number="35">-</token>
  <token t_id="37" sentence="0" number="36">rehab</token>
  <token t_id="38" sentence="0" number="37">/</token>
  <token t_id="39" sentence="0" number="38">2128651</token>
  <token t_id="40" sentence="0" number="39">/</token>
  <token t_id="41" sentence="1" number="0">Lindsay</token>
  <token t_id="42" sentence="1" number="1">Lohan</token>
  <token t_id="43" sentence="1" number="2">checks</token>
  <token t_id="44" sentence="1" number="3">into</token>
  <token t_id="45" sentence="1" number="4">unapproved</token>
  <token t_id="46" sentence="1" number="5">rehab</token>
  <token t_id="47" sentence="2" number="0">12</token>
  <token t_id="48" sentence="2" number="1">:</token>
  <token t_id="49" sentence="2" number="2">52</token>
  <token t_id="50" sentence="2" number="3">p</token>
  <token t_id="51" sentence="2" number="4">.</token>
  <token t_id="52" sentence="2" number="5">m</token>
  <token t_id="53" sentence="2" number="6">.</token>
  <token t_id="54" sentence="2" number="7">EDT</token>
  <token t_id="55" sentence="2" number="8">May</token>
  <token t_id="56" sentence="2" number="9">2</token>
  <token t_id="57" sentence="2" number="10">,</token>
  <token t_id="58" sentence="2" number="11">2013</token>
  <token t_id="59" sentence="3" number="0">She</token>
  <token t_id="60" sentence="3" number="1">checked</token>
  <token t_id="61" sentence="3" number="2">in</token>
  <token t_id="62" sentence="3" number="3">today</token>
  <token t_id="63" sentence="3" number="4">.</token>
  <token t_id="64" sentence="4" number="0">Lohan</token>
  <token t_id="65" sentence="4" number="1">lawyer</token>
  <token t_id="66" sentence="4" number="2">Mark</token>
  <token t_id="67" sentence="4" number="3">Heller</token>
  <token t_id="68" sentence="4" number="4">told</token>
  <token t_id="69" sentence="4" number="5">L</token>
  <token t_id="70" sentence="4" number="6">.</token>
  <token t_id="71" sentence="4" number="7">A</token>
  <token t_id="72" sentence="4" number="8">.</token>
  <token t_id="73" sentence="4" number="9">Superior</token>
  <token t_id="74" sentence="4" number="10">Court</token>
  <token t_id="75" sentence="4" number="11">Judge</token>
  <token t_id="76" sentence="4" number="12">James</token>
  <token t_id="77" sentence="4" number="13">R</token>
  <token t_id="78" sentence="4" number="14">.</token>
  <token t_id="79" sentence="4" number="15">Dabney</token>
  <token t_id="80" sentence="4" number="16">that</token>
  <token t_id="81" sentence="4" number="17">Lohan</token>
  <token t_id="82" sentence="4" number="18">had</token>
  <token t_id="83" sentence="4" number="19">checked</token>
  <token t_id="84" sentence="4" number="20">into</token>
  <token t_id="85" sentence="4" number="21">a</token>
  <token t_id="86" sentence="4" number="22">rehab</token>
  <token t_id="87" sentence="4" number="23">,</token>
  <token t_id="88" sentence="4" number="24">but</token>
  <token t_id="89" sentence="4" number="25">prosecutors</token>
  <token t_id="90" sentence="4" number="26">have</token>
  <token t_id="91" sentence="4" number="27">not</token>
  <token t_id="92" sentence="4" number="28">signed</token>
  <token t_id="93" sentence="4" number="29">off</token>
  <token t_id="94" sentence="4" number="30">on</token>
  <token t_id="95" sentence="4" number="31">the</token>
  <token t_id="96" sentence="4" number="32">facility</token>
  <token t_id="97" sentence="4" number="33">,</token>
  <token t_id="98" sentence="4" number="34">reports</token>
  <token t_id="99" sentence="4" number="35">AP</token>
  <token t_id="100" sentence="4" number="36">.</token>
  <token t_id="101" sentence="5" number="0">She</token>
  <token t_id="102" sentence="5" number="1">hopped</token>
  <token t_id="103" sentence="5" number="2">on</token>
  <token t_id="104" sentence="5" number="3">a</token>
  <token t_id="105" sentence="5" number="4">private</token>
  <token t_id="106" sentence="5" number="5">jet</token>
  <token t_id="107" sentence="5" number="6">Wednesday</token>
  <token t_id="108" sentence="5" number="7">night</token>
  <token t_id="109" sentence="5" number="8">,</token>
  <token t_id="110" sentence="5" number="9">headed</token>
  <token t_id="111" sentence="5" number="10">for</token>
  <token t_id="112" sentence="5" number="11">Morningside</token>
  <token t_id="113" sentence="5" number="12">Recovery</token>
  <token t_id="114" sentence="5" number="13">in</token>
  <token t_id="115" sentence="5" number="14">Newport</token>
  <token t_id="116" sentence="5" number="15">Beach</token>
  <token t_id="117" sentence="5" number="16">,</token>
  <token t_id="118" sentence="5" number="17">Calif</token>
  <token t_id="119" sentence="5" number="18">.</token>
  <token t_id="120" sentence="5" number="19">,</token>
  <token t_id="121" sentence="5" number="20">a</token>
  <token t_id="122" sentence="5" number="21">facility</token>
  <token t_id="123" sentence="5" number="22">that</token>
  <token t_id="124" sentence="5" number="23">does</token>
  <token t_id="125" sentence="5" number="24">allow</token>
  <token t_id="126" sentence="5" number="25">smoking</token>
  <token t_id="127" sentence="5" number="26">.</token>
  <token t_id="128" sentence="6" number="0">CNN</token>
  <token t_id="129" sentence="6" number="1">says</token>
  <token t_id="130" sentence="6" number="2">Lohan's</token>
  <token t_id="131" sentence="6" number="3">lawyer</token>
  <token t_id="132" sentence="6" number="4">,</token>
  <token t_id="133" sentence="6" number="5">Mark</token>
  <token t_id="134" sentence="6" number="6">Heller</token>
  <token t_id="135" sentence="6" number="7">,</token>
  <token t_id="136" sentence="6" number="8">made</token>
  <token t_id="137" sentence="6" number="9">the</token>
  <token t_id="138" sentence="6" number="10">arrangements</token>
  <token t_id="139" sentence="6" number="11">for</token>
  <token t_id="140" sentence="6" number="12">Lohan</token>
  <token t_id="141" sentence="6" number="13">to</token>
  <token t_id="142" sentence="6" number="14">check</token>
  <token t_id="143" sentence="6" number="15">into</token>
  <token t_id="144" sentence="6" number="16">Morningside</token>
  <token t_id="145" sentence="6" number="17">,</token>
  <token t_id="146" sentence="6" number="18">but</token>
  <token t_id="147" sentence="6" number="19">prosecutors</token>
  <token t_id="148" sentence="6" number="20">have</token>
  <token t_id="149" sentence="6" number="21">not</token>
  <token t_id="150" sentence="6" number="22">approved</token>
  <token t_id="151" sentence="6" number="23">that</token>
  <token t_id="152" sentence="6" number="24">facility</token>
  <token t_id="153" sentence="6" number="25">.</token>
  <Markables>
    <ACTION_OCCURRENCE m_id="1" climaxEvent="TRUE" comment="">
      <token_anchor t_id="43"/>
      <token_anchor t_id="44"/>
    </ACTION_OCCURRENCE>
    <ACTION_OCCURRENCE m_id="2" comment="" climaxEvent="FALSE">
      <token_anchor t_id="60"/>
      <token_anchor t_id="61"/>
    </ACTION_OCCURRENCE>
    <ACTION_OCCURRENCE m_id="3" comment="" climaxEvent="FALSE">
      <token_anchor t_id="83"/>
      <token_anchor t_id="84"/>
    </ACTION_OCCURRENCE>
    <ACTION_OCCURRENCE m_id="4" comment="" climaxEvent="FALSE">
      <token_anchor t_id="138"/>
    </ACTION_OCCURRENCE>
    <ACTION_OCCURRENCE m_id="5" comment="" climaxEvent="FALSE">
      <token_anchor t_id="102"/>
    </ACTION_OCCURRENCE>
    <ACTION_OCCURRENCE m_id="6" comment="" climaxEvent="FALSE">
      <token_anchor t_id="110"/>
    </ACTION_OCCURRENCE>
    <ACTION_OCCURRENCE m_id="7" comment="" climaxEvent="FALSE">
      <token_anchor t_id="125"/>
    </ACTION_OCCURRENCE>
    <ACTION_OCCURRENCE m_id="40" comment="" climaxEvent="FALSE">
      <token_anchor t_id="126"/>
    </ACTION_OCCURRENCE>
    <ACTION_OCCURRENCE m_id="8" comment="" climaxEvent="FALSE">
      <token_anchor t_id="136"/>
    </ACTION_OCCURRENCE>
    <ACTION_OCCURRENCE m_id="9" comment="" climaxEvent="FALSE">
      <token_anchor t_id="142"/>
      <token_anchor t_id="143"/>
    </ACTION_OCCURRENCE>
    <ACTION_REPORTING m_id="10">
      <token_anchor t_id="68"/>
    </ACTION_REPORTING>
    <ACTION_REPORTING m_id="11">
      <token_anchor t_id="98"/>
    </ACTION_REPORTING>
    <ACTION_REPORTING m_id="12">
      <token_anchor t_id="129"/>
    </ACTION_REPORTING>
    <ACTION_STATE m_id="13" climaxEvent="FALSE" comment="">
      <token_anchor t_id="65"/>
    </ACTION_STATE>
    <HUMAN_PART_ORG m_id="14">
      <token_anchor t_id="128"/>
    </HUMAN_PART_ORG>
    <HUMAN_PART_ORG m_id="15">
      <token_anchor t_id="99"/>
    </HUMAN_PART_ORG>
    <HUMAN_PART_PER m_id="39" comment="">
      <token_anchor t_id="131"/>
    </HUMAN_PART_PER>
    <HUMAN_PART_PER m_id="43" comment="">
      <token_anchor t_id="65"/>
      <token_anchor t_id="66"/>
      <token_anchor t_id="67"/>
    </HUMAN_PART_PER>
    <HUMAN_PART_PER m_id="16" comment="">
      <token_anchor t_id="147"/>
    </HUMAN_PART_PER>
    <HUMAN_PART_PER m_id="17" comment="">
      <token_anchor t_id="76"/>
      <token_anchor t_id="77"/>
      <token_anchor t_id="78"/>
      <token_anchor t_id="79"/>
    </HUMAN_PART_PER>
    <HUMAN_PART_PER m_id="18" comment="">
      <token_anchor t_id="89"/>
    </HUMAN_PART_PER>
    <HUMAN_PART_PER m_id="19" comment="">
      <token_anchor t_id="133"/>
      <token_anchor t_id="134"/>
    </HUMAN_PART_PER>
    <HUMAN_PART_PER m_id="20" comment="">
      <token_anchor t_id="41"/>
      <token_anchor t_id="42"/>
    </HUMAN_PART_PER>
    <HUMAN_PART_PER m_id="21" comment="">
      <token_anchor t_id="59"/>
    </HUMAN_PART_PER>
    <HUMAN_PART_PER m_id="22" comment="">
      <token_anchor t_id="81"/>
    </HUMAN_PART_PER>
    <HUMAN_PART_PER m_id="23" comment="">
      <token_anchor t_id="101"/>
    </HUMAN_PART_PER>
    <HUMAN_PART_PER m_id="24" comment="">
      <token_anchor t_id="130"/>
    </HUMAN_PART_PER>
    <HUMAN_PART_PER m_id="25" comment="">
      <token_anchor t_id="140"/>
    </HUMAN_PART_PER>
    <HUMAN_PART_PER m_id="26" comment="">
      <token_anchor t_id="64"/>
    </HUMAN_PART_PER>
    <LOC_FAC m_id="29">
      <token_anchor t_id="86"/>
    </LOC_FAC>
    <LOC_FAC m_id="30">
      <token_anchor t_id="96"/>
    </LOC_FAC>
    <LOC_FAC m_id="31">
      <token_anchor t_id="122"/>
    </LOC_FAC>
    <LOC_FAC m_id="32">
      <token_anchor t_id="144"/>
    </LOC_FAC>
    <LOC_FAC m_id="33">
      <token_anchor t_id="152"/>
    </LOC_FAC>
    <LOC_FAC m_id="27">
      <token_anchor t_id="112"/>
      <token_anchor t_id="113"/>
      <token_anchor t_id="114"/>
      <token_anchor t_id="115"/>
      <token_anchor t_id="116"/>
      <token_anchor t_id="117"/>
      <token_anchor t_id="118"/>
    </LOC_FAC>
    <LOC_FAC m_id="28">
      <token_anchor t_id="46"/>
    </LOC_FAC>
    <NEG_ACTION_OCCURRENCE m_id="34" comment="" climaxEvent="FALSE">
      <token_anchor t_id="150"/>
    </NEG_ACTION_OCCURRENCE>
    <NEG_ACTION_OCCURRENCE m_id="41" comment="" climaxEvent="FALSE">
      <token_anchor t_id="45"/>
    </NEG_ACTION_OCCURRENCE>
    <NEG_ACTION_OCCURRENCE m_id="42" comment="" climaxEvent="FALSE">
      <token_anchor t_id="92"/>
      <token_anchor t_id="93"/>
    </NEG_ACTION_OCCURRENCE>
    <NON_HUMAN_PART m_id="35" comment="">
      <token_anchor t_id="106"/>
    </NON_HUMAN_PART>
    <TIME_DATE m_id="36" comment="" DCT="FALSE" value="2013-05-02" anchorTimeID="38">
      <token_anchor t_id="62"/>
    </TIME_DATE>
    <TIME_DATE m_id="37" comment="" DCT="FALSE" value="2013-05-01" anchorTimeID="38">
      <token_anchor t_id="107"/>
      <token_anchor t_id="108"/>
    </TIME_DATE>
    <TIME_OF_THE_DAY m_id="38" DCT="TRUE" value="2013-05-02T12:52" anchorTimeID="">
      <token_anchor t_id="47"/>
      <token_anchor t_id="48"/>
      <token_anchor t_id="49"/>
      <token_anchor t_id="50"/>
      <token_anchor t_id="51"/>
      <token_anchor t_id="52"/>
      <token_anchor t_id="53"/>
      <token_anchor t_id="54"/>
      <token_anchor t_id="55"/>
      <token_anchor t_id="56"/>
      <token_anchor t_id="57"/>
      <token_anchor t_id="58"/>
    </TIME_OF_THE_DAY>
    <ACTION_REPORTING m_id="44" RELATED_TO="" TAG_DESCRIPTOR="t1_says_cnn"/>
    <ACTION_OCCURRENCE m_id="45" RELATED_TO="" TAG_DESCRIPTOR="t1_allow_smoking" comment="" climaxEvent="FALSE"/>
    <ACTION_OCCURRENCE m_id="46" RELATED_TO="" TAG_DESCRIPTOR="t1_going_to_morningside" comment="" climaxEvent="FALSE"/>
    <ACTION_OCCURRENCE m_id="47" RELATED_TO="" TAG_DESCRIPTOR="t1_made_arrangements" comment="" climaxEvent="FALSE"/>
    <ACTION_OCCURRENCE m_id="48" RELATED_TO="" TAG_DESCRIPTOR="t1_smoking" comment="" climaxEvent="FALSE"/>
    <HUMAN_PART_PER m_id="49" RELATED_TO="" TAG_DESCRIPTOR="t1_heller" comment=""/>
    <TIME_DATE m_id="50" RELATED_TO="" TAG_DESCRIPTOR="t1_may_2_date" value="" anchorTimeID="" DCT="FALSE" comment=""/>
    <HUMAN_PART_PER m_id="51" RELATED_TO="" TAG_DESCRIPTOR="t1_prosecutors" comment=""/>
    <TIME_DATE m_id="52" RELATED_TO="" TAG_DESCRIPTOR="t1_wednesday_night" value="" anchorTimeID="" DCT="FALSE" comment=""/>
    <ACTION_REPORTING m_id="53" RELATED_TO="" TAG_DESCRIPTOR="t1_reported_associated_press"/>
    <HUMAN_PART_PER m_id="54" RELATED_TO="" TAG_DESCRIPTOR="t1_lindsay_lohan" comment=""/>
    <HUMAN_PART_PER m_id="55" RELATED_TO="" TAG_DESCRIPTOR="t1_judge_dabney" comment=""/>
    <HUMAN_PART_ORG m_id="56" RELATED_TO="" TAG_DESCRIPTOR="t1_associated_press"/>
    <LOC_FAC m_id="57" RELATED_TO="" TAG_DESCRIPTOR="t1_morningside"/>
    <ACTION_OCCURRENCE m_id="58" RELATED_TO="" TAG_DESCRIPTOR="t1_flight_to_la" comment="" climaxEvent="FALSE"/>
    <ACTION_REPORTING m_id="59" RELATED_TO="" TAG_DESCRIPTOR="t1_heller_says_lohan_starts_rehab"/>
    <NON_HUMAN_PART m_id="60" RELATED_TO="" TAG_DESCRIPTOR="t1_jet" comment=""/>
    <HUMAN_PART_ORG m_id="61" RELATED_TO="" TAG_DESCRIPTOR="t1_cnn"/>
    <NEG_ACTION_OCCURRENCE m_id="62" RELATED_TO="" TAG_DESCRIPTOR="t1_approved" comment="" climaxEvent="FALSE"/>
    <ACTION_OCCURRENCE m_id="63" RELATED_TO="" TAG_DESCRIPTOR="t1_arrangements" comment="" climaxEvent="FALSE"/>
    <ACTION_OCCURRENCE m_id="64" RELATED_TO="" TAG_DESCRIPTOR="t1_checking_into_morningside_or_showing_up" comment="" climaxEvent="FALSE"/>
  </Markables>
  <Relations>
    <TLINK r_id="135818" contextualModality="" relType="AFTER" comment="">
      <source m_id="38"/>
      <target m_id="1"/>
    </TLINK>
    <TLINK r_id="135819" contextualModality="" relType="AFTER" comment="">
      <source m_id="38"/>
      <target m_id="2"/>
    </TLINK>
    <TLINK r_id="135820" contextualModality="" relType="OVERLAP" comment="">
      <source m_id="38"/>
      <target m_id="41"/>
    </TLINK>
    <TLINK r_id="135821" contextualModality="" relType="AFTER" comment="">
      <source m_id="38"/>
      <target m_id="3"/>
    </TLINK>
    <TLINK r_id="135822" contextualModality="" relType="AFTER" comment="">
      <source m_id="38"/>
      <target m_id="42"/>
    </TLINK>
    <TLINK r_id="135823" contextualModality="" relType="AFTER" comment="">
      <source m_id="38"/>
      <target m_id="5"/>
    </TLINK>
    <TLINK r_id="135824" contextualModality="" relType="AFTER" comment="">
      <source m_id="38"/>
      <target m_id="6"/>
    </TLINK>
    <TLINK r_id="135825" contextualModality="" relType="OVERLAP" comment="">
      <source m_id="38"/>
      <target m_id="7"/>
    </TLINK>
    <TLINK r_id="135827" contextualModality="" relType="AFTER" comment="">
      <source m_id="38"/>
      <target m_id="8"/>
    </TLINK>
    <TLINK r_id="135828" contextualModality="" relType="AFTER" comment="">
      <source m_id="38"/>
      <target m_id="4"/>
    </TLINK>
    <TLINK r_id="135829" contextualModality="" relType="AFTER" comment="">
      <source m_id="38"/>
      <target m_id="9"/>
    </TLINK>
    <TLINK r_id="135831" contextualModality="" relType="OVERLAP" comment="">
      <source m_id="38"/>
      <target m_id="40"/>
    </TLINK>
    <TLINK r_id="135832" contextualModality="" relType="CONTAINS" comment="">
      <source m_id="36"/>
      <target m_id="1"/>
    </TLINK>
    <TLINK r_id="135833" contextualModality="" relType="CONTAINS" comment="">
      <source m_id="36"/>
      <target m_id="41"/>
    </TLINK>
    <TLINK r_id="135834" contextualModality="" relType="CONTAINS" comment="">
      <source m_id="36"/>
      <target m_id="2"/>
    </TLINK>
    <TLINK r_id="135836" contextualModality="" relType="CONTAINS" comment="">
      <source m_id="36"/>
      <target m_id="42"/>
    </TLINK>
    <TLINK r_id="135837" contextualModality="" relType="CONTAINS" comment="">
      <source m_id="37"/>
      <target m_id="5"/>
    </TLINK>
    <TLINK r_id="135838" contextualModality="" relType="CONTAINS" comment="">
      <source m_id="37"/>
      <target m_id="6"/>
    </TLINK>
    <TLINK r_id="135839" contextualModality="" relType="CONTAINS" comment="">
      <source m_id="37"/>
      <target m_id="7"/>
    </TLINK>
    <TLINK r_id="135840" contextualModality="" relType="CONTAINS" comment="">
      <source m_id="37"/>
      <target m_id="40"/>
    </TLINK>
    <TLINK r_id="135841" contextualModality="" relType="AFTER" comment="">
      <source m_id="36"/>
      <target m_id="8"/>
    </TLINK>
    <TLINK r_id="135842" contextualModality="" relType="AFTER" comment="">
      <source m_id="36"/>
      <target m_id="4"/>
    </TLINK>
    <TLINK r_id="135843" contextualModality="" relType="CONTAINS" comment="">
      <source m_id="36"/>
      <target m_id="9"/>
    </TLINK>
    <TLINK r_id="135844" contextualModality="" relType="CONTAINS" comment="">
      <source m_id="36"/>
      <target m_id="34"/>
    </TLINK>
    <PLOT_LINK r_id="135845" SIGNAL="" relType="PRECONDITION" CAUSES="FALSE" CAUSED_BY="FALSE">
      <source m_id="5"/>
      <target m_id="6"/>
    </PLOT_LINK>
    <PLOT_LINK r_id="135846" SIGNAL="" relType="PRECONDITION" CAUSES="FALSE" CAUSED_BY="FALSE">
      <source m_id="4"/>
      <target m_id="9"/>
    </PLOT_LINK>
    <PLOT_LINK r_id="135848" SIGNAL="" relType="FALLING_ACTION" CAUSES="FALSE" CAUSED_BY="FALSE">
      <source m_id="41"/>
      <target m_id="42"/>
    </PLOT_LINK>
    <PLOT_LINK r_id="135849" SIGNAL="" relType="PRECONDITION" CAUSES="FALSE" CAUSED_BY="FALSE">
      <source m_id="42"/>
      <target m_id="34"/>
    </PLOT_LINK>
  </Relations>
</Document>
