<?xml version='1.0' encoding='UTF-8'?>
<Document doc_name="1_5ecbplus.xml">
  <token t_id="1" sentence="0" number="0">http</token>
  <token t_id="2" sentence="0" number="1">:</token>
  <token t_id="3" sentence="0" number="2">/</token>
  <token t_id="4" sentence="0" number="3">/</token>
  <token t_id="5" sentence="0" number="4">entertainment</token>
  <token t_id="6" sentence="0" number="5">.</token>
  <token t_id="7" sentence="0" number="6">inquirer</token>
  <token t_id="8" sentence="0" number="7">.</token>
  <token t_id="9" sentence="0" number="8">net</token>
  <token t_id="10" sentence="0" number="9">/</token>
  <token t_id="11" sentence="0" number="10">92181</token>
  <token t_id="12" sentence="0" number="11">/</token>
  <token t_id="13" sentence="0" number="12">lawyer</token>
  <token t_id="14" sentence="0" number="13">-</token>
  <token t_id="15" sentence="0" number="14">lindsay</token>
  <token t_id="16" sentence="0" number="15">-</token>
  <token t_id="17" sentence="0" number="16">lohan</token>
  <token t_id="18" sentence="0" number="17">-</token>
  <token t_id="19" sentence="0" number="18">checks</token>
  <token t_id="20" sentence="0" number="19">-</token>
  <token t_id="21" sentence="0" number="20">into</token>
  <token t_id="22" sentence="0" number="21">-</token>
  <token t_id="23" sentence="0" number="22">california</token>
  <token t_id="24" sentence="0" number="23">-</token>
  <token t_id="25" sentence="0" number="24">rehab</token>
  <token t_id="26" sentence="1" number="0">Lawyer</token>
  <token t_id="27" sentence="1" number="1">:</token>
  <token t_id="28" sentence="1" number="2">Lindsay</token>
  <token t_id="29" sentence="1" number="3">Lohan</token>
  <token t_id="30" sentence="1" number="4">checks</token>
  <token t_id="31" sentence="1" number="5">into</token>
  <token t_id="32" sentence="1" number="6">California</token>
  <token t_id="33" sentence="1" number="7">rehab</token>
  <token t_id="34" sentence="2" number="0">May</token>
  <token t_id="35" sentence="2" number="1">3</token>
  <token t_id="36" sentence="2" number="2">,</token>
  <token t_id="37" sentence="2" number="3">2013</token>
  <token t_id="38" sentence="2" number="4">|</token>
  <token t_id="39" sentence="2" number="5">8</token>
  <token t_id="40" sentence="2" number="6">:</token>
  <token t_id="41" sentence="2" number="7">20</token>
  <token t_id="42" sentence="2" number="8">am</token>
  <token t_id="43" sentence="3" number="0">Lindsay</token>
  <token t_id="44" sentence="3" number="1">Lohan</token>
  <token t_id="45" sentence="3" number="2">’</token>
  <token t_id="46" sentence="3" number="3">s</token>
  <token t_id="47" sentence="3" number="4">attorney</token>
  <token t_id="48" sentence="3" number="5">said</token>
  <token t_id="49" sentence="3" number="6">Thursday</token>
  <token t_id="50" sentence="3" number="7">the</token>
  <token t_id="51" sentence="3" number="8">actress</token>
  <token t_id="52" sentence="3" number="9">checked</token>
  <token t_id="53" sentence="3" number="10">into</token>
  <token t_id="54" sentence="3" number="11">a</token>
  <token t_id="55" sentence="3" number="12">California</token>
  <token t_id="56" sentence="3" number="13">rehab</token>
  <token t_id="57" sentence="3" number="14">facility</token>
  <token t_id="58" sentence="3" number="15">,</token>
  <token t_id="59" sentence="3" number="16">but</token>
  <token t_id="60" sentence="3" number="17">a</token>
  <token t_id="61" sentence="3" number="18">state</token>
  <token t_id="62" sentence="3" number="19">official</token>
  <token t_id="63" sentence="3" number="20">said</token>
  <token t_id="64" sentence="3" number="21">it</token>
  <token t_id="65" sentence="3" number="22">is</token>
  <token t_id="66" sentence="3" number="23">unlicensed</token>
  <token t_id="67" sentence="3" number="24">to</token>
  <token t_id="68" sentence="3" number="25">perform</token>
  <token t_id="69" sentence="3" number="26">the</token>
  <token t_id="70" sentence="3" number="27">type</token>
  <token t_id="71" sentence="3" number="28">of</token>
  <token t_id="72" sentence="3" number="29">restrictive</token>
  <token t_id="73" sentence="3" number="30">in</token>
  <token t_id="74" sentence="3" number="31">-</token>
  <token t_id="75" sentence="3" number="32">patient</token>
  <token t_id="76" sentence="3" number="33">treatment</token>
  <token t_id="77" sentence="3" number="34">a</token>
  <token t_id="78" sentence="3" number="35">judge</token>
  <token t_id="79" sentence="3" number="36">required</token>
  <token t_id="80" sentence="3" number="37">the</token>
  <token t_id="81" sentence="3" number="38">actress</token>
  <token t_id="82" sentence="3" number="39">to</token>
  <token t_id="83" sentence="3" number="40">receive</token>
  <token t_id="84" sentence="3" number="41">in</token>
  <token t_id="85" sentence="3" number="42">a</token>
  <token t_id="86" sentence="3" number="43">misdemeanor</token>
  <token t_id="87" sentence="3" number="44">driving</token>
  <token t_id="88" sentence="3" number="45">case</token>
  <token t_id="89" sentence="3" number="46">.</token>
  <token t_id="90" sentence="4" number="0">Mark</token>
  <token t_id="91" sentence="4" number="1">Jay</token>
  <token t_id="92" sentence="4" number="2">Heller</token>
  <token t_id="93" sentence="4" number="3">told</token>
  <token t_id="94" sentence="4" number="4">a</token>
  <token t_id="95" sentence="4" number="5">judge</token>
  <token t_id="96" sentence="4" number="6">that</token>
  <token t_id="97" sentence="4" number="7">Lohan</token>
  <token t_id="98" sentence="4" number="8">was</token>
  <token t_id="99" sentence="4" number="9">settling</token>
  <token t_id="100" sentence="4" number="10">in</token>
  <token t_id="101" sentence="4" number="11">at</token>
  <token t_id="102" sentence="4" number="12">Morningside</token>
  <token t_id="103" sentence="4" number="13">Recovery</token>
  <token t_id="104" sentence="4" number="14">and</token>
  <token t_id="105" sentence="4" number="15">argued</token>
  <token t_id="106" sentence="4" number="16">that</token>
  <token t_id="107" sentence="4" number="17">the</token>
  <token t_id="108" sentence="4" number="18">actress</token>
  <token t_id="109" sentence="4" number="19">should</token>
  <token t_id="110" sentence="4" number="20">be</token>
  <token t_id="111" sentence="4" number="21">allowed</token>
  <token t_id="112" sentence="4" number="22">to</token>
  <token t_id="113" sentence="4" number="23">stay</token>
  <token t_id="114" sentence="4" number="24">until</token>
  <token t_id="115" sentence="4" number="25">a</token>
  <token t_id="116" sentence="4" number="26">judge</token>
  <token t_id="117" sentence="4" number="27">approves</token>
  <token t_id="118" sentence="4" number="28">her</token>
  <token t_id="119" sentence="4" number="29">placement</token>
  <token t_id="120" sentence="4" number="30">.</token>
  <token t_id="121" sentence="5" number="0">“</token>
  <token t_id="122" sentence="5" number="1">My</token>
  <token t_id="123" sentence="5" number="2">client</token>
  <token t_id="124" sentence="5" number="3">is</token>
  <token t_id="125" sentence="5" number="4">ensconced</token>
  <token t_id="126" sentence="5" number="5">in</token>
  <token t_id="127" sentence="5" number="6">the</token>
  <token t_id="128" sentence="5" number="7">bosom</token>
  <token t_id="129" sentence="5" number="8">of</token>
  <token t_id="130" sentence="5" number="9">that</token>
  <token t_id="131" sentence="5" number="10">facility</token>
  <token t_id="132" sentence="5" number="11">right</token>
  <token t_id="133" sentence="5" number="12">now</token>
  <token t_id="134" sentence="5" number="13">,</token>
  <token t_id="135" sentence="5" number="14">”</token>
  <token t_id="136" sentence="5" number="15">Heller</token>
  <token t_id="137" sentence="5" number="16">argued</token>
  <token t_id="138" sentence="5" number="17">after</token>
  <token t_id="139" sentence="5" number="18">a</token>
  <token t_id="140" sentence="5" number="19">prosecutor</token>
  <token t_id="141" sentence="5" number="20">objected</token>
  <token t_id="142" sentence="5" number="21">to</token>
  <token t_id="143" sentence="5" number="22">Lohan</token>
  <token t_id="144" sentence="5" number="23">’</token>
  <token t_id="145" sentence="5" number="24">s</token>
  <token t_id="146" sentence="5" number="25">choice</token>
  <token t_id="147" sentence="5" number="26">of</token>
  <token t_id="148" sentence="5" number="27">facilities</token>
  <token t_id="149" sentence="5" number="28">.</token>
  <token t_id="150" sentence="6" number="0">“</token>
  <token t_id="151" sentence="6" number="1">She</token>
  <token t_id="152" sentence="6" number="2">’</token>
  <token t_id="153" sentence="6" number="3">s</token>
  <token t_id="154" sentence="6" number="4">in</token>
  <token t_id="155" sentence="6" number="5">rehab</token>
  <token t_id="156" sentence="6" number="6">right</token>
  <token t_id="157" sentence="6" number="7">now</token>
  <token t_id="158" sentence="6" number="8">.</token>
  <token t_id="159" sentence="7" number="0">Nothing</token>
  <token t_id="160" sentence="7" number="1">bad</token>
  <token t_id="161" sentence="7" number="2">is</token>
  <token t_id="162" sentence="7" number="3">going</token>
  <token t_id="163" sentence="7" number="4">to</token>
  <token t_id="164" sentence="7" number="5">happen</token>
  <token t_id="165" sentence="7" number="6">.</token>
  <token t_id="166" sentence="7" number="7">”</token>
  <token t_id="167" sentence="8" number="0">Celebrity</token>
  <token t_id="168" sentence="8" number="1">website</token>
  <token t_id="169" sentence="8" number="2">TMZ</token>
  <token t_id="170" sentence="8" number="3">reported</token>
  <token t_id="171" sentence="8" number="4">Lohan</token>
  <token t_id="172" sentence="8" number="5">was</token>
  <token t_id="173" sentence="8" number="6">shopping</token>
  <token t_id="174" sentence="8" number="7">at</token>
  <token t_id="175" sentence="8" number="8">an</token>
  <token t_id="176" sentence="8" number="9">electronics</token>
  <token t_id="177" sentence="8" number="10">store</token>
  <token t_id="178" sentence="8" number="11">while</token>
  <token t_id="179" sentence="8" number="12">her</token>
  <token t_id="180" sentence="8" number="13">attorney</token>
  <token t_id="181" sentence="8" number="14">was</token>
  <token t_id="182" sentence="8" number="15">in</token>
  <token t_id="183" sentence="8" number="16">court</token>
  <token t_id="184" sentence="8" number="17">and</token>
  <token t_id="185" sentence="8" number="18">that</token>
  <token t_id="186" sentence="8" number="19">she</token>
  <token t_id="187" sentence="8" number="20">never</token>
  <token t_id="188" sentence="8" number="21">entered</token>
  <token t_id="189" sentence="8" number="22">Morningside</token>
  <token t_id="190" sentence="8" number="23">.</token>
  <token t_id="191" sentence="9" number="0">Superior</token>
  <token t_id="192" sentence="9" number="1">Court</token>
  <token t_id="193" sentence="9" number="2">Judge</token>
  <token t_id="194" sentence="9" number="3">James</token>
  <token t_id="195" sentence="9" number="4">R</token>
  <token t_id="196" sentence="9" number="5">.</token>
  <token t_id="197" sentence="9" number="6">Dabney</token>
  <token t_id="198" sentence="9" number="7">agreed</token>
  <token t_id="199" sentence="9" number="8">in</token>
  <token t_id="200" sentence="9" number="9">the</token>
  <token t_id="201" sentence="9" number="10">hearing</token>
  <token t_id="202" sentence="9" number="11">that</token>
  <token t_id="203" sentence="9" number="12">Lohan</token>
  <token t_id="204" sentence="9" number="13">should</token>
  <token t_id="205" sentence="9" number="14">remain</token>
  <token t_id="206" sentence="9" number="15">at</token>
  <token t_id="207" sentence="9" number="16">Morningside</token>
  <token t_id="208" sentence="9" number="17">,</token>
  <token t_id="209" sentence="9" number="18">although</token>
  <token t_id="210" sentence="9" number="19">the</token>
  <token t_id="211" sentence="9" number="20">actress</token>
  <token t_id="212" sentence="9" number="21">’</token>
  <token t_id="213" sentence="9" number="22">whereabouts</token>
  <token t_id="214" sentence="9" number="23">were</token>
  <token t_id="215" sentence="9" number="24">unknown</token>
  <token t_id="216" sentence="9" number="25">.</token>
  <Markables>
    <ACTION_OCCURRENCE m_id="1" comment="" climaxEvent="FALSE">
      <token_anchor t_id="105"/>
    </ACTION_OCCURRENCE>
    <ACTION_OCCURRENCE m_id="2" comment="" climaxEvent="FALSE">
      <token_anchor t_id="111"/>
    </ACTION_OCCURRENCE>
    <ACTION_OCCURRENCE m_id="3" comment="" climaxEvent="FALSE">
      <token_anchor t_id="117"/>
    </ACTION_OCCURRENCE>
    <ACTION_OCCURRENCE m_id="4" comment="" climaxEvent="FALSE">
      <token_anchor t_id="125"/>
    </ACTION_OCCURRENCE>
    <ACTION_OCCURRENCE m_id="5" comment="" climaxEvent="FALSE">
      <token_anchor t_id="137"/>
    </ACTION_OCCURRENCE>
    <ACTION_OCCURRENCE m_id="6" comment="" climaxEvent="FALSE">
      <token_anchor t_id="141"/>
    </ACTION_OCCURRENCE>
    <ACTION_OCCURRENCE m_id="71" comment="" climaxEvent="FALSE">
      <token_anchor t_id="155"/>
    </ACTION_OCCURRENCE>
    <ACTION_OCCURRENCE m_id="7" comment="" climaxEvent="FALSE">
      <token_anchor t_id="173"/>
    </ACTION_OCCURRENCE>
    <ACTION_OCCURRENCE m_id="8" comment="" climaxEvent="FALSE">
      <token_anchor t_id="188"/>
    </ACTION_OCCURRENCE>
    <ACTION_OCCURRENCE m_id="9" comment="" climaxEvent="FALSE">
      <token_anchor t_id="198"/>
    </ACTION_OCCURRENCE>
    <ACTION_OCCURRENCE m_id="10" comment="" climaxEvent="FALSE">
      <token_anchor t_id="205"/>
    </ACTION_OCCURRENCE>
    <ACTION_OCCURRENCE m_id="11" comment="" climaxEvent="FALSE">
      <token_anchor t_id="76"/>
    </ACTION_OCCURRENCE>
    <ACTION_OCCURRENCE m_id="12" comment="" climaxEvent="FALSE">
      <token_anchor t_id="201"/>
    </ACTION_OCCURRENCE>
    <ACTION_OCCURRENCE m_id="13" comment="" climaxEvent="FALSE">
      <token_anchor t_id="113"/>
    </ACTION_OCCURRENCE>
    <ACTION_OCCURRENCE m_id="14" comment="" climaxEvent="FALSE">
      <token_anchor t_id="119"/>
    </ACTION_OCCURRENCE>
    <ACTION_OCCURRENCE m_id="15" comment="" climaxEvent="FALSE">
      <token_anchor t_id="146"/>
    </ACTION_OCCURRENCE>
    <ACTION_OCCURRENCE m_id="16" climaxEvent="TRUE" comment="">
      <token_anchor t_id="30"/>
      <token_anchor t_id="31"/>
    </ACTION_OCCURRENCE>
    <ACTION_OCCURRENCE m_id="17" comment="" climaxEvent="FALSE">
      <token_anchor t_id="204"/>
    </ACTION_OCCURRENCE>
    <ACTION_OCCURRENCE m_id="18" comment="" climaxEvent="FALSE">
      <token_anchor t_id="52"/>
      <token_anchor t_id="53"/>
    </ACTION_OCCURRENCE>
    <ACTION_OCCURRENCE m_id="19" comment="" climaxEvent="FALSE">
      <token_anchor t_id="88"/>
    </ACTION_OCCURRENCE>
    <ACTION_OCCURRENCE m_id="20" comment="" climaxEvent="FALSE">
      <token_anchor t_id="68"/>
    </ACTION_OCCURRENCE>
    <ACTION_OCCURRENCE m_id="21" comment="" climaxEvent="FALSE">
      <token_anchor t_id="87"/>
    </ACTION_OCCURRENCE>
    <ACTION_OCCURRENCE m_id="22" comment="" climaxEvent="FALSE">
      <token_anchor t_id="79"/>
    </ACTION_OCCURRENCE>
    <ACTION_OCCURRENCE m_id="23" comment="" climaxEvent="FALSE">
      <token_anchor t_id="83"/>
    </ACTION_OCCURRENCE>
    <ACTION_OCCURRENCE m_id="24" comment="" climaxEvent="FALSE">
      <token_anchor t_id="99"/>
      <token_anchor t_id="100"/>
    </ACTION_OCCURRENCE>
    <ACTION_REPORTING m_id="25">
      <token_anchor t_id="48"/>
    </ACTION_REPORTING>
    <ACTION_REPORTING m_id="26">
      <token_anchor t_id="63"/>
    </ACTION_REPORTING>
    <ACTION_REPORTING m_id="27">
      <token_anchor t_id="93"/>
    </ACTION_REPORTING>
    <ACTION_REPORTING m_id="28">
      <token_anchor t_id="170"/>
    </ACTION_REPORTING>
    <ACTION_STATE m_id="29" climaxEvent="FALSE" comment="">
      <token_anchor t_id="215"/>
    </ACTION_STATE>
    <HUMAN_PART_ORG m_id="30">
      <token_anchor t_id="169"/>
    </HUMAN_PART_ORG>
    <HUMAN_PART_PER m_id="31" comment="">
      <token_anchor t_id="90"/>
      <token_anchor t_id="91"/>
      <token_anchor t_id="92"/>
    </HUMAN_PART_PER>
    <HUMAN_PART_PER m_id="32" comment="">
      <token_anchor t_id="97"/>
    </HUMAN_PART_PER>
    <HUMAN_PART_PER m_id="33" comment="">
      <token_anchor t_id="95"/>
    </HUMAN_PART_PER>
    <HUMAN_PART_PER m_id="34" comment="">
      <token_anchor t_id="108"/>
    </HUMAN_PART_PER>
    <HUMAN_PART_PER m_id="35" comment="">
      <token_anchor t_id="116"/>
    </HUMAN_PART_PER>
    <HUMAN_PART_PER m_id="36" comment="">
      <token_anchor t_id="123"/>
    </HUMAN_PART_PER>
    <HUMAN_PART_PER m_id="37" comment="">
      <token_anchor t_id="136"/>
    </HUMAN_PART_PER>
    <HUMAN_PART_PER m_id="38" comment="">
      <token_anchor t_id="140"/>
    </HUMAN_PART_PER>
    <HUMAN_PART_PER m_id="39" comment="">
      <token_anchor t_id="143"/>
    </HUMAN_PART_PER>
    <HUMAN_PART_PER m_id="40" comment="">
      <token_anchor t_id="151"/>
    </HUMAN_PART_PER>
    <HUMAN_PART_PER m_id="41" comment="">
      <token_anchor t_id="171"/>
    </HUMAN_PART_PER>
    <HUMAN_PART_PER m_id="42" comment="">
      <token_anchor t_id="180"/>
    </HUMAN_PART_PER>
    <HUMAN_PART_PER m_id="43" comment="">
      <token_anchor t_id="186"/>
    </HUMAN_PART_PER>
    <HUMAN_PART_PER m_id="44" comment="">
      <token_anchor t_id="194"/>
      <token_anchor t_id="195"/>
      <token_anchor t_id="196"/>
      <token_anchor t_id="197"/>
    </HUMAN_PART_PER>
    <HUMAN_PART_PER m_id="45" comment="">
      <token_anchor t_id="203"/>
    </HUMAN_PART_PER>
    <HUMAN_PART_PER m_id="46" comment="">
      <token_anchor t_id="211"/>
    </HUMAN_PART_PER>
    <HUMAN_PART_PER m_id="47" comment="">
      <token_anchor t_id="179"/>
    </HUMAN_PART_PER>
    <HUMAN_PART_PER m_id="48" comment="">
      <token_anchor t_id="26"/>
    </HUMAN_PART_PER>
    <HUMAN_PART_PER m_id="49" comment="">
      <token_anchor t_id="28"/>
      <token_anchor t_id="29"/>
    </HUMAN_PART_PER>
    <HUMAN_PART_PER m_id="50" comment="">
      <token_anchor t_id="43"/>
      <token_anchor t_id="44"/>
    </HUMAN_PART_PER>
    <HUMAN_PART_PER m_id="51" comment="">
      <token_anchor t_id="47"/>
    </HUMAN_PART_PER>
    <HUMAN_PART_PER m_id="52" comment="">
      <token_anchor t_id="51"/>
    </HUMAN_PART_PER>
    <HUMAN_PART_PER m_id="53" comment="">
      <token_anchor t_id="78"/>
    </HUMAN_PART_PER>
    <HUMAN_PART_PER m_id="54" comment="">
      <token_anchor t_id="81"/>
    </HUMAN_PART_PER>
    <HUMAN_PART_PER m_id="55" comment="">
      <token_anchor t_id="62"/>
    </HUMAN_PART_PER>
    <LOC_FAC m_id="61">
      <token_anchor t_id="148"/>
    </LOC_FAC>
    <LOC_FAC m_id="62">
      <token_anchor t_id="176"/>
      <token_anchor t_id="177"/>
    </LOC_FAC>
    <LOC_FAC m_id="63">
      <token_anchor t_id="189"/>
    </LOC_FAC>
    <LOC_FAC m_id="64">
      <token_anchor t_id="207"/>
    </LOC_FAC>
    <LOC_FAC m_id="72">
      <token_anchor t_id="64"/>
    </LOC_FAC>
    <LOC_FAC m_id="56">
      <token_anchor t_id="183"/>
    </LOC_FAC>
    <LOC_FAC m_id="57">
      <token_anchor t_id="32"/>
      <token_anchor t_id="33"/>
    </LOC_FAC>
    <LOC_FAC m_id="58">
      <token_anchor t_id="55"/>
      <token_anchor t_id="56"/>
      <token_anchor t_id="57"/>
    </LOC_FAC>
    <LOC_FAC m_id="59">
      <token_anchor t_id="102"/>
      <token_anchor t_id="103"/>
    </LOC_FAC>
    <LOC_FAC m_id="60">
      <token_anchor t_id="131"/>
    </LOC_FAC>
    <LOC_OTHER m_id="65">
      <token_anchor t_id="128"/>
    </LOC_OTHER>
    <NEG_ACTION_OCCURRENCE m_id="66" comment="" climaxEvent="FALSE">
      <token_anchor t_id="164"/>
    </NEG_ACTION_OCCURRENCE>
    <NEG_ACTION_STATE m_id="67" comment="" climaxEvent="FALSE">
      <token_anchor t_id="66"/>
    </NEG_ACTION_STATE>
    <TIME_DATE m_id="68" comment="" DCT="FALSE" value="2013-05-02" anchorTimeID="69">
      <token_anchor t_id="49"/>
    </TIME_DATE>
    <TIME_OF_THE_DAY m_id="69" DCT="TRUE" value="2013-05-03T08:20" anchorTimeID="">
      <token_anchor t_id="34"/>
      <token_anchor t_id="35"/>
      <token_anchor t_id="36"/>
      <token_anchor t_id="37"/>
      <token_anchor t_id="38"/>
      <token_anchor t_id="39"/>
      <token_anchor t_id="40"/>
      <token_anchor t_id="41"/>
      <token_anchor t_id="42"/>
    </TIME_OF_THE_DAY>
    <TIME_OF_THE_DAY m_id="70" DCT="FALSE" value="2013-05-02" anchorTimeID="69">
      <token_anchor t_id="133"/>
    </TIME_OF_THE_DAY>
    <ACTION_OCCURRENCE m_id="73" RELATED_TO="" TAG_DESCRIPTOR="t1_remain_morningside" comment="" climaxEvent="FALSE"/>
    <ACTION_OCCURRENCE m_id="74" RELATED_TO="" TAG_DESCRIPTOR="t1_choice_of_facilities" comment="" climaxEvent="FALSE"/>
    <ACTION_OCCURRENCE m_id="75" RELATED_TO="" TAG_DESCRIPTOR="t1_received_treatment" comment="" climaxEvent="FALSE"/>
    <LOC_FAC m_id="76" RELATED_TO="" TAG_DESCRIPTOR="t1_electronics_store"/>
    <LOC_OTHER m_id="77" RELATED_TO="" TAG_DESCRIPTOR="t1_bosom"/>
    <ACTION_REPORTING m_id="78" RELATED_TO="" TAG_DESCRIPTOR="t1_told_settling_at_morningside"/>
    <ACTION_STATE m_id="79" RELATED_TO="" TAG_DESCRIPTOR="t1_unknown_whereabouts" climaxEvent="FALSE" comment=""/>
    <ACTION_OCCURRENCE m_id="80" RELATED_TO="" TAG_DESCRIPTOR="t1_should_stay_morningside" comment="" climaxEvent="FALSE"/>
    <ACTION_OCCURRENCE m_id="81" RELATED_TO="" TAG_DESCRIPTOR="t1_shopping_electronics" comment="" climaxEvent="FALSE"/>
    <ACTION_OCCURRENCE m_id="82" RELATED_TO="" TAG_DESCRIPTOR="t1_treatment" comment="" climaxEvent="FALSE"/>
    <ACTION_OCCURRENCE m_id="83" RELATED_TO="" TAG_DESCRIPTOR="t1_drunk_driving" comment="" climaxEvent="FALSE"/>
    <ACTION_OCCURRENCE m_id="84" RELATED_TO="" TAG_DESCRIPTOR="t1_heller_argued" comment="" climaxEvent="FALSE"/>
    <HUMAN_PART_PER m_id="85" RELATED_TO="" TAG_DESCRIPTOR="t1_heller" comment=""/>
    <HUMAN_PART_PER m_id="86" RELATED_TO="" TAG_DESCRIPTOR="t1_state_official_per" comment=""/>
    <ACTION_OCCURRENCE m_id="87" RELATED_TO="" TAG_DESCRIPTOR="t1_approve_morningside" comment="" climaxEvent="FALSE"/>
    <ACTION_OCCURRENCE m_id="88" RELATED_TO="" TAG_DESCRIPTOR="t1_drunk_driving_case" comment="" climaxEvent="FALSE"/>
    <NEG_ACTION_OCCURRENCE m_id="89" RELATED_TO="" TAG_DESCRIPTOR="t1_happen" comment="" climaxEvent="FALSE"/>
    <ACTION_OCCURRENCE m_id="90" RELATED_TO="" TAG_DESCRIPTOR="t1_agree_stay_morningside" comment="" climaxEvent="FALSE"/>
    <LOC_FAC m_id="91" RELATED_TO="" TAG_DESCRIPTOR="t1_general_rehab_facility"/>
    <LOC_FAC m_id="92" RELATED_TO="" TAG_DESCRIPTOR="t1_court"/>
    <ACTION_OCCURRENCE m_id="93" RELATED_TO="" TAG_DESCRIPTOR="t1_the_hearing" comment="" climaxEvent="FALSE"/>
    <ACTION_OCCURRENCE m_id="94" RELATED_TO="" TAG_DESCRIPTOR="t1_settling_in_morningside" comment="" climaxEvent="FALSE"/>
    <ACTION_OCCURRENCE m_id="95" RELATED_TO="" TAG_DESCRIPTOR="t1_checking_into_morningside_or_showing_up" comment="" climaxEvent="FALSE"/>
    <ACTION_OCCURRENCE m_id="96" RELATED_TO="" TAG_DESCRIPTOR="t1_ensconsed" comment="" climaxEvent="FALSE"/>
    <HUMAN_PART_ORG m_id="97" RELATED_TO="" TAG_DESCRIPTOR="t1_tmz"/>
    <NEG_ACTION_STATE m_id="98" RELATED_TO="" TAG_DESCRIPTOR="t1_unlicensed" comment="" climaxEvent="FALSE"/>
    <TIME_DATE m_id="99" RELATED_TO="" TAG_DESCRIPTOR="t1_thursday" value="" anchorTimeID="" DCT="FALSE" comment=""/>
    <HUMAN_PART_PER m_id="100" RELATED_TO="" TAG_DESCRIPTOR="t1_lindsay_lohan" comment=""/>
    <ACTION_REPORTING m_id="101" RELATED_TO="" TAG_DESCRIPTOR="t1_reported_tmz"/>
    <HUMAN_PART_PER m_id="102" RELATED_TO="" TAG_DESCRIPTOR="t1_prosecutor" comment=""/>
    <ACTION_OCCURRENCE m_id="103" RELATED_TO="" TAG_DESCRIPTOR="t1_perform_unlicensed" comment="" climaxEvent="FALSE"/>
    <LOC_FAC m_id="104" RELATED_TO="" TAG_DESCRIPTOR="t1_morningside"/>
    <ACTION_OCCURRENCE m_id="105" RELATED_TO="" TAG_DESCRIPTOR="t1_required_treatment_by_judge" comment="" climaxEvent="FALSE"/>
    <ACTION_OCCURRENCE m_id="106" RELATED_TO="" TAG_DESCRIPTOR="t1_placement_at_facility" comment="" climaxEvent="FALSE"/>
    <ACTION_REPORTING m_id="107" RELATED_TO="" TAG_DESCRIPTOR="t1_said_heller_thursday"/>
    <ACTION_OCCURRENCE m_id="108" RELATED_TO="" TAG_DESCRIPTOR="t1_prosecutor_objected" comment="" climaxEvent="FALSE"/>
    <ACTION_OCCURRENCE m_id="109" RELATED_TO="" TAG_DESCRIPTOR="t1_allow_stay_morningside" comment="" climaxEvent="FALSE"/>
    <HUMAN_PART_PER m_id="110" RELATED_TO="" TAG_DESCRIPTOR="t1_judge_dabney" comment=""/>
    <HUMAN_PART_PER m_id="111" RELATED_TO="" TAG_DESCRIPTOR="t1_judge_who_required_treatment" comment=""/>
  </Markables>
  <Relations>
    <TLINK r_id="136429" contextualModality="" relType="AFTER" comment="">
      <source m_id="69"/>
      <target m_id="16"/>
    </TLINK>
    <TLINK r_id="136430" contextualModality="" relType="AFTER" comment="">
      <source m_id="69"/>
      <target m_id="18"/>
    </TLINK>
    <TLINK r_id="136431" contextualModality="" relType="AFTER" comment="">
      <source m_id="69"/>
      <target m_id="67"/>
    </TLINK>
    <TLINK r_id="136432" contextualModality="" relType="AFTER" comment="">
      <source m_id="69"/>
      <target m_id="20"/>
    </TLINK>
    <TLINK r_id="136433" contextualModality="" relType="AFTER" comment="">
      <source m_id="69"/>
      <target m_id="11"/>
    </TLINK>
    <TLINK r_id="136434" contextualModality="" relType="AFTER" comment="">
      <source m_id="69"/>
      <target m_id="22"/>
    </TLINK>
    <TLINK r_id="136435" contextualModality="" relType="AFTER" comment="">
      <source m_id="69"/>
      <target m_id="23"/>
    </TLINK>
    <TLINK r_id="136436" contextualModality="" relType="AFTER" comment="">
      <source m_id="69"/>
      <target m_id="19"/>
    </TLINK>
    <TLINK r_id="136437" contextualModality="" relType="AFTER" comment="">
      <source m_id="69"/>
      <target m_id="24"/>
    </TLINK>
    <TLINK r_id="136439" contextualModality="" relType="AFTER" comment="">
      <source m_id="69"/>
      <target m_id="2"/>
    </TLINK>
    <TLINK r_id="136440" contextualModality="" relType="AFTER" comment="">
      <source m_id="69"/>
      <target m_id="13"/>
    </TLINK>
    <TLINK r_id="136441" contextualModality="" relType="BEFORE" comment="">
      <source m_id="69"/>
      <target m_id="3"/>
    </TLINK>
    <TLINK r_id="136442" contextualModality="" relType="AFTER" comment="">
      <source m_id="69"/>
      <target m_id="14"/>
    </TLINK>
    <TLINK r_id="136443" contextualModality="" relType="AFTER" comment="">
      <source m_id="69"/>
      <target m_id="4"/>
    </TLINK>
    <TLINK r_id="136444" contextualModality="" relType="AFTER" comment="">
      <source m_id="69"/>
      <target m_id="6"/>
    </TLINK>
    <TLINK r_id="136445" contextualModality="" relType="AFTER" comment="">
      <source m_id="69"/>
      <target m_id="15"/>
    </TLINK>
    <TLINK r_id="136446" contextualModality="" relType="OVERLAP" comment="">
      <source m_id="69"/>
      <target m_id="71"/>
    </TLINK>
    <TLINK r_id="136447" contextualModality="" relType="BEFORE" comment="">
      <source m_id="69"/>
      <target m_id="66"/>
    </TLINK>
    <TLINK r_id="136448" contextualModality="" relType="AFTER" comment="">
      <source m_id="69"/>
      <target m_id="7"/>
    </TLINK>
    <TLINK r_id="136449" contextualModality="" relType="AFTER" comment="">
      <source m_id="69"/>
      <target m_id="8"/>
    </TLINK>
    <TLINK r_id="136450" contextualModality="" relType="AFTER" comment="">
      <source m_id="69"/>
      <target m_id="9"/>
    </TLINK>
    <TLINK r_id="136451" contextualModality="" relType="AFTER" comment="">
      <source m_id="69"/>
      <target m_id="12"/>
    </TLINK>
    <TLINK r_id="136452" contextualModality="" relType="AFTER" comment="">
      <source m_id="69"/>
      <target m_id="10"/>
    </TLINK>
    <TLINK r_id="136453" contextualModality="" relType="AFTER" comment="">
      <source m_id="69"/>
      <target m_id="29"/>
    </TLINK>
    <TLINK r_id="136454" contextualModality="" relType="CONTAINS" comment="">
      <source m_id="70"/>
      <target m_id="4"/>
    </TLINK>
    <TLINK r_id="136455" contextualModality="" relType="CONTAINS" comment="">
      <source m_id="68"/>
      <target m_id="16"/>
    </TLINK>
    <TLINK r_id="136456" contextualModality="" relType="CONTAINS" comment="">
      <source m_id="68"/>
      <target m_id="18"/>
    </TLINK>
    <TLINK r_id="136457" contextualModality="" relType="CONTAINS" comment="">
      <source m_id="68"/>
      <target m_id="67"/>
    </TLINK>
    <TLINK r_id="136458" contextualModality="" relType="CONTAINS" comment="">
      <source m_id="68"/>
      <target m_id="20"/>
    </TLINK>
    <TLINK r_id="136459" contextualModality="" relType="CONTAINS" comment="">
      <source m_id="68"/>
      <target m_id="11"/>
    </TLINK>
    <TLINK r_id="136460" contextualModality="" relType="CONTAINS" comment="">
      <source m_id="68"/>
      <target m_id="22"/>
    </TLINK>
    <TLINK r_id="136461" contextualModality="" relType="CONTAINS" comment="">
      <source m_id="68"/>
      <target m_id="23"/>
    </TLINK>
    <TLINK r_id="136462" contextualModality="" relType="CONTAINS" comment="">
      <source m_id="68"/>
      <target m_id="19"/>
    </TLINK>
    <TLINK r_id="136463" contextualModality="" relType="CONTAINS" comment="">
      <source m_id="68"/>
      <target m_id="24"/>
    </TLINK>
    <TLINK r_id="136464" contextualModality="" relType="CONTAINS" comment="">
      <source m_id="68"/>
      <target m_id="2"/>
    </TLINK>
    <TLINK r_id="136465" contextualModality="" relType="CONTAINS" comment="">
      <source m_id="68"/>
      <target m_id="13"/>
    </TLINK>
    <TLINK r_id="136466" contextualModality="" relType="BEFORE" comment="">
      <source m_id="68"/>
      <target m_id="3"/>
    </TLINK>
    <TLINK r_id="136467" contextualModality="" relType="CONTAINS" comment="">
      <source m_id="68"/>
      <target m_id="14"/>
    </TLINK>
    <TLINK r_id="136469" contextualModality="" relType="CONTAINS" comment="">
      <source m_id="70"/>
      <target m_id="6"/>
    </TLINK>
    <TLINK r_id="136470" contextualModality="" relType="CONTAINS" comment="">
      <source m_id="70"/>
      <target m_id="15"/>
    </TLINK>
    <TLINK r_id="136472" contextualModality="" relType="CONTAINS" comment="">
      <source m_id="70"/>
      <target m_id="66"/>
    </TLINK>
    <TLINK r_id="136473" contextualModality="" relType="CONTAINS" comment="">
      <source m_id="68"/>
      <target m_id="7"/>
    </TLINK>
    <TLINK r_id="136474" contextualModality="" relType="CONTAINS" comment="">
      <source m_id="68"/>
      <target m_id="8"/>
    </TLINK>
    <TLINK r_id="136475" contextualModality="" relType="BEFORE" comment="">
      <source m_id="68"/>
      <target m_id="12"/>
    </TLINK>
    <TLINK r_id="136476" contextualModality="" relType="BEFORE" comment="">
      <source m_id="68"/>
      <target m_id="9"/>
    </TLINK>
    <TLINK r_id="136477" contextualModality="" relType="BEFORE" comment="">
      <source m_id="68"/>
      <target m_id="10"/>
    </TLINK>
    <PLOT_LINK r_id="136478" SIGNAL="" relType="FALLING_ACTION" CAUSES="FALSE" CAUSED_BY="FALSE">
      <source m_id="11"/>
      <target m_id="23"/>
    </PLOT_LINK>
    <PLOT_LINK r_id="136479" SIGNAL="" relType="FALLING_ACTION" CAUSES="FALSE" CAUSED_BY="FALSE">
      <source m_id="23"/>
      <target m_id="19"/>
    </PLOT_LINK>
    <PLOT_LINK r_id="136480" SIGNAL="" relType="PRECONDITION" CAUSES="FALSE" CAUSED_BY="FALSE">
      <source m_id="24"/>
      <target m_id="13"/>
    </PLOT_LINK>
    <PLOT_LINK r_id="136481" SIGNAL="" relType="FALLING_ACTION" CAUSES="FALSE" CAUSED_BY="FALSE">
      <source m_id="13"/>
      <target m_id="4"/>
    </PLOT_LINK>
    <PLOT_LINK r_id="136482" SIGNAL="" relType="FALLING_ACTION" CAUSES="FALSE" CAUSED_BY="FALSE">
      <source m_id="6"/>
      <target m_id="15"/>
    </PLOT_LINK>
    <PLOT_LINK r_id="136483" SIGNAL="" relType="PRECONDITION" CAUSES="FALSE" CAUSED_BY="FALSE">
      <source m_id="14"/>
      <target m_id="71"/>
    </PLOT_LINK>
    <PLOT_LINK r_id="136484" SIGNAL="" relType="PRECONDITION" CAUSES="FALSE" CAUSED_BY="FALSE">
      <source m_id="13"/>
      <target m_id="71"/>
    </PLOT_LINK>
    <PLOT_LINK r_id="136485" SIGNAL="" relType="PRECONDITION" CAUSES="FALSE" CAUSED_BY="FALSE">
      <source m_id="24"/>
      <target m_id="71"/>
    </PLOT_LINK>
    <PLOT_LINK r_id="136486" SIGNAL="" relType="PRECONDITION" CAUSES="FALSE" CAUSED_BY="FALSE">
      <source m_id="7"/>
      <target m_id="8"/>
    </PLOT_LINK>
    <PLOT_LINK r_id="136487" SIGNAL="" relType="PRECONDITION" CAUSES="FALSE" CAUSED_BY="FALSE">
      <source m_id="9"/>
      <target m_id="10"/>
    </PLOT_LINK>
    <PLOT_LINK r_id="136488" SIGNAL="" relType="FALLING_ACTION" CAUSES="FALSE" CAUSED_BY="FALSE">
      <source m_id="9"/>
      <target m_id="12"/>
    </PLOT_LINK>
  </Relations>
</Document>
