<?xml version='1.0' encoding='UTF-8'?>
<Document doc_name="1_8ecbplus.xml">
  <token t_id="1" sentence="0" number="0">http</token>
  <token t_id="2" sentence="0" number="1">:</token>
  <token t_id="3" sentence="0" number="2">/</token>
  <token t_id="4" sentence="0" number="3">/</token>
  <token t_id="5" sentence="0" number="4">www</token>
  <token t_id="6" sentence="0" number="5">.</token>
  <token t_id="7" sentence="0" number="6">foxnews</token>
  <token t_id="8" sentence="0" number="7">.</token>
  <token t_id="9" sentence="0" number="8">com</token>
  <token t_id="10" sentence="0" number="9">/</token>
  <token t_id="11" sentence="0" number="10">entertainment</token>
  <token t_id="12" sentence="0" number="11">/</token>
  <token t_id="13" sentence="0" number="12">2013</token>
  <token t_id="14" sentence="0" number="13">/</token>
  <token t_id="15" sentence="0" number="14">05</token>
  <token t_id="16" sentence="0" number="15">/</token>
  <token t_id="17" sentence="0" number="16">02</token>
  <token t_id="18" sentence="0" number="17">/</token>
  <token t_id="19" sentence="0" number="18">lindsay</token>
  <token t_id="20" sentence="0" number="19">-</token>
  <token t_id="21" sentence="0" number="20">lohan</token>
  <token t_id="22" sentence="0" number="21">-</token>
  <token t_id="23" sentence="0" number="22">may</token>
  <token t_id="24" sentence="0" number="23">-</token>
  <token t_id="25" sentence="0" number="24">change</token>
  <token t_id="26" sentence="0" number="25">-</token>
  <token t_id="27" sentence="0" number="26">rehab</token>
  <token t_id="28" sentence="0" number="27">-</token>
  <token t_id="29" sentence="0" number="28">facility</token>
  <token t_id="30" sentence="0" number="29">-</token>
  <token t_id="31" sentence="0" number="30">violate</token>
  <token t_id="32" sentence="0" number="31">-</token>
  <token t_id="33" sentence="0" number="32">plea</token>
  <token t_id="34" sentence="0" number="33">-</token>
  <token t_id="35" sentence="0" number="34">deal</token>
  <token t_id="36" sentence="0" number="35">/</token>
  <token t_id="37" sentence="1" number="0">Lindsay</token>
  <token t_id="38" sentence="1" number="1">Lohan</token>
  <token t_id="39" sentence="1" number="2">rehires</token>
  <token t_id="40" sentence="1" number="3">longtime</token>
  <token t_id="41" sentence="1" number="4">lawyer</token>
  <token t_id="42" sentence="1" number="5">Shawn</token>
  <token t_id="43" sentence="1" number="6">Holley</token>
  <token t_id="44" sentence="1" number="7">,</token>
  <token t_id="45" sentence="1" number="8">heads</token>
  <token t_id="46" sentence="1" number="9">to</token>
  <token t_id="47" sentence="1" number="10">rehab</token>
  <token t_id="48" sentence="2" number="0">Published</token>
  <token t_id="49" sentence="2" number="1">May</token>
  <token t_id="50" sentence="2" number="2">03</token>
  <token t_id="51" sentence="2" number="3">,</token>
  <token t_id="52" sentence="2" number="4">2013</token>
  <token t_id="53" sentence="3" number="0">It</token>
  <token t_id="54" sentence="3" number="1">seems</token>
  <token t_id="55" sentence="3" number="2">Lindsay</token>
  <token t_id="56" sentence="3" number="3">Lohan</token>
  <token t_id="57" sentence="3" number="4">has</token>
  <token t_id="58" sentence="3" number="5">had</token>
  <token t_id="59" sentence="3" number="6">enough</token>
  <token t_id="60" sentence="3" number="7">of</token>
  <token t_id="61" sentence="3" number="8">New</token>
  <token t_id="62" sentence="3" number="9">York</token>
  <token t_id="63" sentence="3" number="10">attorney</token>
  <token t_id="64" sentence="3" number="11">Mark</token>
  <token t_id="65" sentence="3" number="12">Jay</token>
  <token t_id="66" sentence="3" number="13">Heller</token>
  <token t_id="67" sentence="3" number="14">.</token>
  <token t_id="68" sentence="4" number="0">The</token>
  <token t_id="69" sentence="4" number="1">actress</token>
  <token t_id="70" sentence="4" number="2">re</token>
  <token t_id="71" sentence="4" number="3">-</token>
  <token t_id="72" sentence="4" number="4">hired</token>
  <token t_id="73" sentence="4" number="5">longtime</token>
  <token t_id="74" sentence="4" number="6">attorney</token>
  <token t_id="75" sentence="4" number="7">Shawn</token>
  <token t_id="76" sentence="4" number="8">Holley</token>
  <token t_id="77" sentence="4" number="9">to</token>
  <token t_id="78" sentence="4" number="10">handle</token>
  <token t_id="79" sentence="4" number="11">her</token>
  <token t_id="80" sentence="4" number="12">case</token>
  <token t_id="81" sentence="4" number="13">.</token>
  <token t_id="82" sentence="5" number="0">Heller</token>
  <token t_id="83" sentence="5" number="1">told</token>
  <token t_id="84" sentence="5" number="2">a</token>
  <token t_id="85" sentence="5" number="3">judge</token>
  <token t_id="86" sentence="5" number="4">during</token>
  <token t_id="87" sentence="5" number="5">a</token>
  <token t_id="88" sentence="5" number="6">hearing</token>
  <token t_id="89" sentence="5" number="7">Thursday</token>
  <token t_id="90" sentence="5" number="8">morning</token>
  <token t_id="91" sentence="5" number="9">that</token>
  <token t_id="92" sentence="5" number="10">Lohan</token>
  <token t_id="93" sentence="5" number="11">had</token>
  <token t_id="94" sentence="5" number="12">checked</token>
  <token t_id="95" sentence="5" number="13">in</token>
  <token t_id="96" sentence="5" number="14">to</token>
  <token t_id="97" sentence="5" number="15">the</token>
  <token t_id="98" sentence="5" number="16">Morningside</token>
  <token t_id="99" sentence="5" number="17">Recovery</token>
  <token t_id="100" sentence="5" number="18">rehab</token>
  <token t_id="101" sentence="5" number="19">facility</token>
  <token t_id="102" sentence="5" number="20">,</token>
  <token t_id="103" sentence="5" number="21">but</token>
  <token t_id="104" sentence="5" number="22">the</token>
  <token t_id="105" sentence="5" number="23">starlet</token>
  <token t_id="106" sentence="5" number="24">left</token>
  <token t_id="107" sentence="5" number="25">it</token>
  <token t_id="108" sentence="5" number="26">after</token>
  <token t_id="109" sentence="5" number="27">a</token>
  <token t_id="110" sentence="5" number="28">few</token>
  <token t_id="111" sentence="5" number="29">minutes</token>
  <token t_id="112" sentence="5" number="30">.</token>
  <token t_id="113" sentence="6" number="0">The</token>
  <token t_id="114" sentence="6" number="1">actress</token>
  <token t_id="115" sentence="6" number="2">,</token>
  <token t_id="116" sentence="6" number="3">however</token>
  <token t_id="117" sentence="6" number="4">,</token>
  <token t_id="118" sentence="6" number="5">has</token>
  <token t_id="119" sentence="6" number="6">since</token>
  <token t_id="120" sentence="6" number="7">checked</token>
  <token t_id="121" sentence="6" number="8">in</token>
  <token t_id="122" sentence="6" number="9">to</token>
  <token t_id="123" sentence="6" number="10">a</token>
  <token t_id="124" sentence="6" number="11">different</token>
  <token t_id="125" sentence="6" number="12">rehab</token>
  <token t_id="126" sentence="6" number="13">but</token>
  <token t_id="127" sentence="6" number="14">will</token>
  <token t_id="128" sentence="6" number="15">not</token>
  <token t_id="129" sentence="6" number="16">face</token>
  <token t_id="130" sentence="6" number="17">a</token>
  <token t_id="131" sentence="6" number="18">probation</token>
  <token t_id="132" sentence="6" number="19">violation</token>
  <token t_id="133" sentence="6" number="20">for</token>
  <token t_id="134" sentence="6" number="21">leaving</token>
  <token t_id="135" sentence="6" number="22">another</token>
  <token t_id="136" sentence="6" number="23">treatment</token>
  <token t_id="137" sentence="6" number="24">facility</token>
  <token t_id="138" sentence="6" number="25">after</token>
  <token t_id="139" sentence="6" number="26">a</token>
  <token t_id="140" sentence="6" number="27">few</token>
  <token t_id="141" sentence="6" number="28">minutes</token>
  <token t_id="142" sentence="6" number="29">,</token>
  <token t_id="143" sentence="6" number="30">a</token>
  <token t_id="144" sentence="6" number="31">prosecutor</token>
  <token t_id="145" sentence="6" number="32">said</token>
  <token t_id="146" sentence="6" number="33">Friday</token>
  <token t_id="147" sentence="6" number="34">.</token>
  <token t_id="148" sentence="7" number="0">Lohan</token>
  <token t_id="149" sentence="7" number="1">made</token>
  <token t_id="150" sentence="7" number="2">it</token>
  <token t_id="151" sentence="7" number="3">to</token>
  <token t_id="152" sentence="7" number="4">the</token>
  <token t_id="153" sentence="7" number="5">new</token>
  <token t_id="154" sentence="7" number="6">facility</token>
  <token t_id="155" sentence="7" number="7">late</token>
  <token t_id="156" sentence="7" number="8">Thursday</token>
  <token t_id="157" sentence="7" number="9">,</token>
  <token t_id="158" sentence="7" number="10">TMZ</token>
  <token t_id="159" sentence="7" number="11">reported</token>
  <token t_id="160" sentence="7" number="12">.</token>
  <token t_id="161" sentence="8" number="0">White</token>
  <token t_id="162" sentence="8" number="1">said</token>
  <token t_id="163" sentence="8" number="2">he</token>
  <token t_id="164" sentence="8" number="3">has</token>
  <token t_id="165" sentence="8" number="4">received</token>
  <token t_id="166" sentence="8" number="5">confirmation</token>
  <token t_id="167" sentence="8" number="6">that</token>
  <token t_id="168" sentence="8" number="7">Lohan</token>
  <token t_id="169" sentence="8" number="8">has</token>
  <token t_id="170" sentence="8" number="9">checked</token>
  <token t_id="171" sentence="8" number="10">in</token>
  <token t_id="172" sentence="8" number="11">to</token>
  <token t_id="173" sentence="8" number="12">a</token>
  <token t_id="174" sentence="8" number="13">rehab</token>
  <token t_id="175" sentence="8" number="14">facility</token>
  <token t_id="176" sentence="8" number="15">and</token>
  <token t_id="177" sentence="8" number="16">he</token>
  <token t_id="178" sentence="8" number="17">is</token>
  <token t_id="179" sentence="8" number="18">satisfied</token>
  <token t_id="180" sentence="8" number="19">with</token>
  <token t_id="181" sentence="8" number="20">her</token>
  <token t_id="182" sentence="8" number="21">location</token>
  <token t_id="183" sentence="8" number="22">.</token>
  <token t_id="184" sentence="9" number="0">He</token>
  <token t_id="185" sentence="9" number="1">declined</token>
  <token t_id="186" sentence="9" number="2">to</token>
  <token t_id="187" sentence="9" number="3">say</token>
  <token t_id="188" sentence="9" number="4">where</token>
  <token t_id="189" sentence="9" number="5">Lohan</token>
  <token t_id="190" sentence="9" number="6">is</token>
  <token t_id="191" sentence="9" number="7">receiving</token>
  <token t_id="192" sentence="9" number="8">treatment</token>
  <token t_id="193" sentence="9" number="9">,</token>
  <token t_id="194" sentence="9" number="10">but</token>
  <token t_id="195" sentence="9" number="11">reports</token>
  <token t_id="196" sentence="9" number="12">soon</token>
  <token t_id="197" sentence="9" number="13">surfaced</token>
  <token t_id="198" sentence="9" number="14">that</token>
  <token t_id="199" sentence="9" number="15">she</token>
  <token t_id="200" sentence="9" number="16">was</token>
  <token t_id="201" sentence="9" number="17">at</token>
  <token t_id="202" sentence="9" number="18">the</token>
  <token t_id="203" sentence="9" number="19">Betty</token>
  <token t_id="204" sentence="9" number="20">Ford</token>
  <token t_id="205" sentence="9" number="21">Center</token>
  <token t_id="206" sentence="9" number="22">in</token>
  <token t_id="207" sentence="9" number="23">Rancho</token>
  <token t_id="208" sentence="9" number="24">Mirage</token>
  <token t_id="209" sentence="9" number="25">,</token>
  <token t_id="210" sentence="9" number="26">Calif</token>
  <token t_id="211" sentence="9" number="27">.</token>
  <token t_id="212" sentence="10" number="0">"Lindsay</token>
  <token t_id="213" sentence="10" number="1">never</token>
  <token t_id="214" sentence="10" number="2">checked</token>
  <token t_id="215" sentence="10" number="3">into</token>
  <token t_id="216" sentence="10" number="4">Morningside</token>
  <token t_id="217" sentence="10" number="5">but</token>
  <token t_id="218" sentence="10" number="6">is</token>
  <token t_id="219" sentence="10" number="7">back</token>
  <token t_id="220" sentence="10" number="8">at</token>
  <token t_id="221" sentence="10" number="9">Betty</token>
  <token t_id="222" sentence="10" number="10">Ford</token>
  <token t_id="223" sentence="10" number="11">.</token>
  <token t_id="224" sentence="11" number="0">The</token>
  <token t_id="225" sentence="11" number="1">challenge</token>
  <token t_id="226" sentence="11" number="2">now</token>
  <token t_id="227" sentence="11" number="3">is</token>
  <token t_id="228" sentence="11" number="4">to</token>
  <token t_id="229" sentence="11" number="5">keep</token>
  <token t_id="230" sentence="11" number="6">her</token>
  <token t_id="231" sentence="11" number="7">there</token>
  <token t_id="232" sentence="11" number="8">for</token>
  <token t_id="233" sentence="11" number="9">the</token>
  <token t_id="234" sentence="11" number="10">90</token>
  <token t_id="235" sentence="11" number="11">days</token>
  <token t_id="236" sentence="11" number="12">,</token>
  <token t_id="237" sentence="11" number="13">"</token>
  <token t_id="238" sentence="11" number="14">the</token>
  <token t_id="239" sentence="11" number="15">source</token>
  <token t_id="240" sentence="11" number="16">told</token>
  <token t_id="241" sentence="11" number="17">us</token>
  <token t_id="242" sentence="11" number="18">.</token>
  <token t_id="243" sentence="12" number="0">Lohan</token>
  <token t_id="244" sentence="12" number="1">has</token>
  <token t_id="245" sentence="12" number="2">spent</token>
  <token t_id="246" sentence="12" number="3">time</token>
  <token t_id="247" sentence="12" number="4">at</token>
  <token t_id="248" sentence="12" number="5">Betty</token>
  <token t_id="249" sentence="12" number="6">Ford</token>
  <token t_id="250" sentence="12" number="7">before</token>
  <token t_id="251" sentence="12" number="8">.</token>
  <token t_id="252" sentence="13" number="0">She</token>
  <token t_id="253" sentence="13" number="1">served</token>
  <token t_id="254" sentence="13" number="2">another</token>
  <token t_id="255" sentence="13" number="3">mandatory</token>
  <token t_id="256" sentence="13" number="4">rehab</token>
  <token t_id="257" sentence="13" number="5">sentence</token>
  <token t_id="258" sentence="13" number="6">at</token>
  <token t_id="259" sentence="13" number="7">the</token>
  <token t_id="260" sentence="13" number="8">treatment</token>
  <token t_id="261" sentence="13" number="9">center</token>
  <token t_id="262" sentence="13" number="10">,</token>
  <token t_id="263" sentence="13" number="11">although</token>
  <token t_id="264" sentence="13" number="12">her</token>
  <token t_id="265" sentence="13" number="13">stay</token>
  <token t_id="266" sentence="13" number="14">there</token>
  <token t_id="267" sentence="13" number="15">was</token>
  <token t_id="268" sentence="13" number="16">not</token>
  <token t_id="269" sentence="13" number="17">without</token>
  <token t_id="270" sentence="13" number="18">drama</token>
  <token t_id="271" sentence="13" number="19">.</token>
  <Markables>
    <ACTION_OCCURRENCE m_id="1" comment="" climaxEvent="FALSE">
      <token_anchor t_id="245"/>
    </ACTION_OCCURRENCE>
    <ACTION_OCCURRENCE m_id="2" comment="" climaxEvent="FALSE">
      <token_anchor t_id="134"/>
    </ACTION_OCCURRENCE>
    <ACTION_OCCURRENCE m_id="3" comment="" climaxEvent="FALSE">
      <token_anchor t_id="253"/>
    </ACTION_OCCURRENCE>
    <ACTION_OCCURRENCE m_id="4" comment="" climaxEvent="FALSE">
      <token_anchor t_id="265"/>
    </ACTION_OCCURRENCE>
    <ACTION_OCCURRENCE m_id="5" comment="" climaxEvent="FALSE">
      <token_anchor t_id="270"/>
    </ACTION_OCCURRENCE>
    <ACTION_OCCURRENCE m_id="6" comment="" climaxEvent="FALSE">
      <token_anchor t_id="80"/>
    </ACTION_OCCURRENCE>
    <ACTION_OCCURRENCE m_id="7" comment="" climaxEvent="FALSE">
      <token_anchor t_id="257"/>
    </ACTION_OCCURRENCE>
    <ACTION_OCCURRENCE m_id="8" comment="" climaxEvent="FALSE">
      <token_anchor t_id="225"/>
    </ACTION_OCCURRENCE>
    <ACTION_OCCURRENCE m_id="9" comment="" climaxEvent="FALSE">
      <token_anchor t_id="39"/>
    </ACTION_OCCURRENCE>
    <ACTION_OCCURRENCE m_id="10" comment="" climaxEvent="FALSE">
      <token_anchor t_id="45"/>
      <token_anchor t_id="46"/>
    </ACTION_OCCURRENCE>
    <ACTION_OCCURRENCE m_id="11" comment="" climaxEvent="FALSE">
      <token_anchor t_id="78"/>
    </ACTION_OCCURRENCE>
    <ACTION_OCCURRENCE m_id="12" comment="" climaxEvent="FALSE">
      <token_anchor t_id="58"/>
      <token_anchor t_id="59"/>
    </ACTION_OCCURRENCE>
    <ACTION_OCCURRENCE m_id="13" comment="" climaxEvent="FALSE">
      <token_anchor t_id="70"/>
      <token_anchor t_id="71"/>
      <token_anchor t_id="72"/>
    </ACTION_OCCURRENCE>
    <ACTION_OCCURRENCE m_id="14" comment="" climaxEvent="FALSE">
      <token_anchor t_id="94"/>
      <token_anchor t_id="95"/>
    </ACTION_OCCURRENCE>
    <ACTION_OCCURRENCE m_id="15" comment="" climaxEvent="FALSE">
      <token_anchor t_id="106"/>
    </ACTION_OCCURRENCE>
    <ACTION_OCCURRENCE m_id="16" comment="" climaxEvent="FALSE">
      <token_anchor t_id="120"/>
      <token_anchor t_id="121"/>
    </ACTION_OCCURRENCE>
    <ACTION_OCCURRENCE m_id="17" comment="" climaxEvent="FALSE">
      <token_anchor t_id="149"/>
      <token_anchor t_id="150"/>
    </ACTION_OCCURRENCE>
    <ACTION_OCCURRENCE m_id="18" comment="" climaxEvent="FALSE">
      <token_anchor t_id="165"/>
    </ACTION_OCCURRENCE>
    <ACTION_OCCURRENCE m_id="19" comment="" climaxEvent="FALSE">
      <token_anchor t_id="166"/>
    </ACTION_OCCURRENCE>
    <ACTION_OCCURRENCE m_id="83" climaxEvent="TRUE" comment="">
      <token_anchor t_id="47"/>
    </ACTION_OCCURRENCE>
    <ACTION_OCCURRENCE m_id="20" comment="" climaxEvent="FALSE">
      <token_anchor t_id="170"/>
      <token_anchor t_id="171"/>
    </ACTION_OCCURRENCE>
    <ACTION_OCCURRENCE m_id="21" comment="" climaxEvent="FALSE">
      <token_anchor t_id="191"/>
    </ACTION_OCCURRENCE>
    <ACTION_OCCURRENCE m_id="85" comment="" climaxEvent="FALSE">
      <token_anchor t_id="256"/>
    </ACTION_OCCURRENCE>
    <ACTION_OCCURRENCE m_id="22" comment="" climaxEvent="FALSE">
      <token_anchor t_id="88"/>
    </ACTION_OCCURRENCE>
    <ACTION_OCCURRENCE m_id="23" comment="" climaxEvent="FALSE">
      <token_anchor t_id="192"/>
    </ACTION_OCCURRENCE>
    <ACTION_OCCURRENCE m_id="24" comment="" climaxEvent="FALSE">
      <token_anchor t_id="197"/>
    </ACTION_OCCURRENCE>
    <ACTION_OCCURRENCE m_id="25" comment="" climaxEvent="FALSE">
      <token_anchor t_id="229"/>
    </ACTION_OCCURRENCE>
    <ACTION_OCCURRENCE m_id="26" comment="" climaxEvent="FALSE">
      <token_anchor t_id="132"/>
    </ACTION_OCCURRENCE>
    <ACTION_REPORTING m_id="29">
      <token_anchor t_id="162"/>
    </ACTION_REPORTING>
    <ACTION_REPORTING m_id="30">
      <token_anchor t_id="240"/>
    </ACTION_REPORTING>
    <ACTION_REPORTING m_id="31">
      <token_anchor t_id="83"/>
    </ACTION_REPORTING>
    <ACTION_REPORTING m_id="27">
      <token_anchor t_id="145"/>
    </ACTION_REPORTING>
    <ACTION_REPORTING m_id="28">
      <token_anchor t_id="159"/>
    </ACTION_REPORTING>
    <ACTION_STATE m_id="32" climaxEvent="FALSE" comment="">
      <token_anchor t_id="41"/>
    </ACTION_STATE>
    <ACTION_STATE m_id="33" climaxEvent="FALSE" comment="">
      <token_anchor t_id="63"/>
    </ACTION_STATE>
    <ACTION_STATE m_id="34" climaxEvent="FALSE" comment="">
      <token_anchor t_id="74"/>
    </ACTION_STATE>
    <HUMAN_PART_ORG m_id="35">
      <token_anchor t_id="158"/>
    </HUMAN_PART_ORG>
    <HUMAN_PART_PER m_id="36" comment="">
      <token_anchor t_id="105"/>
    </HUMAN_PART_PER>
    <HUMAN_PART_PER m_id="37" comment="">
      <token_anchor t_id="114"/>
    </HUMAN_PART_PER>
    <HUMAN_PART_PER m_id="38" comment="">
      <token_anchor t_id="144"/>
    </HUMAN_PART_PER>
    <HUMAN_PART_PER m_id="39" comment="">
      <token_anchor t_id="148"/>
    </HUMAN_PART_PER>
    <HUMAN_PART_PER m_id="40" comment="">
      <token_anchor t_id="161"/>
    </HUMAN_PART_PER>
    <HUMAN_PART_PER m_id="41" comment="">
      <token_anchor t_id="168"/>
    </HUMAN_PART_PER>
    <HUMAN_PART_PER m_id="42" comment="">
      <token_anchor t_id="177"/>
    </HUMAN_PART_PER>
    <HUMAN_PART_PER m_id="43" comment="">
      <token_anchor t_id="181"/>
    </HUMAN_PART_PER>
    <HUMAN_PART_PER m_id="44" comment="">
      <token_anchor t_id="184"/>
    </HUMAN_PART_PER>
    <HUMAN_PART_PER m_id="45" comment="">
      <token_anchor t_id="189"/>
    </HUMAN_PART_PER>
    <HUMAN_PART_PER m_id="46" comment="">
      <token_anchor t_id="199"/>
    </HUMAN_PART_PER>
    <HUMAN_PART_PER m_id="47" comment="">
      <token_anchor t_id="212"/>
    </HUMAN_PART_PER>
    <HUMAN_PART_PER m_id="48" comment="">
      <token_anchor t_id="239"/>
    </HUMAN_PART_PER>
    <HUMAN_PART_PER m_id="49" comment="">
      <token_anchor t_id="243"/>
    </HUMAN_PART_PER>
    <HUMAN_PART_PER m_id="50" comment="">
      <token_anchor t_id="252"/>
    </HUMAN_PART_PER>
    <HUMAN_PART_PER m_id="51" comment="">
      <token_anchor t_id="264"/>
    </HUMAN_PART_PER>
    <HUMAN_PART_PER m_id="52" comment="">
      <token_anchor t_id="37"/>
      <token_anchor t_id="38"/>
    </HUMAN_PART_PER>
    <HUMAN_PART_PER m_id="53" comment="">
      <token_anchor t_id="42"/>
      <token_anchor t_id="43"/>
    </HUMAN_PART_PER>
    <HUMAN_PART_PER m_id="54" comment="">
      <token_anchor t_id="55"/>
      <token_anchor t_id="56"/>
    </HUMAN_PART_PER>
    <HUMAN_PART_PER m_id="55" comment="">
      <token_anchor t_id="64"/>
      <token_anchor t_id="65"/>
      <token_anchor t_id="66"/>
    </HUMAN_PART_PER>
    <HUMAN_PART_PER m_id="56" comment="">
      <token_anchor t_id="85"/>
    </HUMAN_PART_PER>
    <HUMAN_PART_PER m_id="57" comment="">
      <token_anchor t_id="69"/>
    </HUMAN_PART_PER>
    <HUMAN_PART_PER m_id="58" comment="">
      <token_anchor t_id="75"/>
      <token_anchor t_id="76"/>
    </HUMAN_PART_PER>
    <HUMAN_PART_PER m_id="59" comment="">
      <token_anchor t_id="82"/>
    </HUMAN_PART_PER>
    <HUMAN_PART_PER m_id="60" comment="">
      <token_anchor t_id="92"/>
    </HUMAN_PART_PER>
    <LOC_FAC m_id="61">
      <token_anchor t_id="97"/>
      <token_anchor t_id="98"/>
      <token_anchor t_id="99"/>
      <token_anchor t_id="100"/>
      <token_anchor t_id="101"/>
    </LOC_FAC>
    <LOC_FAC m_id="62">
      <token_anchor t_id="107"/>
    </LOC_FAC>
    <LOC_FAC m_id="63">
      <token_anchor t_id="135"/>
      <token_anchor t_id="136"/>
      <token_anchor t_id="137"/>
    </LOC_FAC>
    <LOC_FAC m_id="64">
      <token_anchor t_id="152"/>
      <token_anchor t_id="153"/>
      <token_anchor t_id="154"/>
    </LOC_FAC>
    <LOC_FAC m_id="65">
      <token_anchor t_id="173"/>
      <token_anchor t_id="174"/>
      <token_anchor t_id="175"/>
    </LOC_FAC>
    <LOC_FAC m_id="66">
      <token_anchor t_id="202"/>
      <token_anchor t_id="203"/>
      <token_anchor t_id="204"/>
      <token_anchor t_id="205"/>
      <token_anchor t_id="206"/>
      <token_anchor t_id="207"/>
      <token_anchor t_id="208"/>
      <token_anchor t_id="209"/>
      <token_anchor t_id="210"/>
    </LOC_FAC>
    <LOC_FAC m_id="67">
      <token_anchor t_id="216"/>
    </LOC_FAC>
    <LOC_FAC m_id="68">
      <token_anchor t_id="220"/>
      <token_anchor t_id="221"/>
      <token_anchor t_id="222"/>
    </LOC_FAC>
    <LOC_FAC m_id="69">
      <token_anchor t_id="247"/>
      <token_anchor t_id="248"/>
      <token_anchor t_id="249"/>
    </LOC_FAC>
    <LOC_FAC m_id="70">
      <token_anchor t_id="259"/>
      <token_anchor t_id="260"/>
      <token_anchor t_id="261"/>
    </LOC_FAC>
    <LOC_FAC m_id="71">
      <token_anchor t_id="266"/>
    </LOC_FAC>
    <LOC_FAC m_id="72">
      <token_anchor t_id="123"/>
      <token_anchor t_id="124"/>
      <token_anchor t_id="125"/>
    </LOC_FAC>
    <LOC_GEO m_id="73" comment="">
      <token_anchor t_id="182"/>
    </LOC_GEO>
    <NEG_ACTION_OCCURRENCE m_id="74" comment="" climaxEvent="FALSE">
      <token_anchor t_id="214"/>
      <token_anchor t_id="215"/>
    </NEG_ACTION_OCCURRENCE>
    <NEG_ACTION_OCCURRENCE m_id="75" comment="" climaxEvent="FALSE">
      <token_anchor t_id="129"/>
    </NEG_ACTION_OCCURRENCE>
    <NEG_ACTION_REPORTING m_id="76">
      <token_anchor t_id="187"/>
    </NEG_ACTION_REPORTING>
    <TIME_DATE m_id="77" comment="" DCT="FALSE" value="2013-05-03" anchorTimeID="78">
      <token_anchor t_id="146"/>
    </TIME_DATE>
    <TIME_DATE m_id="78" comment="" DCT="TRUE" value="2013-05-03" anchorTimeID="">
      <token_anchor t_id="48"/>
      <token_anchor t_id="49"/>
      <token_anchor t_id="50"/>
      <token_anchor t_id="51"/>
      <token_anchor t_id="52"/>
    </TIME_DATE>
    <TIME_DURATION m_id="79" value="" anchorTimeID="" begin="" endPoint="">
      <token_anchor t_id="233"/>
      <token_anchor t_id="234"/>
      <token_anchor t_id="235"/>
    </TIME_DURATION>
    <TIME_DURATION m_id="82" value="" anchorTimeID="" begin="" endPoint="">
      <token_anchor t_id="138"/>
      <token_anchor t_id="139"/>
      <token_anchor t_id="140"/>
      <token_anchor t_id="141"/>
    </TIME_DURATION>
    <TIME_DURATION m_id="84" value="" anchorTimeID="" begin="" endPoint="">
      <token_anchor t_id="108"/>
      <token_anchor t_id="109"/>
      <token_anchor t_id="110"/>
      <token_anchor t_id="111"/>
    </TIME_DURATION>
    <TIME_OF_THE_DAY m_id="80" DCT="FALSE" value="2013-05-02" anchorTimeID="78">
      <token_anchor t_id="89"/>
      <token_anchor t_id="90"/>
    </TIME_OF_THE_DAY>
    <TIME_OF_THE_DAY m_id="81" DCT="FALSE" value="2013-05-02" anchorTimeID="78">
      <token_anchor t_id="155"/>
      <token_anchor t_id="156"/>
    </TIME_OF_THE_DAY>
    <ACTION_OCCURRENCE m_id="86" RELATED_TO="" TAG_DESCRIPTOR="t1_sentence" comment="" climaxEvent="FALSE"/>
    <HUMAN_PART_PER m_id="87" RELATED_TO="" TAG_DESCRIPTOR="t1_source_per" comment=""/>
    <HUMAN_PART_ORG m_id="88" RELATED_TO="" TAG_DESCRIPTOR="t1_tmz"/>
    <ACTION_OCCURRENCE m_id="89" RELATED_TO="" TAG_DESCRIPTOR="t1_surfaced_reports" comment="" climaxEvent="FALSE"/>
    <LOC_FAC m_id="90" RELATED_TO="" TAG_DESCRIPTOR="t1_betty_ford"/>
    <LOC_GEO m_id="91" RELATED_TO="" TAG_DESCRIPTOR="t1_location_lindsay" comment=""/>
    <TIME_DATE m_id="92" RELATED_TO="" TAG_DESCRIPTOR="t1_friday" value="" anchorTimeID="" DCT="FALSE" comment=""/>
    <ACTION_OCCURRENCE m_id="93" RELATED_TO="" TAG_DESCRIPTOR="t1_confirmation_check_in" comment="" climaxEvent="FALSE"/>
    <HUMAN_PART_PER m_id="94" RELATED_TO="" TAG_DESCRIPTOR="t1_lindsay_lohan" comment=""/>
    <HUMAN_PART_PER m_id="95" RELATED_TO="" TAG_DESCRIPTOR="t1_heller" comment=""/>
    <ACTION_OCCURRENCE m_id="96" RELATED_TO="" TAG_DESCRIPTOR="t1_probation_violation" comment="" climaxEvent="FALSE"/>
    <ACTION_OCCURRENCE m_id="97" RELATED_TO="" TAG_DESCRIPTOR="t1_checking_into_betty_ford" comment="" climaxEvent="FALSE"/>
    <HUMAN_PART_PER m_id="98" RELATED_TO="" TAG_DESCRIPTOR="t1_prosecutor" comment=""/>
    <ACTION_OCCURRENCE m_id="99" RELATED_TO="" TAG_DESCRIPTOR="t1_receive_confirmation_lohan_in_morningside" comment="" climaxEvent="FALSE"/>
    <LOC_FAC m_id="100" RELATED_TO="" TAG_DESCRIPTOR="t1_morningside"/>
    <TIME_OF_THE_DAY m_id="101" RELATED_TO="" TAG_DESCRIPTOR="t1_late_thursday" value="" anchorTimeID="" DCT="FALSE"/>
    <NEG_ACTION_OCCURRENCE m_id="102" RELATED_TO="" TAG_DESCRIPTOR="t1_not_entered_morningside" comment="" climaxEvent="FALSE"/>
    <ACTION_OCCURRENCE m_id="103" RELATED_TO="" TAG_DESCRIPTOR="t1_checking_out_morningside" comment="" climaxEvent="FALSE"/>
    <NEG_ACTION_REPORTING m_id="104" RELATED_TO="" TAG_DESCRIPTOR="t1_source_declined_say"/>
    <ACTION_OCCURRENCE m_id="105" RELATED_TO="" TAG_DESCRIPTOR="t1_stay_betty_ford_previously" comment="" climaxEvent="FALSE"/>
    <ACTION_OCCURRENCE m_id="106" RELATED_TO="" TAG_DESCRIPTOR="t1_challenge" comment="" climaxEvent="FALSE"/>
    <HUMAN_PART_PER m_id="107" RELATED_TO="" TAG_DESCRIPTOR="t1_shawn_holley" comment=""/>
    <ACTION_OCCURRENCE m_id="108" RELATED_TO="" TAG_DESCRIPTOR="t1_handle_case" comment="" climaxEvent="FALSE"/>
    <ACTION_OCCURRENCE m_id="109" RELATED_TO="" TAG_DESCRIPTOR="t1_received_treatment" comment="" climaxEvent="FALSE"/>
    <ACTION_OCCURRENCE m_id="110" RELATED_TO="" TAG_DESCRIPTOR="t1_served_sentence_previously" comment="" climaxEvent="FALSE"/>
    <HUMAN_PART_PER m_id="111" RELATED_TO="" TAG_DESCRIPTOR="t1_white" comment=""/>
    <ACTION_OCCURRENCE m_id="112" RELATED_TO="" TAG_DESCRIPTOR="t1_made_it_new_facility" comment="" climaxEvent="FALSE"/>
    <ACTION_REPORTING m_id="113" RELATED_TO="" TAG_DESCRIPTOR="t1_said_white"/>
    <NEG_ACTION_OCCURRENCE m_id="114" RELATED_TO="" TAG_DESCRIPTOR="t1_not_face_probation_violation" comment="" climaxEvent="FALSE"/>
    <ACTION_OCCURRENCE m_id="115" RELATED_TO="" TAG_DESCRIPTOR="t1_rehire_attorney" comment="" climaxEvent="FALSE"/>
    <ACTION_OCCURRENCE m_id="116" RELATED_TO="" TAG_DESCRIPTOR="t1_keep_lohan_in_rehab" comment="" climaxEvent="FALSE"/>
    <ACTION_OCCURRENCE m_id="117" RELATED_TO="" TAG_DESCRIPTOR="t1_heading_to_rehab" comment="" climaxEvent="FALSE"/>
    <TIME_DURATION m_id="118" RELATED_TO="" TAG_DESCRIPTOR="t1_two_minutes" value="" anchorTimeID="" begin="" endPoint=""/>
    <ACTION_REPORTING m_id="119" RELATED_TO="" TAG_DESCRIPTOR="t1_told_source"/>
    <ACTION_OCCURRENCE m_id="120" RELATED_TO="" TAG_DESCRIPTOR="t1_treatment" comment="" climaxEvent="FALSE"/>
    <TIME_DURATION m_id="121" RELATED_TO="" TAG_DESCRIPTOR="t1_90_days" value="" anchorTimeID="" begin="" endPoint=""/>
    <ACTION_REPORTING m_id="122" RELATED_TO="" TAG_DESCRIPTOR="t1_reported_tmz"/>
    <ACTION_OCCURRENCE m_id="123" RELATED_TO="" TAG_DESCRIPTOR="t1_drunk_driving_case" comment="" climaxEvent="FALSE"/>
    <TIME_OF_THE_DAY m_id="124" RELATED_TO="" TAG_DESCRIPTOR="t1_thursday_morning_heller_in_court" value="" anchorTimeID="" DCT="FALSE"/>
    <ACTION_OCCURRENCE m_id="125" RELATED_TO="" TAG_DESCRIPTOR="t1_had_enough_of_heller" comment="" climaxEvent="FALSE"/>
    <ACTION_OCCURRENCE m_id="126" RELATED_TO="" TAG_DESCRIPTOR="t1_drama" comment="" climaxEvent="FALSE"/>
    <ACTION_OCCURRENCE m_id="127" RELATED_TO="" TAG_DESCRIPTOR="t1_the_hearing" comment="" climaxEvent="FALSE"/>
    <HUMAN_PART_PER m_id="128" RELATED_TO="" TAG_DESCRIPTOR="t1_judge_dabney" comment=""/>
    <ACTION_OCCURRENCE m_id="129" RELATED_TO="" TAG_DESCRIPTOR="t1_checking_into_morningside_or_showing_up" comment="" climaxEvent="FALSE"/>
  </Markables>
  <Relations>
    <TLINK r_id="136506" contextualModality="" relType="AFTER" comment="">
      <source m_id="78"/>
      <target m_id="9"/>
    </TLINK>
    <TLINK r_id="136507" contextualModality="" relType="OVERLAP" comment="">
      <source m_id="78"/>
      <target m_id="83"/>
    </TLINK>
    <TLINK r_id="136508" contextualModality="" relType="AFTER" comment="">
      <source m_id="78"/>
      <target m_id="10"/>
    </TLINK>
    <TLINK r_id="136509" contextualModality="" relType="AFTER" comment="">
      <source m_id="78"/>
      <target m_id="12"/>
    </TLINK>
    <TLINK r_id="136510" contextualModality="" relType="AFTER" comment="">
      <source m_id="78"/>
      <target m_id="13"/>
    </TLINK>
    <TLINK r_id="136511" contextualModality="" relType="AFTER" comment="">
      <source m_id="78"/>
      <target m_id="11"/>
    </TLINK>
    <TLINK r_id="136512" contextualModality="" relType="AFTER" comment="">
      <source m_id="78"/>
      <target m_id="6"/>
    </TLINK>
    <TLINK r_id="136513" contextualModality="" relType="AFTER" comment="">
      <source m_id="78"/>
      <target m_id="22"/>
    </TLINK>
    <TLINK r_id="136516" contextualModality="" relType="AFTER" comment="">
      <source m_id="78"/>
      <target m_id="16"/>
    </TLINK>
    <TLINK r_id="136517" contextualModality="" relType="AFTER" comment="">
      <source m_id="78"/>
      <target m_id="26"/>
    </TLINK>
    <TLINK r_id="136518" contextualModality="" relType="AFTER" comment="">
      <source m_id="78"/>
      <target m_id="2"/>
    </TLINK>
    <TLINK r_id="136519" contextualModality="" relType="AFTER" comment="">
      <source m_id="78"/>
      <target m_id="17"/>
    </TLINK>
    <TLINK r_id="136520" contextualModality="" relType="AFTER" comment="">
      <source m_id="78"/>
      <target m_id="18"/>
    </TLINK>
    <TLINK r_id="136521" contextualModality="" relType="AFTER" comment="">
      <source m_id="78"/>
      <target m_id="19"/>
    </TLINK>
    <TLINK r_id="136522" contextualModality="" relType="AFTER" comment="">
      <source m_id="78"/>
      <target m_id="20"/>
    </TLINK>
    <TLINK r_id="136523" contextualModality="" relType="OVERLAP" comment="">
      <source m_id="78"/>
      <target m_id="21"/>
    </TLINK>
    <TLINK r_id="136524" contextualModality="" relType="OVERLAP" comment="">
      <source m_id="78"/>
      <target m_id="23"/>
    </TLINK>
    <TLINK r_id="136525" contextualModality="" relType="AFTER" comment="">
      <source m_id="78"/>
      <target m_id="24"/>
    </TLINK>
    <TLINK r_id="136526" contextualModality="" relType="AFTER" comment="">
      <source m_id="78"/>
      <target m_id="74"/>
    </TLINK>
    <TLINK r_id="136527" contextualModality="" relType="AFTER" comment="">
      <source m_id="78"/>
      <target m_id="8"/>
    </TLINK>
    <TLINK r_id="136528" contextualModality="" relType="AFTER" comment="">
      <source m_id="78"/>
      <target m_id="25"/>
    </TLINK>
    <TLINK r_id="136529" contextualModality="" relType="AFTER" comment="">
      <source m_id="78"/>
      <target m_id="1"/>
    </TLINK>
    <TLINK r_id="136531" contextualModality="" relType="AFTER" comment="">
      <source m_id="78"/>
      <target m_id="3"/>
    </TLINK>
    <TLINK r_id="136532" contextualModality="" relType="AFTER" comment="">
      <source m_id="78"/>
      <target m_id="7"/>
    </TLINK>
    <TLINK r_id="136533" contextualModality="" relType="AFTER" comment="">
      <source m_id="78"/>
      <target m_id="4"/>
    </TLINK>
    <TLINK r_id="136534" contextualModality="" relType="AFTER" comment="">
      <source m_id="78"/>
      <target m_id="5"/>
    </TLINK>
    <TLINK r_id="136584" contextualModality="" relType="AFTER" comment="">
      <source m_id="81"/>
      <target m_id="3"/>
    </TLINK>
    <TLINK r_id="136585" contextualModality="" relType="AFTER" comment="">
      <source m_id="81"/>
      <target m_id="85"/>
    </TLINK>
    <TLINK r_id="136586" contextualModality="" relType="AFTER" comment="">
      <source m_id="81"/>
      <target m_id="7"/>
    </TLINK>
    <TLINK r_id="136587" contextualModality="" relType="AFTER" comment="">
      <source m_id="81"/>
      <target m_id="4"/>
    </TLINK>
    <TLINK r_id="136588" contextualModality="" relType="AFTER" comment="">
      <source m_id="81"/>
      <target m_id="5"/>
    </TLINK>
    <TLINK r_id="136589" contextualModality="" relType="AFTER" comment="">
      <source m_id="81"/>
      <target m_id="1"/>
    </TLINK>
    <TLINK r_id="136590" contextualModality="" relType="CONTAINS" comment="">
      <source m_id="81"/>
      <target m_id="8"/>
    </TLINK>
    <TLINK r_id="136591" contextualModality="" relType="CONTAINS" comment="">
      <source m_id="81"/>
      <target m_id="25"/>
    </TLINK>
    <TLINK r_id="136592" contextualModality="" relType="CONTAINS" comment="">
      <source m_id="81"/>
      <target m_id="74"/>
    </TLINK>
    <TLINK r_id="136593" contextualModality="" relType="CONTAINS" comment="">
      <source m_id="81"/>
      <target m_id="21"/>
    </TLINK>
    <TLINK r_id="136594" contextualModality="" relType="CONTAINS" comment="">
      <source m_id="81"/>
      <target m_id="23"/>
    </TLINK>
    <TLINK r_id="136595" contextualModality="" relType="CONTAINS" comment="">
      <source m_id="81"/>
      <target m_id="24"/>
    </TLINK>
    <TLINK r_id="136596" contextualModality="" relType="CONTAINS" comment="">
      <source m_id="81"/>
      <target m_id="18"/>
    </TLINK>
    <TLINK r_id="136597" contextualModality="" relType="CONTAINS" comment="">
      <source m_id="81"/>
      <target m_id="19"/>
    </TLINK>
    <TLINK r_id="136598" contextualModality="" relType="CONTAINS" comment="">
      <source m_id="81"/>
      <target m_id="20"/>
    </TLINK>
    <TLINK r_id="136600" contextualModality="" relType="AFTER" comment="">
      <source m_id="77"/>
      <target m_id="16"/>
    </TLINK>
    <TLINK r_id="136601" contextualModality="" relType="BEFORE" comment="">
      <source m_id="77"/>
      <target m_id="26"/>
    </TLINK>
    <TLINK r_id="136602" contextualModality="" relType="AFTER" comment="">
      <source m_id="77"/>
      <target m_id="2"/>
    </TLINK>
    <TLINK r_id="136605" contextualModality="" relType="CONTAINS" comment="">
      <source m_id="80"/>
      <target m_id="22"/>
    </TLINK>
    <TLINK r_id="136606" contextualModality="" relType="CONTAINS" comment="">
      <source m_id="80"/>
      <target m_id="14"/>
    </TLINK>
    <TLINK r_id="136607" contextualModality="" relType="CONTAINS" comment="">
      <source m_id="80"/>
      <target m_id="15"/>
    </TLINK>
    <TLINK r_id="136608" contextualModality="" relType="AFTER" comment="">
      <source m_id="80"/>
      <target m_id="13"/>
    </TLINK>
    <TLINK r_id="136609" contextualModality="" relType="OVERLAP" comment="">
      <source m_id="80"/>
      <target m_id="6"/>
    </TLINK>
    <TLINK r_id="136610" contextualModality="" relType="AFTER" comment="">
      <source m_id="80"/>
      <target m_id="12"/>
    </TLINK>
    <TLINK r_id="136611" contextualModality="" relType="AFTER" comment="">
      <source m_id="80"/>
      <target m_id="9"/>
    </TLINK>
    <TLINK r_id="136612" contextualModality="" relType="CONTAINS" comment="">
      <source m_id="80"/>
      <target m_id="10"/>
    </TLINK>
    <TLINK r_id="136613" contextualModality="" relType="CONTAINS" comment="">
      <source m_id="80"/>
      <target m_id="83"/>
    </TLINK>
    <PLOT_LINK r_id="136617" SIGNAL="" relType="FALLING_ACTION" CAUSES="FALSE" CAUSED_BY="FALSE">
      <source m_id="9"/>
      <target m_id="12"/>
    </PLOT_LINK>
    <PLOT_LINK r_id="136621" SIGNAL="" relType="PRECONDITION" CAUSES="FALSE" CAUSED_BY="FALSE">
      <source m_id="13"/>
      <target m_id="6"/>
    </PLOT_LINK>
    <PLOT_LINK r_id="136623" SIGNAL="" relType="FALLING_ACTION" CAUSES="FALSE" CAUSED_BY="FALSE">
      <source m_id="26"/>
      <target m_id="2"/>
    </PLOT_LINK>
    <PLOT_LINK r_id="136624" SIGNAL="" relType="FALLING_ACTION" CAUSES="FALSE" CAUSED_BY="FALSE">
      <source m_id="19"/>
      <target m_id="20"/>
    </PLOT_LINK>
    <PLOT_LINK r_id="136625" SIGNAL="" relType="PRECONDITION" CAUSES="FALSE" CAUSED_BY="FALSE">
      <source m_id="20"/>
      <target m_id="23"/>
    </PLOT_LINK>
    <PLOT_LINK r_id="136626" SIGNAL="" relType="PRECONDITION" CAUSES="FALSE" CAUSED_BY="FALSE">
      <source m_id="7"/>
      <target m_id="4"/>
    </PLOT_LINK>
    <PLOT_LINK r_id="136629" SIGNAL="" relType="PRECONDITION" CAUSES="FALSE" CAUSED_BY="FALSE">
      <source m_id="14"/>
      <target m_id="15"/>
    </PLOT_LINK>
    <PLOT_LINK r_id="136630" SIGNAL="" relType="PRECONDITION" CAUSES="FALSE" CAUSED_BY="FALSE">
      <source m_id="16"/>
      <target m_id="2"/>
    </PLOT_LINK>
  </Relations>
</Document>
