<?xml version='1.0' encoding='UTF-8'?>
<Document doc_name="16_11ecbplus.xml">
  <token t_id="1" sentence="0" number="0">http</token>
  <token t_id="2" sentence="0" number="1">:</token>
  <token t_id="3" sentence="0" number="2">/</token>
  <token t_id="4" sentence="0" number="3">/</token>
  <token t_id="5" sentence="0" number="4">powderbluereport</token>
  <token t_id="6" sentence="0" number="5">.</token>
  <token t_id="7" sentence="0" number="6">blogspot</token>
  <token t_id="8" sentence="0" number="7">.</token>
  <token t_id="9" sentence="0" number="8">nl</token>
  <token t_id="10" sentence="0" number="9">/</token>
  <token t_id="11" sentence="0" number="10">2005</token>
  <token t_id="12" sentence="0" number="11">/</token>
  <token t_id="13" sentence="0" number="12">06</token>
  <token t_id="14" sentence="0" number="13">/</token>
  <token t_id="15" sentence="0" number="14">rip</token>
  <token t_id="16" sentence="0" number="15">-</token>
  <token t_id="17" sentence="0" number="16">la</token>
  <token t_id="18" sentence="0" number="17">-</token>
  <token t_id="19" sentence="0" number="18">county</token>
  <token t_id="20" sentence="0" number="19">-</token>
  <token t_id="21" sentence="0" number="20">sheriff</token>
  <token t_id="22" sentence="0" number="21">-</token>
  <token t_id="23" sentence="0" number="22">deputy</token>
  <token t_id="24" sentence="0" number="23">-</token>
  <token t_id="25" sentence="0" number="24">jerry</token>
  <token t_id="26" sentence="0" number="25">.</token>
  <token t_id="27" sentence="0" number="26">html</token>
  <token t_id="28" sentence="1" number="0">THURSDAY</token>
  <token t_id="29" sentence="1" number="1">,</token>
  <token t_id="30" sentence="1" number="2">JUNE</token>
  <token t_id="31" sentence="1" number="3">30</token>
  <token t_id="32" sentence="1" number="4">,</token>
  <token t_id="33" sentence="1" number="5">2005</token>
  <token t_id="34" sentence="2" number="0">RIP</token>
  <token t_id="35" sentence="2" number="1">LA</token>
  <token t_id="36" sentence="2" number="2">County</token>
  <token t_id="37" sentence="2" number="3">Sheriff</token>
  <token t_id="38" sentence="2" number="4">Deputy</token>
  <token t_id="39" sentence="2" number="5">Jerry</token>
  <token t_id="40" sentence="2" number="6">Ortiz</token>
  <token t_id="41" sentence="3" number="0">Another</token>
  <token t_id="42" sentence="3" number="1">peace</token>
  <token t_id="43" sentence="3" number="2">officer</token>
  <token t_id="44" sentence="3" number="3">has</token>
  <token t_id="45" sentence="3" number="4">been</token>
  <token t_id="46" sentence="3" number="5">gunned</token>
  <token t_id="47" sentence="3" number="6">down</token>
  <token t_id="48" sentence="3" number="7">in</token>
  <token t_id="49" sentence="3" number="8">cold</token>
  <token t_id="50" sentence="3" number="9">blood</token>
  <token t_id="51" sentence="3" number="10">.</token>
  <token t_id="52" sentence="4" number="0">His</token>
  <token t_id="53" sentence="4" number="1">name</token>
  <token t_id="54" sentence="4" number="2">is</token>
  <token t_id="55" sentence="4" number="3">Los</token>
  <token t_id="56" sentence="4" number="4">Angeles</token>
  <token t_id="57" sentence="4" number="5">county</token>
  <token t_id="58" sentence="4" number="6">Sheriff</token>
  <token t_id="59" sentence="4" number="7">deputy</token>
  <token t_id="60" sentence="4" number="8">Jerry</token>
  <token t_id="61" sentence="4" number="9">Ortiz</token>
  <token t_id="62" sentence="4" number="10">.</token>
  <token t_id="63" sentence="5" number="0">Officer</token>
  <token t_id="64" sentence="5" number="1">Ortiz</token>
  <token t_id="65" sentence="5" number="2">was</token>
  <token t_id="66" sentence="5" number="3">knocking</token>
  <token t_id="67" sentence="5" number="4">on</token>
  <token t_id="68" sentence="5" number="5">doors</token>
  <token t_id="69" sentence="5" number="6">down</token>
  <token t_id="70" sentence="5" number="7">in</token>
  <token t_id="71" sentence="5" number="8">the</token>
  <token t_id="72" sentence="5" number="9">city</token>
  <token t_id="73" sentence="5" number="10">of</token>
  <token t_id="74" sentence="5" number="11">Hawaiian</token>
  <token t_id="75" sentence="5" number="12">Gardens</token>
  <token t_id="76" sentence="5" number="13">looking</token>
  <token t_id="77" sentence="5" number="14">for</token>
  <token t_id="78" sentence="5" number="15">gang</token>
  <token t_id="79" sentence="5" number="16">members</token>
  <token t_id="80" sentence="5" number="17">and</token>
  <token t_id="81" sentence="5" number="18">he</token>
  <token t_id="82" sentence="5" number="19">was</token>
  <token t_id="83" sentence="5" number="20">shot</token>
  <token t_id="84" sentence="5" number="21">point</token>
  <token t_id="85" sentence="5" number="22">blank</token>
  <token t_id="86" sentence="5" number="23">range</token>
  <token t_id="87" sentence="5" number="24">in</token>
  <token t_id="88" sentence="5" number="25">the</token>
  <token t_id="89" sentence="5" number="26">head</token>
  <token t_id="90" sentence="5" number="27">by</token>
  <token t_id="91" sentence="5" number="28">gang</token>
  <token t_id="92" sentence="5" number="29">member</token>
  <token t_id="93" sentence="5" number="30">Jose</token>
  <token t_id="94" sentence="5" number="31">Luis</token>
  <token t_id="95" sentence="5" number="32">Orozco</token>
  <token t_id="96" sentence="5" number="33">.</token>
  <token t_id="97" sentence="6" number="0">They</token>
  <token t_id="98" sentence="6" number="1">caught</token>
  <token t_id="99" sentence="6" number="2">him</token>
  <token t_id="100" sentence="6" number="3">a</token>
  <token t_id="101" sentence="6" number="4">few</token>
  <token t_id="102" sentence="6" number="5">doors</token>
  <token t_id="103" sentence="6" number="6">down</token>
  <token t_id="104" sentence="6" number="7">from</token>
  <token t_id="105" sentence="6" number="8">where</token>
  <token t_id="106" sentence="6" number="9">the</token>
  <token t_id="107" sentence="6" number="10">shooting</token>
  <token t_id="108" sentence="6" number="11">took</token>
  <token t_id="109" sentence="6" number="12">place</token>
  <token t_id="110" sentence="6" number="13">.</token>
  <token t_id="111" sentence="7" number="0">At</token>
  <token t_id="112" sentence="7" number="1">least</token>
  <token t_id="113" sentence="7" number="2">he</token>
  <token t_id="114" sentence="7" number="3">didn't</token>
  <token t_id="115" sentence="7" number="4">get</token>
  <token t_id="116" sentence="7" number="5">a</token>
  <token t_id="117" sentence="7" number="6">chance</token>
  <token t_id="118" sentence="7" number="7">to</token>
  <token t_id="119" sentence="7" number="8">flee</token>
  <token t_id="120" sentence="7" number="9">to</token>
  <token t_id="121" sentence="7" number="10">Mexico</token>
  <token t_id="122" sentence="7" number="11">.</token>
  <token t_id="123" sentence="8" number="0">I</token>
  <token t_id="124" sentence="8" number="1">guess</token>
  <token t_id="125" sentence="8" number="2">we</token>
  <token t_id="126" sentence="8" number="3">can</token>
  <token t_id="127" sentence="8" number="4">be</token>
  <token t_id="128" sentence="8" number="5">thankful</token>
  <token t_id="129" sentence="8" number="6">for</token>
  <token t_id="130" sentence="8" number="7">that</token>
  <token t_id="131" sentence="8" number="8">.</token>
  <token t_id="132" sentence="9" number="0">This</token>
  <token t_id="133" sentence="9" number="1">is</token>
  <token t_id="134" sentence="9" number="2">just</token>
  <token t_id="135" sentence="9" number="3">another</token>
  <token t_id="136" sentence="9" number="4">example</token>
  <token t_id="137" sentence="9" number="5">of</token>
  <token t_id="138" sentence="9" number="6">how</token>
  <token t_id="139" sentence="9" number="7">hard</token>
  <token t_id="140" sentence="9" number="8">the</token>
  <token t_id="141" sentence="9" number="9">job</token>
  <token t_id="142" sentence="9" number="10">that</token>
  <token t_id="143" sentence="9" number="11">police</token>
  <token t_id="144" sentence="9" number="12">officers</token>
  <token t_id="145" sentence="9" number="13">have</token>
  <token t_id="146" sentence="9" number="14">.</token>
  <token t_id="147" sentence="10" number="0">They</token>
  <token t_id="148" sentence="10" number="1">truely</token>
  <token t_id="149" sentence="10" number="2">love</token>
  <token t_id="150" sentence="10" number="3">what</token>
  <token t_id="151" sentence="10" number="4">they're</token>
  <token t_id="152" sentence="10" number="5">doing</token>
  <token t_id="153" sentence="10" number="6">because</token>
  <token t_id="154" sentence="10" number="7">they</token>
  <token t_id="155" sentence="10" number="8">certainly</token>
  <token t_id="156" sentence="10" number="9">aren't</token>
  <token t_id="157" sentence="10" number="10">in</token>
  <token t_id="158" sentence="10" number="11">it</token>
  <token t_id="159" sentence="10" number="12">for</token>
  <token t_id="160" sentence="10" number="13">the</token>
  <token t_id="161" sentence="10" number="14">money</token>
  <token t_id="162" sentence="10" number="15">.</token>
  <token t_id="163" sentence="11" number="0">These</token>
  <token t_id="164" sentence="11" number="1">guys</token>
  <token t_id="165" sentence="11" number="2">are</token>
  <token t_id="166" sentence="11" number="3">constantly</token>
  <token t_id="167" sentence="11" number="4">getting</token>
  <token t_id="168" sentence="11" number="5">shot</token>
  <token t_id="169" sentence="11" number="6">at</token>
  <token t_id="170" sentence="11" number="7">.</token>
  <token t_id="171" sentence="12" number="0">My</token>
  <token t_id="172" sentence="12" number="1">hat</token>
  <token t_id="173" sentence="12" number="2">is</token>
  <token t_id="174" sentence="12" number="3">off</token>
  <token t_id="175" sentence="12" number="4">to</token>
  <token t_id="176" sentence="12" number="5">all</token>
  <token t_id="177" sentence="12" number="6">the</token>
  <token t_id="178" sentence="12" number="7">police</token>
  <token t_id="179" sentence="12" number="8">officers</token>
  <token t_id="180" sentence="12" number="9">around</token>
  <token t_id="181" sentence="12" number="10">the</token>
  <token t_id="182" sentence="12" number="11">country</token>
  <token t_id="183" sentence="12" number="12">.</token>
  <Markables>
    <ACTION_OCCURRENCE m_id="1" climaxEvent="TRUE" comment="">
      <token_anchor t_id="34"/>
    </ACTION_OCCURRENCE>
    <ACTION_OCCURRENCE m_id="2" comment="" climaxEvent="FALSE">
      <token_anchor t_id="46"/>
      <token_anchor t_id="47"/>
    </ACTION_OCCURRENCE>
    <ACTION_OCCURRENCE m_id="3" comment="" climaxEvent="FALSE">
      <token_anchor t_id="66"/>
    </ACTION_OCCURRENCE>
    <ACTION_OCCURRENCE m_id="4" comment="" climaxEvent="FALSE">
      <token_anchor t_id="76"/>
    </ACTION_OCCURRENCE>
    <ACTION_OCCURRENCE m_id="5" comment="" climaxEvent="FALSE">
      <token_anchor t_id="83"/>
    </ACTION_OCCURRENCE>
    <ACTION_STATE m_id="6" climaxEvent="FALSE" comment="">
      <token_anchor t_id="49"/>
      <token_anchor t_id="50"/>
    </ACTION_STATE>
    <HUMAN_PART_PER m_id="7" comment="">
      <token_anchor t_id="78"/>
      <token_anchor t_id="79"/>
    </HUMAN_PART_PER>
    <HUMAN_PART_PER m_id="8" comment="">
      <token_anchor t_id="81"/>
    </HUMAN_PART_PER>
    <HUMAN_PART_PER m_id="9" comment="">
      <token_anchor t_id="39"/>
      <token_anchor t_id="40"/>
    </HUMAN_PART_PER>
    <HUMAN_PART_PER m_id="10" comment="">
      <token_anchor t_id="43"/>
    </HUMAN_PART_PER>
    <HUMAN_PART_PER m_id="11" comment="">
      <token_anchor t_id="64"/>
    </HUMAN_PART_PER>
    <HUMAN_PART_PER m_id="12" comment="">
      <token_anchor t_id="93"/>
      <token_anchor t_id="94"/>
      <token_anchor t_id="95"/>
    </HUMAN_PART_PER>
    <LOC_GEO m_id="13" comment="">
      <token_anchor t_id="70"/>
      <token_anchor t_id="71"/>
      <token_anchor t_id="72"/>
      <token_anchor t_id="73"/>
      <token_anchor t_id="74"/>
      <token_anchor t_id="75"/>
    </LOC_GEO>
    <LOC_OTHER m_id="14">
      <token_anchor t_id="87"/>
      <token_anchor t_id="88"/>
      <token_anchor t_id="89"/>
    </LOC_OTHER>
    <NON_HUMAN_PART m_id="15" comment="">
      <token_anchor t_id="68"/>
    </NON_HUMAN_PART>
    <TIME_DATE m_id="16" comment="" DCT="TRUE" value="2005-06-30" anchorTimeID="16">
      <token_anchor t_id="28"/>
      <token_anchor t_id="29"/>
      <token_anchor t_id="30"/>
      <token_anchor t_id="31"/>
      <token_anchor t_id="32"/>
      <token_anchor t_id="33"/>
    </TIME_DATE>
    <ACTION_OCCURRENCE m_id="17" RELATED_TO="" TAG_DESCRIPTOR="t15_looking" comment="" climaxEvent="FALSE"/>
    <HUMAN_PART_PER m_id="18" RELATED_TO="" TAG_DESCRIPTOR="t15_ortiz" comment=""/>
    <NON_HUMAN_PART m_id="19" RELATED_TO="" TAG_DESCRIPTOR="t15_door" comment=""/>
    <ACTION_OCCURRENCE m_id="20" RELATED_TO="" TAG_DESCRIPTOR="t15_shot" comment="" climaxEvent="FALSE"/>
    <HUMAN_PART_PER m_id="21" RELATED_TO="" TAG_DESCRIPTOR="t15_orozco" comment=""/>
    <ACTION_OCCURRENCE m_id="22" RELATED_TO="" TAG_DESCRIPTOR="t15_knocking" comment="" climaxEvent="FALSE"/>
    <LOC_OTHER m_id="23" RELATED_TO="" TAG_DESCRIPTOR="t15_head"/>
    <LOC_GEO m_id="24" RELATED_TO="" TAG_DESCRIPTOR="t15_hawaiian_gardens" comment=""/>
    <HUMAN_PART_PER m_id="25" RELATED_TO="" TAG_DESCRIPTOR="t15_gang_members" comment=""/>
  </Markables>
  <Relations>
    <TLINK r_id="106325" contextualModality="" relType="CONTAINS" comment="">
      <source m_id="16"/>
      <target m_id="1"/>
    </TLINK>
    <TLINK r_id="106326" contextualModality="" relType="CONTAINS" comment="">
      <source m_id="16"/>
      <target m_id="2"/>
    </TLINK>
    <TLINK r_id="106327" contextualModality="" relType="CONTAINS" comment="">
      <source m_id="16"/>
      <target m_id="3"/>
    </TLINK>
    <TLINK r_id="106328" contextualModality="" relType="CONTAINS" comment="">
      <source m_id="16"/>
      <target m_id="4"/>
    </TLINK>
    <TLINK r_id="106329" contextualModality="" relType="CONTAINS" comment="">
      <source m_id="16"/>
      <target m_id="5"/>
    </TLINK>
    <PLOT_LINK r_id="106330" SIGNAL="" relType="FALLING_ACTION" CAUSES="FALSE" CAUSED_BY="FALSE">
      <source m_id="1"/>
      <target m_id="2"/>
    </PLOT_LINK>
    <PLOT_LINK r_id="106331" SIGNAL="" relType="FALLING_ACTION" CAUSES="FALSE" CAUSED_BY="FALSE">
      <source m_id="3"/>
      <target m_id="4"/>
    </PLOT_LINK>
    <PLOT_LINK r_id="106333" SIGNAL="" relType="PRECONDITION" CAUSES="FALSE" CAUSED_BY="FALSE">
      <source m_id="4"/>
      <target m_id="5"/>
    </PLOT_LINK>
  </Relations>
</Document>
