<?xml version='1.0' encoding='UTF-8'?>
<Document doc_name="16_2ecbplus.xml">
  <token t_id="1" sentence="0" number="0">http</token>
  <token t_id="2" sentence="0" number="1">:</token>
  <token t_id="3" sentence="0" number="2">/</token>
  <token t_id="4" sentence="0" number="3">/</token>
  <token t_id="5" sentence="0" number="4">www</token>
  <token t_id="6" sentence="0" number="5">.</token>
  <token t_id="7" sentence="0" number="6">lbreport</token>
  <token t_id="8" sentence="0" number="7">.</token>
  <token t_id="9" sentence="0" number="8">com</token>
  <token t_id="10" sentence="0" number="9">/</token>
  <token t_id="11" sentence="0" number="10">news</token>
  <token t_id="12" sentence="0" number="11">/</token>
  <token t_id="13" sentence="0" number="12">mar07</token>
  <token t_id="14" sentence="0" number="13">/</token>
  <token t_id="15" sentence="0" number="14">orozco</token>
  <token t_id="16" sentence="0" number="15">.</token>
  <token t_id="17" sentence="0" number="16">htm</token>
  <token t_id="18" sentence="1" number="0">Hawaiian</token>
  <token t_id="19" sentence="1" number="1">Gardens</token>
  <token t_id="20" sentence="1" number="2">Gangmember</token>
  <token t_id="21" sentence="1" number="3">Convicted</token>
  <token t_id="22" sentence="1" number="4">Of</token>
  <token t_id="23" sentence="1" number="5">Murdering</token>
  <token t_id="24" sentence="1" number="6">Lakewood</token>
  <token t_id="25" sentence="1" number="7">Stn</token>
  <token t_id="26" sentence="1" number="8">.</token>
  <token t_id="27" sentence="1" number="9">Sheriff's</token>
  <token t_id="28" sentence="1" number="10">Deputy</token>
  <token t_id="29" sentence="1" number="11">Jerry</token>
  <token t_id="30" sentence="1" number="12">Ortiz</token>
  <token t_id="31" sentence="2" number="0">Multiple</token>
  <token t_id="32" sentence="2" number="1">Special</token>
  <token t_id="33" sentence="2" number="2">Circumstances</token>
  <token t_id="34" sentence="3" number="0">Add'l</token>
  <token t_id="35" sentence="3" number="1">Horrific</token>
  <token t_id="36" sentence="3" number="2">Charges</token>
  <token t_id="37" sentence="3" number="3">;</token>
  <token t_id="38" sentence="3" number="4">D</token>
  <token t_id="39" sentence="3" number="5">.</token>
  <token t_id="40" sentence="3" number="6">A</token>
  <token t_id="41" sentence="3" number="7">.</token>
  <token t_id="42" sentence="3" number="8">Will</token>
  <token t_id="43" sentence="3" number="9">Now</token>
  <token t_id="44" sentence="3" number="10">Seek</token>
  <token t_id="45" sentence="3" number="11">Death</token>
  <token t_id="46" sentence="3" number="12">Penalty</token>
  <token t_id="47" sentence="4" number="0">(</token>
  <token t_id="48" sentence="4" number="1">March</token>
  <token t_id="49" sentence="4" number="2">20</token>
  <token t_id="50" sentence="4" number="3">,</token>
  <token t_id="51" sentence="4" number="4">2007</token>
  <token t_id="52" sentence="4" number="5">)</token>
  <token t_id="53" sentence="4" number="6">-</token>
  <token t_id="54" sentence="4" number="7">-</token>
  <token t_id="55" sentence="5" number="0">A</token>
  <token t_id="56" sentence="5" number="1">Superior</token>
  <token t_id="57" sentence="5" number="2">Court</token>
  <token t_id="58" sentence="5" number="3">jurty</token>
  <token t_id="59" sentence="5" number="4">in</token>
  <token t_id="60" sentence="5" number="5">Norwalk</token>
  <token t_id="61" sentence="5" number="6">today</token>
  <token t_id="62" sentence="5" number="7">convicted</token>
  <token t_id="63" sentence="5" number="8">a</token>
  <token t_id="64" sentence="5" number="9">Hawaiian</token>
  <token t_id="65" sentence="5" number="10">Gardens</token>
  <token t_id="66" sentence="5" number="11">gang</token>
  <token t_id="67" sentence="5" number="12">member</token>
  <token t_id="68" sentence="5" number="13">of</token>
  <token t_id="69" sentence="5" number="14">murdering</token>
  <token t_id="70" sentence="5" number="15">L</token>
  <token t_id="71" sentence="5" number="16">.</token>
  <token t_id="72" sentence="5" number="17">A</token>
  <token t_id="73" sentence="5" number="18">.</token>
  <token t_id="74" sentence="5" number="19">County</token>
  <token t_id="75" sentence="5" number="20">Sheriff's</token>
  <token t_id="76" sentence="5" number="21">Deputy</token>
  <token t_id="77" sentence="5" number="22">Jerry</token>
  <token t_id="78" sentence="5" number="23">Ortiz</token>
  <token t_id="79" sentence="5" number="24">in</token>
  <token t_id="80" sentence="5" number="25">June</token>
  <token t_id="81" sentence="5" number="26">,</token>
  <token t_id="82" sentence="5" number="27">2005</token>
  <token t_id="83" sentence="5" number="28">.</token>
  <token t_id="84" sentence="6" number="0">The</token>
  <token t_id="85" sentence="6" number="1">District</token>
  <token t_id="86" sentence="6" number="2">Attorney's</token>
  <token t_id="87" sentence="6" number="3">office</token>
  <token t_id="88" sentence="6" number="4">says</token>
  <token t_id="89" sentence="6" number="5">in</token>
  <token t_id="90" sentence="6" number="6">a</token>
  <token t_id="91" sentence="6" number="7">release</token>
  <token t_id="92" sentence="6" number="8">that</token>
  <token t_id="93" sentence="6" number="9">the</token>
  <token t_id="94" sentence="6" number="10">jury</token>
  <token t_id="95" sentence="6" number="11">found</token>
  <token t_id="96" sentence="6" number="12">Jose</token>
  <token t_id="97" sentence="6" number="13">Luis</token>
  <token t_id="98" sentence="6" number="14">Orozco</token>
  <token t_id="99" sentence="6" number="15">,</token>
  <token t_id="100" sentence="6" number="16">29</token>
  <token t_id="101" sentence="6" number="17">,</token>
  <token t_id="102" sentence="6" number="18">guilty</token>
  <token t_id="103" sentence="6" number="19">of</token>
  <token t_id="104" sentence="6" number="20">1st</token>
  <token t_id="105" sentence="6" number="21">degree</token>
  <token t_id="106" sentence="6" number="22">murder</token>
  <token t_id="107" sentence="6" number="23">,</token>
  <token t_id="108" sentence="6" number="24">attempted</token>
  <token t_id="109" sentence="6" number="25">murder</token>
  <token t_id="110" sentence="6" number="26">and</token>
  <token t_id="111" sentence="6" number="27">posession</token>
  <token t_id="112" sentence="6" number="28">of</token>
  <token t_id="113" sentence="6" number="29">a</token>
  <token t_id="114" sentence="6" number="30">firearm</token>
  <token t_id="115" sentence="6" number="31">by</token>
  <token t_id="116" sentence="6" number="32">a</token>
  <token t_id="117" sentence="6" number="33">felon</token>
  <token t_id="118" sentence="6" number="34">.</token>
  <token t_id="119" sentence="7" number="0">It</token>
  <token t_id="120" sentence="7" number="1">also</token>
  <token t_id="121" sentence="7" number="2">found</token>
  <token t_id="122" sentence="7" number="3">true</token>
  <token t_id="123" sentence="7" number="4">special</token>
  <token t_id="124" sentence="7" number="5">circumstances</token>
  <token t_id="125" sentence="7" number="6">of</token>
  <token t_id="126" sentence="7" number="7">murder</token>
  <token t_id="127" sentence="7" number="8">of</token>
  <token t_id="128" sentence="7" number="9">a</token>
  <token t_id="129" sentence="7" number="10">police</token>
  <token t_id="130" sentence="7" number="11">officer</token>
  <token t_id="131" sentence="7" number="12">intentionally</token>
  <token t_id="132" sentence="7" number="13">killed</token>
  <token t_id="133" sentence="7" number="14">while</token>
  <token t_id="134" sentence="7" number="15">performing</token>
  <token t_id="135" sentence="7" number="16">his</token>
  <token t_id="136" sentence="7" number="17">duties</token>
  <token t_id="137" sentence="7" number="18">,</token>
  <token t_id="138" sentence="7" number="19">murder</token>
  <token t_id="139" sentence="7" number="20">to</token>
  <token t_id="140" sentence="7" number="21">avoid</token>
  <token t_id="141" sentence="7" number="22">arrest</token>
  <token t_id="142" sentence="7" number="23">,</token>
  <token t_id="143" sentence="7" number="24">street</token>
  <token t_id="144" sentence="7" number="25">gang</token>
  <token t_id="145" sentence="7" number="26">murder</token>
  <token t_id="146" sentence="7" number="27">,</token>
  <token t_id="147" sentence="7" number="28">lying</token>
  <token t_id="148" sentence="7" number="29">in</token>
  <token t_id="149" sentence="7" number="30">wait</token>
  <token t_id="150" sentence="7" number="31">.</token>
  <token t_id="151" sentence="7" number="32">.</token>
  <token t_id="152" sentence="7" number="33">.</token>
  <token t_id="153" sentence="7" number="34">and</token>
  <token t_id="154" sentence="7" number="35">that</token>
  <token t_id="155" sentence="7" number="36">Orozco</token>
  <token t_id="156" sentence="7" number="37">personally</token>
  <token t_id="157" sentence="7" number="38">used</token>
  <token t_id="158" sentence="7" number="39">a</token>
  <token t_id="159" sentence="7" number="40">handgun</token>
  <token t_id="160" sentence="7" number="41">to</token>
  <token t_id="161" sentence="7" number="42">commit</token>
  <token t_id="162" sentence="7" number="43">the</token>
  <token t_id="163" sentence="7" number="44">murder</token>
  <token t_id="164" sentence="7" number="45">and</token>
  <token t_id="165" sentence="7" number="46">the</token>
  <token t_id="166" sentence="7" number="47">attempted</token>
  <token t_id="167" sentence="7" number="48">murder</token>
  <token t_id="168" sentence="7" number="49">,</token>
  <token t_id="169" sentence="7" number="50">the</token>
  <token t_id="170" sentence="7" number="51">D</token>
  <token t_id="171" sentence="7" number="52">.</token>
  <token t_id="172" sentence="7" number="53">A</token>
  <token t_id="173" sentence="7" number="54">.</token>
  <token t_id="174" sentence="7" number="55">'s</token>
  <token t_id="175" sentence="7" number="56">release</token>
  <token t_id="176" sentence="7" number="57">says</token>
  <token t_id="177" sentence="7" number="58">.</token>
  <token t_id="178" sentence="8" number="0">Sheriff</token>
  <token t_id="179" sentence="8" number="1">Deputy</token>
  <token t_id="180" sentence="8" number="2">Ortiz</token>
  <token t_id="181" sentence="8" number="3">,</token>
  <token t_id="182" sentence="8" number="4">35</token>
  <token t_id="183" sentence="8" number="5">,</token>
  <token t_id="184" sentence="8" number="6">with</token>
  <token t_id="185" sentence="8" number="7">LASD's</token>
  <token t_id="186" sentence="8" number="8">Gang</token>
  <token t_id="187" sentence="8" number="9">Enforcement</token>
  <token t_id="188" sentence="8" number="10">Unit</token>
  <token t_id="189" sentence="8" number="11">,</token>
  <token t_id="190" sentence="8" number="12">was</token>
  <token t_id="191" sentence="8" number="13">killed</token>
  <token t_id="192" sentence="8" number="14">June</token>
  <token t_id="193" sentence="8" number="15">24</token>
  <token t_id="194" sentence="8" number="16">,</token>
  <token t_id="195" sentence="8" number="17">2005</token>
  <token t_id="196" sentence="8" number="18">outside</token>
  <token t_id="197" sentence="8" number="19">an</token>
  <token t_id="198" sentence="8" number="20">apartment</token>
  <token t_id="199" sentence="8" number="21">in</token>
  <token t_id="200" sentence="8" number="22">the</token>
  <token t_id="201" sentence="8" number="23">12000</token>
  <token t_id="202" sentence="8" number="24">block</token>
  <token t_id="203" sentence="8" number="25">of</token>
  <token t_id="204" sentence="8" number="26">East</token>
  <token t_id="205" sentence="8" number="27">223rd</token>
  <token t_id="206" sentence="8" number="28">Street</token>
  <token t_id="207" sentence="8" number="29">in</token>
  <token t_id="208" sentence="8" number="30">Hawaiian</token>
  <token t_id="209" sentence="8" number="31">Gardens</token>
  <token t_id="210" sentence="8" number="32">while</token>
  <token t_id="211" sentence="8" number="33">investigating</token>
  <token t_id="212" sentence="8" number="34">a</token>
  <token t_id="213" sentence="8" number="35">June</token>
  <token t_id="214" sentence="8" number="36">20</token>
  <token t_id="215" sentence="8" number="37">shooting</token>
  <token t_id="216" sentence="8" number="38">in</token>
  <token t_id="217" sentence="8" number="39">which</token>
  <token t_id="218" sentence="8" number="40">Orozco</token>
  <token t_id="219" sentence="8" number="41">was</token>
  <token t_id="220" sentence="8" number="42">a</token>
  <token t_id="221" sentence="8" number="43">suspect</token>
  <token t_id="222" sentence="8" number="44">.</token>
  <token t_id="223" sentence="9" number="0">The</token>
  <token t_id="224" sentence="9" number="1">D</token>
  <token t_id="225" sentence="9" number="2">.</token>
  <token t_id="226" sentence="9" number="3">A</token>
  <token t_id="227" sentence="9" number="4">.</token>
  <token t_id="228" sentence="9" number="5">'s</token>
  <token t_id="229" sentence="9" number="6">release</token>
  <token t_id="230" sentence="9" number="7">says</token>
  <token t_id="231" sentence="9" number="8">Deputy</token>
  <token t_id="232" sentence="9" number="9">Ortiz</token>
  <token t_id="233" sentence="9" number="10">"spotted</token>
  <token t_id="234" sentence="9" number="11">Orozco</token>
  <token t_id="235" sentence="9" number="12">shortly</token>
  <token t_id="236" sentence="9" number="13">after</token>
  <token t_id="237" sentence="9" number="14">3</token>
  <token t_id="238" sentence="9" number="15">p</token>
  <token t_id="239" sentence="9" number="16">.</token>
  <token t_id="240" sentence="9" number="17">m</token>
  <token t_id="241" sentence="9" number="18">.</token>
  <token t_id="242" sentence="9" number="19">the</token>
  <token t_id="243" sentence="9" number="20">day</token>
  <token t_id="244" sentence="9" number="21">of</token>
  <token t_id="245" sentence="9" number="22">the</token>
  <token t_id="246" sentence="9" number="23">shooting</token>
  <token t_id="247" sentence="9" number="24">and</token>
  <token t_id="248" sentence="9" number="25">chased</token>
  <token t_id="249" sentence="9" number="26">him</token>
  <token t_id="250" sentence="9" number="27">to</token>
  <token t_id="251" sentence="9" number="28">the</token>
  <token t_id="252" sentence="9" number="29">apartment</token>
  <token t_id="253" sentence="9" number="30">.</token>
  <token t_id="254" sentence="10" number="0">Orozco</token>
  <token t_id="255" sentence="10" number="1">was</token>
  <token t_id="256" sentence="10" number="2">hiding</token>
  <token t_id="257" sentence="10" number="3">behind</token>
  <token t_id="258" sentence="10" number="4">the</token>
  <token t_id="259" sentence="10" number="5">apartment</token>
  <token t_id="260" sentence="10" number="6">’</token>
  <token t_id="261" sentence="10" number="7">s</token>
  <token t_id="262" sentence="10" number="8">front</token>
  <token t_id="263" sentence="10" number="9">door</token>
  <token t_id="264" sentence="10" number="10">.</token>
  <token t_id="265" sentence="11" number="0">He</token>
  <token t_id="266" sentence="11" number="1">fired</token>
  <token t_id="267" sentence="11" number="2">at</token>
  <token t_id="268" sentence="11" number="3">the</token>
  <token t_id="269" sentence="11" number="4">deputy</token>
  <token t_id="270" sentence="11" number="5">and</token>
  <token t_id="271" sentence="11" number="6">ran</token>
  <token t_id="272" sentence="11" number="7">.</token>
  <token t_id="273" sentence="12" number="0">Orozco</token>
  <token t_id="274" sentence="12" number="1">was</token>
  <token t_id="275" sentence="12" number="2">arrested</token>
  <token t_id="276" sentence="12" number="3">five</token>
  <token t_id="277" sentence="12" number="4">buildings</token>
  <token t_id="278" sentence="12" number="5">away</token>
  <token t_id="279" sentence="12" number="6">on</token>
  <token t_id="280" sentence="12" number="7">223rd</token>
  <token t_id="281" sentence="12" number="8">Street</token>
  <token t_id="282" sentence="12" number="9">shortly</token>
  <token t_id="283" sentence="12" number="10">before</token>
  <token t_id="284" sentence="12" number="11">midnight</token>
  <token t_id="285" sentence="12" number="12">.</token>
  <token t_id="286" sentence="13" number="0">A</token>
  <token t_id="287" sentence="13" number="1">.</token>
  <token t_id="288" sentence="13" number="2">38</token>
  <token t_id="289" sentence="13" number="3">-</token>
  <token t_id="290" sentence="13" number="4">caliber</token>
  <token t_id="291" sentence="13" number="5">revolver</token>
  <token t_id="292" sentence="13" number="6">was</token>
  <token t_id="293" sentence="13" number="7">recovered</token>
  <token t_id="294" sentence="13" number="8">.</token>
  <token t_id="295" sentence="13" number="9">"</token>
  <token t_id="296" sentence="14" number="0">Orozco</token>
  <token t_id="297" sentence="14" number="1">was</token>
  <token t_id="298" sentence="14" number="2">also</token>
  <token t_id="299" sentence="14" number="3">convicted</token>
  <token t_id="300" sentence="14" number="4">of</token>
  <token t_id="301" sentence="14" number="5">the</token>
  <token t_id="302" sentence="14" number="6">June</token>
  <token t_id="303" sentence="14" number="7">20</token>
  <token t_id="304" sentence="14" number="8">,</token>
  <token t_id="305" sentence="14" number="9">2005</token>
  <token t_id="306" sentence="14" number="10">attempted</token>
  <token t_id="307" sentence="14" number="11">murder</token>
  <token t_id="308" sentence="14" number="12">of</token>
  <token t_id="309" sentence="14" number="13">a</token>
  <token t_id="310" sentence="14" number="14">man</token>
  <token t_id="311" sentence="14" number="15">shot</token>
  <token t_id="312" sentence="14" number="16">in</token>
  <token t_id="313" sentence="14" number="17">the</token>
  <token t_id="314" sentence="14" number="18">back</token>
  <token t_id="315" sentence="14" number="19">while</token>
  <token t_id="316" sentence="14" number="20">doing</token>
  <token t_id="317" sentence="14" number="21">yard</token>
  <token t_id="318" sentence="14" number="22">work</token>
  <token t_id="319" sentence="14" number="23">at</token>
  <token t_id="320" sentence="14" number="24">a</token>
  <token t_id="321" sentence="14" number="25">home</token>
  <token t_id="322" sentence="14" number="26">in</token>
  <token t_id="323" sentence="14" number="27">the</token>
  <token t_id="324" sentence="14" number="28">22000</token>
  <token t_id="325" sentence="14" number="29">block</token>
  <token t_id="326" sentence="14" number="30">of</token>
  <token t_id="327" sentence="14" number="31">Joliet</token>
  <token t_id="328" sentence="14" number="32">Avenue</token>
  <token t_id="329" sentence="14" number="33">in</token>
  <token t_id="330" sentence="14" number="34">Hawaiian</token>
  <token t_id="331" sentence="14" number="35">Gardens</token>
  <token t_id="332" sentence="14" number="36">,</token>
  <token t_id="333" sentence="14" number="37">a</token>
  <token t_id="334" sentence="14" number="38">shooting</token>
  <token t_id="335" sentence="14" number="39">that</token>
  <token t_id="336" sentence="14" number="40">the</token>
  <token t_id="337" sentence="14" number="41">jury</token>
  <token t_id="338" sentence="14" number="42">also</token>
  <token t_id="339" sentence="14" number="43">determined</token>
  <token t_id="340" sentence="14" number="44">to</token>
  <token t_id="341" sentence="14" number="45">be</token>
  <token t_id="342" sentence="14" number="46">a</token>
  <token t_id="343" sentence="14" number="47">street</token>
  <token t_id="344" sentence="14" number="48">crime</token>
  <token t_id="345" sentence="14" number="49">.</token>
  <token t_id="346" sentence="15" number="0">Next</token>
  <token t_id="347" sentence="15" number="1">week</token>
  <token t_id="348" sentence="15" number="2">,</token>
  <token t_id="349" sentence="15" number="3">the</token>
  <token t_id="350" sentence="15" number="4">same</token>
  <token t_id="351" sentence="15" number="5">jury</token>
  <token t_id="352" sentence="15" number="6">will</token>
  <token t_id="353" sentence="15" number="7">begin</token>
  <token t_id="354" sentence="15" number="8">hearing</token>
  <token t_id="355" sentence="15" number="9">evidence</token>
  <token t_id="356" sentence="15" number="10">in</token>
  <token t_id="357" sentence="15" number="11">the</token>
  <token t_id="358" sentence="15" number="12">trial's</token>
  <token t_id="359" sentence="15" number="13">penalty</token>
  <token t_id="360" sentence="15" number="14">phase</token>
  <token t_id="361" sentence="15" number="15">in</token>
  <token t_id="362" sentence="15" number="16">which</token>
  <token t_id="363" sentence="15" number="17">Deputy</token>
  <token t_id="364" sentence="15" number="18">D</token>
  <token t_id="365" sentence="15" number="19">.</token>
  <token t_id="366" sentence="15" number="20">A</token>
  <token t_id="367" sentence="15" number="21">.</token>
  <token t_id="368" sentence="15" number="22">Lowell</token>
  <token t_id="369" sentence="15" number="23">Anger</token>
  <token t_id="370" sentence="15" number="24">of</token>
  <token t_id="371" sentence="15" number="25">the</token>
  <token t_id="372" sentence="15" number="26">Crimes</token>
  <token t_id="373" sentence="15" number="27">Against</token>
  <token t_id="374" sentence="15" number="28">Police</token>
  <token t_id="375" sentence="15" number="29">Officers</token>
  <token t_id="376" sentence="15" number="30">Section</token>
  <token t_id="377" sentence="15" number="31">(</token>
  <token t_id="378" sentence="15" number="32">CAPOS</token>
  <token t_id="379" sentence="15" number="33">)</token>
  <token t_id="380" sentence="15" number="34">will</token>
  <token t_id="381" sentence="15" number="35">seek</token>
  <token t_id="382" sentence="15" number="36">the</token>
  <token t_id="383" sentence="15" number="37">death</token>
  <token t_id="384" sentence="15" number="38">penalty</token>
  <token t_id="385" sentence="15" number="39">.</token>
  <token t_id="386" sentence="16" number="0">Deputy</token>
  <token t_id="387" sentence="16" number="1">Ortiz</token>
  <token t_id="388" sentence="16" number="2">was</token>
  <token t_id="389" sentence="16" number="3">a</token>
  <token t_id="390" sentence="16" number="4">Lakewood</token>
  <token t_id="391" sentence="16" number="5">Award</token>
  <token t_id="392" sentence="16" number="6">of</token>
  <token t_id="393" sentence="16" number="7">Valor</token>
  <token t_id="394" sentence="16" number="8">winner</token>
  <token t_id="395" sentence="16" number="9">in</token>
  <token t_id="396" sentence="16" number="10">2004</token>
  <token t_id="397" sentence="16" number="11">for</token>
  <token t_id="398" sentence="16" number="12">having</token>
  <token t_id="399" sentence="16" number="13">faced</token>
  <token t_id="400" sentence="16" number="14">down</token>
  <token t_id="401" sentence="16" number="15">an</token>
  <token t_id="402" sentence="16" number="16">armed</token>
  <token t_id="403" sentence="16" number="17">carjacker</token>
  <token t_id="404" sentence="16" number="18">who</token>
  <token t_id="405" sentence="16" number="19">drew</token>
  <token t_id="406" sentence="16" number="20">a</token>
  <token t_id="407" sentence="16" number="21">gun</token>
  <token t_id="408" sentence="16" number="22">on</token>
  <token t_id="409" sentence="16" number="23">him</token>
  <token t_id="410" sentence="16" number="24">and</token>
  <token t_id="411" sentence="16" number="25">his</token>
  <token t_id="412" sentence="16" number="26">partner</token>
  <token t_id="413" sentence="16" number="27">,</token>
  <token t_id="414" sentence="16" number="28">ending</token>
  <token t_id="415" sentence="16" number="29">with</token>
  <token t_id="416" sentence="16" number="30">the</token>
  <token t_id="417" sentence="16" number="31">death</token>
  <token t_id="418" sentence="16" number="32">of</token>
  <token t_id="419" sentence="16" number="33">the</token>
  <token t_id="420" sentence="16" number="34">carjacker</token>
  <token t_id="421" sentence="16" number="35">and</token>
  <token t_id="422" sentence="16" number="36">the</token>
  <token t_id="423" sentence="16" number="37">arrest</token>
  <token t_id="424" sentence="16" number="38">of</token>
  <token t_id="425" sentence="16" number="39">two</token>
  <token t_id="426" sentence="16" number="40">suspected</token>
  <token t_id="427" sentence="16" number="41">gang</token>
  <token t_id="428" sentence="16" number="42">members</token>
  <token t_id="429" sentence="16" number="43">.</token>
  <token t_id="430" sentence="17" number="0">The</token>
  <token t_id="431" sentence="17" number="1">murder</token>
  <token t_id="432" sentence="17" number="2">of</token>
  <token t_id="433" sentence="17" number="3">Deputy</token>
  <token t_id="434" sentence="17" number="4">Ortiz</token>
  <token t_id="435" sentence="17" number="5">prompted</token>
  <token t_id="436" sentence="17" number="6">an</token>
  <token t_id="437" sentence="17" number="7">outpouring</token>
  <token t_id="438" sentence="17" number="8">of</token>
  <token t_id="439" sentence="17" number="9">emotion</token>
  <token t_id="440" sentence="17" number="10">from</token>
  <token t_id="441" sentence="17" number="11">the</token>
  <token t_id="442" sentence="17" number="12">community</token>
  <token t_id="443" sentence="17" number="13">,</token>
  <token t_id="444" sentence="17" number="14">where</token>
  <token t_id="445" sentence="17" number="15">he</token>
  <token t_id="446" sentence="17" number="16">was</token>
  <token t_id="447" sentence="17" number="17">respected</token>
  <token t_id="448" sentence="17" number="18">and</token>
  <token t_id="449" sentence="17" number="19">admired</token>
  <token t_id="450" sentence="17" number="20">coworkers</token>
  <token t_id="451" sentence="17" number="21">and</token>
  <token t_id="452" sentence="17" number="22">members</token>
  <token t_id="453" sentence="17" number="23">of</token>
  <token t_id="454" sentence="17" number="24">the</token>
  <token t_id="455" sentence="17" number="25">community</token>
  <token t_id="456" sentence="17" number="26">.</token>
  <token t_id="457" sentence="18" number="0">This</token>
  <token t_id="458" sentence="18" number="1">was</token>
  <token t_id="459" sentence="18" number="2">the</token>
  <token t_id="460" sentence="18" number="3">scene</token>
  <token t_id="461" sentence="18" number="4">outside</token>
  <token t_id="462" sentence="18" number="5">the</token>
  <token t_id="463" sentence="18" number="6">Lakewood</token>
  <token t_id="464" sentence="18" number="7">Sheriff's</token>
  <token t_id="465" sentence="18" number="8">station</token>
  <token t_id="466" sentence="18" number="9">24</token>
  <token t_id="467" sentence="18" number="10">hours</token>
  <token t_id="468" sentence="18" number="11">after</token>
  <token t_id="469" sentence="18" number="12">his</token>
  <token t_id="470" sentence="18" number="13">death</token>
  <token t_id="471" sentence="18" number="14">.</token>
  <token t_id="472" sentence="19" number="0">Dep</token>
  <token t_id="473" sentence="19" number="1">.</token>
  <token t_id="474" sentence="19" number="2">Ortiz</token>
  <token t_id="475" sentence="19" number="3">is</token>
  <token t_id="476" sentence="19" number="4">the</token>
  <token t_id="477" sentence="19" number="5">fifth</token>
  <token t_id="478" sentence="19" number="6">Lakewood</token>
  <token t_id="479" sentence="19" number="7">Sheriff</token>
  <token t_id="480" sentence="19" number="8">Deputy</token>
  <token t_id="481" sentence="19" number="9">slain</token>
  <token t_id="482" sentence="19" number="10">while</token>
  <token t_id="483" sentence="19" number="11">on</token>
  <token t_id="484" sentence="19" number="12">duty</token>
  <token t_id="485" sentence="19" number="13">.</token>
  <token t_id="486" sentence="19" number="14">.</token>
  <token t_id="487" sentence="19" number="15">.</token>
  <token t_id="488" sentence="19" number="16">and</token>
  <token t_id="489" sentence="19" number="17">his</token>
  <token t_id="490" sentence="19" number="18">name</token>
  <token t_id="491" sentence="19" number="19">is</token>
  <token t_id="492" sentence="19" number="20">now</token>
  <token t_id="493" sentence="19" number="21">inscribed</token>
  <token t_id="494" sentence="19" number="22">on</token>
  <token t_id="495" sentence="19" number="23">the</token>
  <token t_id="496" sentence="19" number="24">Memorial</token>
  <token t_id="497" sentence="19" number="25">Wall</token>
  <token t_id="498" sentence="19" number="26">outside</token>
  <token t_id="499" sentence="19" number="27">the</token>
  <token t_id="500" sentence="19" number="28">LASD</token>
  <token t_id="501" sentence="19" number="29">station</token>
  <token t_id="502" sentence="19" number="30">on</token>
  <token t_id="503" sentence="19" number="31">Clark</token>
  <token t_id="504" sentence="19" number="32">Ave</token>
  <token t_id="505" sentence="19" number="33">.</token>
  <Markables>
    <ACTION_OCCURRENCE m_id="29" comment="" climaxEvent="FALSE">
      <token_anchor t_id="140"/>
    </ACTION_OCCURRENCE>
    <ACTION_OCCURRENCE m_id="30" comment="" climaxEvent="FALSE">
      <token_anchor t_id="141"/>
    </ACTION_OCCURRENCE>
    <ACTION_OCCURRENCE m_id="31" comment="" climaxEvent="FALSE">
      <token_anchor t_id="145"/>
    </ACTION_OCCURRENCE>
    <ACTION_OCCURRENCE m_id="32" comment="" climaxEvent="FALSE">
      <token_anchor t_id="147"/>
    </ACTION_OCCURRENCE>
    <ACTION_OCCURRENCE m_id="33" comment="" climaxEvent="FALSE">
      <token_anchor t_id="149"/>
    </ACTION_OCCURRENCE>
    <ACTION_OCCURRENCE m_id="1" comment="" climaxEvent="FALSE">
      <token_anchor t_id="215"/>
    </ACTION_OCCURRENCE>
    <ACTION_OCCURRENCE m_id="34" comment="" climaxEvent="FALSE">
      <token_anchor t_id="157"/>
    </ACTION_OCCURRENCE>
    <ACTION_OCCURRENCE m_id="2" comment="" climaxEvent="FALSE">
      <token_anchor t_id="306"/>
    </ACTION_OCCURRENCE>
    <ACTION_OCCURRENCE m_id="35" comment="" climaxEvent="FALSE">
      <token_anchor t_id="161"/>
    </ACTION_OCCURRENCE>
    <ACTION_OCCURRENCE m_id="3" comment="" climaxEvent="FALSE">
      <token_anchor t_id="21"/>
    </ACTION_OCCURRENCE>
    <ACTION_OCCURRENCE m_id="36" comment="" climaxEvent="FALSE">
      <token_anchor t_id="163"/>
    </ACTION_OCCURRENCE>
    <ACTION_OCCURRENCE m_id="4" comment="" climaxEvent="FALSE">
      <token_anchor t_id="307"/>
    </ACTION_OCCURRENCE>
    <ACTION_OCCURRENCE m_id="37" comment="" climaxEvent="FALSE">
      <token_anchor t_id="166"/>
    </ACTION_OCCURRENCE>
    <ACTION_OCCURRENCE m_id="5" comment="" climaxEvent="FALSE">
      <token_anchor t_id="23"/>
    </ACTION_OCCURRENCE>
    <ACTION_OCCURRENCE m_id="38" comment="" climaxEvent="FALSE">
      <token_anchor t_id="167"/>
    </ACTION_OCCURRENCE>
    <ACTION_OCCURRENCE m_id="6" comment="" climaxEvent="FALSE">
      <token_anchor t_id="311"/>
    </ACTION_OCCURRENCE>
    <ACTION_OCCURRENCE m_id="39" comment="" climaxEvent="FALSE">
      <token_anchor t_id="191"/>
    </ACTION_OCCURRENCE>
    <ACTION_OCCURRENCE m_id="7" comment="" climaxEvent="FALSE">
      <token_anchor t_id="36"/>
    </ACTION_OCCURRENCE>
    <ACTION_OCCURRENCE m_id="40" comment="" climaxEvent="FALSE">
      <token_anchor t_id="211"/>
    </ACTION_OCCURRENCE>
    <ACTION_OCCURRENCE m_id="8" comment="" climaxEvent="FALSE">
      <token_anchor t_id="316"/>
    </ACTION_OCCURRENCE>
    <ACTION_OCCURRENCE m_id="9" comment="" climaxEvent="FALSE">
      <token_anchor t_id="44"/>
    </ACTION_OCCURRENCE>
    <ACTION_OCCURRENCE m_id="41" comment="" climaxEvent="FALSE">
      <token_anchor t_id="299"/>
    </ACTION_OCCURRENCE>
    <ACTION_OCCURRENCE m_id="10" comment="" climaxEvent="FALSE">
      <token_anchor t_id="317"/>
      <token_anchor t_id="318"/>
    </ACTION_OCCURRENCE>
    <ACTION_OCCURRENCE m_id="11" comment="" climaxEvent="FALSE">
      <token_anchor t_id="45"/>
    </ACTION_OCCURRENCE>
    <ACTION_OCCURRENCE m_id="12" comment="" climaxEvent="FALSE">
      <token_anchor t_id="334"/>
    </ACTION_OCCURRENCE>
    <ACTION_OCCURRENCE m_id="13" comment="" climaxEvent="FALSE">
      <token_anchor t_id="46"/>
    </ACTION_OCCURRENCE>
    <ACTION_OCCURRENCE m_id="14" comment="" climaxEvent="FALSE">
      <token_anchor t_id="339"/>
    </ACTION_OCCURRENCE>
    <ACTION_OCCURRENCE m_id="15" comment="" climaxEvent="FALSE">
      <token_anchor t_id="62"/>
    </ACTION_OCCURRENCE>
    <ACTION_OCCURRENCE m_id="16" comment="" climaxEvent="FALSE">
      <token_anchor t_id="344"/>
    </ACTION_OCCURRENCE>
    <ACTION_OCCURRENCE m_id="17" comment="" climaxEvent="FALSE">
      <token_anchor t_id="69"/>
    </ACTION_OCCURRENCE>
    <ACTION_OCCURRENCE m_id="18" comment="" climaxEvent="FALSE">
      <token_anchor t_id="95"/>
    </ACTION_OCCURRENCE>
    <ACTION_OCCURRENCE m_id="19" comment="" climaxEvent="FALSE">
      <token_anchor t_id="106"/>
    </ACTION_OCCURRENCE>
    <ACTION_OCCURRENCE m_id="20" comment="" climaxEvent="FALSE">
      <token_anchor t_id="108"/>
    </ACTION_OCCURRENCE>
    <ACTION_OCCURRENCE m_id="21" comment="" climaxEvent="FALSE">
      <token_anchor t_id="109"/>
    </ACTION_OCCURRENCE>
    <ACTION_OCCURRENCE m_id="22" comment="" climaxEvent="FALSE">
      <token_anchor t_id="111"/>
    </ACTION_OCCURRENCE>
    <ACTION_OCCURRENCE m_id="23" comment="" climaxEvent="FALSE">
      <token_anchor t_id="121"/>
    </ACTION_OCCURRENCE>
    <ACTION_OCCURRENCE m_id="24" comment="" climaxEvent="FALSE">
      <token_anchor t_id="126"/>
    </ACTION_OCCURRENCE>
    <ACTION_OCCURRENCE m_id="25" comment="" climaxEvent="FALSE">
      <token_anchor t_id="132"/>
    </ACTION_OCCURRENCE>
    <ACTION_OCCURRENCE m_id="26" comment="" climaxEvent="FALSE">
      <token_anchor t_id="134"/>
    </ACTION_OCCURRENCE>
    <ACTION_OCCURRENCE m_id="27" comment="" climaxEvent="FALSE">
      <token_anchor t_id="136"/>
    </ACTION_OCCURRENCE>
    <ACTION_OCCURRENCE m_id="28" comment="" climaxEvent="FALSE">
      <token_anchor t_id="138"/>
    </ACTION_OCCURRENCE>
    <ACTION_REPORTING m_id="42">
      <token_anchor t_id="88"/>
    </ACTION_REPORTING>
    <ACTION_REPORTING m_id="43">
      <token_anchor t_id="176"/>
    </ACTION_REPORTING>
    <ACTION_REPORTING m_id="44">
      <token_anchor t_id="266"/>
    </ACTION_REPORTING>
    <ACTION_REPORTING m_id="45">
      <token_anchor t_id="271"/>
    </ACTION_REPORTING>
    <ACTION_STATE m_id="46" climaxEvent="FALSE" comment="">
      <token_anchor t_id="33"/>
    </ACTION_STATE>
    <ACTION_STATE m_id="47" climaxEvent="FALSE" comment="">
      <token_anchor t_id="124"/>
    </ACTION_STATE>
    <ACTION_STATE m_id="48" climaxEvent="FALSE" comment="">
      <token_anchor t_id="102"/>
    </ACTION_STATE>
    <HUMAN_PART_ORG m_id="49">
      <token_anchor t_id="38"/>
      <token_anchor t_id="39"/>
      <token_anchor t_id="40"/>
    </HUMAN_PART_ORG>
    <HUMAN_PART_ORG m_id="50">
      <token_anchor t_id="87"/>
    </HUMAN_PART_ORG>
    <HUMAN_PART_ORG m_id="51">
      <token_anchor t_id="170"/>
      <token_anchor t_id="171"/>
      <token_anchor t_id="172"/>
      <token_anchor t_id="173"/>
    </HUMAN_PART_ORG>
    <HUMAN_PART_ORG m_id="52">
      <token_anchor t_id="185"/>
      <token_anchor t_id="186"/>
      <token_anchor t_id="187"/>
      <token_anchor t_id="188"/>
    </HUMAN_PART_ORG>
    <HUMAN_PART_PER m_id="61" comment="">
      <token_anchor t_id="66"/>
      <token_anchor t_id="67"/>
    </HUMAN_PART_PER>
    <HUMAN_PART_PER m_id="62" comment="">
      <token_anchor t_id="269"/>
    </HUMAN_PART_PER>
    <HUMAN_PART_PER m_id="63" comment="">
      <token_anchor t_id="77"/>
      <token_anchor t_id="78"/>
    </HUMAN_PART_PER>
    <HUMAN_PART_PER m_id="64" comment="">
      <token_anchor t_id="296"/>
    </HUMAN_PART_PER>
    <HUMAN_PART_PER m_id="65" comment="">
      <token_anchor t_id="96"/>
      <token_anchor t_id="97"/>
      <token_anchor t_id="98"/>
    </HUMAN_PART_PER>
    <HUMAN_PART_PER m_id="66" comment="">
      <token_anchor t_id="310"/>
    </HUMAN_PART_PER>
    <HUMAN_PART_PER m_id="67" comment="">
      <token_anchor t_id="155"/>
    </HUMAN_PART_PER>
    <HUMAN_PART_PER m_id="68" comment="">
      <token_anchor t_id="337"/>
    </HUMAN_PART_PER>
    <HUMAN_PART_PER m_id="69" comment="">
      <token_anchor t_id="180"/>
    </HUMAN_PART_PER>
    <HUMAN_PART_PER m_id="53" comment="">
      <token_anchor t_id="218"/>
    </HUMAN_PART_PER>
    <HUMAN_PART_PER m_id="54" comment="">
      <token_anchor t_id="58"/>
    </HUMAN_PART_PER>
    <HUMAN_PART_PER m_id="55" comment="">
      <token_anchor t_id="221"/>
    </HUMAN_PART_PER>
    <HUMAN_PART_PER m_id="56" comment="">
      <token_anchor t_id="94"/>
    </HUMAN_PART_PER>
    <HUMAN_PART_PER m_id="57" comment="">
      <token_anchor t_id="117"/>
    </HUMAN_PART_PER>
    <HUMAN_PART_PER m_id="58" comment="">
      <token_anchor t_id="129"/>
      <token_anchor t_id="130"/>
    </HUMAN_PART_PER>
    <HUMAN_PART_PER m_id="59" comment="">
      <token_anchor t_id="20"/>
    </HUMAN_PART_PER>
    <HUMAN_PART_PER m_id="60" comment="">
      <token_anchor t_id="29"/>
      <token_anchor t_id="30"/>
    </HUMAN_PART_PER>
    <LOC_FAC m_id="70">
      <token_anchor t_id="196"/>
      <token_anchor t_id="197"/>
      <token_anchor t_id="198"/>
      <token_anchor t_id="199"/>
      <token_anchor t_id="200"/>
      <token_anchor t_id="201"/>
      <token_anchor t_id="202"/>
      <token_anchor t_id="203"/>
      <token_anchor t_id="204"/>
      <token_anchor t_id="205"/>
      <token_anchor t_id="206"/>
      <token_anchor t_id="207"/>
      <token_anchor t_id="208"/>
      <token_anchor t_id="209"/>
    </LOC_FAC>
    <LOC_FAC m_id="71">
      <token_anchor t_id="320"/>
      <token_anchor t_id="321"/>
      <token_anchor t_id="322"/>
      <token_anchor t_id="323"/>
      <token_anchor t_id="324"/>
      <token_anchor t_id="325"/>
      <token_anchor t_id="326"/>
      <token_anchor t_id="327"/>
      <token_anchor t_id="328"/>
      <token_anchor t_id="329"/>
      <token_anchor t_id="330"/>
      <token_anchor t_id="331"/>
    </LOC_FAC>
    <LOC_GEO m_id="72" comment="">
      <token_anchor t_id="59"/>
      <token_anchor t_id="60"/>
    </LOC_GEO>
    <NON_HUMAN_PART m_id="73" comment="">
      <token_anchor t_id="91"/>
    </NON_HUMAN_PART>
    <NON_HUMAN_PART m_id="74" comment="">
      <token_anchor t_id="114"/>
    </NON_HUMAN_PART>
    <NON_HUMAN_PART m_id="75" comment="">
      <token_anchor t_id="159"/>
    </NON_HUMAN_PART>
    <NON_HUMAN_PART m_id="76" comment="">
      <token_anchor t_id="175"/>
    </NON_HUMAN_PART>
    <TIME_DATE m_id="77" comment="" DCT="FALSE" value="2007-03-20" anchorTimeID="">
      <token_anchor t_id="61"/>
    </TIME_DATE>
    <TIME_DATE m_id="78" comment="" DCT="FALSE" value="2005-06" anchorTimeID="">
      <token_anchor t_id="79"/>
      <token_anchor t_id="80"/>
      <token_anchor t_id="81"/>
      <token_anchor t_id="82"/>
    </TIME_DATE>
    <TIME_DATE m_id="79" comment="" DCT="FALSE" value="2005-06-24" anchorTimeID="79">
      <token_anchor t_id="192"/>
      <token_anchor t_id="193"/>
      <token_anchor t_id="194"/>
      <token_anchor t_id="195"/>
    </TIME_DATE>
    <TIME_DATE m_id="80" comment="" DCT="FALSE" value="2005-06-20" anchorTimeID="">
      <token_anchor t_id="301"/>
      <token_anchor t_id="302"/>
      <token_anchor t_id="303"/>
      <token_anchor t_id="304"/>
      <token_anchor t_id="305"/>
    </TIME_DATE>
    <TIME_DATE m_id="81" comment="" DCT="FALSE" value="2005-06-20" anchorTimeID="">
      <token_anchor t_id="213"/>
      <token_anchor t_id="214"/>
    </TIME_DATE>
    <TIME_DATE m_id="82" comment="" DCT="TRUE" value="2007-03-20" anchorTimeID="82">
      <token_anchor t_id="48"/>
      <token_anchor t_id="49"/>
      <token_anchor t_id="50"/>
      <token_anchor t_id="51"/>
    </TIME_DATE>
    <LOC_FAC m_id="83" RELATED_TO="" TAG_DESCRIPTOR="t15_apartment"/>
    <HUMAN_PART_PER m_id="84" RELATED_TO="" TAG_DESCRIPTOR="t15_orozco" comment=""/>
    <ACTION_OCCURRENCE m_id="85" RELATED_TO="" TAG_DESCRIPTOR="t15_shot" comment="" climaxEvent="FALSE"/>
    <TIME_DATE m_id="86" RELATED_TO="" TAG_DESCRIPTOR="t15_june_24" value="" anchorTimeID="" DCT="FALSE" comment=""/>
    <ACTION_OCCURRENCE m_id="87" RELATED_TO="" TAG_DESCRIPTOR="t15_convicted" comment="" climaxEvent="FALSE"/>
    <ACTION_OCCURRENCE m_id="88" RELATED_TO="" TAG_DESCRIPTOR="t15_charged" comment="" climaxEvent="FALSE"/>
    <ACTION_OCCURRENCE m_id="89" RELATED_TO="" TAG_DESCRIPTOR="t15_murder" comment="" climaxEvent="FALSE"/>
    <ACTION_OCCURRENCE m_id="90" RELATED_TO="" TAG_DESCRIPTOR="t15_investigation" comment="" climaxEvent="FALSE"/>
    <ACTION_OCCURRENCE m_id="91" RELATED_TO="" TAG_DESCRIPTOR="t15_arrest" comment="" climaxEvent="FALSE"/>
    <HUMAN_PART_PER m_id="92" RELATED_TO="" TAG_DESCRIPTOR="t15_jury" comment=""/>
    <HUMAN_PART_PER m_id="93" RELATED_TO="" TAG_DESCRIPTOR="t15_ortiz" comment=""/>
  </Markables>
  <Relations>
    <TLINK r_id="106394" contextualModality="" relType="CONTAINS" comment="">
      <source m_id="82"/>
      <target m_id="3"/>
    </TLINK>
    <TLINK r_id="106395" contextualModality="" relType="AFTER" comment="">
      <source m_id="82"/>
      <target m_id="5"/>
    </TLINK>
    <TLINK r_id="106396" contextualModality="" relType="CONTAINS" comment="">
      <source m_id="82"/>
      <target m_id="7"/>
    </TLINK>
    <TLINK r_id="106397" contextualModality="" relType="AFTER" comment="">
      <source m_id="82"/>
      <target m_id="9"/>
    </TLINK>
    <TLINK r_id="106398" contextualModality="" relType="AFTER" comment="">
      <source m_id="82"/>
      <target m_id="11"/>
    </TLINK>
    <TLINK r_id="106399" contextualModality="" relType="CONTAINS" comment="">
      <source m_id="82"/>
      <target m_id="15"/>
    </TLINK>
    <TLINK r_id="106400" contextualModality="" relType="AFTER" comment="">
      <source m_id="82"/>
      <target m_id="17"/>
    </TLINK>
    <TLINK r_id="106401" contextualModality="" relType="CONTAINS" comment="">
      <source m_id="82"/>
      <target m_id="48"/>
    </TLINK>
    <TLINK r_id="106402" contextualModality="" relType="AFTER" comment="">
      <source m_id="82"/>
      <target m_id="19"/>
    </TLINK>
    <TLINK r_id="106403" contextualModality="" relType="AFTER" comment="">
      <source m_id="82"/>
      <target m_id="20"/>
    </TLINK>
    <TLINK r_id="106404" contextualModality="" relType="AFTER" comment="">
      <source m_id="82"/>
      <target m_id="21"/>
    </TLINK>
    <TLINK r_id="106405" contextualModality="" relType="AFTER" comment="">
      <source m_id="82"/>
      <target m_id="22"/>
    </TLINK>
    <TLINK r_id="106406" contextualModality="" relType="AFTER" comment="">
      <source m_id="82"/>
      <target m_id="24"/>
    </TLINK>
    <TLINK r_id="106407" contextualModality="" relType="AFTER" comment="">
      <source m_id="82"/>
      <target m_id="25"/>
    </TLINK>
    <TLINK r_id="106408" contextualModality="" relType="AFTER" comment="">
      <source m_id="82"/>
      <target m_id="26"/>
    </TLINK>
    <TLINK r_id="106409" contextualModality="" relType="AFTER" comment="">
      <source m_id="82"/>
      <target m_id="27"/>
    </TLINK>
    <TLINK r_id="106410" contextualModality="" relType="AFTER" comment="">
      <source m_id="82"/>
      <target m_id="28"/>
    </TLINK>
    <TLINK r_id="106411" contextualModality="" relType="AFTER" comment="">
      <source m_id="82"/>
      <target m_id="30"/>
    </TLINK>
    <TLINK r_id="106412" contextualModality="" relType="AFTER" comment="">
      <source m_id="82"/>
      <target m_id="29"/>
    </TLINK>
    <TLINK r_id="106413" contextualModality="" relType="AFTER" comment="">
      <source m_id="82"/>
      <target m_id="31"/>
    </TLINK>
    <TLINK r_id="106414" contextualModality="" relType="AFTER" comment="">
      <source m_id="82"/>
      <target m_id="33"/>
    </TLINK>
    <TLINK r_id="106415" contextualModality="" relType="AFTER" comment="">
      <source m_id="82"/>
      <target m_id="34"/>
    </TLINK>
    <TLINK r_id="106416" contextualModality="" relType="AFTER" comment="">
      <source m_id="82"/>
      <target m_id="36"/>
    </TLINK>
    <TLINK r_id="106417" contextualModality="" relType="AFTER" comment="">
      <source m_id="82"/>
      <target m_id="38"/>
    </TLINK>
    <TLINK r_id="106418" contextualModality="" relType="AFTER" comment="">
      <source m_id="82"/>
      <target m_id="40"/>
    </TLINK>
    <TLINK r_id="106419" contextualModality="" relType="AFTER" comment="">
      <source m_id="82"/>
      <target m_id="1"/>
    </TLINK>
    <TLINK r_id="106420" contextualModality="" relType="AFTER" comment="">
      <source m_id="82"/>
      <target m_id="44"/>
    </TLINK>
    <TLINK r_id="106421" contextualModality="" relType="AFTER" comment="">
      <source m_id="82"/>
      <target m_id="45"/>
    </TLINK>
    <TLINK r_id="106422" contextualModality="" relType="CONTAINS" comment="">
      <source m_id="82"/>
      <target m_id="41"/>
    </TLINK>
    <TLINK r_id="106423" contextualModality="" relType="AFTER" comment="">
      <source m_id="82"/>
      <target m_id="2"/>
    </TLINK>
    <TLINK r_id="106424" contextualModality="" relType="AFTER" comment="">
      <source m_id="82"/>
      <target m_id="4"/>
    </TLINK>
    <TLINK r_id="106425" contextualModality="" relType="AFTER" comment="">
      <source m_id="82"/>
      <target m_id="6"/>
    </TLINK>
    <TLINK r_id="106426" contextualModality="" relType="AFTER" comment="">
      <source m_id="82"/>
      <target m_id="10"/>
    </TLINK>
    <TLINK r_id="106427" contextualModality="" relType="AFTER" comment="">
      <source m_id="82"/>
      <target m_id="12"/>
    </TLINK>
    <TLINK r_id="106428" contextualModality="" relType="AFTER" comment="">
      <source m_id="82"/>
      <target m_id="16"/>
    </TLINK>
    <TLINK r_id="106429" contextualModality="" relType="CONTAINS" comment="">
      <source m_id="77"/>
      <target m_id="3"/>
    </TLINK>
    <TLINK r_id="106431" contextualModality="" relType="CONTAINS" comment="">
      <source m_id="77"/>
      <target m_id="7"/>
    </TLINK>
    <TLINK r_id="106432" contextualModality="" relType="CONTAINS" comment="">
      <source m_id="77"/>
      <target m_id="11"/>
    </TLINK>
    <TLINK r_id="106433" contextualModality="" relType="CONTAINS" comment="">
      <source m_id="77"/>
      <target m_id="15"/>
    </TLINK>
    <TLINK r_id="106434" contextualModality="" relType="CONTAINS" comment="">
      <source m_id="78"/>
      <target m_id="5"/>
    </TLINK>
    <TLINK r_id="106435" contextualModality="" relType="CONTAINS" comment="">
      <source m_id="78"/>
      <target m_id="17"/>
    </TLINK>
    <TLINK r_id="106436" contextualModality="" relType="BEFORE" comment="">
      <source m_id="78"/>
      <target m_id="48"/>
    </TLINK>
    <TLINK r_id="106437" contextualModality="" relType="CONTAINS" comment="">
      <source m_id="78"/>
      <target m_id="19"/>
    </TLINK>
    <TLINK r_id="106438" contextualModality="" relType="CONTAINS" comment="">
      <source m_id="78"/>
      <target m_id="21"/>
    </TLINK>
    <TLINK r_id="106439" contextualModality="" relType="CONTAINS" comment="">
      <source m_id="78"/>
      <target m_id="22"/>
    </TLINK>
    <TLINK r_id="106440" contextualModality="" relType="CONTAINS" comment="">
      <source m_id="78"/>
      <target m_id="20"/>
    </TLINK>
    <TLINK r_id="106441" contextualModality="" relType="CONTAINS" comment="">
      <source m_id="79"/>
      <target m_id="24"/>
    </TLINK>
    <TLINK r_id="106442" contextualModality="" relType="CONTAINS" comment="">
      <source m_id="79"/>
      <target m_id="27"/>
    </TLINK>
    <TLINK r_id="106443" contextualModality="" relType="CONTAINS" comment="">
      <source m_id="79"/>
      <target m_id="26"/>
    </TLINK>
    <TLINK r_id="106444" contextualModality="" relType="CONTAINS" comment="">
      <source m_id="79"/>
      <target m_id="28"/>
    </TLINK>
    <TLINK r_id="106445" contextualModality="" relType="CONTAINS" comment="">
      <source m_id="79"/>
      <target m_id="29"/>
    </TLINK>
    <TLINK r_id="106446" contextualModality="" relType="CONTAINS" comment="">
      <source m_id="79"/>
      <target m_id="30"/>
    </TLINK>
    <TLINK r_id="106447" contextualModality="" relType="CONTAINS" comment="">
      <source m_id="79"/>
      <target m_id="31"/>
    </TLINK>
    <TLINK r_id="106448" contextualModality="" relType="CONTAINS" comment="">
      <source m_id="79"/>
      <target m_id="33"/>
    </TLINK>
    <TLINK r_id="106449" contextualModality="" relType="CONTAINS" comment="">
      <source m_id="79"/>
      <target m_id="34"/>
    </TLINK>
    <TLINK r_id="106450" contextualModality="" relType="CONTAINS" comment="">
      <source m_id="79"/>
      <target m_id="36"/>
    </TLINK>
    <TLINK r_id="106451" contextualModality="" relType="CONTAINS" comment="">
      <source m_id="79"/>
      <target m_id="37"/>
    </TLINK>
    <TLINK r_id="106452" contextualModality="" relType="CONTAINS" comment="">
      <source m_id="79"/>
      <target m_id="38"/>
    </TLINK>
    <TLINK r_id="106453" contextualModality="" relType="CONTAINS" comment="">
      <source m_id="79"/>
      <target m_id="39"/>
    </TLINK>
    <TLINK r_id="106454" contextualModality="" relType="BEFORE" comment="">
      <source m_id="81"/>
      <target m_id="40"/>
    </TLINK>
    <TLINK r_id="106455" contextualModality="" relType="CONTAINS" comment="">
      <source m_id="81"/>
      <target m_id="1"/>
    </TLINK>
    <TLINK r_id="106456" contextualModality="" relType="CONTAINS" comment="">
      <source m_id="79"/>
      <target m_id="44"/>
    </TLINK>
    <TLINK r_id="106457" contextualModality="" relType="CONTAINS" comment="">
      <source m_id="79"/>
      <target m_id="45"/>
    </TLINK>
    <TLINK r_id="106458" contextualModality="" relType="BEFORE" comment="">
      <source m_id="80"/>
      <target m_id="41"/>
    </TLINK>
    <TLINK r_id="106459" contextualModality="" relType="CONTAINS" comment="">
      <source m_id="80"/>
      <target m_id="2"/>
    </TLINK>
    <TLINK r_id="106460" contextualModality="" relType="CONTAINS" comment="">
      <source m_id="80"/>
      <target m_id="4"/>
    </TLINK>
    <TLINK r_id="106461" contextualModality="" relType="CONTAINS" comment="">
      <source m_id="80"/>
      <target m_id="6"/>
    </TLINK>
    <TLINK r_id="106462" contextualModality="" relType="CONTAINS" comment="">
      <source m_id="80"/>
      <target m_id="10"/>
    </TLINK>
    <TLINK r_id="106463" contextualModality="" relType="CONTAINS" comment="">
      <source m_id="80"/>
      <target m_id="12"/>
    </TLINK>
    <TLINK r_id="106464" contextualModality="" relType="BEFORE" comment="">
      <source m_id="80"/>
      <target m_id="16"/>
    </TLINK>
    <PLOT_LINK r_id="106466" SIGNAL="" relType="FALLING_ACTION" CAUSES="FALSE" CAUSED_BY="FALSE">
      <source m_id="3"/>
      <target m_id="5"/>
    </PLOT_LINK>
    <PLOT_LINK r_id="106467" SIGNAL="" relType="PRECONDITION" CAUSES="FALSE" CAUSED_BY="FALSE">
      <source m_id="5"/>
      <target m_id="7"/>
    </PLOT_LINK>
    <PLOT_LINK r_id="106468" SIGNAL="" relType="PRECONDITION" CAUSES="FALSE" CAUSED_BY="FALSE">
      <source m_id="5"/>
      <target m_id="11"/>
    </PLOT_LINK>
    <PLOT_LINK r_id="106469" SIGNAL="" relType="FALLING_ACTION" CAUSES="FALSE" CAUSED_BY="FALSE">
      <source m_id="15"/>
      <target m_id="17"/>
    </PLOT_LINK>
    <PLOT_LINK r_id="106470" SIGNAL="" relType="FALLING_ACTION" CAUSES="FALSE" CAUSED_BY="FALSE">
      <source m_id="48"/>
      <target m_id="19"/>
    </PLOT_LINK>
    <PLOT_LINK r_id="106471" SIGNAL="" relType="FALLING_ACTION" CAUSES="FALSE" CAUSED_BY="FALSE">
      <source m_id="48"/>
      <target m_id="21"/>
    </PLOT_LINK>
    <PLOT_LINK r_id="106472" SIGNAL="" relType="FALLING_ACTION" CAUSES="FALSE" CAUSED_BY="FALSE">
      <source m_id="48"/>
      <target m_id="22"/>
    </PLOT_LINK>
    <PLOT_LINK r_id="106473" SIGNAL="26" relType="FALLING_ACTION" CAUSES="FALSE" CAUSED_BY="TRUE">
      <source m_id="25"/>
      <target m_id="27"/>
    </PLOT_LINK>
    <PLOT_LINK r_id="106474" SIGNAL="29" relType="FALLING_ACTION" CAUSES="FALSE" CAUSED_BY="TRUE">
      <source m_id="28"/>
      <target m_id="30"/>
    </PLOT_LINK>
    <PLOT_LINK r_id="106476" SIGNAL="" relType="FALLING_ACTION" CAUSES="FALSE" CAUSED_BY="FALSE">
      <source m_id="40"/>
      <target m_id="1"/>
    </PLOT_LINK>
    <PLOT_LINK r_id="106477" SIGNAL="" relType="FALLING_ACTION" CAUSES="FALSE" CAUSED_BY="FALSE">
      <source m_id="39"/>
      <target m_id="40"/>
    </PLOT_LINK>
    <PLOT_LINK r_id="106478" SIGNAL="" relType="PRECONDITION" CAUSES="FALSE" CAUSED_BY="FALSE">
      <source m_id="44"/>
      <target m_id="45"/>
    </PLOT_LINK>
    <PLOT_LINK r_id="106479" SIGNAL="" relType="FALLING_ACTION" CAUSES="FALSE" CAUSED_BY="FALSE">
      <source m_id="41"/>
      <target m_id="4"/>
    </PLOT_LINK>
    <PLOT_LINK r_id="106480" SIGNAL="" relType="FALLING_ACTION" CAUSES="FALSE" CAUSED_BY="FALSE">
      <source m_id="4"/>
      <target m_id="6"/>
    </PLOT_LINK>
    <PLOT_LINK r_id="106481" SIGNAL="" relType="PRECONDITION" CAUSES="FALSE" CAUSED_BY="FALSE">
      <source m_id="12"/>
      <target m_id="16"/>
    </PLOT_LINK>
  </Relations>
</Document>
