<?xml version='1.0' encoding='UTF-8'?>
<Document doc_name="16_7ecbplus.xml">
  <token t_id="1" sentence="0" number="0">http</token>
  <token t_id="2" sentence="0" number="1">:</token>
  <token t_id="3" sentence="0" number="2">/</token>
  <token t_id="4" sentence="0" number="3">/</token>
  <token t_id="5" sentence="0" number="4">articles</token>
  <token t_id="6" sentence="0" number="5">.</token>
  <token t_id="7" sentence="0" number="6">latimes</token>
  <token t_id="8" sentence="0" number="7">.</token>
  <token t_id="9" sentence="0" number="8">com</token>
  <token t_id="10" sentence="0" number="9">/</token>
  <token t_id="11" sentence="0" number="10">2005</token>
  <token t_id="12" sentence="0" number="11">/</token>
  <token t_id="13" sentence="0" number="12">jun</token>
  <token t_id="14" sentence="0" number="13">/</token>
  <token t_id="15" sentence="0" number="14">26</token>
  <token t_id="16" sentence="0" number="15">/</token>
  <token t_id="17" sentence="0" number="16">local</token>
  <token t_id="18" sentence="0" number="17">/</token>
  <token t_id="19" sentence="0" number="18">me</token>
  <token t_id="20" sentence="0" number="19">-</token>
  <token t_id="21" sentence="0" number="20">deputy26</token>
  <token t_id="22" sentence="1" number="0">Deputy's</token>
  <token t_id="23" sentence="1" number="1">Alleged</token>
  <token t_id="24" sentence="1" number="2">Killer</token>
  <token t_id="25" sentence="1" number="3">Held</token>
  <token t_id="26" sentence="2" number="0">A</token>
  <token t_id="27" sentence="2" number="1">27</token>
  <token t_id="28" sentence="2" number="2">-</token>
  <token t_id="29" sentence="2" number="3">year</token>
  <token t_id="30" sentence="2" number="4">-</token>
  <token t_id="31" sentence="2" number="5">old</token>
  <token t_id="32" sentence="2" number="6">parolee</token>
  <token t_id="33" sentence="2" number="7">is</token>
  <token t_id="34" sentence="2" number="8">found</token>
  <token t_id="35" sentence="2" number="9">'cowering</token>
  <token t_id="36" sentence="2" number="10">in</token>
  <token t_id="37" sentence="2" number="11">a</token>
  <token t_id="38" sentence="2" number="12">bathtub'</token>
  <token t_id="39" sentence="2" number="13">near</token>
  <token t_id="40" sentence="2" number="14">the</token>
  <token t_id="41" sentence="2" number="15">house</token>
  <token t_id="42" sentence="2" number="16">where</token>
  <token t_id="43" sentence="2" number="17">Jerry</token>
  <token t_id="44" sentence="2" number="18">Ortiz</token>
  <token t_id="45" sentence="2" number="19">had</token>
  <token t_id="46" sentence="2" number="20">been</token>
  <token t_id="47" sentence="2" number="21">shot</token>
  <token t_id="48" sentence="2" number="22">in</token>
  <token t_id="49" sentence="2" number="23">the</token>
  <token t_id="50" sentence="2" number="24">head</token>
  <token t_id="51" sentence="2" number="25">a</token>
  <token t_id="52" sentence="2" number="26">few</token>
  <token t_id="53" sentence="2" number="27">hours</token>
  <token t_id="54" sentence="2" number="28">earlier</token>
  <token t_id="55" sentence="2" number="29">.</token>
  <token t_id="56" sentence="3" number="0">June</token>
  <token t_id="57" sentence="3" number="1">26</token>
  <token t_id="58" sentence="3" number="2">,</token>
  <token t_id="59" sentence="3" number="3">2005</token>
  <token t_id="60" sentence="4" number="0">Before</token>
  <token t_id="61" sentence="4" number="1">he</token>
  <token t_id="62" sentence="4" number="2">was</token>
  <token t_id="63" sentence="4" number="3">fatally</token>
  <token t_id="64" sentence="4" number="4">shot</token>
  <token t_id="65" sentence="4" number="5">,</token>
  <token t_id="66" sentence="4" number="6">Los</token>
  <token t_id="67" sentence="4" number="7">Angeles</token>
  <token t_id="68" sentence="4" number="8">County</token>
  <token t_id="69" sentence="4" number="9">Sheriff's</token>
  <token t_id="70" sentence="4" number="10">Deputy</token>
  <token t_id="71" sentence="4" number="11">Jerry</token>
  <token t_id="72" sentence="4" number="12">Ortiz</token>
  <token t_id="73" sentence="4" number="13">was</token>
  <token t_id="74" sentence="4" number="14">looking</token>
  <token t_id="75" sentence="4" number="15">for</token>
  <token t_id="76" sentence="4" number="16">a</token>
  <token t_id="77" sentence="4" number="17">man</token>
  <token t_id="78" sentence="4" number="18">considered</token>
  <token t_id="79" sentence="4" number="19">to</token>
  <token t_id="80" sentence="4" number="20">be</token>
  <token t_id="81" sentence="4" number="21">a</token>
  <token t_id="82" sentence="4" number="22">"career</token>
  <token t_id="83" sentence="4" number="23">criminal"</token>
  <token t_id="84" sentence="4" number="24">and</token>
  <token t_id="85" sentence="4" number="25">was</token>
  <token t_id="86" sentence="4" number="26">hoping</token>
  <token t_id="87" sentence="4" number="27">to</token>
  <token t_id="88" sentence="4" number="28">arrest</token>
  <token t_id="89" sentence="4" number="29">him</token>
  <token t_id="90" sentence="4" number="30">on</token>
  <token t_id="91" sentence="4" number="31">suspicion</token>
  <token t_id="92" sentence="4" number="32">of</token>
  <token t_id="93" sentence="4" number="33">attempted</token>
  <token t_id="94" sentence="4" number="34">murder</token>
  <token t_id="95" sentence="4" number="35">,</token>
  <token t_id="96" sentence="4" number="36">officials</token>
  <token t_id="97" sentence="4" number="37">said</token>
  <token t_id="98" sentence="4" number="38">Saturday</token>
  <token t_id="99" sentence="4" number="39">.</token>
  <token t_id="100" sentence="5" number="0">That</token>
  <token t_id="101" sentence="5" number="1">man</token>
  <token t_id="102" sentence="5" number="2">,</token>
  <token t_id="103" sentence="5" number="3">Jose</token>
  <token t_id="104" sentence="5" number="4">Luis</token>
  <token t_id="105" sentence="5" number="5">Orozco</token>
  <token t_id="106" sentence="5" number="6">,</token>
  <token t_id="107" sentence="5" number="7">is</token>
  <token t_id="108" sentence="5" number="8">now</token>
  <token t_id="109" sentence="5" number="9">the</token>
  <token t_id="110" sentence="5" number="10">main</token>
  <token t_id="111" sentence="5" number="11">suspect</token>
  <token t_id="112" sentence="5" number="12">in</token>
  <token t_id="113" sentence="5" number="13">the</token>
  <token t_id="114" sentence="5" number="14">Friday</token>
  <token t_id="115" sentence="5" number="15">afternoon</token>
  <token t_id="116" sentence="5" number="16">slaying</token>
  <token t_id="117" sentence="5" number="17">of</token>
  <token t_id="118" sentence="5" number="18">Ortiz</token>
  <token t_id="119" sentence="5" number="19">in</token>
  <token t_id="120" sentence="5" number="20">Hawaiian</token>
  <token t_id="121" sentence="5" number="21">Gardens</token>
  <token t_id="122" sentence="5" number="22">.</token>
  <token t_id="123" sentence="6" number="0">Orozco</token>
  <token t_id="124" sentence="6" number="1">was</token>
  <token t_id="125" sentence="6" number="2">arrested</token>
  <token t_id="126" sentence="6" number="3">around</token>
  <token t_id="127" sentence="6" number="4">midnight</token>
  <token t_id="128" sentence="6" number="5">Friday</token>
  <token t_id="129" sentence="6" number="6">by</token>
  <token t_id="130" sentence="6" number="7">a</token>
  <token t_id="131" sentence="6" number="8">sheriff's</token>
  <token t_id="132" sentence="6" number="9">SWAT</token>
  <token t_id="133" sentence="6" number="10">team</token>
  <token t_id="134" sentence="6" number="11">,</token>
  <token t_id="135" sentence="6" number="12">three</token>
  <token t_id="136" sentence="6" number="13">houses</token>
  <token t_id="137" sentence="6" number="14">from</token>
  <token t_id="138" sentence="6" number="15">the</token>
  <token t_id="139" sentence="6" number="16">scene</token>
  <token t_id="140" sentence="6" number="17">of</token>
  <token t_id="141" sentence="6" number="18">the</token>
  <token t_id="142" sentence="6" number="19">fatal</token>
  <token t_id="143" sentence="6" number="20">shooting</token>
  <token t_id="144" sentence="6" number="21">.</token>
  <token t_id="145" sentence="7" number="0">He</token>
  <token t_id="146" sentence="7" number="1">was</token>
  <token t_id="147" sentence="7" number="2">found</token>
  <token t_id="148" sentence="7" number="3">"cowering</token>
  <token t_id="149" sentence="7" number="4">in</token>
  <token t_id="150" sentence="7" number="5">a</token>
  <token t_id="151" sentence="7" number="6">bathtub</token>
  <token t_id="152" sentence="7" number="7">,</token>
  <token t_id="153" sentence="7" number="8">"</token>
  <token t_id="154" sentence="7" number="9">Sheriff</token>
  <token t_id="155" sentence="7" number="10">Lee</token>
  <token t_id="156" sentence="7" number="11">Baca</token>
  <token t_id="157" sentence="7" number="12">said</token>
  <token t_id="158" sentence="7" number="13">.</token>
  <token t_id="159" sentence="8" number="0">Ortiz</token>
  <token t_id="160" sentence="8" number="1">,</token>
  <token t_id="161" sentence="8" number="2">a</token>
  <token t_id="162" sentence="8" number="3">gang</token>
  <token t_id="163" sentence="8" number="4">enforcement</token>
  <token t_id="164" sentence="8" number="5">officer</token>
  <token t_id="165" sentence="8" number="6">,</token>
  <token t_id="166" sentence="8" number="7">was</token>
  <token t_id="167" sentence="8" number="8">searching</token>
  <token t_id="168" sentence="8" number="9">for</token>
  <token t_id="169" sentence="8" number="10">Orozco</token>
  <token t_id="170" sentence="8" number="11">because</token>
  <token t_id="171" sentence="8" number="12">he</token>
  <token t_id="172" sentence="8" number="13">was</token>
  <token t_id="173" sentence="8" number="14">a</token>
  <token t_id="174" sentence="8" number="15">suspect</token>
  <token t_id="175" sentence="8" number="16">in</token>
  <token t_id="176" sentence="8" number="17">a</token>
  <token t_id="177" sentence="8" number="18">shooting</token>
  <token t_id="178" sentence="8" number="19">that</token>
  <token t_id="179" sentence="8" number="20">occurred</token>
  <token t_id="180" sentence="8" number="21">in</token>
  <token t_id="181" sentence="8" number="22">the</token>
  <token t_id="182" sentence="8" number="23">neighborhood</token>
  <token t_id="183" sentence="8" number="24">Monday</token>
  <token t_id="184" sentence="8" number="25">,</token>
  <token t_id="185" sentence="8" number="26">said</token>
  <token t_id="186" sentence="8" number="27">Sheriff's</token>
  <token t_id="187" sentence="8" number="28">Capt</token>
  <token t_id="188" sentence="8" number="29">.</token>
  <token t_id="189" sentence="8" number="30">Ray</token>
  <token t_id="190" sentence="8" number="31">Peavy</token>
  <token t_id="191" sentence="8" number="32">,</token>
  <token t_id="192" sentence="8" number="33">a</token>
  <token t_id="193" sentence="8" number="34">homicide</token>
  <token t_id="194" sentence="8" number="35">investigator</token>
  <token t_id="195" sentence="8" number="36">.</token>
  <token t_id="196" sentence="9" number="0">Orozco</token>
  <token t_id="197" sentence="9" number="1">,</token>
  <token t_id="198" sentence="9" number="2">27</token>
  <token t_id="199" sentence="9" number="3">,</token>
  <token t_id="200" sentence="9" number="4">a</token>
  <token t_id="201" sentence="9" number="5">known</token>
  <token t_id="202" sentence="9" number="6">gang</token>
  <token t_id="203" sentence="9" number="7">member</token>
  <token t_id="204" sentence="9" number="8">,</token>
  <token t_id="205" sentence="9" number="9">was</token>
  <token t_id="206" sentence="9" number="10">also</token>
  <token t_id="207" sentence="9" number="11">suspected</token>
  <token t_id="208" sentence="9" number="12">of</token>
  <token t_id="209" sentence="9" number="13">violating</token>
  <token t_id="210" sentence="9" number="14">parole</token>
  <token t_id="211" sentence="9" number="15">after</token>
  <token t_id="212" sentence="9" number="16">serving</token>
  <token t_id="213" sentence="9" number="17">time</token>
  <token t_id="214" sentence="9" number="18">for</token>
  <token t_id="215" sentence="9" number="19">a</token>
  <token t_id="216" sentence="9" number="20">weapons</token>
  <token t_id="217" sentence="9" number="21">violation</token>
  <token t_id="218" sentence="9" number="22">,</token>
  <token t_id="219" sentence="9" number="23">Peavy</token>
  <token t_id="220" sentence="9" number="24">said</token>
  <token t_id="221" sentence="9" number="25">.</token>
  <token t_id="222" sentence="10" number="0">Ortiz</token>
  <token t_id="223" sentence="10" number="1">,</token>
  <token t_id="224" sentence="10" number="2">35</token>
  <token t_id="225" sentence="10" number="3">,</token>
  <token t_id="226" sentence="10" number="4">was</token>
  <token t_id="227" sentence="10" number="5">on</token>
  <token t_id="228" sentence="10" number="6">his</token>
  <token t_id="229" sentence="10" number="7">own</token>
  <token t_id="230" sentence="10" number="8">about</token>
  <token t_id="231" sentence="10" number="9">3</token>
  <token t_id="232" sentence="10" number="10">p</token>
  <token t_id="233" sentence="10" number="11">.</token>
  <token t_id="234" sentence="10" number="12">m</token>
  <token t_id="235" sentence="10" number="13">.</token>
  <token t_id="236" sentence="10" number="14">Friday</token>
  <token t_id="237" sentence="10" number="15">when</token>
  <token t_id="238" sentence="10" number="16">he</token>
  <token t_id="239" sentence="10" number="17">went</token>
  <token t_id="240" sentence="10" number="18">to</token>
  <token t_id="241" sentence="10" number="19">a</token>
  <token t_id="242" sentence="10" number="20">house</token>
  <token t_id="243" sentence="10" number="21">in</token>
  <token t_id="244" sentence="10" number="22">Hawaiian</token>
  <token t_id="245" sentence="10" number="23">Gardens</token>
  <token t_id="246" sentence="10" number="24">,</token>
  <token t_id="247" sentence="10" number="25">a</token>
  <token t_id="248" sentence="10" number="26">working</token>
  <token t_id="249" sentence="10" number="27">-</token>
  <token t_id="250" sentence="10" number="28">class</token>
  <token t_id="251" sentence="10" number="29">city</token>
  <token t_id="252" sentence="10" number="30">at</token>
  <token t_id="253" sentence="10" number="31">the</token>
  <token t_id="254" sentence="10" number="32">northeast</token>
  <token t_id="255" sentence="10" number="33">border</token>
  <token t_id="256" sentence="10" number="34">of</token>
  <token t_id="257" sentence="10" number="35">Long</token>
  <token t_id="258" sentence="10" number="36">Beach</token>
  <token t_id="259" sentence="10" number="37">with</token>
  <token t_id="260" sentence="10" number="38">long</token>
  <token t_id="261" sentence="10" number="39">-</token>
  <token t_id="262" sentence="10" number="40">standing</token>
  <token t_id="263" sentence="10" number="41">gang</token>
  <token t_id="264" sentence="10" number="42">problems</token>
  <token t_id="265" sentence="10" number="43">.</token>
  <token t_id="266" sentence="11" number="0">Peavy</token>
  <token t_id="267" sentence="11" number="1">said</token>
  <token t_id="268" sentence="11" number="2">the</token>
  <token t_id="269" sentence="11" number="3">specific</token>
  <token t_id="270" sentence="11" number="4">reason</token>
  <token t_id="271" sentence="11" number="5">for</token>
  <token t_id="272" sentence="11" number="6">Ortiz's</token>
  <token t_id="273" sentence="11" number="7">visit</token>
  <token t_id="274" sentence="11" number="8">was</token>
  <token t_id="275" sentence="11" number="9">unknown</token>
  <token t_id="276" sentence="11" number="10">but</token>
  <token t_id="277" sentence="11" number="11">he</token>
  <token t_id="278" sentence="11" number="12">provided</token>
  <token t_id="279" sentence="11" number="13">a</token>
  <token t_id="280" sentence="11" number="14">few</token>
  <token t_id="281" sentence="11" number="15">details</token>
  <token t_id="282" sentence="11" number="16">about</token>
  <token t_id="283" sentence="11" number="17">the</token>
  <token t_id="284" sentence="11" number="18">encounter</token>
  <token t_id="285" sentence="11" number="19">:</token>
  <token t_id="286" sentence="11" number="20">A</token>
  <token t_id="287" sentence="11" number="21">woman</token>
  <token t_id="288" sentence="11" number="22">answered</token>
  <token t_id="289" sentence="11" number="23">the</token>
  <token t_id="290" sentence="11" number="24">door</token>
  <token t_id="291" sentence="11" number="25">and</token>
  <token t_id="292" sentence="11" number="26">a</token>
  <token t_id="293" sentence="11" number="27">man</token>
  <token t_id="294" sentence="11" number="28">walked</token>
  <token t_id="295" sentence="11" number="29">up</token>
  <token t_id="296" sentence="11" number="30">behind</token>
  <token t_id="297" sentence="11" number="31">her</token>
  <token t_id="298" sentence="11" number="32">.</token>
  <token t_id="299" sentence="12" number="0">Ortiz</token>
  <token t_id="300" sentence="12" number="1">asked</token>
  <token t_id="301" sentence="12" number="2">the</token>
  <token t_id="302" sentence="12" number="3">man</token>
  <token t_id="303" sentence="12" number="4">for</token>
  <token t_id="304" sentence="12" number="5">some</token>
  <token t_id="305" sentence="12" number="6">identification</token>
  <token t_id="306" sentence="12" number="7">and</token>
  <token t_id="307" sentence="12" number="8">was</token>
  <token t_id="308" sentence="12" number="9">checking</token>
  <token t_id="309" sentence="12" number="10">it</token>
  <token t_id="310" sentence="12" number="11">when</token>
  <token t_id="311" sentence="12" number="12">Orozco</token>
  <token t_id="312" sentence="12" number="13">appeared</token>
  <token t_id="313" sentence="12" number="14">from</token>
  <token t_id="314" sentence="12" number="15">inside</token>
  <token t_id="315" sentence="12" number="16">the</token>
  <token t_id="316" sentence="12" number="17">house</token>
  <token t_id="317" sentence="12" number="18">.</token>
  <token t_id="318" sentence="13" number="0">He</token>
  <token t_id="319" sentence="13" number="1">shot</token>
  <token t_id="320" sentence="13" number="2">Ortiz</token>
  <token t_id="321" sentence="13" number="3">once</token>
  <token t_id="322" sentence="13" number="4">in</token>
  <token t_id="323" sentence="13" number="5">the</token>
  <token t_id="324" sentence="13" number="6">head</token>
  <token t_id="325" sentence="13" number="7">and</token>
  <token t_id="326" sentence="13" number="8">fled</token>
  <token t_id="327" sentence="13" number="9">,</token>
  <token t_id="328" sentence="13" number="10">Peavy</token>
  <token t_id="329" sentence="13" number="11">said</token>
  <token t_id="330" sentence="13" number="12">.</token>
  <token t_id="331" sentence="14" number="0">Dozens</token>
  <token t_id="332" sentence="14" number="1">of</token>
  <token t_id="333" sentence="14" number="2">law</token>
  <token t_id="334" sentence="14" number="3">enforcement</token>
  <token t_id="335" sentence="14" number="4">officers</token>
  <token t_id="336" sentence="14" number="5">worked</token>
  <token t_id="337" sentence="14" number="6">the</token>
  <token t_id="338" sentence="14" number="7">case</token>
  <token t_id="339" sentence="14" number="8">through</token>
  <token t_id="340" sentence="14" number="9">the</token>
  <token t_id="341" sentence="14" number="10">afternoon</token>
  <token t_id="342" sentence="14" number="11">and</token>
  <token t_id="343" sentence="14" number="12">into</token>
  <token t_id="344" sentence="14" number="13">the</token>
  <token t_id="345" sentence="14" number="14">night</token>
  <token t_id="346" sentence="14" number="15">,</token>
  <token t_id="347" sentence="14" number="16">fanning</token>
  <token t_id="348" sentence="14" number="17">out</token>
  <token t_id="349" sentence="14" number="18">around</token>
  <token t_id="350" sentence="14" number="19">the</token>
  <token t_id="351" sentence="14" number="20">12200</token>
  <token t_id="352" sentence="14" number="21">block</token>
  <token t_id="353" sentence="14" number="22">of</token>
  <token t_id="354" sentence="14" number="23">223rd</token>
  <token t_id="355" sentence="14" number="24">Street</token>
  <token t_id="356" sentence="14" number="25">and</token>
  <token t_id="357" sentence="14" number="26">questioning</token>
  <token t_id="358" sentence="14" number="27">residents</token>
  <token t_id="359" sentence="14" number="28">.</token>
  <token t_id="360" sentence="15" number="0">Deputies</token>
  <token t_id="361" sentence="15" number="1">believed</token>
  <token t_id="362" sentence="15" number="2">they</token>
  <token t_id="363" sentence="15" number="3">knew</token>
  <token t_id="364" sentence="15" number="4">where</token>
  <token t_id="365" sentence="15" number="5">Orozco</token>
  <token t_id="366" sentence="15" number="6">was</token>
  <token t_id="367" sentence="15" number="7">hiding</token>
  <token t_id="368" sentence="15" number="8">and</token>
  <token t_id="369" sentence="15" number="9">obtained</token>
  <token t_id="370" sentence="15" number="10">a</token>
  <token t_id="371" sentence="15" number="11">search</token>
  <token t_id="372" sentence="15" number="12">warrant</token>
  <token t_id="373" sentence="15" number="13">.</token>
  <token t_id="374" sentence="16" number="0">A</token>
  <token t_id="375" sentence="16" number="1">handgun</token>
  <token t_id="376" sentence="16" number="2">was</token>
  <token t_id="377" sentence="16" number="3">recovered</token>
  <token t_id="378" sentence="16" number="4">during</token>
  <token t_id="379" sentence="16" number="5">the</token>
  <token t_id="380" sentence="16" number="6">arrest</token>
  <token t_id="381" sentence="16" number="7">,</token>
  <token t_id="382" sentence="16" number="8">Peavy</token>
  <token t_id="383" sentence="16" number="9">said</token>
  <token t_id="384" sentence="16" number="10">.</token>
  <token t_id="385" sentence="17" number="0">Orozco</token>
  <token t_id="386" sentence="17" number="1">,</token>
  <token t_id="387" sentence="17" number="2">who</token>
  <token t_id="388" sentence="17" number="3">was</token>
  <token t_id="389" sentence="17" number="4">booked</token>
  <token t_id="390" sentence="17" number="5">on</token>
  <token t_id="391" sentence="17" number="6">suspicion</token>
  <token t_id="392" sentence="17" number="7">of</token>
  <token t_id="393" sentence="17" number="8">violating</token>
  <token t_id="394" sentence="17" number="9">his</token>
  <token t_id="395" sentence="17" number="10">parole</token>
  <token t_id="396" sentence="17" number="11">,</token>
  <token t_id="397" sentence="17" number="12">is</token>
  <token t_id="398" sentence="17" number="13">being</token>
  <token t_id="399" sentence="17" number="14">held</token>
  <token t_id="400" sentence="17" number="15">without</token>
  <token t_id="401" sentence="17" number="16">bail</token>
  <token t_id="402" sentence="17" number="17">.</token>
  <token t_id="403" sentence="18" number="0">Los</token>
  <token t_id="404" sentence="18" number="1">Angeles</token>
  <token t_id="405" sentence="18" number="2">County</token>
  <token t_id="406" sentence="18" number="3">Dist</token>
  <token t_id="407" sentence="18" number="4">.</token>
  <token t_id="408" sentence="18" number="5">Atty</token>
  <token t_id="409" sentence="18" number="6">.</token>
  <token t_id="410" sentence="18" number="7">Steve</token>
  <token t_id="411" sentence="18" number="8">Cooley</token>
  <token t_id="412" sentence="18" number="9">said</token>
  <token t_id="413" sentence="18" number="10">he</token>
  <token t_id="414" sentence="18" number="11">expected</token>
  <token t_id="415" sentence="18" number="12">Orozco</token>
  <token t_id="416" sentence="18" number="13">to</token>
  <token t_id="417" sentence="18" number="14">be</token>
  <token t_id="418" sentence="18" number="15">charged</token>
  <token t_id="419" sentence="18" number="16">with</token>
  <token t_id="420" sentence="18" number="17">first</token>
  <token t_id="421" sentence="18" number="18">-</token>
  <token t_id="422" sentence="18" number="19">degree</token>
  <token t_id="423" sentence="18" number="20">murder</token>
  <token t_id="424" sentence="18" number="21">of</token>
  <token t_id="425" sentence="18" number="22">a</token>
  <token t_id="426" sentence="18" number="23">peace</token>
  <token t_id="427" sentence="18" number="24">officer</token>
  <token t_id="428" sentence="18" number="25">,</token>
  <token t_id="429" sentence="18" number="26">which</token>
  <token t_id="430" sentence="18" number="27">means</token>
  <token t_id="431" sentence="18" number="28">he</token>
  <token t_id="432" sentence="18" number="29">could</token>
  <token t_id="433" sentence="18" number="30">receive</token>
  <token t_id="434" sentence="18" number="31">the</token>
  <token t_id="435" sentence="18" number="32">death</token>
  <token t_id="436" sentence="18" number="33">penalty</token>
  <token t_id="437" sentence="18" number="34">if</token>
  <token t_id="438" sentence="18" number="35">he</token>
  <token t_id="439" sentence="18" number="36">is</token>
  <token t_id="440" sentence="18" number="37">convicted</token>
  <token t_id="441" sentence="18" number="38">.</token>
  <token t_id="442" sentence="19" number="0">Peavy</token>
  <token t_id="443" sentence="19" number="1">could</token>
  <token t_id="444" sentence="19" number="2">not</token>
  <token t_id="445" sentence="19" number="3">say</token>
  <token t_id="446" sentence="19" number="4">what</token>
  <token t_id="447" sentence="19" number="5">Orozco</token>
  <token t_id="448" sentence="19" number="6">was</token>
  <token t_id="449" sentence="19" number="7">doing</token>
  <token t_id="450" sentence="19" number="8">in</token>
  <token t_id="451" sentence="19" number="9">the</token>
  <token t_id="452" sentence="19" number="10">house</token>
  <token t_id="453" sentence="19" number="11">,</token>
  <token t_id="454" sentence="19" number="12">but</token>
  <token t_id="455" sentence="19" number="13">said</token>
  <token t_id="456" sentence="19" number="14">he</token>
  <token t_id="457" sentence="19" number="15">had</token>
  <token t_id="458" sentence="19" number="16">been</token>
  <token t_id="459" sentence="19" number="17">living</token>
  <token t_id="460" sentence="19" number="18">on</token>
  <token t_id="461" sentence="19" number="19">the</token>
  <token t_id="462" sentence="19" number="20">street</token>
  <token t_id="463" sentence="19" number="21">and</token>
  <token t_id="464" sentence="19" number="22">sleeping</token>
  <token t_id="465" sentence="19" number="23">in</token>
  <token t_id="466" sentence="19" number="24">different</token>
  <token t_id="467" sentence="19" number="25">places</token>
  <token t_id="468" sentence="19" number="26">.</token>
  <token t_id="469" sentence="20" number="0">Baca</token>
  <token t_id="470" sentence="20" number="1">,</token>
  <token t_id="471" sentence="20" number="2">who</token>
  <token t_id="472" sentence="20" number="3">had</token>
  <token t_id="473" sentence="20" number="4">been</token>
  <token t_id="474" sentence="20" number="5">in</token>
  <token t_id="475" sentence="20" number="6">Kentucky</token>
  <token t_id="476" sentence="20" number="7">for</token>
  <token t_id="477" sentence="20" number="8">a</token>
  <token t_id="478" sentence="20" number="9">meeting</token>
  <token t_id="479" sentence="20" number="10">of</token>
  <token t_id="480" sentence="20" number="11">the</token>
  <token t_id="481" sentence="20" number="12">National</token>
  <token t_id="482" sentence="20" number="13">Sheriffs'</token>
  <token t_id="483" sentence="20" number="14">Assn</token>
  <token t_id="484" sentence="20" number="15">.</token>
  <token t_id="485" sentence="20" number="16">,</token>
  <token t_id="486" sentence="20" number="17">returned</token>
  <token t_id="487" sentence="20" number="18">to</token>
  <token t_id="488" sentence="20" number="19">Los</token>
  <token t_id="489" sentence="20" number="20">Angeles</token>
  <token t_id="490" sentence="20" number="21">for</token>
  <token t_id="491" sentence="20" number="22">a</token>
  <token t_id="492" sentence="20" number="23">news</token>
  <token t_id="493" sentence="20" number="24">conference</token>
  <token t_id="494" sentence="20" number="25">held</token>
  <token t_id="495" sentence="20" number="26">Saturday</token>
  <token t_id="496" sentence="20" number="27">with</token>
  <token t_id="497" sentence="20" number="28">Cooley</token>
  <token t_id="498" sentence="20" number="29">and</token>
  <token t_id="499" sentence="20" number="30">Los</token>
  <token t_id="500" sentence="20" number="31">Angeles</token>
  <token t_id="501" sentence="20" number="32">Mayor</token>
  <token t_id="502" sentence="20" number="33">-</token>
  <token t_id="503" sentence="20" number="34">elect</token>
  <token t_id="504" sentence="20" number="35">Antonio</token>
  <token t_id="505" sentence="20" number="36">Villaraigosa</token>
  <token t_id="506" sentence="20" number="37">.</token>
  <token t_id="507" sentence="21" number="0">Baca</token>
  <token t_id="508" sentence="21" number="1">praised</token>
  <token t_id="509" sentence="21" number="2">the</token>
  <token t_id="510" sentence="21" number="3">work</token>
  <token t_id="511" sentence="21" number="4">of</token>
  <token t_id="512" sentence="21" number="5">his</token>
  <token t_id="513" sentence="21" number="6">investigators</token>
  <token t_id="514" sentence="21" number="7">,</token>
  <token t_id="515" sentence="21" number="8">but</token>
  <token t_id="516" sentence="21" number="9">the</token>
  <token t_id="517" sentence="21" number="10">arrest</token>
  <token t_id="518" sentence="21" number="11">seemed</token>
  <token t_id="519" sentence="21" number="12">to</token>
  <token t_id="520" sentence="21" number="13">do</token>
  <token t_id="521" sentence="21" number="14">little</token>
  <token t_id="522" sentence="21" number="15">to</token>
  <token t_id="523" sentence="21" number="16">quell</token>
  <token t_id="524" sentence="21" number="17">his</token>
  <token t_id="525" sentence="21" number="18">anger</token>
  <token t_id="526" sentence="21" number="19">.</token>
  <token t_id="527" sentence="22" number="0">He</token>
  <token t_id="528" sentence="22" number="1">called</token>
  <token t_id="529" sentence="22" number="2">Orozco</token>
  <token t_id="530" sentence="22" number="3">"the</token>
  <token t_id="531" sentence="22" number="4">scum</token>
  <token t_id="532" sentence="22" number="5">of</token>
  <token t_id="533" sentence="22" number="6">the</token>
  <token t_id="534" sentence="22" number="7">earth"</token>
  <token t_id="535" sentence="22" number="8">and</token>
  <token t_id="536" sentence="22" number="9">an</token>
  <token t_id="537" sentence="22" number="10">"idiot</token>
  <token t_id="538" sentence="22" number="11">,</token>
  <token t_id="539" sentence="22" number="12">"</token>
  <token t_id="540" sentence="22" number="13">pointing</token>
  <token t_id="541" sentence="22" number="14">to</token>
  <token t_id="542" sentence="22" number="15">a</token>
  <token t_id="543" sentence="22" number="16">photo</token>
  <token t_id="544" sentence="22" number="17">of</token>
  <token t_id="545" sentence="22" number="18">the</token>
  <token t_id="546" sentence="22" number="19">suspect</token>
  <token t_id="547" sentence="22" number="20">and</token>
  <token t_id="548" sentence="22" number="21">the</token>
  <token t_id="549" sentence="22" number="22">"devil</token>
  <token t_id="550" sentence="22" number="23">horns"</token>
  <token t_id="551" sentence="22" number="24">tattooed</token>
  <token t_id="552" sentence="22" number="25">on</token>
  <token t_id="553" sentence="22" number="26">his</token>
  <token t_id="554" sentence="22" number="27">bald</token>
  <token t_id="555" sentence="22" number="28">head</token>
  <token t_id="556" sentence="22" number="29">.</token>
  <token t_id="557" sentence="23" number="0">Cooley</token>
  <token t_id="558" sentence="23" number="1">unfurled</token>
  <token t_id="559" sentence="23" number="2">a</token>
  <token t_id="560" sentence="23" number="3">long</token>
  <token t_id="561" sentence="23" number="4">trail</token>
  <token t_id="562" sentence="23" number="5">of</token>
  <token t_id="563" sentence="23" number="6">printer</token>
  <token t_id="564" sentence="23" number="7">paper</token>
  <token t_id="565" sentence="23" number="8">that</token>
  <token t_id="566" sentence="23" number="9">Baca</token>
  <token t_id="567" sentence="23" number="10">said</token>
  <token t_id="568" sentence="23" number="11">contained</token>
  <token t_id="569" sentence="23" number="12">Orozco's</token>
  <token t_id="570" sentence="23" number="13">criminal</token>
  <token t_id="571" sentence="23" number="14">record</token>
  <token t_id="572" sentence="23" number="15">,</token>
  <token t_id="573" sentence="23" number="16">including</token>
  <token t_id="574" sentence="23" number="17">drug</token>
  <token t_id="575" sentence="23" number="18">and</token>
  <token t_id="576" sentence="23" number="19">weapon</token>
  <token t_id="577" sentence="23" number="20">violations</token>
  <token t_id="578" sentence="23" number="21">,</token>
  <token t_id="579" sentence="23" number="22">resisting</token>
  <token t_id="580" sentence="23" number="23">arrest</token>
  <token t_id="581" sentence="23" number="24">,</token>
  <token t_id="582" sentence="23" number="25">burglary</token>
  <token t_id="583" sentence="23" number="26">and</token>
  <token t_id="584" sentence="23" number="27">assault</token>
  <token t_id="585" sentence="23" number="28">with</token>
  <token t_id="586" sentence="23" number="29">a</token>
  <token t_id="587" sentence="23" number="30">deadly</token>
  <token t_id="588" sentence="23" number="31">weapon</token>
  <token t_id="589" sentence="23" number="32">.</token>
  <token t_id="590" sentence="24" number="0">The</token>
  <token t_id="591" sentence="24" number="1">sheriff</token>
  <token t_id="592" sentence="24" number="2">contrasted</token>
  <token t_id="593" sentence="24" number="3">the</token>
  <token t_id="594" sentence="24" number="4">suspect's</token>
  <token t_id="595" sentence="24" number="5">life</token>
  <token t_id="596" sentence="24" number="6">with</token>
  <token t_id="597" sentence="24" number="7">that</token>
  <token t_id="598" sentence="24" number="8">of</token>
  <token t_id="599" sentence="24" number="9">Ortiz</token>
  <token t_id="600" sentence="24" number="10">,</token>
  <token t_id="601" sentence="24" number="11">a</token>
  <token t_id="602" sentence="24" number="12">15</token>
  <token t_id="603" sentence="24" number="13">-</token>
  <token t_id="604" sentence="24" number="14">year</token>
  <token t_id="605" sentence="24" number="15">department</token>
  <token t_id="606" sentence="24" number="16">veteran</token>
  <token t_id="607" sentence="24" number="17">.</token>
  <token t_id="608" sentence="25" number="0">Ortiz</token>
  <token t_id="609" sentence="25" number="1">"not</token>
  <token t_id="610" sentence="25" number="2">only</token>
  <token t_id="611" sentence="25" number="3">exemplified</token>
  <token t_id="612" sentence="25" number="4">the</token>
  <token t_id="613" sentence="25" number="5">best</token>
  <token t_id="614" sentence="25" number="6">of</token>
  <token t_id="615" sentence="25" number="7">what</token>
  <token t_id="616" sentence="25" number="8">we</token>
  <token t_id="617" sentence="25" number="9">have</token>
  <token t_id="618" sentence="25" number="10">,</token>
  <token t_id="619" sentence="25" number="11">but</token>
  <token t_id="620" sentence="25" number="12">took</token>
  <token t_id="621" sentence="25" number="13">it</token>
  <token t_id="622" sentence="25" number="14">upon</token>
  <token t_id="623" sentence="25" number="15">himself</token>
  <token t_id="624" sentence="25" number="16">to</token>
  <token t_id="625" sentence="25" number="17">work</token>
  <token t_id="626" sentence="25" number="18">in</token>
  <token t_id="627" sentence="25" number="19">the</token>
  <token t_id="628" sentence="25" number="20">toughest</token>
  <token t_id="629" sentence="25" number="21">job</token>
  <token t_id="630" sentence="25" number="22">that</token>
  <token t_id="631" sentence="25" number="23">we</token>
  <token t_id="632" sentence="25" number="24">also</token>
  <token t_id="633" sentence="25" number="25">have</token>
  <token t_id="634" sentence="25" number="26">-</token>
  <token t_id="635" sentence="25" number="27">-</token>
  <token t_id="636" sentence="25" number="28">and</token>
  <token t_id="637" sentence="25" number="29">that</token>
  <token t_id="638" sentence="25" number="30">is</token>
  <token t_id="639" sentence="25" number="31">trying</token>
  <token t_id="640" sentence="25" number="32">to</token>
  <token t_id="641" sentence="25" number="33">do</token>
  <token t_id="642" sentence="25" number="34">something</token>
  <token t_id="643" sentence="25" number="35">about</token>
  <token t_id="644" sentence="25" number="36">this</token>
  <token t_id="645" sentence="25" number="37">out</token>
  <token t_id="646" sentence="25" number="38">-</token>
  <token t_id="647" sentence="25" number="39">of</token>
  <token t_id="648" sentence="25" number="40">-</token>
  <token t_id="649" sentence="25" number="41">control</token>
  <token t_id="650" sentence="25" number="42">gang</token>
  <token t_id="651" sentence="25" number="43">problem</token>
  <token t_id="652" sentence="25" number="44">in</token>
  <token t_id="653" sentence="25" number="45">Los</token>
  <token t_id="654" sentence="25" number="46">Angeles</token>
  <token t_id="655" sentence="25" number="47">County</token>
  <token t_id="656" sentence="25" number="48">,</token>
  <token t_id="657" sentence="25" number="49">"</token>
  <token t_id="658" sentence="25" number="50">Baca</token>
  <token t_id="659" sentence="25" number="51">said</token>
  <token t_id="660" sentence="25" number="52">.</token>
  <token t_id="661" sentence="26" number="0">Baca</token>
  <token t_id="662" sentence="26" number="1">urged</token>
  <token t_id="663" sentence="26" number="2">everyone</token>
  <token t_id="664" sentence="26" number="3">in</token>
  <token t_id="665" sentence="26" number="4">Southern</token>
  <token t_id="666" sentence="26" number="5">California</token>
  <token t_id="667" sentence="26" number="6">to</token>
  <token t_id="668" sentence="26" number="7">pay</token>
  <token t_id="669" sentence="26" number="8">more</token>
  <token t_id="670" sentence="26" number="9">attention</token>
  <token t_id="671" sentence="26" number="10">to</token>
  <token t_id="672" sentence="26" number="11">the</token>
  <token t_id="673" sentence="26" number="12">gang</token>
  <token t_id="674" sentence="26" number="13">problem</token>
  <token t_id="675" sentence="26" number="14">.</token>
  <token t_id="676" sentence="27" number="0">He</token>
  <token t_id="677" sentence="27" number="1">called</token>
  <token t_id="678" sentence="27" number="2">for</token>
  <token t_id="679" sentence="27" number="3">broader</token>
  <token t_id="680" sentence="27" number="4">prevention</token>
  <token t_id="681" sentence="27" number="5">initiatives</token>
  <token t_id="682" sentence="27" number="6">,</token>
  <token t_id="683" sentence="27" number="7">lamented</token>
  <token t_id="684" sentence="27" number="8">the</token>
  <token t_id="685" sentence="27" number="9">lack</token>
  <token t_id="686" sentence="27" number="10">of</token>
  <token t_id="687" sentence="27" number="11">resources</token>
  <token t_id="688" sentence="27" number="12">in</token>
  <token t_id="689" sentence="27" number="13">his</token>
  <token t_id="690" sentence="27" number="14">department</token>
  <token t_id="691" sentence="27" number="15">and</token>
  <token t_id="692" sentence="27" number="16">urged</token>
  <token t_id="693" sentence="27" number="17">parents</token>
  <token t_id="694" sentence="27" number="18">to</token>
  <token t_id="695" sentence="27" number="19">get</token>
  <token t_id="696" sentence="27" number="20">involved</token>
  <token t_id="697" sentence="27" number="21">in</token>
  <token t_id="698" sentence="27" number="22">the</token>
  <token t_id="699" sentence="27" number="23">lives</token>
  <token t_id="700" sentence="27" number="24">of</token>
  <token t_id="701" sentence="27" number="25">their</token>
  <token t_id="702" sentence="27" number="26">children</token>
  <token t_id="703" sentence="27" number="27">.</token>
  <token t_id="704" sentence="28" number="0">Cooley</token>
  <token t_id="705" sentence="28" number="1">said</token>
  <token t_id="706" sentence="28" number="2">the</token>
  <token t_id="707" sentence="28" number="3">fact</token>
  <token t_id="708" sentence="28" number="4">that</token>
  <token t_id="709" sentence="28" number="5">Orozco</token>
  <token t_id="710" sentence="28" number="6">hadn't</token>
  <token t_id="711" sentence="28" number="7">been</token>
  <token t_id="712" sentence="28" number="8">in</token>
  <token t_id="713" sentence="28" number="9">contact</token>
  <token t_id="714" sentence="28" number="10">with</token>
  <token t_id="715" sentence="28" number="11">his</token>
  <token t_id="716" sentence="28" number="12">parole</token>
  <token t_id="717" sentence="28" number="13">officer</token>
  <token t_id="718" sentence="28" number="14">since</token>
  <token t_id="719" sentence="28" number="15">January</token>
  <token t_id="720" sentence="28" number="16">was</token>
  <token t_id="721" sentence="28" number="17">a</token>
  <token t_id="722" sentence="28" number="18">"failure"</token>
  <token t_id="723" sentence="28" number="19">of</token>
  <token t_id="724" sentence="28" number="20">the</token>
  <token t_id="725" sentence="28" number="21">system</token>
  <token t_id="726" sentence="28" number="22">,</token>
  <token t_id="727" sentence="28" number="23">but</token>
  <token t_id="728" sentence="28" number="24">he</token>
  <token t_id="729" sentence="28" number="25">did</token>
  <token t_id="730" sentence="28" number="26">not</token>
  <token t_id="731" sentence="28" number="27">elaborate</token>
  <token t_id="732" sentence="28" number="28">.</token>
  <token t_id="733" sentence="29" number="0">Undersheriff</token>
  <token t_id="734" sentence="29" number="1">Larry</token>
  <token t_id="735" sentence="29" number="2">Waldie</token>
  <token t_id="736" sentence="29" number="3">said</token>
  <token t_id="737" sentence="29" number="4">that</token>
  <token t_id="738" sentence="29" number="5">Ortiz</token>
  <token t_id="739" sentence="29" number="6">set</token>
  <token t_id="740" sentence="29" number="7">out</token>
  <token t_id="741" sentence="29" number="8">without</token>
  <token t_id="742" sentence="29" number="9">a</token>
  <token t_id="743" sentence="29" number="10">partner</token>
  <token t_id="744" sentence="29" number="11">Friday</token>
  <token t_id="745" sentence="29" number="12">because</token>
  <token t_id="746" sentence="29" number="13">he</token>
  <token t_id="747" sentence="29" number="14">had</token>
  <token t_id="748" sentence="29" number="15">arrived</token>
  <token t_id="749" sentence="29" number="16">early</token>
  <token t_id="750" sentence="29" number="17">and</token>
  <token t_id="751" sentence="29" number="18">was</token>
  <token t_id="752" sentence="29" number="19">eager</token>
  <token t_id="753" sentence="29" number="20">to</token>
  <token t_id="754" sentence="29" number="21">get</token>
  <token t_id="755" sentence="29" number="22">to</token>
  <token t_id="756" sentence="29" number="23">work</token>
  <token t_id="757" sentence="29" number="24">.</token>
  <token t_id="758" sentence="30" number="0">Peavy</token>
  <token t_id="759" sentence="30" number="1">said</token>
  <token t_id="760" sentence="30" number="2">Ortiz</token>
  <token t_id="761" sentence="30" number="3">usually</token>
  <token t_id="762" sentence="30" number="4">partnered</token>
  <token t_id="763" sentence="30" number="5">with</token>
  <token t_id="764" sentence="30" number="6">one</token>
  <token t_id="765" sentence="30" number="7">of</token>
  <token t_id="766" sentence="30" number="8">two</token>
  <token t_id="767" sentence="30" number="9">deputies</token>
  <token t_id="768" sentence="30" number="10">,</token>
  <token t_id="769" sentence="30" number="11">but</token>
  <token t_id="770" sentence="30" number="12">both</token>
  <token t_id="771" sentence="30" number="13">had</token>
  <token t_id="772" sentence="30" number="14">the</token>
  <token t_id="773" sentence="30" number="15">day</token>
  <token t_id="774" sentence="30" number="16">off</token>
  <token t_id="775" sentence="30" number="17">.</token>
  <token t_id="776" sentence="31" number="0">Instead</token>
  <token t_id="777" sentence="31" number="1">,</token>
  <token t_id="778" sentence="31" number="2">Ortiz</token>
  <token t_id="779" sentence="31" number="3">had</token>
  <token t_id="780" sentence="31" number="4">planned</token>
  <token t_id="781" sentence="31" number="5">to</token>
  <token t_id="782" sentence="31" number="6">partner</token>
  <token t_id="783" sentence="31" number="7">with</token>
  <token t_id="784" sentence="31" number="8">his</token>
  <token t_id="785" sentence="31" number="9">sergeant</token>
  <token t_id="786" sentence="31" number="10">.</token>
  <token t_id="787" sentence="32" number="0">But</token>
  <token t_id="788" sentence="32" number="1">he</token>
  <token t_id="789" sentence="32" number="2">apparently</token>
  <token t_id="790" sentence="32" number="3">decided</token>
  <token t_id="791" sentence="32" number="4">to</token>
  <token t_id="792" sentence="32" number="5">visit</token>
  <token t_id="793" sentence="32" number="6">the</token>
  <token t_id="794" sentence="32" number="7">house</token>
  <token t_id="795" sentence="32" number="8">first</token>
  <token t_id="796" sentence="32" number="9">.</token>
  <token t_id="797" sentence="33" number="0">Peavy</token>
  <token t_id="798" sentence="33" number="1">noted</token>
  <token t_id="799" sentence="33" number="2">that</token>
  <token t_id="800" sentence="33" number="3">such</token>
  <token t_id="801" sentence="33" number="4">solo</token>
  <token t_id="802" sentence="33" number="5">work</token>
  <token t_id="803" sentence="33" number="6">is</token>
  <token t_id="804" sentence="33" number="7">not</token>
  <token t_id="805" sentence="33" number="8">a</token>
  <token t_id="806" sentence="33" number="9">violation</token>
  <token t_id="807" sentence="33" number="10">of</token>
  <token t_id="808" sentence="33" number="11">department</token>
  <token t_id="809" sentence="33" number="12">policy</token>
  <token t_id="810" sentence="33" number="13">.</token>
  <token t_id="811" sentence="34" number="0">Ortiz</token>
  <token t_id="812" sentence="34" number="1">,</token>
  <token t_id="813" sentence="34" number="2">of</token>
  <token t_id="814" sentence="34" number="3">Diamond</token>
  <token t_id="815" sentence="34" number="4">Bar</token>
  <token t_id="816" sentence="34" number="5">,</token>
  <token t_id="817" sentence="34" number="6">was</token>
  <token t_id="818" sentence="34" number="7">an</token>
  <token t_id="819" sentence="34" number="8">Army</token>
  <token t_id="820" sentence="34" number="9">veteran</token>
  <token t_id="821" sentence="34" number="10">and</token>
  <token t_id="822" sentence="34" number="11">the</token>
  <token t_id="823" sentence="34" number="12">father</token>
  <token t_id="824" sentence="34" number="13">of</token>
  <token t_id="825" sentence="34" number="14">two</token>
  <token t_id="826" sentence="34" number="15">boys</token>
  <token t_id="827" sentence="34" number="16">,</token>
  <token t_id="828" sentence="34" number="17">ages</token>
  <token t_id="829" sentence="34" number="18">6</token>
  <token t_id="830" sentence="34" number="19">and</token>
  <token t_id="831" sentence="34" number="20">16</token>
  <token t_id="832" sentence="34" number="21">.</token>
  <token t_id="833" sentence="35" number="0">He</token>
  <token t_id="834" sentence="35" number="1">was</token>
  <token t_id="835" sentence="35" number="2">married</token>
  <token t_id="836" sentence="35" number="3">for</token>
  <token t_id="837" sentence="35" number="4">the</token>
  <token t_id="838" sentence="35" number="5">second</token>
  <token t_id="839" sentence="35" number="6">time</token>
  <token t_id="840" sentence="35" number="7">about</token>
  <token t_id="841" sentence="35" number="8">two</token>
  <token t_id="842" sentence="35" number="9">weeks</token>
  <token t_id="843" sentence="35" number="10">ago</token>
  <token t_id="844" sentence="35" number="11">.</token>
  <token t_id="845" sentence="36" number="0">His</token>
  <token t_id="846" sentence="36" number="1">family</token>
  <token t_id="847" sentence="36" number="2">declined</token>
  <token t_id="848" sentence="36" number="3">a</token>
  <token t_id="849" sentence="36" number="4">request</token>
  <token t_id="850" sentence="36" number="5">for</token>
  <token t_id="851" sentence="36" number="6">an</token>
  <token t_id="852" sentence="36" number="7">interview</token>
  <token t_id="853" sentence="36" number="8">Saturday</token>
  <token t_id="854" sentence="36" number="9">through</token>
  <token t_id="855" sentence="36" number="10">a</token>
  <token t_id="856" sentence="36" number="11">sheriff's</token>
  <token t_id="857" sentence="36" number="12">spokesman</token>
  <token t_id="858" sentence="36" number="13">.</token>
  <token t_id="859" sentence="37" number="0">But</token>
  <token t_id="860" sentence="37" number="1">colleagues</token>
  <token t_id="861" sentence="37" number="2">described</token>
  <token t_id="862" sentence="37" number="3">him</token>
  <token t_id="863" sentence="37" number="4">as</token>
  <token t_id="864" sentence="37" number="5">someone</token>
  <token t_id="865" sentence="37" number="6">who</token>
  <token t_id="866" sentence="37" number="7">lived</token>
  <token t_id="867" sentence="37" number="8">for</token>
  <token t_id="868" sentence="37" number="9">police</token>
  <token t_id="869" sentence="37" number="10">work</token>
  <token t_id="870" sentence="37" number="11">and</token>
  <token t_id="871" sentence="37" number="12">was</token>
  <token t_id="872" sentence="37" number="13">a</token>
  <token t_id="873" sentence="37" number="14">"fanatic"</token>
  <token t_id="874" sentence="37" number="15">about</token>
  <token t_id="875" sentence="37" number="16">boxing</token>
  <token t_id="876" sentence="37" number="17">.</token>
  <token t_id="877" sentence="38" number="0">He</token>
  <token t_id="878" sentence="38" number="1">fought</token>
  <token t_id="879" sentence="38" number="2">on</token>
  <token t_id="880" sentence="38" number="3">the</token>
  <token t_id="881" sentence="38" number="4">sheriff's</token>
  <token t_id="882" sentence="38" number="5">boxing</token>
  <token t_id="883" sentence="38" number="6">team</token>
  <token t_id="884" sentence="38" number="7">and</token>
  <token t_id="885" sentence="38" number="8">trained</token>
  <token t_id="886" sentence="38" number="9">recruits</token>
  <token t_id="887" sentence="38" number="10">and</token>
  <token t_id="888" sentence="38" number="11">deputies</token>
  <token t_id="889" sentence="38" number="12">in</token>
  <token t_id="890" sentence="38" number="13">hand</token>
  <token t_id="891" sentence="38" number="14">-</token>
  <token t_id="892" sentence="38" number="15">to</token>
  <token t_id="893" sentence="38" number="16">-</token>
  <token t_id="894" sentence="38" number="17">hand</token>
  <token t_id="895" sentence="38" number="18">combat</token>
  <token t_id="896" sentence="38" number="19">.</token>
  <token t_id="897" sentence="39" number="0">Lt</token>
  <token t_id="898" sentence="39" number="1">.</token>
  <token t_id="899" sentence="39" number="2">Bob</token>
  <token t_id="900" sentence="39" number="3">Rifkin</token>
  <token t_id="901" sentence="39" number="4">of</token>
  <token t_id="902" sentence="39" number="5">Operation</token>
  <token t_id="903" sentence="39" number="6">Safe</token>
  <token t_id="904" sentence="39" number="7">Streets</token>
  <token t_id="905" sentence="39" number="8">,</token>
  <token t_id="906" sentence="39" number="9">the</token>
  <token t_id="907" sentence="39" number="10">department's</token>
  <token t_id="908" sentence="39" number="11">gang</token>
  <token t_id="909" sentence="39" number="12">unit</token>
  <token t_id="910" sentence="39" number="13">,</token>
  <token t_id="911" sentence="39" number="14">said</token>
  <token t_id="912" sentence="39" number="15">Ortiz</token>
  <token t_id="913" sentence="39" number="16">became</token>
  <token t_id="914" sentence="39" number="17">interested</token>
  <token t_id="915" sentence="39" number="18">in</token>
  <token t_id="916" sentence="39" number="19">the</token>
  <token t_id="917" sentence="39" number="20">gang</token>
  <token t_id="918" sentence="39" number="21">problem</token>
  <token t_id="919" sentence="39" number="22">while</token>
  <token t_id="920" sentence="39" number="23">working</token>
  <token t_id="921" sentence="39" number="24">as</token>
  <token t_id="922" sentence="39" number="25">a</token>
  <token t_id="923" sentence="39" number="26">patrol</token>
  <token t_id="924" sentence="39" number="27">officer</token>
  <token t_id="925" sentence="39" number="28">from</token>
  <token t_id="926" sentence="39" number="29">1996</token>
  <token t_id="927" sentence="39" number="30">to</token>
  <token t_id="928" sentence="39" number="31">2000</token>
  <token t_id="929" sentence="39" number="32">.</token>
  <token t_id="930" sentence="40" number="0">He</token>
  <token t_id="931" sentence="40" number="1">joined</token>
  <token t_id="932" sentence="40" number="2">the</token>
  <token t_id="933" sentence="40" number="3">gang</token>
  <token t_id="934" sentence="40" number="4">unit</token>
  <token t_id="935" sentence="40" number="5">in</token>
  <token t_id="936" sentence="40" number="6">2001</token>
  <token t_id="937" sentence="40" number="7">after</token>
  <token t_id="938" sentence="40" number="8">passing</token>
  <token t_id="939" sentence="40" number="9">a</token>
  <token t_id="940" sentence="40" number="10">background</token>
  <token t_id="941" sentence="40" number="11">check</token>
  <token t_id="942" sentence="40" number="12">and</token>
  <token t_id="943" sentence="40" number="13">written</token>
  <token t_id="944" sentence="40" number="14">exam</token>
  <token t_id="945" sentence="40" number="15">that</token>
  <token t_id="946" sentence="40" number="16">tested</token>
  <token t_id="947" sentence="40" number="17">his</token>
  <token t_id="948" sentence="40" number="18">knowledge</token>
  <token t_id="949" sentence="40" number="19">of</token>
  <token t_id="950" sentence="40" number="20">gang</token>
  <token t_id="951" sentence="40" number="21">culture</token>
  <token t_id="952" sentence="40" number="22">.</token>
  <token t_id="953" sentence="41" number="0">Ortiz</token>
  <token t_id="954" sentence="41" number="1">won</token>
  <token t_id="955" sentence="41" number="2">numerous</token>
  <token t_id="956" sentence="41" number="3">commendations</token>
  <token t_id="957" sentence="41" number="4">for</token>
  <token t_id="958" sentence="41" number="5">his</token>
  <token t_id="959" sentence="41" number="6">work</token>
  <token t_id="960" sentence="41" number="7">.</token>
  <token t_id="961" sentence="42" number="0">Last</token>
  <token t_id="962" sentence="42" number="1">year</token>
  <token t_id="963" sentence="42" number="2">,</token>
  <token t_id="964" sentence="42" number="3">he</token>
  <token t_id="965" sentence="42" number="4">was</token>
  <token t_id="966" sentence="42" number="5">awarded</token>
  <token t_id="967" sentence="42" number="6">the</token>
  <token t_id="968" sentence="42" number="7">city</token>
  <token t_id="969" sentence="42" number="8">of</token>
  <token t_id="970" sentence="42" number="9">Lakewood's</token>
  <token t_id="971" sentence="42" number="10">Medal</token>
  <token t_id="972" sentence="42" number="11">of</token>
  <token t_id="973" sentence="42" number="12">Valor</token>
  <token t_id="974" sentence="42" number="13">after</token>
  <token t_id="975" sentence="42" number="14">he</token>
  <token t_id="976" sentence="42" number="15">fatally</token>
  <token t_id="977" sentence="42" number="16">shot</token>
  <token t_id="978" sentence="42" number="17">a</token>
  <token t_id="979" sentence="42" number="18">carjacker</token>
  <token t_id="980" sentence="42" number="19">who</token>
  <token t_id="981" sentence="42" number="20">drew</token>
  <token t_id="982" sentence="42" number="21">a</token>
  <token t_id="983" sentence="42" number="22">gun</token>
  <token t_id="984" sentence="42" number="23">on</token>
  <token t_id="985" sentence="42" number="24">him</token>
  <token t_id="986" sentence="42" number="25">and</token>
  <token t_id="987" sentence="42" number="26">his</token>
  <token t_id="988" sentence="42" number="27">partner</token>
  <token t_id="989" sentence="42" number="28">.</token>
  <token t_id="990" sentence="43" number="0">"Jerry</token>
  <token t_id="991" sentence="43" number="1">was</token>
  <token t_id="992" sentence="43" number="2">35</token>
  <token t_id="993" sentence="43" number="3">years</token>
  <token t_id="994" sentence="43" number="4">old</token>
  <token t_id="995" sentence="43" number="5">and</token>
  <token t_id="996" sentence="43" number="6">had</token>
  <token t_id="997" sentence="43" number="7">more</token>
  <token t_id="998" sentence="43" number="8">motivation</token>
  <token t_id="999" sentence="43" number="9">than</token>
  <token t_id="1000" sentence="43" number="10">a</token>
  <token t_id="1001" sentence="43" number="11">21</token>
  <token t_id="1002" sentence="43" number="12">-</token>
  <token t_id="1003" sentence="43" number="13">year</token>
  <token t_id="1004" sentence="43" number="14">-</token>
  <token t_id="1005" sentence="43" number="15">old</token>
  <token t_id="1006" sentence="43" number="16">just</token>
  <token t_id="1007" sentence="43" number="17">getting</token>
  <token t_id="1008" sentence="43" number="18">on</token>
  <token t_id="1009" sentence="43" number="19">the</token>
  <token t_id="1010" sentence="43" number="20">department</token>
  <token t_id="1011" sentence="43" number="21">,</token>
  <token t_id="1012" sentence="43" number="22">"</token>
  <token t_id="1013" sentence="43" number="23">Rifkin</token>
  <token t_id="1014" sentence="43" number="24">said</token>
  <token t_id="1015" sentence="43" number="25">.</token>
  <token t_id="1016" sentence="44" number="0">"He</token>
  <token t_id="1017" sentence="44" number="1">always</token>
  <token t_id="1018" sentence="44" number="2">wanted</token>
  <token t_id="1019" sentence="44" number="3">to</token>
  <token t_id="1020" sentence="44" number="4">go</token>
  <token t_id="1021" sentence="44" number="5">toward</token>
  <token t_id="1022" sentence="44" number="6">the</token>
  <token t_id="1023" sentence="44" number="7">action</token>
  <token t_id="1024" sentence="44" number="8">and</token>
  <token t_id="1025" sentence="44" number="9">that's</token>
  <token t_id="1026" sentence="44" number="10">what</token>
  <token t_id="1027" sentence="44" number="11">Jerry</token>
  <token t_id="1028" sentence="44" number="12">was</token>
  <token t_id="1029" sentence="44" number="13">respected</token>
  <token t_id="1030" sentence="44" number="14">for</token>
  <token t_id="1031" sentence="44" number="15">.</token>
  <token t_id="1032" sentence="44" number="16">"</token>
  <token t_id="1033" sentence="45" number="0">Baca</token>
  <token t_id="1034" sentence="45" number="1">noted</token>
  <token t_id="1035" sentence="45" number="2">that</token>
  <token t_id="1036" sentence="45" number="3">Ortiz's</token>
  <token t_id="1037" sentence="45" number="4">family</token>
  <token t_id="1038" sentence="45" number="5">has</token>
  <token t_id="1039" sentence="45" number="6">had</token>
  <token t_id="1040" sentence="45" number="7">"tremendous</token>
  <token t_id="1041" sentence="45" number="8">tragedies</token>
  <token t_id="1042" sentence="45" number="9">when</token>
  <token t_id="1043" sentence="45" number="10">it</token>
  <token t_id="1044" sentence="45" number="11">comes</token>
  <token t_id="1045" sentence="45" number="12">to</token>
  <token t_id="1046" sentence="45" number="13">those</token>
  <token t_id="1047" sentence="45" number="14">members</token>
  <token t_id="1048" sentence="45" number="15">who've</token>
  <token t_id="1049" sentence="45" number="16">been</token>
  <token t_id="1050" sentence="45" number="17">in</token>
  <token t_id="1051" sentence="45" number="18">law</token>
  <token t_id="1052" sentence="45" number="19">enforcement</token>
  <token t_id="1053" sentence="45" number="20">.</token>
  <token t_id="1054" sentence="45" number="21">"</token>
  <token t_id="1055" sentence="46" number="0">In</token>
  <token t_id="1056" sentence="46" number="1">January</token>
  <token t_id="1057" sentence="46" number="2">,</token>
  <token t_id="1058" sentence="46" number="3">Ortiz's</token>
  <token t_id="1059" sentence="46" number="4">brother</token>
  <token t_id="1060" sentence="46" number="5">-</token>
  <token t_id="1061" sentence="46" number="6">in</token>
  <token t_id="1062" sentence="46" number="7">-</token>
  <token t_id="1063" sentence="46" number="8">law</token>
  <token t_id="1064" sentence="46" number="9">,</token>
  <token t_id="1065" sentence="46" number="10">Manuel</token>
  <token t_id="1066" sentence="46" number="11">A</token>
  <token t_id="1067" sentence="46" number="12">.</token>
  <token t_id="1068" sentence="46" number="13">Gonzalez</token>
  <token t_id="1069" sentence="46" number="14">,</token>
  <token t_id="1070" sentence="46" number="15">was</token>
  <token t_id="1071" sentence="46" number="16">stabbed</token>
  <token t_id="1072" sentence="46" number="17">to</token>
  <token t_id="1073" sentence="46" number="18">death</token>
  <token t_id="1074" sentence="46" number="19">while</token>
  <token t_id="1075" sentence="46" number="20">working</token>
  <token t_id="1076" sentence="46" number="21">as</token>
  <token t_id="1077" sentence="46" number="22">a</token>
  <token t_id="1078" sentence="46" number="23">corrections</token>
  <token t_id="1079" sentence="46" number="24">officer</token>
  <token t_id="1080" sentence="46" number="25">at</token>
  <token t_id="1081" sentence="46" number="26">a</token>
  <token t_id="1082" sentence="46" number="27">state</token>
  <token t_id="1083" sentence="46" number="28">prison</token>
  <token t_id="1084" sentence="46" number="29">in</token>
  <token t_id="1085" sentence="46" number="30">Chino</token>
  <token t_id="1086" sentence="46" number="31">.</token>
  <token t_id="1087" sentence="47" number="0">The</token>
  <token t_id="1088" sentence="47" number="1">alleged</token>
  <token t_id="1089" sentence="47" number="2">killer</token>
  <token t_id="1090" sentence="47" number="3">,</token>
  <token t_id="1091" sentence="47" number="4">Jon</token>
  <token t_id="1092" sentence="47" number="5">Christopher</token>
  <token t_id="1093" sentence="47" number="6">Blaylock</token>
  <token t_id="1094" sentence="47" number="7">,</token>
  <token t_id="1095" sentence="47" number="8">was</token>
  <token t_id="1096" sentence="47" number="9">serving</token>
  <token t_id="1097" sentence="47" number="10">a</token>
  <token t_id="1098" sentence="47" number="11">life</token>
  <token t_id="1099" sentence="47" number="12">sentence</token>
  <token t_id="1100" sentence="47" number="13">for</token>
  <token t_id="1101" sentence="47" number="14">the</token>
  <token t_id="1102" sentence="47" number="15">attempted</token>
  <token t_id="1103" sentence="47" number="16">murder</token>
  <token t_id="1104" sentence="47" number="17">of</token>
  <token t_id="1105" sentence="47" number="18">a</token>
  <token t_id="1106" sentence="47" number="19">police</token>
  <token t_id="1107" sentence="47" number="20">officer</token>
  <token t_id="1108" sentence="47" number="21">.</token>
  <Markables>
    <ACTION_OCCURRENCE m_id="1" climaxEvent="TRUE" comment="">
      <token_anchor t_id="34"/>
    </ACTION_OCCURRENCE>
    <ACTION_OCCURRENCE m_id="2" comment="" climaxEvent="FALSE">
      <token_anchor t_id="35"/>
    </ACTION_OCCURRENCE>
    <ACTION_OCCURRENCE m_id="3" climaxEvent="TRUE" comment="">
      <token_anchor t_id="47"/>
    </ACTION_OCCURRENCE>
    <ACTION_OCCURRENCE m_id="4" comment="" climaxEvent="FALSE">
      <token_anchor t_id="64"/>
    </ACTION_OCCURRENCE>
    <ACTION_OCCURRENCE m_id="5" comment="" climaxEvent="FALSE">
      <token_anchor t_id="74"/>
    </ACTION_OCCURRENCE>
    <ACTION_OCCURRENCE m_id="6" comment="" climaxEvent="FALSE">
      <token_anchor t_id="86"/>
    </ACTION_OCCURRENCE>
    <ACTION_OCCURRENCE m_id="7" comment="" climaxEvent="FALSE">
      <token_anchor t_id="94"/>
    </ACTION_OCCURRENCE>
    <ACTION_OCCURRENCE m_id="8" comment="" climaxEvent="FALSE">
      <token_anchor t_id="88"/>
    </ACTION_OCCURRENCE>
    <ACTION_OCCURRENCE m_id="9" comment="" climaxEvent="FALSE">
      <token_anchor t_id="93"/>
    </ACTION_OCCURRENCE>
    <ACTION_OCCURRENCE m_id="10" comment="" climaxEvent="FALSE">
      <token_anchor t_id="319"/>
    </ACTION_OCCURRENCE>
    <ACTION_OCCURRENCE m_id="11" comment="" climaxEvent="FALSE">
      <token_anchor t_id="326"/>
    </ACTION_OCCURRENCE>
    <ACTION_REPORTING m_id="12">
      <token_anchor t_id="97"/>
    </ACTION_REPORTING>
    <ACTION_REPORTING m_id="13">
      <token_anchor t_id="329"/>
    </ACTION_REPORTING>
    <ACTION_STATE m_id="14" climaxEvent="FALSE" comment="">
      <token_anchor t_id="25"/>
    </ACTION_STATE>
    <ACTION_STATE m_id="15" climaxEvent="FALSE" comment="">
      <token_anchor t_id="78"/>
    </ACTION_STATE>
    <ACTION_STATE m_id="16" climaxEvent="FALSE" comment="">
      <token_anchor t_id="91"/>
    </ACTION_STATE>
    <HUMAN_PART_PER m_id="29" comment="">
      <token_anchor t_id="89"/>
    </HUMAN_PART_PER>
    <HUMAN_PART_PER m_id="17" comment="">
      <token_anchor t_id="83"/>
    </HUMAN_PART_PER>
    <HUMAN_PART_PER m_id="18" comment="">
      <token_anchor t_id="96"/>
    </HUMAN_PART_PER>
    <HUMAN_PART_PER m_id="19" comment="">
      <token_anchor t_id="320"/>
    </HUMAN_PART_PER>
    <HUMAN_PART_PER m_id="20" comment="">
      <token_anchor t_id="318"/>
    </HUMAN_PART_PER>
    <HUMAN_PART_PER m_id="21" comment="">
      <token_anchor t_id="328"/>
    </HUMAN_PART_PER>
    <HUMAN_PART_PER m_id="22" comment="">
      <token_anchor t_id="22"/>
    </HUMAN_PART_PER>
    <HUMAN_PART_PER m_id="23" comment="">
      <token_anchor t_id="24"/>
    </HUMAN_PART_PER>
    <HUMAN_PART_PER m_id="24" comment="">
      <token_anchor t_id="61"/>
    </HUMAN_PART_PER>
    <HUMAN_PART_PER m_id="25" comment="">
      <token_anchor t_id="32"/>
    </HUMAN_PART_PER>
    <HUMAN_PART_PER m_id="26" comment="">
      <token_anchor t_id="43"/>
      <token_anchor t_id="44"/>
    </HUMAN_PART_PER>
    <HUMAN_PART_PER m_id="27" comment="">
      <token_anchor t_id="71"/>
      <token_anchor t_id="72"/>
    </HUMAN_PART_PER>
    <HUMAN_PART_PER m_id="28" comment="">
      <token_anchor t_id="77"/>
    </HUMAN_PART_PER>
    <LOC_OTHER m_id="30">
      <token_anchor t_id="36"/>
      <token_anchor t_id="37"/>
      <token_anchor t_id="38"/>
      <token_anchor t_id="39"/>
      <token_anchor t_id="40"/>
      <token_anchor t_id="41"/>
    </LOC_OTHER>
    <LOC_OTHER m_id="31">
      <token_anchor t_id="48"/>
      <token_anchor t_id="49"/>
      <token_anchor t_id="50"/>
    </LOC_OTHER>
    <LOC_OTHER m_id="32">
      <token_anchor t_id="322"/>
      <token_anchor t_id="323"/>
      <token_anchor t_id="324"/>
    </LOC_OTHER>
    <TIME_DATE m_id="33" comment="" DCT="FALSE" value="2005-06-25" anchorTimeID="">
      <token_anchor t_id="98"/>
    </TIME_DATE>
    <TIME_DATE m_id="34" comment="" DCT="TRUE" value="2005-06-26" anchorTimeID="34">
      <token_anchor t_id="56"/>
      <token_anchor t_id="57"/>
      <token_anchor t_id="58"/>
      <token_anchor t_id="59"/>
    </TIME_DATE>
    <TIME_OF_THE_DAY m_id="35" value="" anchorTimeID="" DCT="FALSE">
      <token_anchor t_id="51"/>
      <token_anchor t_id="52"/>
      <token_anchor t_id="53"/>
      <token_anchor t_id="54"/>
    </TIME_OF_THE_DAY>
    <ACTION_REPORTING m_id="36" RELATED_TO="" TAG_DESCRIPTOR="t15_authorities_said"/>
    <HUMAN_PART_PER m_id="37" RELATED_TO="" TAG_DESCRIPTOR="t15_authorities" comment=""/>
    <ACTION_OCCURRENCE m_id="38" RELATED_TO="" TAG_DESCRIPTOR="t15_arrest" comment="" climaxEvent="FALSE"/>
    <HUMAN_PART_PER m_id="39" RELATED_TO="" TAG_DESCRIPTOR="t15_ortiz" comment=""/>
    <ACTION_OCCURRENCE m_id="40" RELATED_TO="" TAG_DESCRIPTOR="t15_fled" comment="" climaxEvent="FALSE"/>
    <ACTION_OCCURRENCE m_id="41" RELATED_TO="" TAG_DESCRIPTOR="t15_previous_murder" comment="" climaxEvent="FALSE"/>
    <ACTION_OCCURRENCE m_id="42" RELATED_TO="" TAG_DESCRIPTOR="t15_shot" comment="" climaxEvent="FALSE"/>
    <TIME_OF_THE_DAY m_id="43" RELATED_TO="" TAG_DESCRIPTOR="t15_friday_afternoon" value="" anchorTimeID="" DCT="FALSE"/>
    <HUMAN_PART_PER m_id="44" RELATED_TO="" TAG_DESCRIPTOR="t15_orozco" comment=""/>
    <LOC_OTHER m_id="45" RELATED_TO="" TAG_DESCRIPTOR="t15_head"/>
  </Markables>
  <Relations>
    <TLINK r_id="106782" contextualModality="" relType="CONTAINS" comment="">
      <source m_id="34"/>
      <target m_id="14"/>
    </TLINK>
    <TLINK r_id="106783" contextualModality="" relType="AFTER" comment="">
      <source m_id="34"/>
      <target m_id="1"/>
    </TLINK>
    <TLINK r_id="106784" contextualModality="" relType="AFTER" comment="">
      <source m_id="34"/>
      <target m_id="2"/>
    </TLINK>
    <TLINK r_id="106785" contextualModality="" relType="AFTER" comment="">
      <source m_id="34"/>
      <target m_id="3"/>
    </TLINK>
    <TLINK r_id="106786" contextualModality="" relType="AFTER" comment="">
      <source m_id="34"/>
      <target m_id="4"/>
    </TLINK>
    <TLINK r_id="106787" contextualModality="" relType="AFTER" comment="">
      <source m_id="34"/>
      <target m_id="5"/>
    </TLINK>
    <TLINK r_id="106789" contextualModality="" relType="AFTER" comment="">
      <source m_id="34"/>
      <target m_id="8"/>
    </TLINK>
    <TLINK r_id="106790" contextualModality="" relType="AFTER" comment="">
      <source m_id="34"/>
      <target m_id="9"/>
    </TLINK>
    <TLINK r_id="106791" contextualModality="" relType="AFTER" comment="">
      <source m_id="34"/>
      <target m_id="7"/>
    </TLINK>
    <TLINK r_id="106792" contextualModality="" relType="AFTER" comment="">
      <source m_id="34"/>
      <target m_id="10"/>
    </TLINK>
    <TLINK r_id="106793" contextualModality="" relType="AFTER" comment="">
      <source m_id="34"/>
      <target m_id="11"/>
    </TLINK>
    <TLINK r_id="106794" contextualModality="" relType="CONTAINS" comment="">
      <source m_id="33"/>
      <target m_id="14"/>
    </TLINK>
    <TLINK r_id="106795" contextualModality="" relType="AFTER" comment="">
      <source m_id="33"/>
      <target m_id="4"/>
    </TLINK>
    <TLINK r_id="106796" contextualModality="" relType="AFTER" comment="">
      <source m_id="33"/>
      <target m_id="5"/>
    </TLINK>
    <TLINK r_id="106797" contextualModality="" relType="CONTAINS" comment="">
      <source m_id="33"/>
      <target m_id="8"/>
    </TLINK>
    <TLINK r_id="106798" contextualModality="" relType="CONTAINS" comment="">
      <source m_id="33"/>
      <target m_id="16"/>
    </TLINK>
    <TLINK r_id="106799" contextualModality="" relType="AFTER" comment="">
      <source m_id="33"/>
      <target m_id="9"/>
    </TLINK>
    <TLINK r_id="106800" contextualModality="" relType="AFTER" comment="">
      <source m_id="33"/>
      <target m_id="7"/>
    </TLINK>
    <TLINK r_id="106801" contextualModality="" relType="BEFORE" comment="">
      <source m_id="35"/>
      <target m_id="1"/>
    </TLINK>
    <TLINK r_id="106802" contextualModality="" relType="BEFORE" comment="">
      <source m_id="35"/>
      <target m_id="2"/>
    </TLINK>
    <TLINK r_id="106803" contextualModality="" relType="CONTAINS" comment="">
      <source m_id="35"/>
      <target m_id="3"/>
    </TLINK>
    <TLINK r_id="106804" contextualModality="" relType="AFTER" comment="">
      <source m_id="33"/>
      <target m_id="10"/>
    </TLINK>
    <TLINK r_id="106805" contextualModality="" relType="AFTER" comment="">
      <source m_id="33"/>
      <target m_id="11"/>
    </TLINK>
    <PLOT_LINK r_id="106806" SIGNAL="" relType="FALLING_ACTION" CAUSES="FALSE" CAUSED_BY="FALSE">
      <source m_id="14"/>
      <target m_id="1"/>
    </PLOT_LINK>
    <PLOT_LINK r_id="106807" SIGNAL="" relType="FALLING_ACTION" CAUSES="FALSE" CAUSED_BY="FALSE">
      <source m_id="14"/>
      <target m_id="3"/>
    </PLOT_LINK>
    <PLOT_LINK r_id="106808" SIGNAL="" relType="FALLING_ACTION" CAUSES="FALSE" CAUSED_BY="FALSE">
      <source m_id="2"/>
      <target m_id="3"/>
    </PLOT_LINK>
    <PLOT_LINK r_id="106809" SIGNAL="" relType="FALLING_ACTION" CAUSES="FALSE" CAUSED_BY="FALSE">
      <source m_id="1"/>
      <target m_id="2"/>
    </PLOT_LINK>
    <PLOT_LINK r_id="106810" SIGNAL="" relType="FALLING_ACTION" CAUSES="FALSE" CAUSED_BY="FALSE">
      <source m_id="4"/>
      <target m_id="5"/>
    </PLOT_LINK>
    <PLOT_LINK r_id="106811" SIGNAL="" relType="FALLING_ACTION" CAUSES="FALSE" CAUSED_BY="FALSE">
      <source m_id="5"/>
      <target m_id="7"/>
    </PLOT_LINK>
    <PLOT_LINK r_id="106812" SIGNAL="" relType="FALLING_ACTION" CAUSES="FALSE" CAUSED_BY="FALSE">
      <source m_id="16"/>
      <target m_id="7"/>
    </PLOT_LINK>
    <PLOT_LINK r_id="106813" SIGNAL="" relType="FALLING_ACTION" CAUSES="FALSE" CAUSED_BY="FALSE">
      <source m_id="5"/>
      <target m_id="16"/>
    </PLOT_LINK>
    <PLOT_LINK r_id="106814" SIGNAL="" relType="PRECONDITION" CAUSES="FALSE" CAUSED_BY="FALSE">
      <source m_id="10"/>
      <target m_id="11"/>
    </PLOT_LINK>
  </Relations>
</Document>
