<?xml version='1.0' encoding='UTF-8'?>
<Document doc_name="16_8ecbplus.xml">
  <token t_id="1" sentence="0" number="0">http</token>
  <token t_id="2" sentence="0" number="1">:</token>
  <token t_id="3" sentence="0" number="2">/</token>
  <token t_id="4" sentence="0" number="3">/</token>
  <token t_id="5" sentence="0" number="4">www</token>
  <token t_id="6" sentence="0" number="5">.</token>
  <token t_id="7" sentence="0" number="6">streetgangs</token>
  <token t_id="8" sentence="0" number="7">.</token>
  <token t_id="9" sentence="0" number="8">com</token>
  <token t_id="10" sentence="0" number="9">/</token>
  <token t_id="11" sentence="0" number="10">news</token>
  <token t_id="12" sentence="0" number="11">/</token>
  <token t_id="13" sentence="0" number="12">062405</token>
  <token t_id="14" sentence="0" number="13">-</token>
  <token t_id="15" sentence="0" number="14">sheriffs</token>
  <token t_id="16" sentence="0" number="15">-</token>
  <token t_id="17" sentence="0" number="16">deputy</token>
  <token t_id="18" sentence="1" number="0">Sheriff</token>
  <token t_id="19" sentence="1" number="1">’</token>
  <token t_id="20" sentence="1" number="2">s</token>
  <token t_id="21" sentence="1" number="3">Deputy</token>
  <token t_id="22" sentence="1" number="4">Shot</token>
  <token t_id="23" sentence="1" number="5">and</token>
  <token t_id="24" sentence="1" number="6">Killed</token>
  <token t_id="25" sentence="2" number="0">June</token>
  <token t_id="26" sentence="2" number="1">24</token>
  <token t_id="27" sentence="2" number="2">,</token>
  <token t_id="28" sentence="2" number="3">2005</token>
  <token t_id="29" sentence="3" number="0">A</token>
  <token t_id="30" sentence="3" number="1">35</token>
  <token t_id="31" sentence="3" number="2">-</token>
  <token t_id="32" sentence="3" number="3">year</token>
  <token t_id="33" sentence="3" number="4">-</token>
  <token t_id="34" sentence="3" number="5">old</token>
  <token t_id="35" sentence="3" number="6">sheriff</token>
  <token t_id="36" sentence="3" number="7">’</token>
  <token t_id="37" sentence="3" number="8">s</token>
  <token t_id="38" sentence="3" number="9">deputy</token>
  <token t_id="39" sentence="3" number="10">working</token>
  <token t_id="40" sentence="3" number="11">with</token>
  <token t_id="41" sentence="3" number="12">an</token>
  <token t_id="42" sentence="3" number="13">anti</token>
  <token t_id="43" sentence="3" number="14">-</token>
  <token t_id="44" sentence="3" number="15">gang</token>
  <token t_id="45" sentence="3" number="16">unit</token>
  <token t_id="46" sentence="3" number="17">was</token>
  <token t_id="47" sentence="3" number="18">killed</token>
  <token t_id="48" sentence="3" number="19">Friday</token>
  <token t_id="49" sentence="3" number="20">when</token>
  <token t_id="50" sentence="3" number="21">he</token>
  <token t_id="51" sentence="3" number="22">knocked</token>
  <token t_id="52" sentence="3" number="23">on</token>
  <token t_id="53" sentence="3" number="24">the</token>
  <token t_id="54" sentence="3" number="25">door</token>
  <token t_id="55" sentence="3" number="26">of</token>
  <token t_id="56" sentence="3" number="27">a</token>
  <token t_id="57" sentence="3" number="28">home</token>
  <token t_id="58" sentence="3" number="29">and</token>
  <token t_id="59" sentence="3" number="30">someone</token>
  <token t_id="60" sentence="3" number="31">shot</token>
  <token t_id="61" sentence="3" number="32">him</token>
  <token t_id="62" sentence="3" number="33">in</token>
  <token t_id="63" sentence="3" number="34">the</token>
  <token t_id="64" sentence="3" number="35">head</token>
  <token t_id="65" sentence="3" number="36">,</token>
  <token t_id="66" sentence="3" number="37">authorities</token>
  <token t_id="67" sentence="3" number="38">said</token>
  <token t_id="68" sentence="3" number="39">.</token>
  <token t_id="69" sentence="4" number="0">Deputy</token>
  <token t_id="70" sentence="4" number="1">Jerry</token>
  <token t_id="71" sentence="4" number="2">Ortiz</token>
  <token t_id="72" sentence="4" number="3">had</token>
  <token t_id="73" sentence="4" number="4">gone</token>
  <token t_id="74" sentence="4" number="5">to</token>
  <token t_id="75" sentence="4" number="6">the</token>
  <token t_id="76" sentence="4" number="7">home</token>
  <token t_id="77" sentence="4" number="8">to</token>
  <token t_id="78" sentence="4" number="9">speak</token>
  <token t_id="79" sentence="4" number="10">to</token>
  <token t_id="80" sentence="4" number="11">a</token>
  <token t_id="81" sentence="4" number="12">woman</token>
  <token t_id="82" sentence="4" number="13">there</token>
  <token t_id="83" sentence="4" number="14">as</token>
  <token t_id="84" sentence="4" number="15">part</token>
  <token t_id="85" sentence="4" number="16">of</token>
  <token t_id="86" sentence="4" number="17">a</token>
  <token t_id="87" sentence="4" number="18">gang</token>
  <token t_id="88" sentence="4" number="19">investigation</token>
  <token t_id="89" sentence="4" number="20">when</token>
  <token t_id="90" sentence="4" number="21">he</token>
  <token t_id="91" sentence="4" number="22">was</token>
  <token t_id="92" sentence="4" number="23">attacked</token>
  <token t_id="93" sentence="4" number="24">,</token>
  <token t_id="94" sentence="4" number="25">Undersheriff</token>
  <token t_id="95" sentence="4" number="26">Larry</token>
  <token t_id="96" sentence="4" number="27">Waldie</token>
  <token t_id="97" sentence="4" number="28">told</token>
  <token t_id="98" sentence="4" number="29">reporters</token>
  <token t_id="99" sentence="4" number="30">Friday</token>
  <token t_id="100" sentence="4" number="31">night</token>
  <token t_id="101" sentence="4" number="32">.</token>
  <token t_id="102" sentence="5" number="0">Ortiz</token>
  <token t_id="103" sentence="5" number="1">probably</token>
  <token t_id="104" sentence="5" number="2">died</token>
  <token t_id="105" sentence="5" number="3">instantly</token>
  <token t_id="106" sentence="5" number="4">,</token>
  <token t_id="107" sentence="5" number="5">Waldie</token>
  <token t_id="108" sentence="5" number="6">said</token>
  <token t_id="109" sentence="5" number="7">.</token>
  <token t_id="110" sentence="6" number="0">“</token>
  <token t_id="111" sentence="6" number="1">Someone</token>
  <token t_id="112" sentence="6" number="2">came</token>
  <token t_id="113" sentence="6" number="3">out</token>
  <token t_id="114" sentence="6" number="4">either</token>
  <token t_id="115" sentence="6" number="5">nearby</token>
  <token t_id="116" sentence="6" number="6">or</token>
  <token t_id="117" sentence="6" number="7">from</token>
  <token t_id="118" sentence="6" number="8">the</token>
  <token t_id="119" sentence="6" number="9">residence</token>
  <token t_id="120" sentence="6" number="10">and</token>
  <token t_id="121" sentence="6" number="11">put</token>
  <token t_id="122" sentence="6" number="12">a</token>
  <token t_id="123" sentence="6" number="13">bullet</token>
  <token t_id="124" sentence="6" number="14">through</token>
  <token t_id="125" sentence="6" number="15">his</token>
  <token t_id="126" sentence="6" number="16">head</token>
  <token t_id="127" sentence="6" number="17">,</token>
  <token t_id="128" sentence="6" number="18">”</token>
  <token t_id="129" sentence="6" number="19">Waldie</token>
  <token t_id="130" sentence="6" number="20">said</token>
  <token t_id="131" sentence="6" number="21">.</token>
  <token t_id="132" sentence="7" number="0">Los</token>
  <token t_id="133" sentence="7" number="1">Angeles</token>
  <token t_id="134" sentence="7" number="2">County</token>
  <token t_id="135" sentence="7" number="3">Sheriff</token>
  <token t_id="136" sentence="7" number="4">Lee</token>
  <token t_id="137" sentence="7" number="5">Baca</token>
  <token t_id="138" sentence="7" number="6">,</token>
  <token t_id="139" sentence="7" number="7">who</token>
  <token t_id="140" sentence="7" number="8">was</token>
  <token t_id="141" sentence="7" number="9">out</token>
  <token t_id="142" sentence="7" number="10">of</token>
  <token t_id="143" sentence="7" number="11">state</token>
  <token t_id="144" sentence="7" number="12">attending</token>
  <token t_id="145" sentence="7" number="13">a</token>
  <token t_id="146" sentence="7" number="14">convention</token>
  <token t_id="147" sentence="7" number="15">,</token>
  <token t_id="148" sentence="7" number="16">made</token>
  <token t_id="149" sentence="7" number="17">plans</token>
  <token t_id="150" sentence="7" number="18">to</token>
  <token t_id="151" sentence="7" number="19">return</token>
  <token t_id="152" sentence="7" number="20">to</token>
  <token t_id="153" sentence="7" number="21">Southern</token>
  <token t_id="154" sentence="7" number="22">California</token>
  <token t_id="155" sentence="7" number="23">immediately</token>
  <token t_id="156" sentence="7" number="24">.</token>
  <token t_id="157" sentence="8" number="0">The</token>
  <token t_id="158" sentence="8" number="1">deputy</token>
  <token t_id="159" sentence="8" number="2">,</token>
  <token t_id="160" sentence="8" number="3">who</token>
  <token t_id="161" sentence="8" number="4">was</token>
  <token t_id="162" sentence="8" number="5">wed</token>
  <token t_id="163" sentence="8" number="6">about</token>
  <token t_id="164" sentence="8" number="7">three</token>
  <token t_id="165" sentence="8" number="8">weeks</token>
  <token t_id="166" sentence="8" number="9">ago</token>
  <token t_id="167" sentence="8" number="10">,</token>
  <token t_id="168" sentence="8" number="11">is</token>
  <token t_id="169" sentence="8" number="12">survived</token>
  <token t_id="170" sentence="8" number="13">by</token>
  <token t_id="171" sentence="8" number="14">his</token>
  <token t_id="172" sentence="8" number="15">wife</token>
  <token t_id="173" sentence="8" number="16">and</token>
  <token t_id="174" sentence="8" number="17">two</token>
  <token t_id="175" sentence="8" number="18">sons</token>
  <token t_id="176" sentence="8" number="19">,</token>
  <token t_id="177" sentence="8" number="20">ages</token>
  <token t_id="178" sentence="8" number="21">16</token>
  <token t_id="179" sentence="8" number="22">and</token>
  <token t_id="180" sentence="8" number="23">6</token>
  <token t_id="181" sentence="8" number="24">,</token>
  <token t_id="182" sentence="8" number="25">Waldie</token>
  <token t_id="183" sentence="8" number="26">said</token>
  <token t_id="184" sentence="8" number="27">.</token>
  <token t_id="185" sentence="9" number="0">He</token>
  <token t_id="186" sentence="9" number="1">was</token>
  <token t_id="187" sentence="9" number="2">a</token>
  <token t_id="188" sentence="9" number="3">15</token>
  <token t_id="189" sentence="9" number="4">-</token>
  <token t_id="190" sentence="9" number="5">year</token>
  <token t_id="191" sentence="9" number="6">veteran</token>
  <token t_id="192" sentence="9" number="7">of</token>
  <token t_id="193" sentence="9" number="8">the</token>
  <token t_id="194" sentence="9" number="9">department</token>
  <token t_id="195" sentence="9" number="10">and</token>
  <token t_id="196" sentence="9" number="11">had</token>
  <token t_id="197" sentence="9" number="12">been</token>
  <token t_id="198" sentence="9" number="13">a</token>
  <token t_id="199" sentence="9" number="14">member</token>
  <token t_id="200" sentence="9" number="15">of</token>
  <token t_id="201" sentence="9" number="16">its</token>
  <token t_id="202" sentence="9" number="17">anti</token>
  <token t_id="203" sentence="9" number="18">-</token>
  <token t_id="204" sentence="9" number="19">gang</token>
  <token t_id="205" sentence="9" number="20">unit</token>
  <token t_id="206" sentence="9" number="21">for</token>
  <token t_id="207" sentence="9" number="22">the</token>
  <token t_id="208" sentence="9" number="23">past</token>
  <token t_id="209" sentence="9" number="24">five</token>
  <token t_id="210" sentence="9" number="25">years</token>
  <token t_id="211" sentence="9" number="26">.</token>
  <token t_id="212" sentence="10" number="0">Authorities</token>
  <token t_id="213" sentence="10" number="1">said</token>
  <token t_id="214" sentence="10" number="2">they</token>
  <token t_id="215" sentence="10" number="3">believe</token>
  <token t_id="216" sentence="10" number="4">they</token>
  <token t_id="217" sentence="10" number="5">know</token>
  <token t_id="218" sentence="10" number="6">the</token>
  <token t_id="219" sentence="10" number="7">identity</token>
  <token t_id="220" sentence="10" number="8">of</token>
  <token t_id="221" sentence="10" number="9">the</token>
  <token t_id="222" sentence="10" number="10">shooter</token>
  <token t_id="223" sentence="10" number="11">,</token>
  <token t_id="224" sentence="10" number="12">although</token>
  <token t_id="225" sentence="10" number="13">the</token>
  <token t_id="226" sentence="10" number="14">person</token>
  <token t_id="227" sentence="10" number="15">was</token>
  <token t_id="228" sentence="10" number="16">not</token>
  <token t_id="229" sentence="10" number="17">immediately</token>
  <token t_id="230" sentence="10" number="18">taken</token>
  <token t_id="231" sentence="10" number="19">into</token>
  <token t_id="232" sentence="10" number="20">custody</token>
  <token t_id="233" sentence="10" number="21">.</token>
  <token t_id="234" sentence="11" number="0">Deputies</token>
  <token t_id="235" sentence="11" number="1">cordoned</token>
  <token t_id="236" sentence="11" number="2">off</token>
  <token t_id="237" sentence="11" number="3">streets</token>
  <token t_id="238" sentence="11" number="4">in</token>
  <token t_id="239" sentence="11" number="5">the</token>
  <token t_id="240" sentence="11" number="6">neighborhood</token>
  <token t_id="241" sentence="11" number="7">and</token>
  <token t_id="242" sentence="11" number="8">were</token>
  <token t_id="243" sentence="11" number="9">searching</token>
  <token t_id="244" sentence="11" number="10">for</token>
  <token t_id="245" sentence="11" number="11">the</token>
  <token t_id="246" sentence="11" number="12">suspect</token>
  <token t_id="247" sentence="11" number="13">Friday</token>
  <token t_id="248" sentence="11" number="14">night</token>
  <token t_id="249" sentence="11" number="15">.</token>
  <token t_id="250" sentence="12" number="0">A</token>
  <token t_id="251" sentence="12" number="1">passer</token>
  <token t_id="252" sentence="12" number="2">-</token>
  <token t_id="253" sentence="12" number="3">by</token>
  <token t_id="254" sentence="12" number="4">who</token>
  <token t_id="255" sentence="12" number="5">found</token>
  <token t_id="256" sentence="12" number="6">the</token>
  <token t_id="257" sentence="12" number="7">wounded</token>
  <token t_id="258" sentence="12" number="8">deputy</token>
  <token t_id="259" sentence="12" number="9">shortly</token>
  <token t_id="260" sentence="12" number="10">after</token>
  <token t_id="261" sentence="12" number="11">3</token>
  <token t_id="262" sentence="12" number="12">p</token>
  <token t_id="263" sentence="12" number="13">.</token>
  <token t_id="264" sentence="12" number="14">m</token>
  <token t_id="265" sentence="12" number="15">.</token>
  <token t_id="266" sentence="12" number="16">called</token>
  <token t_id="267" sentence="12" number="17">the</token>
  <token t_id="268" sentence="12" number="18">Lakewood</token>
  <token t_id="269" sentence="12" number="19">sheriff</token>
  <token t_id="270" sentence="12" number="20">’</token>
  <token t_id="271" sentence="12" number="21">s</token>
  <token t_id="272" sentence="12" number="22">station</token>
  <token t_id="273" sentence="12" number="23">to</token>
  <token t_id="274" sentence="12" number="24">report</token>
  <token t_id="275" sentence="12" number="25">the</token>
  <token t_id="276" sentence="12" number="26">shooting</token>
  <token t_id="277" sentence="12" number="27">,</token>
  <token t_id="278" sentence="12" number="28">said</token>
  <token t_id="279" sentence="12" number="29">sheriff</token>
  <token t_id="280" sentence="12" number="30">’</token>
  <token t_id="281" sentence="12" number="31">s</token>
  <token t_id="282" sentence="12" number="32">Sgt</token>
  <token t_id="283" sentence="12" number="33">.</token>
  <token t_id="284" sentence="12" number="34">Vanette</token>
  <token t_id="285" sentence="12" number="35">Christiansen</token>
  <token t_id="286" sentence="12" number="36">.</token>
  <token t_id="287" sentence="13" number="0">“</token>
  <token t_id="288" sentence="13" number="1">Our</token>
  <token t_id="289" sentence="13" number="2">Lakewood</token>
  <token t_id="290" sentence="13" number="3">units</token>
  <token t_id="291" sentence="13" number="4">responded</token>
  <token t_id="292" sentence="13" number="5">out</token>
  <token t_id="293" sentence="13" number="6">and</token>
  <token t_id="294" sentence="13" number="7">in</token>
  <token t_id="295" sentence="13" number="8">fact</token>
  <token t_id="296" sentence="13" number="9">we</token>
  <token t_id="297" sentence="13" number="10">found</token>
  <token t_id="298" sentence="13" number="11">a</token>
  <token t_id="299" sentence="13" number="12">deputy</token>
  <token t_id="300" sentence="13" number="13">who</token>
  <token t_id="301" sentence="13" number="14">works</token>
  <token t_id="302" sentence="13" number="15">our</token>
  <token t_id="303" sentence="13" number="16">gang</token>
  <token t_id="304" sentence="13" number="17">enforcement</token>
  <token t_id="305" sentence="13" number="18">team</token>
  <token t_id="306" sentence="13" number="19">who</token>
  <token t_id="307" sentence="13" number="20">had</token>
  <token t_id="308" sentence="13" number="21">gunshot</token>
  <token t_id="309" sentence="13" number="22">wounds</token>
  <token t_id="310" sentence="13" number="23">,</token>
  <token t_id="311" sentence="13" number="24">”</token>
  <token t_id="312" sentence="13" number="25">she</token>
  <token t_id="313" sentence="13" number="26">said</token>
  <token t_id="314" sentence="13" number="27">.</token>
  <token t_id="315" sentence="14" number="0">Another</token>
  <token t_id="316" sentence="14" number="1">deputy</token>
  <token t_id="317" sentence="14" number="2">fell</token>
  <token t_id="318" sentence="14" number="3">and</token>
  <token t_id="319" sentence="14" number="4">suffered</token>
  <token t_id="320" sentence="14" number="5">a</token>
  <token t_id="321" sentence="14" number="6">minor</token>
  <token t_id="322" sentence="14" number="7">injury</token>
  <token t_id="323" sentence="14" number="8">responding</token>
  <token t_id="324" sentence="14" number="9">to</token>
  <token t_id="325" sentence="14" number="10">the</token>
  <token t_id="326" sentence="14" number="11">crime</token>
  <token t_id="327" sentence="14" number="12">scene</token>
  <token t_id="328" sentence="14" number="13">.</token>
  <Markables>
    <ACTION_OCCURRENCE m_id="31" comment="" climaxEvent="FALSE">
      <token_anchor t_id="60"/>
    </ACTION_OCCURRENCE>
    <ACTION_OCCURRENCE m_id="1" comment="" climaxEvent="FALSE">
      <token_anchor t_id="39"/>
    </ACTION_OCCURRENCE>
    <ACTION_OCCURRENCE m_id="2" comment="" climaxEvent="FALSE">
      <token_anchor t_id="47"/>
    </ACTION_OCCURRENCE>
    <ACTION_OCCURRENCE m_id="3" comment="" climaxEvent="FALSE">
      <token_anchor t_id="51"/>
    </ACTION_OCCURRENCE>
    <ACTION_OCCURRENCE m_id="4" comment="" climaxEvent="FALSE">
      <token_anchor t_id="104"/>
    </ACTION_OCCURRENCE>
    <ACTION_OCCURRENCE m_id="5" comment="" climaxEvent="FALSE">
      <token_anchor t_id="112"/>
      <token_anchor t_id="113"/>
    </ACTION_OCCURRENCE>
    <ACTION_OCCURRENCE m_id="6" comment="" climaxEvent="FALSE">
      <token_anchor t_id="22"/>
    </ACTION_OCCURRENCE>
    <ACTION_OCCURRENCE m_id="7" climaxEvent="TRUE" comment="">
      <token_anchor t_id="24"/>
    </ACTION_OCCURRENCE>
    <ACTION_REPORTING m_id="8">
      <token_anchor t_id="67"/>
    </ACTION_REPORTING>
    <ACTION_REPORTING m_id="9">
      <token_anchor t_id="108"/>
    </ACTION_REPORTING>
    <ACTION_REPORTING m_id="10">
      <token_anchor t_id="130"/>
    </ACTION_REPORTING>
    <HUMAN_PART_ORG m_id="11">
      <token_anchor t_id="45"/>
    </HUMAN_PART_ORG>
    <HUMAN_PART_PER m_id="12" comment="">
      <token_anchor t_id="102"/>
    </HUMAN_PART_PER>
    <HUMAN_PART_PER m_id="13" comment="">
      <token_anchor t_id="107"/>
    </HUMAN_PART_PER>
    <HUMAN_PART_PER m_id="14" comment="">
      <token_anchor t_id="111"/>
    </HUMAN_PART_PER>
    <HUMAN_PART_PER m_id="15" comment="">
      <token_anchor t_id="125"/>
    </HUMAN_PART_PER>
    <HUMAN_PART_PER m_id="16" comment="">
      <token_anchor t_id="129"/>
    </HUMAN_PART_PER>
    <HUMAN_PART_PER m_id="17" comment="">
      <token_anchor t_id="21"/>
    </HUMAN_PART_PER>
    <HUMAN_PART_PER m_id="18" comment="">
      <token_anchor t_id="38"/>
    </HUMAN_PART_PER>
    <HUMAN_PART_PER m_id="19" comment="">
      <token_anchor t_id="50"/>
    </HUMAN_PART_PER>
    <HUMAN_PART_PER m_id="20" comment="">
      <token_anchor t_id="61"/>
    </HUMAN_PART_PER>
    <HUMAN_PART_PER m_id="21" comment="">
      <token_anchor t_id="59"/>
    </HUMAN_PART_PER>
    <HUMAN_PART_PER m_id="22" comment="">
      <token_anchor t_id="66"/>
    </HUMAN_PART_PER>
    <LOC_FAC m_id="23">
      <token_anchor t_id="57"/>
    </LOC_FAC>
    <LOC_FAC m_id="24">
      <token_anchor t_id="118"/>
      <token_anchor t_id="119"/>
    </LOC_FAC>
    <LOC_OTHER m_id="25">
      <token_anchor t_id="62"/>
      <token_anchor t_id="63"/>
      <token_anchor t_id="64"/>
    </LOC_OTHER>
    <LOC_OTHER m_id="26">
      <token_anchor t_id="126"/>
    </LOC_OTHER>
    <NON_HUMAN_PART m_id="27" comment="">
      <token_anchor t_id="54"/>
    </NON_HUMAN_PART>
    <NON_HUMAN_PART m_id="28" comment="">
      <token_anchor t_id="123"/>
    </NON_HUMAN_PART>
    <TIME_DATE m_id="29" comment="" DCT="FALSE" value="2005-06-24" anchorTimeID="">
      <token_anchor t_id="48"/>
    </TIME_DATE>
    <TIME_DATE m_id="30" comment="" DCT="TRUE" value="2005-06-24" anchorTimeID="30">
      <token_anchor t_id="25"/>
      <token_anchor t_id="26"/>
      <token_anchor t_id="27"/>
      <token_anchor t_id="28"/>
    </TIME_DATE>
    <HUMAN_PART_PER m_id="32" RELATED_TO="" TAG_DESCRIPTOR="t15_ortiz" comment=""/>
    <LOC_FAC m_id="33" RELATED_TO="" TAG_DESCRIPTOR="t15_apartment"/>
    <NON_HUMAN_PART m_id="34" RELATED_TO="" TAG_DESCRIPTOR="t15_door" comment=""/>
    <ACTION_OCCURRENCE m_id="35" RELATED_TO="" TAG_DESCRIPTOR="t15_working_on_case" comment="" climaxEvent="FALSE"/>
    <HUMAN_PART_PER m_id="36" RELATED_TO="" TAG_DESCRIPTOR="t15_orozco" comment=""/>
    <TIME_DATE m_id="37" RELATED_TO="" TAG_DESCRIPTOR="t15_june_24" value="" anchorTimeID="" DCT="FALSE" comment=""/>
    <HUMAN_PART_PER m_id="38" RELATED_TO="" TAG_DESCRIPTOR="t15_waldie" comment=""/>
    <HUMAN_PART_PER m_id="39" RELATED_TO="" TAG_DESCRIPTOR="t15_authorities" comment=""/>
    <ACTION_REPORTING m_id="40" RELATED_TO="" TAG_DESCRIPTOR="t15_authorities_said"/>
    <ACTION_OCCURRENCE m_id="41" RELATED_TO="" TAG_DESCRIPTOR="t15_murder" comment="" climaxEvent="FALSE"/>
    <ACTION_REPORTING m_id="42" RELATED_TO="" TAG_DESCRIPTOR="t15_waldie_said"/>
    <ACTION_OCCURRENCE m_id="43" RELATED_TO="" TAG_DESCRIPTOR="t15_shot" comment="" climaxEvent="FALSE"/>
    <ACTION_OCCURRENCE m_id="44" RELATED_TO="" TAG_DESCRIPTOR="t15_knocking" comment="" climaxEvent="FALSE"/>
    <LOC_OTHER m_id="45" RELATED_TO="" TAG_DESCRIPTOR="t15_head"/>
  </Markables>
  <Relations>
    <TLINK r_id="102239" contextualModality="" relType="CONTAINS" comment="">
      <source m_id="3"/>
      <target m_id="31"/>
    </TLINK>
    <TLINK r_id="106815" contextualModality="" relType="CONTAINS" comment="">
      <source m_id="30"/>
      <target m_id="6"/>
    </TLINK>
    <TLINK r_id="106816" contextualModality="" relType="CONTAINS" comment="">
      <source m_id="30"/>
      <target m_id="7"/>
    </TLINK>
    <TLINK r_id="106817" contextualModality="" relType="CONTAINS" comment="">
      <source m_id="30"/>
      <target m_id="1"/>
    </TLINK>
    <TLINK r_id="106818" contextualModality="" relType="CONTAINS" comment="">
      <source m_id="30"/>
      <target m_id="2"/>
    </TLINK>
    <TLINK r_id="106819" contextualModality="" relType="CONTAINS" comment="">
      <source m_id="30"/>
      <target m_id="3"/>
    </TLINK>
    <TLINK r_id="106820" contextualModality="" relType="CONTAINS" comment="">
      <source m_id="30"/>
      <target m_id="31"/>
    </TLINK>
    <TLINK r_id="106821" contextualModality="" relType="CONTAINS" comment="">
      <source m_id="30"/>
      <target m_id="4"/>
    </TLINK>
    <TLINK r_id="106822" contextualModality="" relType="CONTAINS" comment="">
      <source m_id="30"/>
      <target m_id="5"/>
    </TLINK>
    <TLINK r_id="106823" contextualModality="" relType="CONTAINS" comment="">
      <source m_id="29"/>
      <target m_id="6"/>
    </TLINK>
    <TLINK r_id="106824" contextualModality="" relType="CONTAINS" comment="">
      <source m_id="29"/>
      <target m_id="7"/>
    </TLINK>
    <TLINK r_id="106825" contextualModality="" relType="CONTAINS" comment="">
      <source m_id="29"/>
      <target m_id="1"/>
    </TLINK>
    <TLINK r_id="106826" contextualModality="" relType="CONTAINS" comment="">
      <source m_id="29"/>
      <target m_id="2"/>
    </TLINK>
    <TLINK r_id="106827" contextualModality="" relType="CONTAINS" comment="">
      <source m_id="29"/>
      <target m_id="3"/>
    </TLINK>
    <TLINK r_id="106829" contextualModality="" relType="CONTAINS" comment="">
      <source m_id="29"/>
      <target m_id="4"/>
    </TLINK>
    <TLINK r_id="106830" contextualModality="" relType="CONTAINS" comment="">
      <source m_id="29"/>
      <target m_id="5"/>
    </TLINK>
    <PLOT_LINK r_id="106831" SIGNAL="" relType="PRECONDITION" CAUSES="FALSE" CAUSED_BY="FALSE">
      <source m_id="6"/>
      <target m_id="7"/>
    </PLOT_LINK>
    <PLOT_LINK r_id="106832" SIGNAL="" relType="PRECONDITION" CAUSES="FALSE" CAUSED_BY="FALSE">
      <source m_id="1"/>
      <target m_id="2"/>
    </PLOT_LINK>
    <PLOT_LINK r_id="106833" SIGNAL="" relType="FALLING_ACTION" CAUSES="FALSE" CAUSED_BY="FALSE">
      <source m_id="2"/>
      <target m_id="3"/>
    </PLOT_LINK>
    <PLOT_LINK r_id="106834" SIGNAL="" relType="FALLING_ACTION" CAUSES="FALSE" CAUSED_BY="FALSE">
      <source m_id="2"/>
      <target m_id="31"/>
    </PLOT_LINK>
    <PLOT_LINK r_id="106835" SIGNAL="" relType="PRECONDITION" CAUSES="FALSE" CAUSED_BY="FALSE">
      <source m_id="31"/>
      <target m_id="4"/>
    </PLOT_LINK>
    <PLOT_LINK r_id="106836" SIGNAL="" relType="FALLING_ACTION" CAUSES="FALSE" CAUSED_BY="FALSE">
      <source m_id="31"/>
      <target m_id="5"/>
    </PLOT_LINK>
  </Relations>
</Document>
