<?xml version='1.0' encoding='UTF-8'?>
<Document doc_name="37_13ecbplus.xml">
  <token t_id="1" sentence="0" number="0">http</token>
  <token t_id="2" sentence="0" number="1">:</token>
  <token t_id="3" sentence="0" number="2">/</token>
  <token t_id="4" sentence="0" number="3">/</token>
  <token t_id="5" sentence="0" number="4">www</token>
  <token t_id="6" sentence="0" number="5">.</token>
  <token t_id="7" sentence="0" number="6">thehindu</token>
  <token t_id="8" sentence="0" number="7">.</token>
  <token t_id="9" sentence="0" number="8">com</token>
  <token t_id="10" sentence="0" number="9">/</token>
  <token t_id="11" sentence="0" number="10">news</token>
  <token t_id="12" sentence="0" number="11">/</token>
  <token t_id="13" sentence="0" number="12">international</token>
  <token t_id="14" sentence="0" number="13">/</token>
  <token t_id="15" sentence="0" number="14">world</token>
  <token t_id="16" sentence="0" number="15">/</token>
  <token t_id="17" sentence="0" number="16">strong</token>
  <token t_id="18" sentence="0" number="17">-</token>
  <token t_id="19" sentence="0" number="18">earthquake</token>
  <token t_id="20" sentence="0" number="19">-</token>
  <token t_id="21" sentence="0" number="20">hits</token>
  <token t_id="22" sentence="0" number="21">-</token>
  <token t_id="23" sentence="0" number="22">indonesias</token>
  <token t_id="24" sentence="0" number="23">-</token>
  <token t_id="25" sentence="0" number="24">aceh</token>
  <token t_id="26" sentence="0" number="25">-</token>
  <token t_id="27" sentence="0" number="26">province</token>
  <token t_id="28" sentence="0" number="27">/</token>
  <token t_id="29" sentence="0" number="28">article4873164</token>
  <token t_id="30" sentence="0" number="29">.</token>
  <token t_id="31" sentence="0" number="30">ece</token>
  <token t_id="32" sentence="1" number="0">INDONESIA</token>
  <token t_id="33" sentence="1" number="1">,</token>
  <token t_id="34" sentence="1" number="2">July</token>
  <token t_id="35" sentence="1" number="3">2</token>
  <token t_id="36" sentence="1" number="4">,</token>
  <token t_id="37" sentence="1" number="5">2013</token>
  <token t_id="38" sentence="2" number="0">Updated</token>
  <token t_id="39" sentence="2" number="1">:</token>
  <token t_id="40" sentence="2" number="2">July</token>
  <token t_id="41" sentence="2" number="3">2</token>
  <token t_id="42" sentence="2" number="4">,</token>
  <token t_id="43" sentence="2" number="5">2013</token>
  <token t_id="44" sentence="2" number="6">15</token>
  <token t_id="45" sentence="2" number="7">:</token>
  <token t_id="46" sentence="2" number="8">01</token>
  <token t_id="47" sentence="2" number="9">IST</token>
  <token t_id="48" sentence="3" number="0">Strong</token>
  <token t_id="49" sentence="3" number="1">earthquake</token>
  <token t_id="50" sentence="3" number="2">hits</token>
  <token t_id="51" sentence="3" number="3">Indonesia's</token>
  <token t_id="52" sentence="3" number="4">Aceh</token>
  <token t_id="53" sentence="3" number="5">province</token>
  <token t_id="54" sentence="4" number="0">A</token>
  <token t_id="55" sentence="4" number="1">strong</token>
  <token t_id="56" sentence="4" number="2">earthquake</token>
  <token t_id="57" sentence="4" number="3">struck</token>
  <token t_id="58" sentence="4" number="4">off</token>
  <token t_id="59" sentence="4" number="5">Indonesia's</token>
  <token t_id="60" sentence="4" number="6">Aceh</token>
  <token t_id="61" sentence="4" number="7">province</token>
  <token t_id="62" sentence="4" number="8">on</token>
  <token t_id="63" sentence="4" number="9">Tuesday</token>
  <token t_id="64" sentence="4" number="10">,</token>
  <token t_id="65" sentence="4" number="11">damaging</token>
  <token t_id="66" sentence="4" number="12">houses</token>
  <token t_id="67" sentence="4" number="13">and</token>
  <token t_id="68" sentence="4" number="14">injuring</token>
  <token t_id="69" sentence="4" number="15">at</token>
  <token t_id="70" sentence="4" number="16">least</token>
  <token t_id="71" sentence="4" number="17">five</token>
  <token t_id="72" sentence="4" number="18">people</token>
  <token t_id="73" sentence="4" number="19">.</token>
  <token t_id="74" sentence="5" number="0">The</token>
  <token t_id="75" sentence="5" number="1">U</token>
  <token t_id="76" sentence="5" number="2">.</token>
  <token t_id="77" sentence="5" number="3">S</token>
  <token t_id="78" sentence="5" number="4">.</token>
  <token t_id="79" sentence="5" number="5">Geological</token>
  <token t_id="80" sentence="5" number="6">Survey</token>
  <token t_id="81" sentence="5" number="7">said</token>
  <token t_id="82" sentence="5" number="8">the</token>
  <token t_id="83" sentence="5" number="9">magnitude</token>
  <token t_id="84" sentence="5" number="10">6</token>
  <token t_id="85" sentence="5" number="11">.</token>
  <token t_id="86" sentence="5" number="12">1</token>
  <token t_id="87" sentence="5" number="13">quake</token>
  <token t_id="88" sentence="5" number="14">struck</token>
  <token t_id="89" sentence="5" number="15">at</token>
  <token t_id="90" sentence="5" number="16">a</token>
  <token t_id="91" sentence="5" number="17">depth</token>
  <token t_id="92" sentence="5" number="18">of</token>
  <token t_id="93" sentence="5" number="19">10</token>
  <token t_id="94" sentence="5" number="20">kilometers</token>
  <token t_id="95" sentence="5" number="21">(</token>
  <token t_id="96" sentence="5" number="22">6</token>
  <token t_id="97" sentence="5" number="23">miles</token>
  <token t_id="98" sentence="5" number="24">)</token>
  <token t_id="99" sentence="5" number="25">and</token>
  <token t_id="100" sentence="5" number="26">its</token>
  <token t_id="101" sentence="5" number="27">epicenter</token>
  <token t_id="102" sentence="5" number="28">was</token>
  <token t_id="103" sentence="5" number="29">located</token>
  <token t_id="104" sentence="5" number="30">55</token>
  <token t_id="105" sentence="5" number="31">kilometers</token>
  <token t_id="106" sentence="5" number="32">(</token>
  <token t_id="107" sentence="5" number="33">34</token>
  <token t_id="108" sentence="5" number="34">miles</token>
  <token t_id="109" sentence="5" number="35">)</token>
  <token t_id="110" sentence="5" number="36">west</token>
  <token t_id="111" sentence="5" number="37">of</token>
  <token t_id="112" sentence="5" number="38">the</token>
  <token t_id="113" sentence="5" number="39">town</token>
  <token t_id="114" sentence="5" number="40">of</token>
  <token t_id="115" sentence="5" number="41">Bireun</token>
  <token t_id="116" sentence="5" number="42">on</token>
  <token t_id="117" sentence="5" number="43">the</token>
  <token t_id="118" sentence="5" number="44">western</token>
  <token t_id="119" sentence="5" number="45">tip</token>
  <token t_id="120" sentence="5" number="46">of</token>
  <token t_id="121" sentence="5" number="47">Sumatra</token>
  <token t_id="122" sentence="5" number="48">island</token>
  <token t_id="123" sentence="5" number="49">.</token>
  <token t_id="124" sentence="6" number="0">At</token>
  <token t_id="125" sentence="6" number="1">least</token>
  <token t_id="126" sentence="6" number="2">five</token>
  <token t_id="127" sentence="6" number="3">people</token>
  <token t_id="128" sentence="6" number="4">were</token>
  <token t_id="129" sentence="6" number="5">reportedly</token>
  <token t_id="130" sentence="6" number="6">injured</token>
  <token t_id="131" sentence="6" number="7">and</token>
  <token t_id="132" sentence="6" number="8">10</token>
  <token t_id="133" sentence="6" number="9">houses</token>
  <token t_id="134" sentence="6" number="10">were</token>
  <token t_id="135" sentence="6" number="11">damaged</token>
  <token t_id="136" sentence="6" number="12">in</token>
  <token t_id="137" sentence="6" number="13">Takengon</token>
  <token t_id="138" sentence="6" number="14">,</token>
  <token t_id="139" sentence="6" number="15">the</token>
  <token t_id="140" sentence="6" number="16">capital</token>
  <token t_id="141" sentence="6" number="17">of</token>
  <token t_id="142" sentence="6" number="18">Central</token>
  <token t_id="143" sentence="6" number="19">Aceh</token>
  <token t_id="144" sentence="6" number="20">district</token>
  <token t_id="145" sentence="6" number="21">,</token>
  <token t_id="146" sentence="6" number="22">said</token>
  <token t_id="147" sentence="6" number="23">Sutopo</token>
  <token t_id="148" sentence="6" number="24">Purwo</token>
  <token t_id="149" sentence="6" number="25">Nugroho</token>
  <token t_id="150" sentence="6" number="26">of</token>
  <token t_id="151" sentence="6" number="27">the</token>
  <token t_id="152" sentence="6" number="28">National</token>
  <token t_id="153" sentence="6" number="29">Disaster</token>
  <token t_id="154" sentence="6" number="30">Mitigation</token>
  <token t_id="155" sentence="6" number="31">Agency</token>
  <token t_id="156" sentence="6" number="32">.</token>
  <token t_id="157" sentence="7" number="0">"I</token>
  <token t_id="158" sentence="7" number="1">see</token>
  <token t_id="159" sentence="7" number="2">many</token>
  <token t_id="160" sentence="7" number="3">houses</token>
  <token t_id="161" sentence="7" number="4">were</token>
  <token t_id="162" sentence="7" number="5">damages</token>
  <token t_id="163" sentence="7" number="6">and</token>
  <token t_id="164" sentence="7" number="7">their</token>
  <token t_id="165" sentence="7" number="8">roofs</token>
  <token t_id="166" sentence="7" number="9">fell</token>
  <token t_id="167" sentence="7" number="10">onto</token>
  <token t_id="168" sentence="7" number="11">some</token>
  <token t_id="169" sentence="7" number="12">people</token>
  <token t_id="170" sentence="7" number="13">,</token>
  <token t_id="171" sentence="7" number="14">"</token>
  <token t_id="172" sentence="7" number="15">said</token>
  <token t_id="173" sentence="7" number="16">Bensu</token>
  <token t_id="174" sentence="7" number="17">Elianita</token>
  <token t_id="175" sentence="7" number="18">,</token>
  <token t_id="176" sentence="7" number="19">a</token>
  <token t_id="177" sentence="7" number="20">22</token>
  <token t_id="178" sentence="7" number="21">year</token>
  <token t_id="179" sentence="7" number="22">-</token>
  <token t_id="180" sentence="7" number="23">old</token>
  <token t_id="181" sentence="7" number="24">resident</token>
  <token t_id="182" sentence="7" number="25">in</token>
  <token t_id="183" sentence="7" number="26">Bukit</token>
  <token t_id="184" sentence="7" number="27">Sama</token>
  <token t_id="185" sentence="7" number="28">village</token>
  <token t_id="186" sentence="7" number="29">in</token>
  <token t_id="187" sentence="7" number="30">Central</token>
  <token t_id="188" sentence="7" number="31">Aceh</token>
  <token t_id="189" sentence="7" number="32">district</token>
  <token t_id="190" sentence="7" number="33">.</token>
  <token t_id="191" sentence="8" number="0">"Many</token>
  <token t_id="192" sentence="8" number="1">people</token>
  <token t_id="193" sentence="8" number="2">were</token>
  <token t_id="194" sentence="8" number="3">injured</token>
  <token t_id="195" sentence="8" number="4">but</token>
  <token t_id="196" sentence="8" number="5">it</token>
  <token t_id="197" sentence="8" number="6">is</token>
  <token t_id="198" sentence="8" number="7">difficult</token>
  <token t_id="199" sentence="8" number="8">to</token>
  <token t_id="200" sentence="8" number="9">evacuate</token>
  <token t_id="201" sentence="8" number="10">them</token>
  <token t_id="202" sentence="8" number="11">due</token>
  <token t_id="203" sentence="8" number="12">to</token>
  <token t_id="204" sentence="8" number="13">traffic</token>
  <token t_id="205" sentence="8" number="14">jams</token>
  <token t_id="206" sentence="8" number="15">.</token>
  <token t_id="207" sentence="8" number="16">"</token>
  <token t_id="208" sentence="9" number="0">She</token>
  <token t_id="209" sentence="9" number="1">said</token>
  <token t_id="210" sentence="9" number="2">many</token>
  <token t_id="211" sentence="9" number="3">people</token>
  <token t_id="212" sentence="9" number="4">in</token>
  <token t_id="213" sentence="9" number="5">the</token>
  <token t_id="214" sentence="9" number="6">village</token>
  <token t_id="215" sentence="9" number="7">ran</token>
  <token t_id="216" sentence="9" number="8">out</token>
  <token t_id="217" sentence="9" number="9">from</token>
  <token t_id="218" sentence="9" number="10">their</token>
  <token t_id="219" sentence="9" number="11">houses</token>
  <token t_id="220" sentence="9" number="12">in</token>
  <token t_id="221" sentence="9" number="13">panic</token>
  <token t_id="222" sentence="9" number="14">and</token>
  <token t_id="223" sentence="9" number="15">screamed</token>
  <token t_id="224" sentence="9" number="16">for</token>
  <token t_id="225" sentence="9" number="17">help</token>
  <token t_id="226" sentence="9" number="18">.</token>
  <token t_id="227" sentence="10" number="0">At</token>
  <token t_id="228" sentence="10" number="1">least</token>
  <token t_id="229" sentence="10" number="2">two</token>
  <token t_id="230" sentence="10" number="3">houses</token>
  <token t_id="231" sentence="10" number="4">were</token>
  <token t_id="232" sentence="10" number="5">totally</token>
  <token t_id="233" sentence="10" number="6">flattened</token>
  <token t_id="234" sentence="10" number="7">,</token>
  <token t_id="235" sentence="10" number="8">she</token>
  <token t_id="236" sentence="10" number="9">said</token>
  <token t_id="237" sentence="10" number="10">,</token>
  <token t_id="238" sentence="10" number="11">adding</token>
  <token t_id="239" sentence="10" number="12">that</token>
  <token t_id="240" sentence="10" number="13">the</token>
  <token t_id="241" sentence="10" number="14">quake</token>
  <token t_id="242" sentence="10" number="15">also</token>
  <token t_id="243" sentence="10" number="16">caused</token>
  <token t_id="244" sentence="10" number="17">blackout</token>
  <token t_id="245" sentence="10" number="18">in</token>
  <token t_id="246" sentence="10" number="19">the</token>
  <token t_id="247" sentence="10" number="20">village</token>
  <token t_id="248" sentence="10" number="21">.</token>
  <token t_id="249" sentence="11" number="0">Indonesia</token>
  <token t_id="250" sentence="11" number="1">is</token>
  <token t_id="251" sentence="11" number="2">prone</token>
  <token t_id="252" sentence="11" number="3">to</token>
  <token t_id="253" sentence="11" number="4">seismic</token>
  <token t_id="254" sentence="11" number="5">upheaval</token>
  <token t_id="255" sentence="11" number="6">due</token>
  <token t_id="256" sentence="11" number="7">to</token>
  <token t_id="257" sentence="11" number="8">its</token>
  <token t_id="258" sentence="11" number="9">location</token>
  <token t_id="259" sentence="11" number="10">on</token>
  <token t_id="260" sentence="11" number="11">the</token>
  <token t_id="261" sentence="11" number="12">Pacific</token>
  <token t_id="262" sentence="11" number="13">Ring</token>
  <token t_id="263" sentence="11" number="14">of</token>
  <token t_id="264" sentence="11" number="15">Fire</token>
  <token t_id="265" sentence="11" number="16">,</token>
  <token t_id="266" sentence="11" number="17">an</token>
  <token t_id="267" sentence="11" number="18">arc</token>
  <token t_id="268" sentence="11" number="19">of</token>
  <token t_id="269" sentence="11" number="20">volcanoes</token>
  <token t_id="270" sentence="11" number="21">and</token>
  <token t_id="271" sentence="11" number="22">fault</token>
  <token t_id="272" sentence="11" number="23">lines</token>
  <token t_id="273" sentence="11" number="24">encircling</token>
  <token t_id="274" sentence="11" number="25">the</token>
  <token t_id="275" sentence="11" number="26">Pacific</token>
  <token t_id="276" sentence="11" number="27">Ocean</token>
  <token t_id="277" sentence="11" number="28">.</token>
  <token t_id="278" sentence="12" number="0">In</token>
  <token t_id="279" sentence="12" number="1">2004</token>
  <token t_id="280" sentence="12" number="2">,</token>
  <token t_id="281" sentence="12" number="3">a</token>
  <token t_id="282" sentence="12" number="4">huge</token>
  <token t_id="283" sentence="12" number="5">earthquake</token>
  <token t_id="284" sentence="12" number="6">off</token>
  <token t_id="285" sentence="12" number="7">Aceh</token>
  <token t_id="286" sentence="12" number="8">triggered</token>
  <token t_id="287" sentence="12" number="9">a</token>
  <token t_id="288" sentence="12" number="10">tsunami</token>
  <token t_id="289" sentence="12" number="11">that</token>
  <token t_id="290" sentence="12" number="12">killed</token>
  <token t_id="291" sentence="12" number="13">230</token>
  <token t_id="292" sentence="12" number="14">,</token>
  <token t_id="293" sentence="12" number="15">000</token>
  <token t_id="294" sentence="12" number="16">people</token>
  <token t_id="295" sentence="12" number="17">across</token>
  <token t_id="296" sentence="12" number="18">Asia</token>
  <token t_id="297" sentence="12" number="19">.</token>
  <Markables>
    <ACTION_CAUSATIVE m_id="1">
      <token_anchor t_id="286"/>
    </ACTION_CAUSATIVE>
    <ACTION_OCCURRENCE m_id="2" climaxEvent="TRUE" comment="">
      <token_anchor t_id="49"/>
    </ACTION_OCCURRENCE>
    <ACTION_OCCURRENCE m_id="3" climaxEvent="FALSE" comment="">
      <token_anchor t_id="50"/>
    </ACTION_OCCURRENCE>
    <ACTION_OCCURRENCE m_id="4" climaxEvent="TRUE" comment="">
      <token_anchor t_id="56"/>
    </ACTION_OCCURRENCE>
    <ACTION_OCCURRENCE m_id="5" climaxEvent="FALSE" comment="">
      <token_anchor t_id="65"/>
    </ACTION_OCCURRENCE>
    <ACTION_OCCURRENCE m_id="6" climaxEvent="FALSE" comment="">
      <token_anchor t_id="57"/>
    </ACTION_OCCURRENCE>
    <ACTION_OCCURRENCE m_id="7" climaxEvent="FALSE" comment="">
      <token_anchor t_id="68"/>
    </ACTION_OCCURRENCE>
    <ACTION_OCCURRENCE m_id="8" climaxEvent="FALSE" comment="">
      <token_anchor t_id="283"/>
    </ACTION_OCCURRENCE>
    <ACTION_OCCURRENCE m_id="9" climaxEvent="FALSE" comment="">
      <token_anchor t_id="88"/>
    </ACTION_OCCURRENCE>
    <ACTION_OCCURRENCE m_id="10" climaxEvent="FALSE" comment="">
      <token_anchor t_id="290"/>
    </ACTION_OCCURRENCE>
    <ACTION_OCCURRENCE m_id="11" climaxEvent="FALSE" comment="">
      <token_anchor t_id="130"/>
    </ACTION_OCCURRENCE>
    <ACTION_OCCURRENCE m_id="12" climaxEvent="FALSE" comment="">
      <token_anchor t_id="135"/>
    </ACTION_OCCURRENCE>
    <ACTION_OCCURRENCE m_id="13" climaxEvent="FALSE" comment="">
      <token_anchor t_id="288"/>
    </ACTION_OCCURRENCE>
    <ACTION_OCCURRENCE m_id="14" climaxEvent="FALSE" comment="">
      <token_anchor t_id="162"/>
    </ACTION_OCCURRENCE>
    <ACTION_OCCURRENCE m_id="15" climaxEvent="FALSE" comment="">
      <token_anchor t_id="166"/>
      <token_anchor t_id="167"/>
    </ACTION_OCCURRENCE>
    <ACTION_OCCURRENCE m_id="16" climaxEvent="FALSE" comment="">
      <token_anchor t_id="194"/>
    </ACTION_OCCURRENCE>
    <ACTION_OCCURRENCE m_id="17" climaxEvent="FALSE" comment="">
      <token_anchor t_id="83"/>
      <token_anchor t_id="84"/>
      <token_anchor t_id="85"/>
      <token_anchor t_id="86"/>
      <token_anchor t_id="87"/>
    </ACTION_OCCURRENCE>
    <ACTION_OCCURRENCE m_id="18" climaxEvent="FALSE" comment="">
      <token_anchor t_id="200"/>
    </ACTION_OCCURRENCE>
    <ACTION_OCCURRENCE m_id="19" climaxEvent="FALSE" comment="TC: non consistent annotation - 'it' not annotated in 14ecbplus">
      <token_anchor t_id="100"/>
    </ACTION_OCCURRENCE>
    <ACTION_OCCURRENCE m_id="20" climaxEvent="FALSE" comment="">
      <token_anchor t_id="204"/>
      <token_anchor t_id="205"/>
    </ACTION_OCCURRENCE>
    <ACTION_PERCEPTION m_id="21">
      <token_anchor t_id="158"/>
    </ACTION_PERCEPTION>
    <ACTION_REPORTING m_id="22">
      <token_anchor t_id="81"/>
    </ACTION_REPORTING>
    <ACTION_REPORTING m_id="23">
      <token_anchor t_id="146"/>
    </ACTION_REPORTING>
    <ACTION_REPORTING m_id="24">
      <token_anchor t_id="172"/>
    </ACTION_REPORTING>
    <ACTION_STATE m_id="25" climaxEvent="FALSE" comment="">
      <token_anchor t_id="198"/>
    </ACTION_STATE>
    <ACTION_STATE m_id="26" climaxEvent="FALSE" comment="">
      <token_anchor t_id="91"/>
      <token_anchor t_id="92"/>
      <token_anchor t_id="93"/>
      <token_anchor t_id="94"/>
      <token_anchor t_id="95"/>
      <token_anchor t_id="96"/>
      <token_anchor t_id="97"/>
      <token_anchor t_id="98"/>
    </ACTION_STATE>
    <ACTION_STATE m_id="27" climaxEvent="FALSE" comment="">
      <token_anchor t_id="103"/>
    </ACTION_STATE>
    <HUMAN_PART_ORG m_id="29">
      <token_anchor t_id="75"/>
      <token_anchor t_id="76"/>
      <token_anchor t_id="77"/>
      <token_anchor t_id="78"/>
      <token_anchor t_id="79"/>
      <token_anchor t_id="80"/>
    </HUMAN_PART_ORG>
    <HUMAN_PART_ORG m_id="28">
      <token_anchor t_id="152"/>
      <token_anchor t_id="153"/>
      <token_anchor t_id="154"/>
      <token_anchor t_id="155"/>
    </HUMAN_PART_ORG>
    <HUMAN_PART_PER m_id="30" comment="">
      <token_anchor t_id="291"/>
      <token_anchor t_id="292"/>
      <token_anchor t_id="293"/>
      <token_anchor t_id="294"/>
    </HUMAN_PART_PER>
    <HUMAN_PART_PER m_id="31" comment="">
      <token_anchor t_id="192"/>
    </HUMAN_PART_PER>
    <HUMAN_PART_PER m_id="32" comment="">
      <token_anchor t_id="201"/>
    </HUMAN_PART_PER>
    <HUMAN_PART_PER m_id="33" comment="">
      <token_anchor t_id="173"/>
      <token_anchor t_id="174"/>
    </HUMAN_PART_PER>
    <HUMAN_PART_PER m_id="34" comment="">
      <token_anchor t_id="181"/>
    </HUMAN_PART_PER>
    <HUMAN_PART_PER m_id="35" comment="">
      <token_anchor t_id="169"/>
    </HUMAN_PART_PER>
    <HUMAN_PART_PER m_id="36" comment="">
      <token_anchor t_id="127"/>
    </HUMAN_PART_PER>
    <HUMAN_PART_PER m_id="37" comment="">
      <token_anchor t_id="147"/>
      <token_anchor t_id="148"/>
      <token_anchor t_id="149"/>
    </HUMAN_PART_PER>
    <HUMAN_PART_PER m_id="38" comment="">
      <token_anchor t_id="71"/>
      <token_anchor t_id="72"/>
    </HUMAN_PART_PER>
    <HUMAN_PART_PER m_id="39" comment="">
      <token_anchor t_id="157"/>
    </HUMAN_PART_PER>
    <LOC_FAC m_id="40">
      <token_anchor t_id="160"/>
    </LOC_FAC>
    <LOC_FAC m_id="41">
      <token_anchor t_id="66"/>
    </LOC_FAC>
    <LOC_FAC m_id="42">
      <token_anchor t_id="132"/>
      <token_anchor t_id="133"/>
    </LOC_FAC>
    <LOC_GEO m_id="43" comment="">
      <token_anchor t_id="295"/>
      <token_anchor t_id="296"/>
    </LOC_GEO>
    <LOC_GEO m_id="44" comment="">
      <token_anchor t_id="51"/>
      <token_anchor t_id="52"/>
      <token_anchor t_id="53"/>
    </LOC_GEO>
    <LOC_GEO m_id="45" comment="">
      <token_anchor t_id="58"/>
      <token_anchor t_id="59"/>
      <token_anchor t_id="60"/>
      <token_anchor t_id="61"/>
    </LOC_GEO>
    <LOC_GEO m_id="46" comment="">
      <token_anchor t_id="104"/>
      <token_anchor t_id="105"/>
      <token_anchor t_id="106"/>
      <token_anchor t_id="107"/>
      <token_anchor t_id="108"/>
      <token_anchor t_id="109"/>
      <token_anchor t_id="110"/>
      <token_anchor t_id="111"/>
      <token_anchor t_id="112"/>
      <token_anchor t_id="113"/>
      <token_anchor t_id="114"/>
      <token_anchor t_id="115"/>
      <token_anchor t_id="116"/>
      <token_anchor t_id="117"/>
      <token_anchor t_id="118"/>
      <token_anchor t_id="119"/>
      <token_anchor t_id="120"/>
      <token_anchor t_id="121"/>
      <token_anchor t_id="122"/>
    </LOC_GEO>
    <LOC_GEO m_id="47" comment="">
      <token_anchor t_id="136"/>
      <token_anchor t_id="137"/>
      <token_anchor t_id="138"/>
      <token_anchor t_id="139"/>
      <token_anchor t_id="140"/>
      <token_anchor t_id="141"/>
      <token_anchor t_id="142"/>
      <token_anchor t_id="143"/>
      <token_anchor t_id="144"/>
    </LOC_GEO>
    <LOC_GEO m_id="48" comment="">
      <token_anchor t_id="284"/>
      <token_anchor t_id="285"/>
    </LOC_GEO>
    <LOC_GEO m_id="49" comment="">
      <token_anchor t_id="182"/>
      <token_anchor t_id="183"/>
      <token_anchor t_id="184"/>
      <token_anchor t_id="185"/>
      <token_anchor t_id="186"/>
      <token_anchor t_id="187"/>
      <token_anchor t_id="188"/>
      <token_anchor t_id="189"/>
    </LOC_GEO>
    <NON_HUMAN_PART m_id="50" comment="">
      <token_anchor t_id="165"/>
    </NON_HUMAN_PART>
    <NON_HUMAN_PART m_id="51" comment="">
      <token_anchor t_id="101"/>
    </NON_HUMAN_PART>
    <TIME_DATE m_id="52" comment="" DCT="FALSE" value="2013-07-02" anchorTimeID="53">
      <token_anchor t_id="62"/>
      <token_anchor t_id="63"/>
    </TIME_DATE>
    <TIME_DATE m_id="53" comment="" DCT="TRUE" value="2013-07-02" anchorTimeID="">
      <token_anchor t_id="34"/>
      <token_anchor t_id="35"/>
      <token_anchor t_id="36"/>
      <token_anchor t_id="37"/>
    </TIME_DATE>
    <TIME_DATE m_id="54" comment="" DCT="FALSE" value="2004" anchorTimeID="">
      <token_anchor t_id="278"/>
      <token_anchor t_id="279"/>
    </TIME_DATE>
    <TIME_OF_THE_DAY m_id="55" DCT="FALSE" value="2013-07-02T09:31UTC" anchorTimeID="55">
      <token_anchor t_id="40"/>
      <token_anchor t_id="41"/>
      <token_anchor t_id="42"/>
      <token_anchor t_id="43"/>
      <token_anchor t_id="44"/>
      <token_anchor t_id="45"/>
      <token_anchor t_id="46"/>
      <token_anchor t_id="47"/>
    </TIME_OF_THE_DAY>
    <NON_HUMAN_PART m_id="56" RELATED_TO="" TAG_DESCRIPTOR="t37_epicenter" comment=""/>
    <ACTION_OCCURRENCE m_id="57" RELATED_TO="" TAG_DESCRIPTOR="t37b_04_quake" climaxEvent="FALSE" comment=""/>
    <ACTION_REPORTING m_id="58" RELATED_TO="" TAG_DESCRIPTOR="t37_usgs_said"/>
    <ACTION_OCCURRENCE m_id="59" RELATED_TO="" TAG_DESCRIPTOR="t37_injured_dozens" climaxEvent="FALSE" comment=""/>
    <LOC_GEO m_id="60" RELATED_TO="" TAG_DESCRIPTOR="t37_epicenter_loc" comment=""/>
    <ACTION_OCCURRENCE m_id="61" RELATED_TO="" TAG_DESCRIPTOR="t37_aceh_earthquake" climaxEvent="FALSE" comment=""/>
    <TIME_DATE m_id="62" RELATED_TO="" TAG_DESCRIPTOR="t37_2004" comment="" DCT="FALSE" value="" anchorTimeID=""/>
    <ACTION_OCCURRENCE m_id="63" RELATED_TO="" TAG_DESCRIPTOR="t37_damaged_buildings" climaxEvent="FALSE" comment=""/>
    <HUMAN_PART_ORG m_id="64" RELATED_TO="" TAG_DESCRIPTOR="t37_USGS"/>
    <TIME_DATE m_id="65" RELATED_TO="" TAG_DESCRIPTOR="t37_tue_2_jul" comment="" DCT="FALSE" value="" anchorTimeID=""/>
    <LOC_FAC m_id="66" RELATED_TO="" TAG_DESCRIPTOR="t37_collapsed_buildings"/>
    <ACTION_OCCURRENCE m_id="67" RELATED_TO="" TAG_DESCRIPTOR="t37_earthquake_struck" climaxEvent="FALSE" comment=""/>
    <HUMAN_PART_PER m_id="68" RELATED_TO="" TAG_DESCRIPTOR="t37_50_people_injured" comment=""/>
    <LOC_GEO m_id="69" RELATED_TO="" TAG_DESCRIPTOR="t37_aceh_province" comment=""/>
    <ACTION_CAUSATIVE m_id="70" RELATED_TO="" TAG_DESCRIPTOR="t37_caused_by_2004quake"/>
  </Markables>
  <Relations>
    <LOCATION_LINK r_id="90571">
      <source m_id="2"/>
      <target m_id="44"/>
    </LOCATION_LINK>
    <LOCATION_LINK r_id="90572">
      <source m_id="3"/>
      <target m_id="44"/>
    </LOCATION_LINK>
    <LOCATION_LINK r_id="90573">
      <source m_id="4"/>
      <target m_id="45"/>
    </LOCATION_LINK>
    <LOCATION_LINK r_id="90574">
      <source m_id="6"/>
      <target m_id="45"/>
    </LOCATION_LINK>
    <LOCATION_LINK r_id="90575">
      <source m_id="5"/>
      <target m_id="45"/>
    </LOCATION_LINK>
    <LOCATION_LINK r_id="90576">
      <source m_id="7"/>
      <target m_id="45"/>
    </LOCATION_LINK>
    <LOCATION_LINK r_id="90577">
      <source m_id="17"/>
      <target m_id="45"/>
    </LOCATION_LINK>
    <LOCATION_LINK r_id="90578">
      <source m_id="9"/>
      <target m_id="45"/>
    </LOCATION_LINK>
    <LOCATION_LINK r_id="90579">
      <source m_id="27"/>
      <target m_id="46"/>
    </LOCATION_LINK>
    <LOCATION_LINK r_id="90580">
      <source m_id="19"/>
      <target m_id="46"/>
    </LOCATION_LINK>
    <LOCATION_LINK r_id="90581">
      <source m_id="11"/>
      <target m_id="47"/>
    </LOCATION_LINK>
    <LOCATION_LINK r_id="90582">
      <source m_id="12"/>
      <target m_id="47"/>
    </LOCATION_LINK>
    <LOCATION_LINK r_id="90583">
      <source m_id="14"/>
      <target m_id="49"/>
    </LOCATION_LINK>
    <LOCATION_LINK r_id="90584">
      <source m_id="15"/>
      <target m_id="49"/>
    </LOCATION_LINK>
    <LOCATION_LINK r_id="90585">
      <source m_id="24"/>
      <target m_id="49"/>
    </LOCATION_LINK>
    <LOCATION_LINK r_id="90586">
      <source m_id="16"/>
      <target m_id="49"/>
    </LOCATION_LINK>
    <LOCATION_LINK r_id="90587">
      <source m_id="18"/>
      <target m_id="49"/>
    </LOCATION_LINK>
    <LOCATION_LINK r_id="90588">
      <source m_id="20"/>
      <target m_id="49"/>
    </LOCATION_LINK>
    <LOCATION_LINK r_id="90589">
      <source m_id="8"/>
      <target m_id="48"/>
    </LOCATION_LINK>
    <LOCATION_LINK r_id="90590">
      <source m_id="10"/>
      <target m_id="43"/>
    </LOCATION_LINK>
    <LOCATION_LINK r_id="90591">
      <source m_id="13"/>
      <target m_id="43"/>
    </LOCATION_LINK>
    <TLINK r_id="90592" contextualModality="ACT" relType="CONTAINS" comment="">
      <source m_id="52"/>
      <target m_id="2"/>
    </TLINK>
    <TLINK r_id="90593" contextualModality="ACT" relType="CONTAINS" comment="">
      <source m_id="52"/>
      <target m_id="3"/>
    </TLINK>
    <TLINK r_id="90594" contextualModality="ACT" relType="CONTAINS" comment="">
      <source m_id="52"/>
      <target m_id="4"/>
    </TLINK>
    <TLINK r_id="90595" contextualModality="ACT" relType="CONTAINS" comment="">
      <source m_id="52"/>
      <target m_id="6"/>
    </TLINK>
    <TLINK r_id="90596" contextualModality="ACT" relType="CONTAINS" comment="">
      <source m_id="52"/>
      <target m_id="5"/>
    </TLINK>
    <TLINK r_id="90597" contextualModality="ACT" relType="CONTAINS" comment="">
      <source m_id="52"/>
      <target m_id="7"/>
    </TLINK>
    <TLINK r_id="90598" contextualModality="ACT" relType="CONTAINS" comment="">
      <source m_id="52"/>
      <target m_id="22"/>
    </TLINK>
    <TLINK r_id="90599" contextualModality="ACT" relType="CONTAINS" comment="">
      <source m_id="52"/>
      <target m_id="17"/>
    </TLINK>
    <TLINK r_id="90600" contextualModality="ACT" relType="CONTAINS" comment="">
      <source m_id="52"/>
      <target m_id="9"/>
    </TLINK>
    <TLINK r_id="90601" contextualModality="ACT" relType="CONTAINS" comment="">
      <source m_id="52"/>
      <target m_id="19"/>
    </TLINK>
    <TLINK r_id="90602" contextualModality="ACT" relType="CONTAINS" comment="">
      <source m_id="52"/>
      <target m_id="27"/>
    </TLINK>
    <TLINK r_id="90603" contextualModality="ACT" relType="CONTAINS" comment="">
      <source m_id="52"/>
      <target m_id="11"/>
    </TLINK>
    <TLINK r_id="90604" contextualModality="ACT" relType="CONTAINS" comment="">
      <source m_id="52"/>
      <target m_id="12"/>
    </TLINK>
    <TLINK r_id="90605" contextualModality="ACT" relType="CONTAINS" comment="">
      <source m_id="52"/>
      <target m_id="23"/>
    </TLINK>
    <TLINK r_id="90606" contextualModality="ACT" relType="CONTAINS" comment="">
      <source m_id="52"/>
      <target m_id="14"/>
    </TLINK>
    <TLINK r_id="90607" contextualModality="ACT" relType="CONTAINS" comment="">
      <source m_id="52"/>
      <target m_id="15"/>
    </TLINK>
    <TLINK r_id="90608" contextualModality="ACT" relType="CONTAINS" comment="">
      <source m_id="52"/>
      <target m_id="24"/>
    </TLINK>
    <TLINK r_id="90609" contextualModality="ACT" relType="CONTAINS" comment="">
      <source m_id="52"/>
      <target m_id="16"/>
    </TLINK>
    <TLINK r_id="90610" contextualModality="ACT" relType="CONTAINS" comment="">
      <source m_id="52"/>
      <target m_id="18"/>
    </TLINK>
    <TLINK r_id="90611" contextualModality="ACT" relType="CONTAINS" comment="">
      <source m_id="52"/>
      <target m_id="20"/>
    </TLINK>
    <TLINK r_id="90612" contextualModality="ACT" relType="CONTAINS" comment="">
      <source m_id="54"/>
      <target m_id="8"/>
    </TLINK>
    <TLINK r_id="90613" contextualModality="ACT" relType="CONTAINS" comment="">
      <source m_id="54"/>
      <target m_id="13"/>
    </TLINK>
    <TLINK r_id="90614" contextualModality="ACT" relType="CONTAINS" comment="">
      <source m_id="54"/>
      <target m_id="10"/>
    </TLINK>
    <LOCATION_LINK r_id="90752">
      <source m_id="52"/>
      <target m_id="2"/>
    </LOCATION_LINK>
    <TLINK r_id="90762" contextualModality="" relType="AFTER" comment="">
      <source m_id="53"/>
      <target m_id="2"/>
    </TLINK>
    <TLINK r_id="90763" contextualModality="" relType="AFTER" comment="">
      <source m_id="53"/>
      <target m_id="3"/>
    </TLINK>
    <TLINK r_id="90764" contextualModality="" relType="AFTER" comment="">
      <source m_id="53"/>
      <target m_id="4"/>
    </TLINK>
    <TLINK r_id="90765" contextualModality="" relType="AFTER" comment="">
      <source m_id="53"/>
      <target m_id="6"/>
    </TLINK>
    <TLINK r_id="90766" contextualModality="" relType="AFTER" comment="">
      <source m_id="53"/>
      <target m_id="5"/>
    </TLINK>
    <TLINK r_id="90768" contextualModality="" relType="AFTER" comment="">
      <source m_id="53"/>
      <target m_id="17"/>
    </TLINK>
    <TLINK r_id="90769" contextualModality="" relType="AFTER" comment="">
      <source m_id="53"/>
      <target m_id="9"/>
    </TLINK>
    <TLINK r_id="90770" contextualModality="" relType="AFTER" comment="">
      <source m_id="53"/>
      <target m_id="11"/>
    </TLINK>
    <TLINK r_id="90771" contextualModality="" relType="AFTER" comment="">
      <source m_id="53"/>
      <target m_id="12"/>
    </TLINK>
    <TLINK r_id="90772" contextualModality="" relType="AFTER" comment="">
      <source m_id="53"/>
      <target m_id="14"/>
    </TLINK>
    <TLINK r_id="90773" contextualModality="" relType="AFTER" comment="">
      <source m_id="53"/>
      <target m_id="15"/>
    </TLINK>
    <TLINK r_id="90774" contextualModality="" relType="AFTER" comment="">
      <source m_id="53"/>
      <target m_id="16"/>
    </TLINK>
    <TLINK r_id="90776" contextualModality="" relType="AFTER" comment="">
      <source m_id="53"/>
      <target m_id="15"/>
    </TLINK>
    <TLINK r_id="90777" contextualModality="" relType="AFTER" comment="">
      <source m_id="53"/>
      <target m_id="16"/>
    </TLINK>
    <TLINK r_id="90778" contextualModality="" relType="OVERLAP" comment="">
      <source m_id="53"/>
      <target m_id="18"/>
    </TLINK>
    <TLINK r_id="90779" contextualModality="" relType="OVERLAP" comment="">
      <source m_id="53"/>
      <target m_id="20"/>
    </TLINK>
    <TLINK r_id="90780" contextualModality="" relType="AFTER" comment="">
      <source m_id="53"/>
      <target m_id="8"/>
    </TLINK>
    <TLINK r_id="90781" contextualModality="" relType="AFTER" comment="">
      <source m_id="53"/>
      <target m_id="13"/>
    </TLINK>
    <TLINK r_id="90782" contextualModality="" relType="AFTER" comment="">
      <source m_id="53"/>
      <target m_id="10"/>
    </TLINK>
    <PLOT_LINK r_id="91001" SIGNAL="" relType="PRECONDITION" CAUSES="FALSE" CAUSED_BY="FALSE">
      <source m_id="4"/>
      <target m_id="5"/>
    </PLOT_LINK>
    <PLOT_LINK r_id="91002">
      <source m_id="4"/>
      <target m_id="7"/>
    </PLOT_LINK>
    <PLOT_LINK r_id="91003" SIGNAL="" relType="PRECONDITION" CAUSES="FALSE" CAUSED_BY="FALSE">
      <source m_id="17"/>
      <target m_id="11"/>
    </PLOT_LINK>
    <PLOT_LINK r_id="91004" SIGNAL="" relType="PRECONDITION" CAUSES="FALSE" CAUSED_BY="FALSE">
      <source m_id="17"/>
      <target m_id="12"/>
    </PLOT_LINK>
    <PLOT_LINK r_id="91005" SIGNAL="" relType="PRECONDITION" CAUSES="FALSE" CAUSED_BY="FALSE">
      <source m_id="17"/>
      <target m_id="14"/>
    </PLOT_LINK>
    <PLOT_LINK r_id="91006" SIGNAL="" relType="PRECONDITION" CAUSES="FALSE" CAUSED_BY="FALSE">
      <source m_id="17"/>
      <target m_id="16"/>
    </PLOT_LINK>
    <PLOT_LINK r_id="91007" SIGNAL="1" relType="PRECONDITION" CAUSES="TRUE" CAUSED_BY="FALSE">
      <source m_id="8"/>
      <target m_id="13"/>
    </PLOT_LINK>
    <PLOT_LINK r_id="91008" SIGNAL="" relType="PRECONDITION" CAUSES="FALSE" CAUSED_BY="FALSE">
      <source m_id="13"/>
      <target m_id="10"/>
    </PLOT_LINK>
  </Relations>
</Document>
