<?xml version='1.0' encoding='UTF-8'?>
<Document doc_name="37_14ecbplus.xml">
  <token t_id="1" sentence="0" number="0">http</token>
  <token t_id="2" sentence="0" number="1">:</token>
  <token t_id="3" sentence="0" number="2">/</token>
  <token t_id="4" sentence="0" number="3">/</token>
  <token t_id="5" sentence="0" number="4">www</token>
  <token t_id="6" sentence="0" number="5">.</token>
  <token t_id="7" sentence="0" number="6">sunstar</token>
  <token t_id="8" sentence="0" number="7">.</token>
  <token t_id="9" sentence="0" number="8">com</token>
  <token t_id="10" sentence="0" number="9">.</token>
  <token t_id="11" sentence="0" number="10">ph</token>
  <token t_id="12" sentence="0" number="11">/</token>
  <token t_id="13" sentence="0" number="12">breaking</token>
  <token t_id="14" sentence="0" number="13">-</token>
  <token t_id="15" sentence="0" number="14">news</token>
  <token t_id="16" sentence="0" number="15">/</token>
  <token t_id="17" sentence="0" number="16">2013</token>
  <token t_id="18" sentence="0" number="17">/</token>
  <token t_id="19" sentence="0" number="18">07</token>
  <token t_id="20" sentence="0" number="19">/</token>
  <token t_id="21" sentence="0" number="20">02</token>
  <token t_id="22" sentence="0" number="21">/</token>
  <token t_id="23" sentence="0" number="22">magnitude</token>
  <token t_id="24" sentence="0" number="23">-</token>
  <token t_id="25" sentence="0" number="24">61</token>
  <token t_id="26" sentence="0" number="25">-</token>
  <token t_id="27" sentence="0" number="26">quake</token>
  <token t_id="28" sentence="0" number="27">-</token>
  <token t_id="29" sentence="0" number="28">hits</token>
  <token t_id="30" sentence="0" number="29">-</token>
  <token t_id="31" sentence="0" number="30">indonesia</token>
  <token t_id="32" sentence="0" number="31">-</token>
  <token t_id="33" sentence="0" number="32">1</token>
  <token t_id="34" sentence="0" number="33">-</token>
  <token t_id="35" sentence="0" number="34">dead</token>
  <token t_id="36" sentence="0" number="35">-</token>
  <token t_id="37" sentence="0" number="36">290335</token>
  <token t_id="38" sentence="1" number="0">Magnitude</token>
  <token t_id="39" sentence="1" number="1">-</token>
  <token t_id="40" sentence="1" number="2">6</token>
  <token t_id="41" sentence="1" number="3">.</token>
  <token t_id="42" sentence="1" number="4">1</token>
  <token t_id="43" sentence="1" number="5">quake</token>
  <token t_id="44" sentence="1" number="6">hits</token>
  <token t_id="45" sentence="1" number="7">Indonesia</token>
  <token t_id="46" sentence="1" number="8">;</token>
  <token t_id="47" sentence="1" number="9">1</token>
  <token t_id="48" sentence="1" number="10">dead</token>
  <token t_id="49" sentence="2" number="0">Tuesday</token>
  <token t_id="50" sentence="2" number="1">,</token>
  <token t_id="51" sentence="2" number="2">July</token>
  <token t_id="52" sentence="2" number="3">2</token>
  <token t_id="53" sentence="2" number="4">,</token>
  <token t_id="54" sentence="2" number="5">2013</token>
  <token t_id="55" sentence="3" number="0">A</token>
  <token t_id="56" sentence="3" number="1">strong</token>
  <token t_id="57" sentence="3" number="2">earthquake</token>
  <token t_id="58" sentence="3" number="3">struck</token>
  <token t_id="59" sentence="3" number="4">Indonesia's</token>
  <token t_id="60" sentence="3" number="5">Aceh</token>
  <token t_id="61" sentence="3" number="6">province</token>
  <token t_id="62" sentence="3" number="7">on</token>
  <token t_id="63" sentence="3" number="8">Tuesday</token>
  <token t_id="64" sentence="3" number="9">,</token>
  <token t_id="65" sentence="3" number="10">killing</token>
  <token t_id="66" sentence="3" number="11">at</token>
  <token t_id="67" sentence="3" number="12">least</token>
  <token t_id="68" sentence="3" number="13">one</token>
  <token t_id="69" sentence="3" number="14">person</token>
  <token t_id="70" sentence="3" number="15">and</token>
  <token t_id="71" sentence="3" number="16">leaving</token>
  <token t_id="72" sentence="3" number="17">two</token>
  <token t_id="73" sentence="3" number="18">others</token>
  <token t_id="74" sentence="3" number="19">missing</token>
  <token t_id="75" sentence="3" number="20">.</token>
  <token t_id="76" sentence="4" number="0">Many</token>
  <token t_id="77" sentence="4" number="1">houses</token>
  <token t_id="78" sentence="4" number="2">were</token>
  <token t_id="79" sentence="4" number="3">damaged</token>
  <token t_id="80" sentence="4" number="4">and</token>
  <token t_id="81" sentence="4" number="5">dozens</token>
  <token t_id="82" sentence="4" number="6">of</token>
  <token t_id="83" sentence="4" number="7">villagers</token>
  <token t_id="84" sentence="4" number="8">were</token>
  <token t_id="85" sentence="4" number="9">injured</token>
  <token t_id="86" sentence="4" number="10">.</token>
  <token t_id="87" sentence="5" number="0">The</token>
  <token t_id="88" sentence="5" number="1">magnitude</token>
  <token t_id="89" sentence="5" number="2">-</token>
  <token t_id="90" sentence="5" number="3">6</token>
  <token t_id="91" sentence="5" number="4">.</token>
  <token t_id="92" sentence="5" number="5">1</token>
  <token t_id="93" sentence="5" number="6">quake</token>
  <token t_id="94" sentence="5" number="7">struck</token>
  <token t_id="95" sentence="5" number="8">at</token>
  <token t_id="96" sentence="5" number="9">a</token>
  <token t_id="97" sentence="5" number="10">depth</token>
  <token t_id="98" sentence="5" number="11">of</token>
  <token t_id="99" sentence="5" number="12">just</token>
  <token t_id="100" sentence="5" number="13">10</token>
  <token t_id="101" sentence="5" number="14">kilometers</token>
  <token t_id="102" sentence="5" number="15">(</token>
  <token t_id="103" sentence="5" number="16">six</token>
  <token t_id="104" sentence="5" number="17">miles</token>
  <token t_id="105" sentence="5" number="18">)</token>
  <token t_id="106" sentence="5" number="19">and</token>
  <token t_id="107" sentence="5" number="20">its</token>
  <token t_id="108" sentence="5" number="21">epicenter</token>
  <token t_id="109" sentence="5" number="22">was</token>
  <token t_id="110" sentence="5" number="23">located</token>
  <token t_id="111" sentence="5" number="24">55</token>
  <token t_id="112" sentence="5" number="25">kilometers</token>
  <token t_id="113" sentence="5" number="26">(</token>
  <token t_id="114" sentence="5" number="27">34</token>
  <token t_id="115" sentence="5" number="28">miles</token>
  <token t_id="116" sentence="5" number="29">)</token>
  <token t_id="117" sentence="5" number="30">west</token>
  <token t_id="118" sentence="5" number="31">of</token>
  <token t_id="119" sentence="5" number="32">the</token>
  <token t_id="120" sentence="5" number="33">town</token>
  <token t_id="121" sentence="5" number="34">of</token>
  <token t_id="122" sentence="5" number="35">Bireun</token>
  <token t_id="123" sentence="5" number="36">on</token>
  <token t_id="124" sentence="5" number="37">the</token>
  <token t_id="125" sentence="5" number="38">western</token>
  <token t_id="126" sentence="5" number="39">tip</token>
  <token t_id="127" sentence="5" number="40">of</token>
  <token t_id="128" sentence="5" number="41">Sumatra</token>
  <token t_id="129" sentence="5" number="42">island</token>
  <token t_id="130" sentence="5" number="43">,</token>
  <token t_id="131" sentence="5" number="44">the</token>
  <token t_id="132" sentence="5" number="45">US</token>
  <token t_id="133" sentence="5" number="46">Geological</token>
  <token t_id="134" sentence="5" number="47">Survey</token>
  <token t_id="135" sentence="5" number="48">said</token>
  <token t_id="136" sentence="5" number="49">.</token>
  <token t_id="137" sentence="6" number="0">The</token>
  <token t_id="138" sentence="6" number="1">worst</token>
  <token t_id="139" sentence="6" number="2">-</token>
  <token t_id="140" sentence="6" number="3">hit</token>
  <token t_id="141" sentence="6" number="4">area</token>
  <token t_id="142" sentence="6" number="5">was</token>
  <token t_id="143" sentence="6" number="6">the</token>
  <token t_id="144" sentence="6" number="7">district</token>
  <token t_id="145" sentence="6" number="8">of</token>
  <token t_id="146" sentence="6" number="9">Bener</token>
  <token t_id="147" sentence="6" number="10">Meriah</token>
  <token t_id="148" sentence="6" number="11">,</token>
  <token t_id="149" sentence="6" number="12">where</token>
  <token t_id="150" sentence="6" number="13">the</token>
  <token t_id="151" sentence="6" number="14">quake</token>
  <token t_id="152" sentence="6" number="15">caused</token>
  <token t_id="153" sentence="6" number="16">a</token>
  <token t_id="154" sentence="6" number="17">landslide</token>
  <token t_id="155" sentence="6" number="18">that</token>
  <token t_id="156" sentence="6" number="19">killed</token>
  <token t_id="157" sentence="6" number="20">a</token>
  <token t_id="158" sentence="6" number="21">man</token>
  <token t_id="159" sentence="6" number="22">and</token>
  <token t_id="160" sentence="6" number="23">left</token>
  <token t_id="161" sentence="6" number="24">his</token>
  <token t_id="162" sentence="6" number="25">wife</token>
  <token t_id="163" sentence="6" number="26">and</token>
  <token t_id="164" sentence="6" number="27">a</token>
  <token t_id="165" sentence="6" number="28">young</token>
  <token t_id="166" sentence="6" number="29">boy</token>
  <token t_id="167" sentence="6" number="30">missing</token>
  <token t_id="168" sentence="6" number="31">,</token>
  <token t_id="169" sentence="6" number="32">said</token>
  <token t_id="170" sentence="6" number="33">Fauzi</token>
  <token t_id="171" sentence="6" number="34">,</token>
  <token t_id="172" sentence="6" number="35">an</token>
  <token t_id="173" sentence="6" number="36">official</token>
  <token t_id="174" sentence="6" number="37">of</token>
  <token t_id="175" sentence="6" number="38">the</token>
  <token t_id="176" sentence="6" number="39">local</token>
  <token t_id="177" sentence="6" number="40">disaster</token>
  <token t_id="178" sentence="6" number="41">agency</token>
  <token t_id="179" sentence="6" number="42">.</token>
  <token t_id="180" sentence="7" number="0">"Dozens</token>
  <token t_id="181" sentence="7" number="1">of</token>
  <token t_id="182" sentence="7" number="2">people</token>
  <token t_id="183" sentence="7" number="3">were</token>
  <token t_id="184" sentence="7" number="4">injured</token>
  <token t_id="185" sentence="7" number="5">and</token>
  <token t_id="186" sentence="7" number="6">are</token>
  <token t_id="187" sentence="7" number="7">being</token>
  <token t_id="188" sentence="7" number="8">treated</token>
  <token t_id="189" sentence="7" number="9">at</token>
  <token t_id="190" sentence="7" number="10">three</token>
  <token t_id="191" sentence="7" number="11">hospitals</token>
  <token t_id="192" sentence="7" number="12">,</token>
  <token t_id="193" sentence="7" number="13">"</token>
  <token t_id="194" sentence="7" number="14">said</token>
  <token t_id="195" sentence="7" number="15">Fauzi</token>
  <token t_id="196" sentence="7" number="16">,</token>
  <token t_id="197" sentence="7" number="17">who</token>
  <token t_id="198" sentence="7" number="18">like</token>
  <token t_id="199" sentence="7" number="19">many</token>
  <token t_id="200" sentence="7" number="20">Indonesians</token>
  <token t_id="201" sentence="7" number="21">uses</token>
  <token t_id="202" sentence="7" number="22">a</token>
  <token t_id="203" sentence="7" number="23">single</token>
  <token t_id="204" sentence="7" number="24">name</token>
  <token t_id="205" sentence="7" number="25">.</token>
  <token t_id="206" sentence="8" number="0">He</token>
  <token t_id="207" sentence="8" number="1">said</token>
  <token t_id="208" sentence="8" number="2">at</token>
  <token t_id="209" sentence="8" number="3">least</token>
  <token t_id="210" sentence="8" number="4">22</token>
  <token t_id="211" sentence="8" number="5">houses</token>
  <token t_id="212" sentence="8" number="6">were</token>
  <token t_id="213" sentence="8" number="7">badly</token>
  <token t_id="214" sentence="8" number="8">damaged</token>
  <token t_id="215" sentence="8" number="9">in</token>
  <token t_id="216" sentence="8" number="10">the</token>
  <token t_id="217" sentence="8" number="11">district</token>
  <token t_id="218" sentence="8" number="12">.</token>
  <token t_id="219" sentence="9" number="0">At</token>
  <token t_id="220" sentence="9" number="1">least</token>
  <token t_id="221" sentence="9" number="2">five</token>
  <token t_id="222" sentence="9" number="3">people</token>
  <token t_id="223" sentence="9" number="4">were</token>
  <token t_id="224" sentence="9" number="5">reportedly</token>
  <token t_id="225" sentence="9" number="6">injured</token>
  <token t_id="226" sentence="9" number="7">and</token>
  <token t_id="227" sentence="9" number="8">10</token>
  <token t_id="228" sentence="9" number="9">houses</token>
  <token t_id="229" sentence="9" number="10">were</token>
  <token t_id="230" sentence="9" number="11">damaged</token>
  <token t_id="231" sentence="9" number="12">in</token>
  <token t_id="232" sentence="9" number="13">Takengon</token>
  <token t_id="233" sentence="9" number="14">,</token>
  <token t_id="234" sentence="9" number="15">the</token>
  <token t_id="235" sentence="9" number="16">capital</token>
  <token t_id="236" sentence="9" number="17">of</token>
  <token t_id="237" sentence="9" number="18">Central</token>
  <token t_id="238" sentence="9" number="19">Aceh</token>
  <token t_id="239" sentence="9" number="20">district</token>
  <token t_id="240" sentence="9" number="21">,</token>
  <token t_id="241" sentence="9" number="22">said</token>
  <token t_id="242" sentence="9" number="23">Sutopo</token>
  <token t_id="243" sentence="9" number="24">Purwo</token>
  <token t_id="244" sentence="9" number="25">Nugroho</token>
  <token t_id="245" sentence="9" number="26">of</token>
  <token t_id="246" sentence="9" number="27">the</token>
  <token t_id="247" sentence="9" number="28">National</token>
  <token t_id="248" sentence="9" number="29">Disaster</token>
  <token t_id="249" sentence="9" number="30">Mitigation</token>
  <token t_id="250" sentence="9" number="31">Agency</token>
  <token t_id="251" sentence="9" number="32">.</token>
  <token t_id="252" sentence="10" number="0">"I</token>
  <token t_id="253" sentence="10" number="1">see</token>
  <token t_id="254" sentence="10" number="2">many</token>
  <token t_id="255" sentence="10" number="3">houses</token>
  <token t_id="256" sentence="10" number="4">were</token>
  <token t_id="257" sentence="10" number="5">damaged</token>
  <token t_id="258" sentence="10" number="6">and</token>
  <token t_id="259" sentence="10" number="7">their</token>
  <token t_id="260" sentence="10" number="8">roofs</token>
  <token t_id="261" sentence="10" number="9">fell</token>
  <token t_id="262" sentence="10" number="10">onto</token>
  <token t_id="263" sentence="10" number="11">some</token>
  <token t_id="264" sentence="10" number="12">people</token>
  <token t_id="265" sentence="10" number="13">,</token>
  <token t_id="266" sentence="10" number="14">"</token>
  <token t_id="267" sentence="10" number="15">said</token>
  <token t_id="268" sentence="10" number="16">Bensu</token>
  <token t_id="269" sentence="10" number="17">Elianita</token>
  <token t_id="270" sentence="10" number="18">,</token>
  <token t_id="271" sentence="10" number="19">a</token>
  <token t_id="272" sentence="10" number="20">22</token>
  <token t_id="273" sentence="10" number="21">-</token>
  <token t_id="274" sentence="10" number="22">year</token>
  <token t_id="275" sentence="10" number="23">-</token>
  <token t_id="276" sentence="10" number="24">old</token>
  <token t_id="277" sentence="10" number="25">resident</token>
  <token t_id="278" sentence="10" number="26">in</token>
  <token t_id="279" sentence="10" number="27">Bukit</token>
  <token t_id="280" sentence="10" number="28">Sama</token>
  <token t_id="281" sentence="10" number="29">village</token>
  <token t_id="282" sentence="10" number="30">in</token>
  <token t_id="283" sentence="10" number="31">Central</token>
  <token t_id="284" sentence="10" number="32">Aceh</token>
  <token t_id="285" sentence="10" number="33">district</token>
  <token t_id="286" sentence="10" number="34">.</token>
  <token t_id="287" sentence="11" number="0">"Many</token>
  <token t_id="288" sentence="11" number="1">people</token>
  <token t_id="289" sentence="11" number="2">were</token>
  <token t_id="290" sentence="11" number="3">injured</token>
  <token t_id="291" sentence="11" number="4">,</token>
  <token t_id="292" sentence="11" number="5">but</token>
  <token t_id="293" sentence="11" number="6">it</token>
  <token t_id="294" sentence="11" number="7">is</token>
  <token t_id="295" sentence="11" number="8">difficult</token>
  <token t_id="296" sentence="11" number="9">to</token>
  <token t_id="297" sentence="11" number="10">evacuate</token>
  <token t_id="298" sentence="11" number="11">them</token>
  <token t_id="299" sentence="11" number="12">due</token>
  <token t_id="300" sentence="11" number="13">to</token>
  <token t_id="301" sentence="11" number="14">traffic</token>
  <token t_id="302" sentence="11" number="15">jams</token>
  <token t_id="303" sentence="11" number="16">.</token>
  <token t_id="304" sentence="11" number="17">"</token>
  <token t_id="305" sentence="12" number="0">She</token>
  <token t_id="306" sentence="12" number="1">said</token>
  <token t_id="307" sentence="12" number="2">people</token>
  <token t_id="308" sentence="12" number="3">in</token>
  <token t_id="309" sentence="12" number="4">the</token>
  <token t_id="310" sentence="12" number="5">village</token>
  <token t_id="311" sentence="12" number="6">ran</token>
  <token t_id="312" sentence="12" number="7">out</token>
  <token t_id="313" sentence="12" number="8">from</token>
  <token t_id="314" sentence="12" number="9">their</token>
  <token t_id="315" sentence="12" number="10">houses</token>
  <token t_id="316" sentence="12" number="11">in</token>
  <token t_id="317" sentence="12" number="12">panic</token>
  <token t_id="318" sentence="12" number="13">and</token>
  <token t_id="319" sentence="12" number="14">screamed</token>
  <token t_id="320" sentence="12" number="15">for</token>
  <token t_id="321" sentence="12" number="16">help</token>
  <token t_id="322" sentence="12" number="17">.</token>
  <token t_id="323" sentence="13" number="0">At</token>
  <token t_id="324" sentence="13" number="1">least</token>
  <token t_id="325" sentence="13" number="2">two</token>
  <token t_id="326" sentence="13" number="3">homes</token>
  <token t_id="327" sentence="13" number="4">were</token>
  <token t_id="328" sentence="13" number="5">totally</token>
  <token t_id="329" sentence="13" number="6">flattened</token>
  <token t_id="330" sentence="13" number="7">,</token>
  <token t_id="331" sentence="13" number="8">she</token>
  <token t_id="332" sentence="13" number="9">said</token>
  <token t_id="333" sentence="13" number="10">,</token>
  <token t_id="334" sentence="13" number="11">adding</token>
  <token t_id="335" sentence="13" number="12">that</token>
  <token t_id="336" sentence="13" number="13">the</token>
  <token t_id="337" sentence="13" number="14">quake</token>
  <token t_id="338" sentence="13" number="15">also</token>
  <token t_id="339" sentence="13" number="16">caused</token>
  <token t_id="340" sentence="13" number="17">a</token>
  <token t_id="341" sentence="13" number="18">blackout</token>
  <token t_id="342" sentence="13" number="19">in</token>
  <token t_id="343" sentence="13" number="20">the</token>
  <token t_id="344" sentence="13" number="21">village</token>
  <token t_id="345" sentence="13" number="22">.</token>
  <token t_id="346" sentence="14" number="0">The</token>
  <token t_id="347" sentence="14" number="1">quake</token>
  <token t_id="348" sentence="14" number="2">also</token>
  <token t_id="349" sentence="14" number="3">caused</token>
  <token t_id="350" sentence="14" number="4">panic</token>
  <token t_id="351" sentence="14" number="5">among</token>
  <token t_id="352" sentence="14" number="6">officials</token>
  <token t_id="353" sentence="14" number="7">attending</token>
  <token t_id="354" sentence="14" number="8">a</token>
  <token t_id="355" sentence="14" number="9">meeting</token>
  <token t_id="356" sentence="14" number="10">of</token>
  <token t_id="357" sentence="14" number="11">the</token>
  <token t_id="358" sentence="14" number="12">Asia</token>
  <token t_id="359" sentence="14" number="13">Pacific</token>
  <token t_id="360" sentence="14" number="14">Economic</token>
  <token t_id="361" sentence="14" number="15">Cooperation</token>
  <token t_id="362" sentence="14" number="16">in</token>
  <token t_id="363" sentence="14" number="17">Medan</token>
  <token t_id="364" sentence="14" number="18">,</token>
  <token t_id="365" sentence="14" number="19">the</token>
  <token t_id="366" sentence="14" number="20">capital</token>
  <token t_id="367" sentence="14" number="21">of</token>
  <token t_id="368" sentence="14" number="22">neighboring</token>
  <token t_id="369" sentence="14" number="23">North</token>
  <token t_id="370" sentence="14" number="24">Sumatra</token>
  <token t_id="371" sentence="14" number="25">province</token>
  <token t_id="372" sentence="14" number="26">.</token>
  <token t_id="373" sentence="15" number="0">The</token>
  <token t_id="374" sentence="15" number="1">officials</token>
  <token t_id="375" sentence="15" number="2">were</token>
  <token t_id="376" sentence="15" number="3">escorted</token>
  <token t_id="377" sentence="15" number="4">from</token>
  <token t_id="378" sentence="15" number="5">the</token>
  <token t_id="379" sentence="15" number="6">second</token>
  <token t_id="380" sentence="15" number="7">-</token>
  <token t_id="381" sentence="15" number="8">floor</token>
  <token t_id="382" sentence="15" number="9">meeting</token>
  <token t_id="383" sentence="15" number="10">room</token>
  <token t_id="384" sentence="15" number="11">by</token>
  <token t_id="385" sentence="15" number="12">security</token>
  <token t_id="386" sentence="15" number="13">officers</token>
  <token t_id="387" sentence="15" number="14">.</token>
  <token t_id="388" sentence="16" number="0">Indonesia</token>
  <token t_id="389" sentence="16" number="1">is</token>
  <token t_id="390" sentence="16" number="2">prone</token>
  <token t_id="391" sentence="16" number="3">to</token>
  <token t_id="392" sentence="16" number="4">seismic</token>
  <token t_id="393" sentence="16" number="5">upheaval</token>
  <token t_id="394" sentence="16" number="6">due</token>
  <token t_id="395" sentence="16" number="7">to</token>
  <token t_id="396" sentence="16" number="8">its</token>
  <token t_id="397" sentence="16" number="9">location</token>
  <token t_id="398" sentence="16" number="10">on</token>
  <token t_id="399" sentence="16" number="11">the</token>
  <token t_id="400" sentence="16" number="12">Pacific</token>
  <token t_id="401" sentence="16" number="13">Ring</token>
  <token t_id="402" sentence="16" number="14">of</token>
  <token t_id="403" sentence="16" number="15">Fire</token>
  <token t_id="404" sentence="16" number="16">,</token>
  <token t_id="405" sentence="16" number="17">an</token>
  <token t_id="406" sentence="16" number="18">arc</token>
  <token t_id="407" sentence="16" number="19">of</token>
  <token t_id="408" sentence="16" number="20">volcanoes</token>
  <token t_id="409" sentence="16" number="21">and</token>
  <token t_id="410" sentence="16" number="22">fault</token>
  <token t_id="411" sentence="16" number="23">lines</token>
  <token t_id="412" sentence="16" number="24">encircling</token>
  <token t_id="413" sentence="16" number="25">the</token>
  <token t_id="414" sentence="16" number="26">Pacific</token>
  <token t_id="415" sentence="16" number="27">Ocean</token>
  <token t_id="416" sentence="16" number="28">.</token>
  <token t_id="417" sentence="17" number="0">In</token>
  <token t_id="418" sentence="17" number="1">2004</token>
  <token t_id="419" sentence="17" number="2">,</token>
  <token t_id="420" sentence="17" number="3">a</token>
  <token t_id="421" sentence="17" number="4">huge</token>
  <token t_id="422" sentence="17" number="5">earthquake</token>
  <token t_id="423" sentence="17" number="6">off</token>
  <token t_id="424" sentence="17" number="7">Aceh</token>
  <token t_id="425" sentence="17" number="8">triggered</token>
  <token t_id="426" sentence="17" number="9">a</token>
  <token t_id="427" sentence="17" number="10">tsunami</token>
  <token t_id="428" sentence="17" number="11">that</token>
  <token t_id="429" sentence="17" number="12">killed</token>
  <token t_id="430" sentence="17" number="13">230</token>
  <token t_id="431" sentence="17" number="14">,</token>
  <token t_id="432" sentence="17" number="15">000</token>
  <token t_id="433" sentence="17" number="16">people</token>
  <token t_id="434" sentence="17" number="17">across</token>
  <token t_id="435" sentence="17" number="18">Asia</token>
  <token t_id="436" sentence="17" number="19">.</token>
  <Markables>
    <ACTION_CAUSATIVE m_id="1">
      <token_anchor t_id="425"/>
    </ACTION_CAUSATIVE>
    <ACTION_OCCURRENCE m_id="2" climaxEvent="FALSE" comment="TC: coref missing - not annotated">
      <token_anchor t_id="110"/>
    </ACTION_OCCURRENCE>
    <ACTION_OCCURRENCE m_id="3" climaxEvent="FALSE" comment="TC: coref missing - not annotated">
      <token_anchor t_id="427"/>
    </ACTION_OCCURRENCE>
    <ACTION_OCCURRENCE m_id="4" climaxEvent="FALSE" comment="">
      <token_anchor t_id="58"/>
    </ACTION_OCCURRENCE>
    <ACTION_OCCURRENCE m_id="5" climaxEvent="FALSE" comment="">
      <token_anchor t_id="79"/>
    </ACTION_OCCURRENCE>
    <ACTION_OCCURRENCE m_id="6" climaxEvent="FALSE" comment="">
      <token_anchor t_id="85"/>
    </ACTION_OCCURRENCE>
    <ACTION_OCCURRENCE m_id="7" climaxEvent="FALSE" comment="">
      <token_anchor t_id="65"/>
    </ACTION_OCCURRENCE>
    <ACTION_OCCURRENCE m_id="8" climaxEvent="FALSE" comment="">
      <token_anchor t_id="94"/>
    </ACTION_OCCURRENCE>
    <ACTION_OCCURRENCE m_id="9" climaxEvent="FALSE" comment="">
      <token_anchor t_id="257"/>
    </ACTION_OCCURRENCE>
    <ACTION_OCCURRENCE m_id="10" climaxEvent="FALSE" comment="">
      <token_anchor t_id="311"/>
    </ACTION_OCCURRENCE>
    <ACTION_OCCURRENCE m_id="11" climaxEvent="FALSE" comment="">
      <token_anchor t_id="261"/>
      <token_anchor t_id="262"/>
    </ACTION_OCCURRENCE>
    <ACTION_OCCURRENCE m_id="12" climaxEvent="FALSE" comment="TC: annotation span to be changed">
      <token_anchor t_id="319"/>
      <token_anchor t_id="320"/>
      <token_anchor t_id="321"/>
    </ACTION_OCCURRENCE>
    <ACTION_OCCURRENCE m_id="13" climaxEvent="FALSE" comment="">
      <token_anchor t_id="301"/>
      <token_anchor t_id="302"/>
    </ACTION_OCCURRENCE>
    <ACTION_OCCURRENCE m_id="14" climaxEvent="FALSE" comment="">
      <token_anchor t_id="297"/>
    </ACTION_OCCURRENCE>
    <ACTION_OCCURRENCE m_id="15" climaxEvent="FALSE" comment="">
      <token_anchor t_id="290"/>
    </ACTION_OCCURRENCE>
    <ACTION_OCCURRENCE m_id="16" climaxEvent="TRUE" comment="">
      <token_anchor t_id="38"/>
      <token_anchor t_id="39"/>
      <token_anchor t_id="40"/>
      <token_anchor t_id="41"/>
      <token_anchor t_id="42"/>
      <token_anchor t_id="43"/>
    </ACTION_OCCURRENCE>
    <ACTION_OCCURRENCE m_id="17" climaxEvent="FALSE" comment="">
      <token_anchor t_id="422"/>
    </ACTION_OCCURRENCE>
    <ACTION_OCCURRENCE m_id="18" climaxEvent="FALSE" comment="">
      <token_anchor t_id="88"/>
      <token_anchor t_id="89"/>
      <token_anchor t_id="90"/>
      <token_anchor t_id="91"/>
      <token_anchor t_id="92"/>
      <token_anchor t_id="93"/>
    </ACTION_OCCURRENCE>
    <ACTION_OCCURRENCE m_id="19" climaxEvent="FALSE" comment="">
      <token_anchor t_id="429"/>
    </ACTION_OCCURRENCE>
    <ACTION_OCCURRENCE m_id="20" climaxEvent="FALSE" comment="">
      <token_anchor t_id="44"/>
    </ACTION_OCCURRENCE>
    <ACTION_OCCURRENCE m_id="21" climaxEvent="TRUE" comment="">
      <token_anchor t_id="57"/>
    </ACTION_OCCURRENCE>
    <ACTION_OCCURRENCE m_id="22" climaxEvent="TRUE" comment="">
      <token_anchor t_id="48"/>
    </ACTION_OCCURRENCE>
    <ACTION_PERCEPTION m_id="23">
      <token_anchor t_id="253"/>
    </ACTION_PERCEPTION>
    <ACTION_STATE m_id="24" climaxEvent="FALSE" comment="">
      <token_anchor t_id="316"/>
      <token_anchor t_id="317"/>
    </ACTION_STATE>
    <ACTION_STATE m_id="25" climaxEvent="FALSE" comment="">
      <token_anchor t_id="295"/>
    </ACTION_STATE>
    <ACTION_STATE m_id="26" climaxEvent="FALSE" comment="">
      <token_anchor t_id="74"/>
    </ACTION_STATE>
    <ACTION_STATE m_id="27" climaxEvent="FALSE" comment="">
      <token_anchor t_id="97"/>
      <token_anchor t_id="98"/>
      <token_anchor t_id="99"/>
      <token_anchor t_id="100"/>
      <token_anchor t_id="101"/>
      <token_anchor t_id="102"/>
      <token_anchor t_id="103"/>
      <token_anchor t_id="104"/>
      <token_anchor t_id="105"/>
    </ACTION_STATE>
    <HUMAN_PART_PER m_id="29" comment="">
      <token_anchor t_id="307"/>
    </HUMAN_PART_PER>
    <HUMAN_PART_PER m_id="30" comment="">
      <token_anchor t_id="47"/>
    </HUMAN_PART_PER>
    <HUMAN_PART_PER m_id="31" comment="">
      <token_anchor t_id="430"/>
      <token_anchor t_id="431"/>
      <token_anchor t_id="432"/>
      <token_anchor t_id="433"/>
    </HUMAN_PART_PER>
    <HUMAN_PART_PER m_id="32" comment="">
      <token_anchor t_id="81"/>
      <token_anchor t_id="82"/>
      <token_anchor t_id="83"/>
    </HUMAN_PART_PER>
    <HUMAN_PART_PER m_id="33" comment="">
      <token_anchor t_id="68"/>
      <token_anchor t_id="69"/>
    </HUMAN_PART_PER>
    <HUMAN_PART_PER m_id="34" comment="">
      <token_anchor t_id="72"/>
      <token_anchor t_id="73"/>
    </HUMAN_PART_PER>
    <HUMAN_PART_PER m_id="35" comment="">
      <token_anchor t_id="252"/>
    </HUMAN_PART_PER>
    <HUMAN_PART_PER m_id="36" comment="">
      <token_anchor t_id="264"/>
    </HUMAN_PART_PER>
    <HUMAN_PART_PER m_id="37" comment="">
      <token_anchor t_id="268"/>
      <token_anchor t_id="269"/>
    </HUMAN_PART_PER>
    <HUMAN_PART_PER m_id="38" comment="">
      <token_anchor t_id="288"/>
    </HUMAN_PART_PER>
    <HUMAN_PART_PER m_id="39" comment="">
      <token_anchor t_id="305"/>
    </HUMAN_PART_PER>
    <HUMAN_PART_PER m_id="28" comment="">
      <token_anchor t_id="298"/>
    </HUMAN_PART_PER>
    <LOC_FAC m_id="40">
      <token_anchor t_id="312"/>
      <token_anchor t_id="313"/>
      <token_anchor t_id="314"/>
      <token_anchor t_id="315"/>
    </LOC_FAC>
    <LOC_FAC m_id="41">
      <token_anchor t_id="255"/>
    </LOC_FAC>
    <LOC_FAC m_id="42">
      <token_anchor t_id="77"/>
    </LOC_FAC>
    <LOC_GEO m_id="43" comment="">
      <token_anchor t_id="308"/>
      <token_anchor t_id="309"/>
      <token_anchor t_id="310"/>
    </LOC_GEO>
    <LOC_GEO m_id="44" comment="">
      <token_anchor t_id="59"/>
      <token_anchor t_id="60"/>
      <token_anchor t_id="61"/>
    </LOC_GEO>
    <LOC_GEO m_id="45" comment="">
      <token_anchor t_id="45"/>
    </LOC_GEO>
    <LOC_GEO m_id="46" comment="">
      <token_anchor t_id="111"/>
      <token_anchor t_id="112"/>
      <token_anchor t_id="113"/>
      <token_anchor t_id="114"/>
      <token_anchor t_id="115"/>
      <token_anchor t_id="116"/>
      <token_anchor t_id="117"/>
      <token_anchor t_id="118"/>
      <token_anchor t_id="119"/>
      <token_anchor t_id="120"/>
      <token_anchor t_id="121"/>
      <token_anchor t_id="122"/>
      <token_anchor t_id="123"/>
      <token_anchor t_id="124"/>
      <token_anchor t_id="125"/>
      <token_anchor t_id="126"/>
      <token_anchor t_id="127"/>
      <token_anchor t_id="128"/>
      <token_anchor t_id="129"/>
    </LOC_GEO>
    <LOC_GEO m_id="47" comment="">
      <token_anchor t_id="278"/>
      <token_anchor t_id="279"/>
      <token_anchor t_id="280"/>
      <token_anchor t_id="281"/>
      <token_anchor t_id="282"/>
      <token_anchor t_id="283"/>
      <token_anchor t_id="284"/>
      <token_anchor t_id="285"/>
    </LOC_GEO>
    <LOC_GEO m_id="48" comment="">
      <token_anchor t_id="423"/>
      <token_anchor t_id="424"/>
    </LOC_GEO>
    <LOC_GEO m_id="49" comment="">
      <token_anchor t_id="434"/>
      <token_anchor t_id="435"/>
    </LOC_GEO>
    <NON_HUMAN_PART m_id="50" comment="">
      <token_anchor t_id="260"/>
    </NON_HUMAN_PART>
    <NON_HUMAN_PART m_id="51" comment="">
      <token_anchor t_id="108"/>
    </NON_HUMAN_PART>
    <TIME_DATE m_id="52" comment="" DCT="FALSE" value="2004" anchorTimeID="">
      <token_anchor t_id="417"/>
      <token_anchor t_id="418"/>
    </TIME_DATE>
    <TIME_DATE m_id="53" comment="" DCT="FALSE" value="2013-07-02" anchorTimeID="54">
      <token_anchor t_id="62"/>
      <token_anchor t_id="63"/>
    </TIME_DATE>
    <TIME_DATE m_id="54" comment="" DCT="TRUE" value="2013-07-02" anchorTimeID="54">
      <token_anchor t_id="49"/>
      <token_anchor t_id="50"/>
      <token_anchor t_id="51"/>
      <token_anchor t_id="52"/>
      <token_anchor t_id="53"/>
      <token_anchor t_id="54"/>
    </TIME_DATE>
    <NON_HUMAN_PART m_id="55" RELATED_TO="" TAG_DESCRIPTOR="t37_epicenter" comment=""/>
    <HUMAN_PART_PER m_id="56" RELATED_TO="" TAG_DESCRIPTOR="t37_child_killed" comment=""/>
    <ACTION_STATE m_id="57" RELATED_TO="" TAG_DESCRIPTOR="t37_missing2" climaxEvent="FALSE" comment=""/>
    <LOC_FAC m_id="58" RELATED_TO="" TAG_DESCRIPTOR="t37_buildings_damaged"/>
    <ACTION_OCCURRENCE m_id="59" RELATED_TO="" TAG_DESCRIPTOR="t37_injured_dozens" climaxEvent="FALSE" comment=""/>
    <LOC_GEO m_id="60" RELATED_TO="" TAG_DESCRIPTOR="t37_epicenter_loc" comment=""/>
    <LOC_GEO m_id="61" RELATED_TO="" TAG_DESCRIPTOR="t37_indonesia" comment=""/>
    <ACTION_OCCURRENCE m_id="62" RELATED_TO="" TAG_DESCRIPTOR="t37_aceh_earthquake" climaxEvent="FALSE" comment=""/>
    <HUMAN_PART_PER m_id="63" RELATED_TO="" TAG_DESCRIPTOR="t37_2ppl_missing" comment=""/>
    <TIME_DATE m_id="64" RELATED_TO="" TAG_DESCRIPTOR="t37_2004" comment="" DCT="FALSE" value="" anchorTimeID=""/>
    <ACTION_OCCURRENCE m_id="65" RELATED_TO="" TAG_DESCRIPTOR="t37_earthquake_struck" climaxEvent="FALSE" comment=""/>
    <HUMAN_PART_PER m_id="66" RELATED_TO="" TAG_DESCRIPTOR="t37_50_people_injured" comment=""/>
    <ACTION_OCCURRENCE m_id="67" RELATED_TO="" TAG_DESCRIPTOR="t37_girl_killed" climaxEvent="FALSE" comment=""/>
    <ACTION_OCCURRENCE m_id="68" RELATED_TO="" TAG_DESCRIPTOR="t37_damaged_buildings" climaxEvent="FALSE" comment=""/>
    <TIME_DATE m_id="69" RELATED_TO="" TAG_DESCRIPTOR="t37_tue_2_jul" comment="" DCT="FALSE" value="" anchorTimeID=""/>
    <LOC_GEO m_id="70" RELATED_TO="" TAG_DESCRIPTOR="t37_aceh_province" comment=""/>
  </Markables>
  <Relations>
    <LOCATION_LINK r_id="90783">
      <source m_id="16"/>
      <target m_id="45"/>
    </LOCATION_LINK>
    <LOCATION_LINK r_id="90784">
      <source m_id="20"/>
      <target m_id="45"/>
    </LOCATION_LINK>
    <LOCATION_LINK r_id="90785">
      <source m_id="22"/>
      <target m_id="45"/>
    </LOCATION_LINK>
    <LOCATION_LINK r_id="90786">
      <source m_id="21"/>
      <target m_id="44"/>
    </LOCATION_LINK>
    <LOCATION_LINK r_id="90787">
      <source m_id="4"/>
      <target m_id="44"/>
    </LOCATION_LINK>
    <LOCATION_LINK r_id="90788">
      <source m_id="7"/>
      <target m_id="44"/>
    </LOCATION_LINK>
    <LOCATION_LINK r_id="90789">
      <source m_id="26"/>
      <target m_id="44"/>
    </LOCATION_LINK>
    <LOCATION_LINK r_id="90790">
      <source m_id="5"/>
      <target m_id="44"/>
    </LOCATION_LINK>
    <LOCATION_LINK r_id="90791">
      <source m_id="6"/>
      <target m_id="44"/>
    </LOCATION_LINK>
    <LOCATION_LINK r_id="90792">
      <source m_id="18"/>
      <target m_id="44"/>
    </LOCATION_LINK>
    <LOCATION_LINK r_id="90793">
      <source m_id="8"/>
      <target m_id="44"/>
    </LOCATION_LINK>
    <LOCATION_LINK r_id="90794">
      <source m_id="2"/>
      <target m_id="46"/>
    </LOCATION_LINK>
    <LOCATION_LINK r_id="90795">
      <source m_id="9"/>
      <target m_id="47"/>
    </LOCATION_LINK>
    <LOCATION_LINK r_id="90796">
      <source m_id="11"/>
      <target m_id="47"/>
    </LOCATION_LINK>
    <LOCATION_LINK r_id="90797">
      <source m_id="15"/>
      <target m_id="47"/>
    </LOCATION_LINK>
    <LOCATION_LINK r_id="90798">
      <source m_id="14"/>
      <target m_id="47"/>
    </LOCATION_LINK>
    <LOCATION_LINK r_id="90799">
      <source m_id="13"/>
      <target m_id="47"/>
    </LOCATION_LINK>
    <LOCATION_LINK r_id="90800">
      <source m_id="10"/>
      <target m_id="43"/>
    </LOCATION_LINK>
    <LOCATION_LINK r_id="90801">
      <source m_id="12"/>
      <target m_id="43"/>
    </LOCATION_LINK>
    <LOCATION_LINK r_id="90802">
      <source m_id="17"/>
      <target m_id="48"/>
    </LOCATION_LINK>
    <LOCATION_LINK r_id="90803">
      <source m_id="19"/>
      <target m_id="49"/>
    </LOCATION_LINK>
    <LOCATION_LINK r_id="90804">
      <source m_id="3"/>
      <target m_id="49"/>
    </LOCATION_LINK>
    <TLINK r_id="90805" contextualModality="ACT" relType="CONTAINS" comment="">
      <source m_id="53"/>
      <target m_id="16"/>
    </TLINK>
    <TLINK r_id="90806" contextualModality="ACT" relType="CONTAINS" comment="">
      <source m_id="53"/>
      <target m_id="20"/>
    </TLINK>
    <TLINK r_id="90807" contextualModality="ACT" relType="CONTAINS" comment="">
      <source m_id="53"/>
      <target m_id="22"/>
    </TLINK>
    <TLINK r_id="90808" contextualModality="ACT" relType="CONTAINS" comment="">
      <source m_id="53"/>
      <target m_id="21"/>
    </TLINK>
    <TLINK r_id="90809" contextualModality="ACT" relType="CONTAINS" comment="">
      <source m_id="53"/>
      <target m_id="4"/>
    </TLINK>
    <TLINK r_id="90811" contextualModality="ACT" relType="CONTAINS" comment="">
      <source m_id="53"/>
      <target m_id="26"/>
    </TLINK>
    <TLINK r_id="90812" contextualModality="ACT" relType="CONTAINS" comment="">
      <source m_id="53"/>
      <target m_id="5"/>
    </TLINK>
    <TLINK r_id="90813" contextualModality="ACT" relType="CONTAINS" comment="">
      <source m_id="53"/>
      <target m_id="6"/>
    </TLINK>
    <TLINK r_id="90814" contextualModality="ACT" relType="CONTAINS" comment="">
      <source m_id="53"/>
      <target m_id="18"/>
    </TLINK>
    <TLINK r_id="90815" contextualModality="ACT" relType="CONTAINS" comment="">
      <source m_id="53"/>
      <target m_id="8"/>
    </TLINK>
    <TLINK r_id="90816" contextualModality="ACT" relType="CONTAINS" comment="">
      <source m_id="53"/>
      <target m_id="2"/>
    </TLINK>
    <TLINK r_id="90817" contextualModality="ACT" relType="CONTAINS" comment="">
      <source m_id="53"/>
      <target m_id="9"/>
    </TLINK>
    <TLINK r_id="90818" contextualModality="ACT" relType="CONTAINS" comment="">
      <source m_id="53"/>
      <target m_id="11"/>
    </TLINK>
    <TLINK r_id="90819" contextualModality="ACT" relType="CONTAINS" comment="">
      <source m_id="53"/>
      <target m_id="15"/>
    </TLINK>
    <TLINK r_id="90820" contextualModality="ACT" relType="CONTAINS" comment="">
      <source m_id="53"/>
      <target m_id="14"/>
    </TLINK>
    <TLINK r_id="90821" contextualModality="ACT" relType="CONTAINS" comment="">
      <source m_id="53"/>
      <target m_id="13"/>
    </TLINK>
    <TLINK r_id="90822" contextualModality="ACT" relType="CONTAINS" comment="">
      <source m_id="53"/>
      <target m_id="10"/>
    </TLINK>
    <TLINK r_id="90823" contextualModality="ACT" relType="CONTAINS" comment="">
      <source m_id="53"/>
      <target m_id="12"/>
    </TLINK>
    <TLINK r_id="90824" contextualModality="ACT" relType="CONTAINS" comment="">
      <source m_id="52"/>
      <target m_id="17"/>
    </TLINK>
    <TLINK r_id="90825" contextualModality="ACT" relType="CONTAINS" comment="">
      <source m_id="52"/>
      <target m_id="3"/>
    </TLINK>
    <TLINK r_id="90826" contextualModality="ACT" relType="CONTAINS" comment="">
      <source m_id="52"/>
      <target m_id="19"/>
    </TLINK>
    <TLINK r_id="90939" contextualModality="" relType="AFTER" comment="">
      <source m_id="54"/>
      <target m_id="21"/>
    </TLINK>
    <LOCATION_LINK r_id="90940">
      <source m_id="54"/>
      <target m_id="54"/>
    </LOCATION_LINK>
    <TLINK r_id="90941" contextualModality="" relType="AFTER" comment="">
      <source m_id="54"/>
      <target m_id="4"/>
    </TLINK>
    <TLINK r_id="90942" contextualModality="" relType="AFTER" comment="">
      <source m_id="54"/>
      <target m_id="7"/>
    </TLINK>
    <TLINK r_id="90943" contextualModality="" relType="AFTER" comment="">
      <source m_id="54"/>
      <target m_id="26"/>
    </TLINK>
    <TLINK r_id="90944" contextualModality="" relType="AFTER" comment="">
      <source m_id="54"/>
      <target m_id="5"/>
    </TLINK>
    <TLINK r_id="90945" contextualModality="" relType="AFTER" comment="">
      <source m_id="54"/>
      <target m_id="6"/>
    </TLINK>
    <TLINK r_id="90946" contextualModality="" relType="AFTER" comment="">
      <source m_id="54"/>
      <target m_id="18"/>
    </TLINK>
    <TLINK r_id="90947" contextualModality="" relType="AFTER" comment="">
      <source m_id="54"/>
      <target m_id="8"/>
    </TLINK>
    <TLINK r_id="90948" contextualModality="" relType="AFTER" comment="">
      <source m_id="54"/>
      <target m_id="9"/>
    </TLINK>
    <TLINK r_id="90949" contextualModality="" relType="AFTER" comment="">
      <source m_id="54"/>
      <target m_id="11"/>
    </TLINK>
    <TLINK r_id="90950" contextualModality="" relType="AFTER" comment="">
      <source m_id="54"/>
      <target m_id="15"/>
    </TLINK>
    <TLINK r_id="90951" contextualModality="" relType="OVERLAP" comment="">
      <source m_id="54"/>
      <target m_id="14"/>
    </TLINK>
    <TLINK r_id="90952" contextualModality="" relType="OVERLAP" comment="">
      <source m_id="54"/>
      <target m_id="13"/>
    </TLINK>
    <TLINK r_id="90953" contextualModality="" relType="AFTER" comment="">
      <source m_id="54"/>
      <target m_id="10"/>
    </TLINK>
    <TLINK r_id="90954" contextualModality="" relType="AFTER" comment="">
      <source m_id="54"/>
      <target m_id="12"/>
    </TLINK>
    <TLINK r_id="90955" contextualModality="" relType="AFTER" comment="">
      <source m_id="54"/>
      <target m_id="17"/>
    </TLINK>
    <TLINK r_id="90956" contextualModality="" relType="AFTER" comment="">
      <source m_id="54"/>
      <target m_id="3"/>
    </TLINK>
    <TLINK r_id="90957" contextualModality="" relType="AFTER" comment="">
      <source m_id="54"/>
      <target m_id="19"/>
    </TLINK>
    <PLOT_LINK r_id="91011" SIGNAL="" relType="PRECONDITION" CAUSES="FALSE" CAUSED_BY="FALSE">
      <source m_id="21"/>
      <target m_id="7"/>
    </PLOT_LINK>
    <PLOT_LINK r_id="91012" SIGNAL="1" relType="PRECONDITION" CAUSES="TRUE" CAUSED_BY="FALSE">
      <source m_id="3"/>
      <target m_id="19"/>
    </PLOT_LINK>
    <PLOT_LINK r_id="91013">
      <source m_id="16"/>
      <target m_id="22"/>
    </PLOT_LINK>
    <PLOT_LINK r_id="91014" SIGNAL="" relType="PRECONDITION" CAUSES="FALSE" CAUSED_BY="FALSE">
      <source m_id="21"/>
      <target m_id="26"/>
    </PLOT_LINK>
    <PLOT_LINK r_id="91015" SIGNAL="" relType="PRECONDITION" CAUSES="FALSE" CAUSED_BY="FALSE">
      <source m_id="21"/>
      <target m_id="5"/>
    </PLOT_LINK>
    <PLOT_LINK r_id="91016" SIGNAL="" relType="PRECONDITION" CAUSES="FALSE" CAUSED_BY="FALSE">
      <source m_id="21"/>
      <target m_id="6"/>
    </PLOT_LINK>
    <PLOT_LINK r_id="91017" SIGNAL="" relType="FALLING_ACTION" CAUSES="FALSE" CAUSED_BY="FALSE">
      <source m_id="25"/>
      <target m_id="13"/>
    </PLOT_LINK>
    <PLOT_LINK r_id="91018" SIGNAL="1" relType="PRECONDITION" CAUSES="TRUE" CAUSED_BY="FALSE">
      <source m_id="17"/>
      <target m_id="3"/>
    </PLOT_LINK>
    <TLINK r_id="95478" contextualModality="" relType="CONTAINS" comment="">
      <source m_id="53"/>
      <target m_id="16"/>
    </TLINK>
    <TLINK r_id="95479" contextualModality="" relType="CONTAINS" comment="">
      <source m_id="53"/>
      <target m_id="20"/>
    </TLINK>
    <TLINK r_id="95480" contextualModality="" relType="CONTAINS" comment="">
      <source m_id="53"/>
      <target m_id="22"/>
    </TLINK>
    <TLINK r_id="95481" contextualModality="" relType="CONTAINS" comment="">
      <source m_id="54"/>
      <target m_id="16"/>
    </TLINK>
    <TLINK r_id="95482" contextualModality="" relType="CONTAINS" comment="">
      <source m_id="54"/>
      <target m_id="20"/>
    </TLINK>
    <TLINK r_id="95483" contextualModality="" relType="CONTAINS" comment="">
      <source m_id="54"/>
      <target m_id="22"/>
    </TLINK>
  </Relations>
</Document>
