<?xml version='1.0' encoding='UTF-8'?>
<Document doc_name="8_3ecbplus.xml">
  <token t_id="1" sentence="0" number="0">http</token>
  <token t_id="2" sentence="0" number="1">:</token>
  <token t_id="3" sentence="0" number="2">/</token>
  <token t_id="4" sentence="0" number="3">/</token>
  <token t_id="5" sentence="0" number="4">usatoday30</token>
  <token t_id="6" sentence="0" number="5">.</token>
  <token t_id="7" sentence="0" number="6">usatoday</token>
  <token t_id="8" sentence="0" number="7">.</token>
  <token t_id="9" sentence="0" number="8">com</token>
  <token t_id="10" sentence="0" number="9">/</token>
  <token t_id="11" sentence="0" number="10">news</token>
  <token t_id="12" sentence="0" number="11">/</token>
  <token t_id="13" sentence="0" number="12">world</token>
  <token t_id="14" sentence="0" number="13">/</token>
  <token t_id="15" sentence="0" number="14">2010</token>
  <token t_id="16" sentence="0" number="15">-</token>
  <token t_id="17" sentence="0" number="16">05</token>
  <token t_id="18" sentence="0" number="17">-</token>
  <token t_id="19" sentence="0" number="18">05</token>
  <token t_id="20" sentence="0" number="19">-</token>
  <token t_id="21" sentence="0" number="20">greece</token>
  <token t_id="22" sentence="0" number="21">-</token>
  <token t_id="23" sentence="0" number="22">strike</token>
  <token t_id="24" sentence="0" number="23">-</token>
  <token t_id="25" sentence="0" number="24">crisis</token>
  <token t_id="26" sentence="0" number="25">_</token>
  <token t_id="27" sentence="0" number="26">N</token>
  <token t_id="28" sentence="0" number="27">.</token>
  <token t_id="29" sentence="0" number="28">htm</token>
  <token t_id="30" sentence="1" number="0">Three</token>
  <token t_id="31" sentence="1" number="1">die</token>
  <token t_id="32" sentence="1" number="2">in</token>
  <token t_id="33" sentence="1" number="3">bank</token>
  <token t_id="34" sentence="1" number="4">during</token>
  <token t_id="35" sentence="1" number="5">Greek</token>
  <token t_id="36" sentence="1" number="6">riots</token>
  <token t_id="37" sentence="2" number="0">Updated</token>
  <token t_id="38" sentence="2" number="1">5</token>
  <token t_id="39" sentence="2" number="2">/</token>
  <token t_id="40" sentence="2" number="3">5</token>
  <token t_id="41" sentence="2" number="4">/</token>
  <token t_id="42" sentence="2" number="5">2010</token>
  <token t_id="43" sentence="2" number="6">1</token>
  <token t_id="44" sentence="2" number="7">:</token>
  <token t_id="45" sentence="2" number="8">41</token>
  <token t_id="46" sentence="2" number="9">PM</token>
  <token t_id="47" sentence="3" number="0">Riots</token>
  <token t_id="48" sentence="3" number="1">over</token>
  <token t_id="49" sentence="3" number="2">harsh</token>
  <token t_id="50" sentence="3" number="3">new</token>
  <token t_id="51" sentence="3" number="4">austerity</token>
  <token t_id="52" sentence="3" number="5">measures</token>
  <token t_id="53" sentence="3" number="6">left</token>
  <token t_id="54" sentence="3" number="7">three</token>
  <token t_id="55" sentence="3" number="8">bank</token>
  <token t_id="56" sentence="3" number="9">workers</token>
  <token t_id="57" sentence="3" number="10">dead</token>
  <token t_id="58" sentence="3" number="11">and</token>
  <token t_id="59" sentence="3" number="12">engulfed</token>
  <token t_id="60" sentence="3" number="13">the</token>
  <token t_id="61" sentence="3" number="14">streets</token>
  <token t_id="62" sentence="3" number="15">of</token>
  <token t_id="63" sentence="3" number="16">Athens</token>
  <token t_id="64" sentence="3" number="17">on</token>
  <token t_id="65" sentence="3" number="18">Wednesday</token>
  <token t_id="66" sentence="3" number="19">,</token>
  <token t_id="67" sentence="3" number="20">as</token>
  <token t_id="68" sentence="3" number="21">angry</token>
  <token t_id="69" sentence="3" number="22">protesters</token>
  <token t_id="70" sentence="3" number="23">tried</token>
  <token t_id="71" sentence="3" number="24">to</token>
  <token t_id="72" sentence="3" number="25">storm</token>
  <token t_id="73" sentence="3" number="26">parliament</token>
  <token t_id="74" sentence="3" number="27">,</token>
  <token t_id="75" sentence="3" number="28">hurled</token>
  <token t_id="76" sentence="3" number="29">Molotov</token>
  <token t_id="77" sentence="3" number="30">cocktails</token>
  <token t_id="78" sentence="3" number="31">at</token>
  <token t_id="79" sentence="3" number="32">police</token>
  <token t_id="80" sentence="3" number="33">and</token>
  <token t_id="81" sentence="3" number="34">torched</token>
  <token t_id="82" sentence="3" number="35">buildings</token>
  <token t_id="83" sentence="3" number="36">.</token>
  <token t_id="84" sentence="4" number="0">Police</token>
  <token t_id="85" sentence="4" number="1">responded</token>
  <token t_id="86" sentence="4" number="2">with</token>
  <token t_id="87" sentence="4" number="3">barrages</token>
  <token t_id="88" sentence="4" number="4">of</token>
  <token t_id="89" sentence="4" number="5">tear</token>
  <token t_id="90" sentence="4" number="6">gas</token>
  <token t_id="91" sentence="4" number="7">.</token>
  <token t_id="92" sentence="5" number="0">Tens</token>
  <token t_id="93" sentence="5" number="1">of</token>
  <token t_id="94" sentence="5" number="2">thousands</token>
  <token t_id="95" sentence="5" number="3">of</token>
  <token t_id="96" sentence="5" number="4">people</token>
  <token t_id="97" sentence="5" number="5">took</token>
  <token t_id="98" sentence="5" number="6">to</token>
  <token t_id="99" sentence="5" number="7">the</token>
  <token t_id="100" sentence="5" number="8">streets</token>
  <token t_id="101" sentence="5" number="9">in</token>
  <token t_id="102" sentence="5" number="10">a</token>
  <token t_id="103" sentence="5" number="11">nationwide</token>
  <token t_id="104" sentence="5" number="12">strike</token>
  <token t_id="105" sentence="5" number="13">to</token>
  <token t_id="106" sentence="5" number="14">protest</token>
  <token t_id="107" sentence="5" number="15">new</token>
  <token t_id="108" sentence="5" number="16">taxes</token>
  <token t_id="109" sentence="5" number="17">and</token>
  <token t_id="110" sentence="5" number="18">government</token>
  <token t_id="111" sentence="5" number="19">spending</token>
  <token t_id="112" sentence="5" number="20">cuts</token>
  <token t_id="113" sentence="5" number="21">demanded</token>
  <token t_id="114" sentence="5" number="22">by</token>
  <token t_id="115" sentence="5" number="23">the</token>
  <token t_id="116" sentence="5" number="24">International</token>
  <token t_id="117" sentence="5" number="25">Monetary</token>
  <token t_id="118" sentence="5" number="26">Fund</token>
  <token t_id="119" sentence="5" number="27">and</token>
  <token t_id="120" sentence="5" number="28">other</token>
  <token t_id="121" sentence="5" number="29">European</token>
  <token t_id="122" sentence="5" number="30">nations</token>
  <token t_id="123" sentence="5" number="31">before</token>
  <token t_id="124" sentence="5" number="32">heavily</token>
  <token t_id="125" sentence="5" number="33">indebted</token>
  <token t_id="126" sentence="5" number="34">Greece</token>
  <token t_id="127" sentence="5" number="35">gets</token>
  <token t_id="128" sentence="5" number="36">a</token>
  <token t_id="129" sentence="5" number="37">euro110</token>
  <token t_id="130" sentence="5" number="38">billion</token>
  <token t_id="131" sentence="5" number="39">(</token>
  <token t_id="132" sentence="5" number="40">$141</token>
  <token t_id="133" sentence="5" number="41">billion</token>
  <token t_id="134" sentence="5" number="42">)</token>
  <token t_id="135" sentence="5" number="43">loan</token>
  <token t_id="136" sentence="5" number="44">package</token>
  <token t_id="137" sentence="5" number="45">to</token>
  <token t_id="138" sentence="5" number="46">keep</token>
  <token t_id="139" sentence="5" number="47">it</token>
  <token t_id="140" sentence="5" number="48">from</token>
  <token t_id="141" sentence="5" number="49">defaulting</token>
  <token t_id="142" sentence="5" number="50">.</token>
  <token t_id="143" sentence="6" number="0">The</token>
  <token t_id="144" sentence="6" number="1">three</token>
  <token t_id="145" sentence="6" number="2">bank</token>
  <token t_id="146" sentence="6" number="3">workers</token>
  <token t_id="147" sentence="6" number="4">a</token>
  <token t_id="148" sentence="6" number="5">man</token>
  <token t_id="149" sentence="6" number="6">and</token>
  <token t_id="150" sentence="6" number="7">two</token>
  <token t_id="151" sentence="6" number="8">women</token>
  <token t_id="152" sentence="6" number="9">died</token>
  <token t_id="153" sentence="6" number="10">after</token>
  <token t_id="154" sentence="6" number="11">demonstrators</token>
  <token t_id="155" sentence="6" number="12">set</token>
  <token t_id="156" sentence="6" number="13">their</token>
  <token t_id="157" sentence="6" number="14">bank</token>
  <token t_id="158" sentence="6" number="15">on</token>
  <token t_id="159" sentence="6" number="16">fire</token>
  <token t_id="160" sentence="6" number="17">along</token>
  <token t_id="161" sentence="6" number="18">the</token>
  <token t_id="162" sentence="6" number="19">main</token>
  <token t_id="163" sentence="6" number="20">demonstration</token>
  <token t_id="164" sentence="6" number="21">route</token>
  <token t_id="165" sentence="6" number="22">in</token>
  <token t_id="166" sentence="6" number="23">central</token>
  <token t_id="167" sentence="6" number="24">Athens</token>
  <token t_id="168" sentence="6" number="25">.</token>
  <token t_id="169" sentence="7" number="0">As</token>
  <token t_id="170" sentence="7" number="1">their</token>
  <token t_id="171" sentence="7" number="2">colleagues</token>
  <token t_id="172" sentence="7" number="3">sobbed</token>
  <token t_id="173" sentence="7" number="4">in</token>
  <token t_id="174" sentence="7" number="5">the</token>
  <token t_id="175" sentence="7" number="6">street</token>
  <token t_id="176" sentence="7" number="7">,</token>
  <token t_id="177" sentence="7" number="8">five</token>
  <token t_id="178" sentence="7" number="9">other</token>
  <token t_id="179" sentence="7" number="10">bank</token>
  <token t_id="180" sentence="7" number="11">workers</token>
  <token t_id="181" sentence="7" number="12">were</token>
  <token t_id="182" sentence="7" number="13">rescued</token>
  <token t_id="183" sentence="7" number="14">from</token>
  <token t_id="184" sentence="7" number="15">the</token>
  <token t_id="185" sentence="7" number="16">balcony</token>
  <token t_id="186" sentence="7" number="17">of</token>
  <token t_id="187" sentence="7" number="18">the</token>
  <token t_id="188" sentence="7" number="19">burning</token>
  <token t_id="189" sentence="7" number="20">building</token>
  <token t_id="190" sentence="7" number="21">.</token>
  <token t_id="191" sentence="8" number="0">"A</token>
  <token t_id="192" sentence="8" number="1">demonstration</token>
  <token t_id="193" sentence="8" number="2">is</token>
  <token t_id="194" sentence="8" number="3">one</token>
  <token t_id="195" sentence="8" number="4">thing</token>
  <token t_id="196" sentence="8" number="5">and</token>
  <token t_id="197" sentence="8" number="6">murder</token>
  <token t_id="198" sentence="8" number="7">is</token>
  <token t_id="199" sentence="8" number="8">quite</token>
  <token t_id="200" sentence="8" number="9">another</token>
  <token t_id="201" sentence="8" number="10">!</token>
  <token t_id="202" sentence="8" number="11">"</token>
  <token t_id="203" sentence="8" number="12">Prime</token>
  <token t_id="204" sentence="8" number="13">Minister</token>
  <token t_id="205" sentence="8" number="14">George</token>
  <token t_id="206" sentence="8" number="15">Papandreou</token>
  <token t_id="207" sentence="8" number="16">thundered</token>
  <token t_id="208" sentence="8" number="17">in</token>
  <token t_id="209" sentence="8" number="18">Parliament</token>
  <token t_id="210" sentence="8" number="19">during</token>
  <token t_id="211" sentence="8" number="20">a</token>
  <token t_id="212" sentence="8" number="21">session</token>
  <token t_id="213" sentence="8" number="22">to</token>
  <token t_id="214" sentence="8" number="23">discuss</token>
  <token t_id="215" sentence="8" number="24">the</token>
  <token t_id="216" sentence="8" number="25">spending</token>
  <token t_id="217" sentence="8" number="26">cuts</token>
  <token t_id="218" sentence="8" number="27">he</token>
  <token t_id="219" sentence="8" number="28">announced</token>
  <token t_id="220" sentence="8" number="29">Sunday</token>
  <token t_id="221" sentence="8" number="30">measures</token>
  <token t_id="222" sentence="8" number="31">even</token>
  <token t_id="223" sentence="8" number="32">the</token>
  <token t_id="224" sentence="8" number="33">IMF</token>
  <token t_id="225" sentence="8" number="34">has</token>
  <token t_id="226" sentence="8" number="35">called</token>
  <token t_id="227" sentence="8" number="36">draconian</token>
  <token t_id="228" sentence="8" number="37">.</token>
  <token t_id="229" sentence="9" number="0">Lawmakers</token>
  <token t_id="230" sentence="9" number="1">held</token>
  <token t_id="231" sentence="9" number="2">a</token>
  <token t_id="232" sentence="9" number="3">minute</token>
  <token t_id="233" sentence="9" number="4">of</token>
  <token t_id="234" sentence="9" number="5">silence</token>
  <token t_id="235" sentence="9" number="6">for</token>
  <token t_id="236" sentence="9" number="7">the</token>
  <token t_id="237" sentence="9" number="8">dead</token>
  <token t_id="238" sentence="9" number="9">the</token>
  <token t_id="239" sentence="9" number="10">first</token>
  <token t_id="240" sentence="9" number="11">deaths</token>
  <token t_id="241" sentence="9" number="12">during</token>
  <token t_id="242" sentence="9" number="13">a</token>
  <token t_id="243" sentence="9" number="14">protest</token>
  <token t_id="244" sentence="9" number="15">in</token>
  <token t_id="245" sentence="9" number="16">Greece</token>
  <token t_id="246" sentence="9" number="17">since</token>
  <token t_id="247" sentence="9" number="18">1991</token>
  <token t_id="248" sentence="9" number="19">.</token>
  <token t_id="249" sentence="10" number="0">"We</token>
  <token t_id="250" sentence="10" number="1">are</token>
  <token t_id="251" sentence="10" number="2">all</token>
  <token t_id="252" sentence="10" number="3">concerned</token>
  <token t_id="253" sentence="10" number="4">by</token>
  <token t_id="254" sentence="10" number="5">Greece's</token>
  <token t_id="255" sentence="10" number="6">economic</token>
  <token t_id="256" sentence="10" number="7">and</token>
  <token t_id="257" sentence="10" number="8">budgetary</token>
  <token t_id="258" sentence="10" number="9">situation</token>
  <token t_id="259" sentence="10" number="10">but</token>
  <token t_id="260" sentence="10" number="11">at</token>
  <token t_id="261" sentence="10" number="12">this</token>
  <token t_id="262" sentence="10" number="13">time</token>
  <token t_id="263" sentence="10" number="14">our</token>
  <token t_id="264" sentence="10" number="15">thoughts</token>
  <token t_id="265" sentence="10" number="16">are</token>
  <token t_id="266" sentence="10" number="17">with</token>
  <token t_id="267" sentence="10" number="18">the</token>
  <token t_id="268" sentence="10" number="19">human</token>
  <token t_id="269" sentence="10" number="20">victims</token>
  <token t_id="270" sentence="10" number="21">in</token>
  <token t_id="271" sentence="10" number="22">Athens</token>
  <token t_id="272" sentence="10" number="23">,</token>
  <token t_id="273" sentence="10" number="24">"</token>
  <token t_id="274" sentence="10" number="25">European</token>
  <token t_id="275" sentence="10" number="26">Union</token>
  <token t_id="276" sentence="10" number="27">President</token>
  <token t_id="277" sentence="10" number="28">Herman</token>
  <token t_id="278" sentence="10" number="29">Van</token>
  <token t_id="279" sentence="10" number="30">Rompuy</token>
  <token t_id="280" sentence="10" number="31">said</token>
  <token t_id="281" sentence="10" number="32">in</token>
  <token t_id="282" sentence="10" number="33">Brussels</token>
  <token t_id="283" sentence="10" number="34">.</token>
  <token t_id="284" sentence="11" number="0">A</token>
  <token t_id="285" sentence="11" number="1">senior</token>
  <token t_id="286" sentence="11" number="2">fire</token>
  <token t_id="287" sentence="11" number="3">department</token>
  <token t_id="288" sentence="11" number="4">official</token>
  <token t_id="289" sentence="11" number="5">said</token>
  <token t_id="290" sentence="11" number="6">demonstrators</token>
  <token t_id="291" sentence="11" number="7">prevented</token>
  <token t_id="292" sentence="11" number="8">firefighters</token>
  <token t_id="293" sentence="11" number="9">from</token>
  <token t_id="294" sentence="11" number="10">reaching</token>
  <token t_id="295" sentence="11" number="11">the</token>
  <token t_id="296" sentence="11" number="12">burning</token>
  <token t_id="297" sentence="11" number="13">building</token>
  <token t_id="298" sentence="11" number="14">,</token>
  <token t_id="299" sentence="11" number="15">costing</token>
  <token t_id="300" sentence="11" number="16">them</token>
  <token t_id="301" sentence="11" number="17">vital</token>
  <token t_id="302" sentence="11" number="18">time</token>
  <token t_id="303" sentence="11" number="19">.</token>
  <token t_id="304" sentence="12" number="0">"Several</token>
  <token t_id="305" sentence="12" number="1">crucial</token>
  <token t_id="306" sentence="12" number="2">minutes</token>
  <token t_id="307" sentence="12" number="3">were</token>
  <token t_id="308" sentence="12" number="4">lost</token>
  <token t_id="309" sentence="12" number="5">,</token>
  <token t_id="310" sentence="12" number="6">"</token>
  <token t_id="311" sentence="12" number="7">the</token>
  <token t_id="312" sentence="12" number="8">official</token>
  <token t_id="313" sentence="12" number="9">said</token>
  <token t_id="314" sentence="12" number="10">,</token>
  <token t_id="315" sentence="12" number="11">visibly</token>
  <token t_id="316" sentence="12" number="12">upset</token>
  <token t_id="317" sentence="12" number="13">.</token>
  <token t_id="318" sentence="13" number="0">"If</token>
  <token t_id="319" sentence="13" number="1">we</token>
  <token t_id="320" sentence="13" number="2">had</token>
  <token t_id="321" sentence="13" number="3">intervened</token>
  <token t_id="322" sentence="13" number="4">earlier</token>
  <token t_id="323" sentence="13" number="5">,</token>
  <token t_id="324" sentence="13" number="6">the</token>
  <token t_id="325" sentence="13" number="7">loss</token>
  <token t_id="326" sentence="13" number="8">of</token>
  <token t_id="327" sentence="13" number="9">life</token>
  <token t_id="328" sentence="13" number="10">could</token>
  <token t_id="329" sentence="13" number="11">have</token>
  <token t_id="330" sentence="13" number="12">been</token>
  <token t_id="331" sentence="13" number="13">prevented</token>
  <token t_id="332" sentence="13" number="14">.</token>
  <token t_id="333" sentence="13" number="15">"</token>
  <token t_id="334" sentence="14" number="0">He</token>
  <token t_id="335" sentence="14" number="1">asked</token>
  <token t_id="336" sentence="14" number="2">not</token>
  <token t_id="337" sentence="14" number="3">to</token>
  <token t_id="338" sentence="14" number="4">be</token>
  <token t_id="339" sentence="14" number="5">identified</token>
  <token t_id="340" sentence="14" number="6">pending</token>
  <token t_id="341" sentence="14" number="7">an</token>
  <token t_id="342" sentence="14" number="8">official</token>
  <token t_id="343" sentence="14" number="9">announcement</token>
  <token t_id="344" sentence="14" number="10">.</token>
  <token t_id="345" sentence="15" number="0">In</token>
  <token t_id="346" sentence="15" number="1">Berlin</token>
  <token t_id="347" sentence="15" number="2">,</token>
  <token t_id="348" sentence="15" number="3">German</token>
  <token t_id="349" sentence="15" number="4">Chancellor</token>
  <token t_id="350" sentence="15" number="5">Angela</token>
  <token t_id="351" sentence="15" number="6">Merkel</token>
  <token t_id="352" sentence="15" number="7">called</token>
  <token t_id="353" sentence="15" number="8">the</token>
  <token t_id="354" sentence="15" number="9">Greek</token>
  <token t_id="355" sentence="15" number="10">bailout</token>
  <token t_id="356" sentence="15" number="11">critical</token>
  <token t_id="357" sentence="15" number="12">for</token>
  <token t_id="358" sentence="15" number="13">all</token>
  <token t_id="359" sentence="15" number="14">of</token>
  <token t_id="360" sentence="15" number="15">Europe</token>
  <token t_id="361" sentence="15" number="16">.</token>
  <token t_id="362" sentence="16" number="0">"Nothing</token>
  <token t_id="363" sentence="16" number="1">less</token>
  <token t_id="364" sentence="16" number="2">than</token>
  <token t_id="365" sentence="16" number="3">the</token>
  <token t_id="366" sentence="16" number="4">future</token>
  <token t_id="367" sentence="16" number="5">of</token>
  <token t_id="368" sentence="16" number="6">Europe</token>
  <token t_id="369" sentence="16" number="7">,</token>
  <token t_id="370" sentence="16" number="8">and</token>
  <token t_id="371" sentence="16" number="9">with</token>
  <token t_id="372" sentence="16" number="10">that</token>
  <token t_id="373" sentence="16" number="11">the</token>
  <token t_id="374" sentence="16" number="12">future</token>
  <token t_id="375" sentence="16" number="13">of</token>
  <token t_id="376" sentence="16" number="14">Germany</token>
  <token t_id="377" sentence="16" number="15">in</token>
  <token t_id="378" sentence="16" number="16">Europe</token>
  <token t_id="379" sentence="16" number="17">,</token>
  <token t_id="380" sentence="16" number="18">is</token>
  <token t_id="381" sentence="16" number="19">at</token>
  <token t_id="382" sentence="16" number="20">stake</token>
  <token t_id="383" sentence="16" number="21">,</token>
  <token t_id="384" sentence="16" number="22">"</token>
  <token t_id="385" sentence="16" number="23">Merkel</token>
  <token t_id="386" sentence="16" number="24">told</token>
  <token t_id="387" sentence="16" number="25">lawmakers</token>
  <token t_id="388" sentence="16" number="26">in</token>
  <token t_id="389" sentence="16" number="27">Berlin</token>
  <token t_id="390" sentence="16" number="28">,</token>
  <token t_id="391" sentence="16" number="29">urging</token>
  <token t_id="392" sentence="16" number="30">them</token>
  <token t_id="393" sentence="16" number="31">to</token>
  <token t_id="394" sentence="16" number="32">quickly</token>
  <token t_id="395" sentence="16" number="33">pass</token>
  <token t_id="396" sentence="16" number="34">the</token>
  <token t_id="397" sentence="16" number="35">country's</token>
  <token t_id="398" sentence="16" number="36">share</token>
  <token t_id="399" sentence="16" number="37">of</token>
  <token t_id="400" sentence="16" number="38">the</token>
  <token t_id="401" sentence="16" number="39">bailout</token>
  <token t_id="402" sentence="16" number="40">euro22</token>
  <token t_id="403" sentence="16" number="41">billion</token>
  <token t_id="404" sentence="16" number="42">(</token>
  <token t_id="405" sentence="16" number="43">$28</token>
  <token t_id="406" sentence="16" number="44">billion</token>
  <token t_id="407" sentence="16" number="45">)</token>
  <token t_id="408" sentence="16" number="46">over</token>
  <token t_id="409" sentence="16" number="47">three</token>
  <token t_id="410" sentence="16" number="48">years</token>
  <token t_id="411" sentence="16" number="49">by</token>
  <token t_id="412" sentence="16" number="50">Friday</token>
  <token t_id="413" sentence="16" number="51">.</token>
  <token t_id="414" sentence="17" number="0">"We</token>
  <token t_id="415" sentence="17" number="1">are</token>
  <token t_id="416" sentence="17" number="2">at</token>
  <token t_id="417" sentence="17" number="3">a</token>
  <token t_id="418" sentence="17" number="4">fork</token>
  <token t_id="419" sentence="17" number="5">in</token>
  <token t_id="420" sentence="17" number="6">the</token>
  <token t_id="421" sentence="17" number="7">road</token>
  <token t_id="422" sentence="17" number="8">.</token>
  <token t_id="423" sentence="17" number="9">"</token>
  <token t_id="424" sentence="18" number="0">Greece</token>
  <token t_id="425" sentence="18" number="1">faces</token>
  <token t_id="426" sentence="18" number="2">a</token>
  <token t_id="427" sentence="18" number="3">May</token>
  <token t_id="428" sentence="18" number="4">19</token>
  <token t_id="429" sentence="18" number="5">due</token>
  <token t_id="430" sentence="18" number="6">date</token>
  <token t_id="431" sentence="18" number="7">on</token>
  <token t_id="432" sentence="18" number="8">debt</token>
  <token t_id="433" sentence="18" number="9">it</token>
  <token t_id="434" sentence="18" number="10">says</token>
  <token t_id="435" sentence="18" number="11">it</token>
  <token t_id="436" sentence="18" number="12">can't</token>
  <token t_id="437" sentence="18" number="13">repay</token>
  <token t_id="438" sentence="18" number="14">without</token>
  <token t_id="439" sentence="18" number="15">the</token>
  <token t_id="440" sentence="18" number="16">help</token>
  <token t_id="441" sentence="18" number="17">.</token>
  <token t_id="442" sentence="19" number="0">In</token>
  <token t_id="443" sentence="19" number="1">Brussels</token>
  <token t_id="444" sentence="19" number="2">,</token>
  <token t_id="445" sentence="19" number="3">European</token>
  <token t_id="446" sentence="19" number="4">Union</token>
  <token t_id="447" sentence="19" number="5">officials</token>
  <token t_id="448" sentence="19" number="6">desperately</token>
  <token t_id="449" sentence="19" number="7">tried</token>
  <token t_id="450" sentence="19" number="8">to</token>
  <token t_id="451" sentence="19" number="9">calm</token>
  <token t_id="452" sentence="19" number="10">market</token>
  <token t_id="453" sentence="19" number="11">fears</token>
  <token t_id="454" sentence="19" number="12">that</token>
  <token t_id="455" sentence="19" number="13">Greece's</token>
  <token t_id="456" sentence="19" number="14">debt</token>
  <token t_id="457" sentence="19" number="15">crisis</token>
  <token t_id="458" sentence="19" number="16">was</token>
  <token t_id="459" sentence="19" number="17">spreading</token>
  <token t_id="460" sentence="19" number="18">to</token>
  <token t_id="461" sentence="19" number="19">the</token>
  <token t_id="462" sentence="19" number="20">rest</token>
  <token t_id="463" sentence="19" number="21">of</token>
  <token t_id="464" sentence="19" number="22">Europe</token>
  <token t_id="465" sentence="19" number="23">,</token>
  <token t_id="466" sentence="19" number="24">insisting</token>
  <token t_id="467" sentence="19" number="25">it</token>
  <token t_id="468" sentence="19" number="26">was</token>
  <token t_id="469" sentence="19" number="27">a</token>
  <token t_id="470" sentence="19" number="28">"unique</token>
  <token t_id="471" sentence="19" number="29">case"</token>
  <token t_id="472" sentence="19" number="30">combining</token>
  <token t_id="473" sentence="19" number="31">profligacy</token>
  <token t_id="474" sentence="19" number="32">and</token>
  <token t_id="475" sentence="19" number="33">tampered</token>
  <token t_id="476" sentence="19" number="34">accounts</token>
  <token t_id="477" sentence="19" number="35">.</token>
  <token t_id="478" sentence="20" number="0">Van</token>
  <token t_id="479" sentence="20" number="1">Rompuy</token>
  <token t_id="480" sentence="20" number="2">insisted</token>
  <token t_id="481" sentence="20" number="3">the</token>
  <token t_id="482" sentence="20" number="4">growing</token>
  <token t_id="483" sentence="20" number="5">debt</token>
  <token t_id="484" sentence="20" number="6">problems</token>
  <token t_id="485" sentence="20" number="7">in</token>
  <token t_id="486" sentence="20" number="8">Spain</token>
  <token t_id="487" sentence="20" number="9">and</token>
  <token t_id="488" sentence="20" number="10">Portugal</token>
  <token t_id="489" sentence="20" number="11">had</token>
  <token t_id="490" sentence="20" number="12">"absolutely</token>
  <token t_id="491" sentence="20" number="13">nothing</token>
  <token t_id="492" sentence="20" number="14">to</token>
  <token t_id="493" sentence="20" number="15">do</token>
  <token t_id="494" sentence="20" number="16">with</token>
  <token t_id="495" sentence="20" number="17">the</token>
  <token t_id="496" sentence="20" number="18">situation</token>
  <token t_id="497" sentence="20" number="19">in</token>
  <token t_id="498" sentence="20" number="20">Greece</token>
  <token t_id="499" sentence="20" number="21">.</token>
  <token t_id="500" sentence="20" number="22">"</token>
  <token t_id="501" sentence="21" number="0">"Greece</token>
  <token t_id="502" sentence="21" number="1">is</token>
  <token t_id="503" sentence="21" number="2">a</token>
  <token t_id="504" sentence="21" number="3">unique</token>
  <token t_id="505" sentence="21" number="4">and</token>
  <token t_id="506" sentence="21" number="5">particular</token>
  <token t_id="507" sentence="21" number="6">case</token>
  <token t_id="508" sentence="21" number="7">in</token>
  <token t_id="509" sentence="21" number="8">the</token>
  <token t_id="510" sentence="21" number="9">EU"</token>
  <token t_id="511" sentence="21" number="10">because</token>
  <token t_id="512" sentence="21" number="11">of</token>
  <token t_id="513" sentence="21" number="12">its</token>
  <token t_id="514" sentence="21" number="13">"precarious</token>
  <token t_id="515" sentence="21" number="14">debt</token>
  <token t_id="516" sentence="21" number="15">dynamics"</token>
  <token t_id="517" sentence="21" number="16">and</token>
  <token t_id="518" sentence="21" number="17">because</token>
  <token t_id="519" sentence="21" number="18">it</token>
  <token t_id="520" sentence="21" number="19">"has</token>
  <token t_id="521" sentence="21" number="20">cheated</token>
  <token t_id="522" sentence="21" number="21">with</token>
  <token t_id="523" sentence="21" number="22">its</token>
  <token t_id="524" sentence="21" number="23">statistics</token>
  <token t_id="525" sentence="21" number="24">for</token>
  <token t_id="526" sentence="21" number="25">years</token>
  <token t_id="527" sentence="21" number="26">and</token>
  <token t_id="528" sentence="21" number="27">years</token>
  <token t_id="529" sentence="21" number="28">,</token>
  <token t_id="530" sentence="21" number="29">"</token>
  <token t_id="531" sentence="21" number="30">EU</token>
  <token t_id="532" sentence="21" number="31">Commissioner</token>
  <token t_id="533" sentence="21" number="32">Olli</token>
  <token t_id="534" sentence="21" number="33">Rehn</token>
  <token t_id="535" sentence="21" number="34">said</token>
  <token t_id="536" sentence="21" number="35">.</token>
  <token t_id="537" sentence="22" number="0">But</token>
  <token t_id="538" sentence="22" number="1">Moody's</token>
  <token t_id="539" sentence="22" number="2">Investor</token>
  <token t_id="540" sentence="22" number="3">Services</token>
  <token t_id="541" sentence="22" number="4">,</token>
  <token t_id="542" sentence="22" number="5">a</token>
  <token t_id="543" sentence="22" number="6">major</token>
  <token t_id="544" sentence="22" number="7">ratings</token>
  <token t_id="545" sentence="22" number="8">agency</token>
  <token t_id="546" sentence="22" number="9">,</token>
  <token t_id="547" sentence="22" number="10">put</token>
  <token t_id="548" sentence="22" number="11">Portugal's</token>
  <token t_id="549" sentence="22" number="12">bond</token>
  <token t_id="550" sentence="22" number="13">rating</token>
  <token t_id="551" sentence="22" number="14">on</token>
  <token t_id="552" sentence="22" number="15">review</token>
  <token t_id="553" sentence="22" number="16">for</token>
  <token t_id="554" sentence="22" number="17">possible</token>
  <token t_id="555" sentence="22" number="18">downgrade</token>
  <token t_id="556" sentence="22" number="19">Wednesday</token>
  <token t_id="557" sentence="22" number="20">.</token>
  <token t_id="558" sentence="23" number="0">Spanish</token>
  <token t_id="559" sentence="23" number="1">and</token>
  <token t_id="560" sentence="23" number="2">Portuguese</token>
  <token t_id="561" sentence="23" number="3">bonds</token>
  <token t_id="562" sentence="23" number="4">and</token>
  <token t_id="563" sentence="23" number="5">stocks</token>
  <token t_id="564" sentence="23" number="6">slumped</token>
  <token t_id="565" sentence="23" number="7">further</token>
  <token t_id="566" sentence="23" number="8">on</token>
  <token t_id="567" sentence="23" number="9">the</token>
  <token t_id="568" sentence="23" number="10">news</token>
  <token t_id="569" sentence="23" number="11">,</token>
  <token t_id="570" sentence="23" number="12">reflecting</token>
  <token t_id="571" sentence="23" number="13">fears</token>
  <token t_id="572" sentence="23" number="14">that</token>
  <token t_id="573" sentence="23" number="15">they</token>
  <token t_id="574" sentence="23" number="16">may</token>
  <token t_id="575" sentence="23" number="17">also</token>
  <token t_id="576" sentence="23" number="18">have</token>
  <token t_id="577" sentence="23" number="19">trouble</token>
  <token t_id="578" sentence="23" number="20">repaying</token>
  <token t_id="579" sentence="23" number="21">their</token>
  <token t_id="580" sentence="23" number="22">debt</token>
  <token t_id="581" sentence="23" number="23">and</token>
  <token t_id="582" sentence="23" number="24">that</token>
  <token t_id="583" sentence="23" number="25">the</token>
  <token t_id="584" sentence="23" number="26">eurozone</token>
  <token t_id="585" sentence="23" number="27">would</token>
  <token t_id="586" sentence="23" number="28">have</token>
  <token t_id="587" sentence="23" number="29">to</token>
  <token t_id="588" sentence="23" number="30">extend</token>
  <token t_id="589" sentence="23" number="31">even</token>
  <token t_id="590" sentence="23" number="32">larger</token>
  <token t_id="591" sentence="23" number="33">bailouts</token>
  <token t_id="592" sentence="23" number="34">to</token>
  <token t_id="593" sentence="23" number="35">them</token>
  <token t_id="594" sentence="23" number="36">.</token>
  <token t_id="595" sentence="24" number="0">On</token>
  <token t_id="596" sentence="24" number="1">the</token>
  <token t_id="597" sentence="24" number="2">streets</token>
  <token t_id="598" sentence="24" number="3">of</token>
  <token t_id="599" sentence="24" number="4">Athens</token>
  <token t_id="600" sentence="24" number="5">,</token>
  <token t_id="601" sentence="24" number="6">demonstrators</token>
  <token t_id="602" sentence="24" number="7">chanted</token>
  <token t_id="603" sentence="24" number="8">"Thieves</token>
  <token t_id="604" sentence="24" number="9">,</token>
  <token t_id="605" sentence="24" number="10">thieves</token>
  <token t_id="606" sentence="24" number="11">!</token>
  <token t_id="607" sentence="24" number="12">"</token>
  <token t_id="608" sentence="24" number="13">as</token>
  <token t_id="609" sentence="24" number="14">they</token>
  <token t_id="610" sentence="24" number="15">attempted</token>
  <token t_id="611" sentence="24" number="16">to</token>
  <token t_id="612" sentence="24" number="17">break</token>
  <token t_id="613" sentence="24" number="18">through</token>
  <token t_id="614" sentence="24" number="19">a</token>
  <token t_id="615" sentence="24" number="20">riot</token>
  <token t_id="616" sentence="24" number="21">police</token>
  <token t_id="617" sentence="24" number="22">cordon</token>
  <token t_id="618" sentence="24" number="23">guarding</token>
  <token t_id="619" sentence="24" number="24">Parliament</token>
  <token t_id="620" sentence="24" number="25">and</token>
  <token t_id="621" sentence="24" number="26">chased</token>
  <token t_id="622" sentence="24" number="27">ceremonial</token>
  <token t_id="623" sentence="24" number="28">guards</token>
  <token t_id="624" sentence="24" number="29">away</token>
  <token t_id="625" sentence="24" number="30">from</token>
  <token t_id="626" sentence="24" number="31">the</token>
  <token t_id="627" sentence="24" number="32">Tomb</token>
  <token t_id="628" sentence="24" number="33">of</token>
  <token t_id="629" sentence="24" number="34">the</token>
  <token t_id="630" sentence="24" number="35">Unknown</token>
  <token t_id="631" sentence="24" number="36">Soldier</token>
  <token t_id="632" sentence="24" number="37">in</token>
  <token t_id="633" sentence="24" number="38">front</token>
  <token t_id="634" sentence="24" number="39">of</token>
  <token t_id="635" sentence="24" number="40">the</token>
  <token t_id="636" sentence="24" number="41">building</token>
  <token t_id="637" sentence="24" number="42">.</token>
  <token t_id="638" sentence="25" number="0">Tear</token>
  <token t_id="639" sentence="25" number="1">gas</token>
  <token t_id="640" sentence="25" number="2">drifted</token>
  <token t_id="641" sentence="25" number="3">across</token>
  <token t_id="642" sentence="25" number="4">the</token>
  <token t_id="643" sentence="25" number="5">city</token>
  <token t_id="644" sentence="25" number="6">center</token>
  <token t_id="645" sentence="25" number="7">as</token>
  <token t_id="646" sentence="25" number="8">rioters</token>
  <token t_id="647" sentence="25" number="9">hurled</token>
  <token t_id="648" sentence="25" number="10">paving</token>
  <token t_id="649" sentence="25" number="11">stones</token>
  <token t_id="650" sentence="25" number="12">and</token>
  <token t_id="651" sentence="25" number="13">fire</token>
  <token t_id="652" sentence="25" number="14">bombs</token>
  <token t_id="653" sentence="25" number="15">at</token>
  <token t_id="654" sentence="25" number="16">police</token>
  <token t_id="655" sentence="25" number="17">.</token>
  <token t_id="656" sentence="26" number="0">Firefighters</token>
  <token t_id="657" sentence="26" number="1">extinguished</token>
  <token t_id="658" sentence="26" number="2">blazes</token>
  <token t_id="659" sentence="26" number="3">at</token>
  <token t_id="660" sentence="26" number="4">least</token>
  <token t_id="661" sentence="26" number="5">two</token>
  <token t_id="662" sentence="26" number="6">buildings</token>
  <token t_id="663" sentence="26" number="7">the</token>
  <token t_id="664" sentence="26" number="8">bank</token>
  <token t_id="665" sentence="26" number="9">and</token>
  <token t_id="666" sentence="26" number="10">a</token>
  <token t_id="667" sentence="26" number="11">branch</token>
  <token t_id="668" sentence="26" number="12">of</token>
  <token t_id="669" sentence="26" number="13">the</token>
  <token t_id="670" sentence="26" number="14">Finance</token>
  <token t_id="671" sentence="26" number="15">Ministry</token>
  <token t_id="672" sentence="26" number="16">while</token>
  <token t_id="673" sentence="26" number="17">protesters</token>
  <token t_id="674" sentence="26" number="18">set</token>
  <token t_id="675" sentence="26" number="19">up</token>
  <token t_id="676" sentence="26" number="20">burning</token>
  <token t_id="677" sentence="26" number="21">barricades</token>
  <token t_id="678" sentence="26" number="22">and</token>
  <token t_id="679" sentence="26" number="23">torched</token>
  <token t_id="680" sentence="26" number="24">cars</token>
  <token t_id="681" sentence="26" number="25">and</token>
  <token t_id="682" sentence="26" number="26">a</token>
  <token t_id="683" sentence="26" number="27">fire</token>
  <token t_id="684" sentence="26" number="28">truck</token>
  <token t_id="685" sentence="26" number="29">.</token>
  <token t_id="686" sentence="27" number="0">Police</token>
  <token t_id="687" sentence="27" number="1">said</token>
  <token t_id="688" sentence="27" number="2">12</token>
  <token t_id="689" sentence="27" number="3">people</token>
  <token t_id="690" sentence="27" number="4">were</token>
  <token t_id="691" sentence="27" number="5">injured</token>
  <token t_id="692" sentence="27" number="6">in</token>
  <token t_id="693" sentence="27" number="7">the</token>
  <token t_id="694" sentence="27" number="8">riots</token>
  <token t_id="695" sentence="27" number="9">.</token>
  <token t_id="696" sentence="28" number="0">The</token>
  <token t_id="697" sentence="28" number="1">marches</token>
  <token t_id="698" sentence="28" number="2">came</token>
  <token t_id="699" sentence="28" number="3">amid</token>
  <token t_id="700" sentence="28" number="4">a</token>
  <token t_id="701" sentence="28" number="5">24</token>
  <token t_id="702" sentence="28" number="6">-</token>
  <token t_id="703" sentence="28" number="7">hour</token>
  <token t_id="704" sentence="28" number="8">nationwide</token>
  <token t_id="705" sentence="28" number="9">general</token>
  <token t_id="706" sentence="28" number="10">strike</token>
  <token t_id="707" sentence="28" number="11">that</token>
  <token t_id="708" sentence="28" number="12">grounded</token>
  <token t_id="709" sentence="28" number="13">all</token>
  <token t_id="710" sentence="28" number="14">flights</token>
  <token t_id="711" sentence="28" number="15">to</token>
  <token t_id="712" sentence="28" number="16">and</token>
  <token t_id="713" sentence="28" number="17">from</token>
  <token t_id="714" sentence="28" number="18">Greece</token>
  <token t_id="715" sentence="28" number="19">,</token>
  <token t_id="716" sentence="28" number="20">shut</token>
  <token t_id="717" sentence="28" number="21">down</token>
  <token t_id="718" sentence="28" number="22">ports</token>
  <token t_id="719" sentence="28" number="23">,</token>
  <token t_id="720" sentence="28" number="24">schools</token>
  <token t_id="721" sentence="28" number="25">and</token>
  <token t_id="722" sentence="28" number="26">government</token>
  <token t_id="723" sentence="28" number="27">services</token>
  <token t_id="724" sentence="28" number="28">,</token>
  <token t_id="725" sentence="28" number="29">and</token>
  <token t_id="726" sentence="28" number="30">left</token>
  <token t_id="727" sentence="28" number="31">hospitals</token>
  <token t_id="728" sentence="28" number="32">working</token>
  <token t_id="729" sentence="28" number="33">with</token>
  <token t_id="730" sentence="28" number="34">emergency</token>
  <token t_id="731" sentence="28" number="35">medical</token>
  <token t_id="732" sentence="28" number="36">staff</token>
  <token t_id="733" sentence="28" number="37">.</token>
  <token t_id="734" sentence="29" number="0">The</token>
  <token t_id="735" sentence="29" number="1">Acropolis</token>
  <token t_id="736" sentence="29" number="2">and</token>
  <token t_id="737" sentence="29" number="3">all</token>
  <token t_id="738" sentence="29" number="4">other</token>
  <token t_id="739" sentence="29" number="5">ancient</token>
  <token t_id="740" sentence="29" number="6">sites</token>
  <token t_id="741" sentence="29" number="7">were</token>
  <token t_id="742" sentence="29" number="8">closed</token>
  <token t_id="743" sentence="29" number="9">and</token>
  <token t_id="744" sentence="29" number="10">journalists</token>
  <token t_id="745" sentence="29" number="11">also</token>
  <token t_id="746" sentence="29" number="12">walked</token>
  <token t_id="747" sentence="29" number="13">off</token>
  <token t_id="748" sentence="29" number="14">the</token>
  <token t_id="749" sentence="29" number="15">job</token>
  <token t_id="750" sentence="29" number="16">,</token>
  <token t_id="751" sentence="29" number="17">suspending</token>
  <token t_id="752" sentence="29" number="18">television</token>
  <token t_id="753" sentence="29" number="19">and</token>
  <token t_id="754" sentence="29" number="20">radio</token>
  <token t_id="755" sentence="29" number="21">news</token>
  <token t_id="756" sentence="29" number="22">broadcasts</token>
  <token t_id="757" sentence="29" number="23">.</token>
  <token t_id="758" sentence="30" number="0">But</token>
  <token t_id="759" sentence="30" number="1">media</token>
  <token t_id="760" sentence="30" number="2">later</token>
  <token t_id="761" sentence="30" number="3">broke</token>
  <token t_id="762" sentence="30" number="4">the</token>
  <token t_id="763" sentence="30" number="5">strike</token>
  <token t_id="764" sentence="30" number="6">to</token>
  <token t_id="765" sentence="30" number="7">report</token>
  <token t_id="766" sentence="30" number="8">on</token>
  <token t_id="767" sentence="30" number="9">the</token>
  <token t_id="768" sentence="30" number="10">deaths</token>
  <token t_id="769" sentence="30" number="11">and</token>
  <token t_id="770" sentence="30" number="12">the</token>
  <token t_id="771" sentence="30" number="13">protests</token>
  <token t_id="772" sentence="30" number="14">.</token>
  <token t_id="773" sentence="31" number="0">Violence</token>
  <token t_id="774" sentence="31" number="1">also</token>
  <token t_id="775" sentence="31" number="2">broke</token>
  <token t_id="776" sentence="31" number="3">out</token>
  <token t_id="777" sentence="31" number="4">in</token>
  <token t_id="778" sentence="31" number="5">the</token>
  <token t_id="779" sentence="31" number="6">northern</token>
  <token t_id="780" sentence="31" number="7">city</token>
  <token t_id="781" sentence="31" number="8">of</token>
  <token t_id="782" sentence="31" number="9">Thessaloniki</token>
  <token t_id="783" sentence="31" number="10">,</token>
  <token t_id="784" sentence="31" number="11">where</token>
  <token t_id="785" sentence="31" number="12">another</token>
  <token t_id="786" sentence="31" number="13">20</token>
  <token t_id="787" sentence="31" number="14">,</token>
  <token t_id="788" sentence="31" number="15">000</token>
  <token t_id="789" sentence="31" number="16">people</token>
  <token t_id="790" sentence="31" number="17">marched</token>
  <token t_id="791" sentence="31" number="18">through</token>
  <token t_id="792" sentence="31" number="19">the</token>
  <token t_id="793" sentence="31" number="20">city</token>
  <token t_id="794" sentence="31" number="21">center</token>
  <token t_id="795" sentence="31" number="22">and</token>
  <token t_id="796" sentence="31" number="23">some</token>
  <token t_id="797" sentence="31" number="24">youths</token>
  <token t_id="798" sentence="31" number="25">smashed</token>
  <token t_id="799" sentence="31" number="26">store</token>
  <token t_id="800" sentence="31" number="27">windows</token>
  <token t_id="801" sentence="31" number="28">.</token>
  <token t_id="802" sentence="32" number="0">Union</token>
  <token t_id="803" sentence="32" number="1">reaction</token>
  <token t_id="804" sentence="32" number="2">over</token>
  <token t_id="805" sentence="32" number="3">austerity</token>
  <token t_id="806" sentence="32" number="4">measures</token>
  <token t_id="807" sentence="32" number="5">until</token>
  <token t_id="808" sentence="32" number="6">now</token>
  <token t_id="809" sentence="32" number="7">had</token>
  <token t_id="810" sentence="32" number="8">been</token>
  <token t_id="811" sentence="32" number="9">relatively</token>
  <token t_id="812" sentence="32" number="10">muted</token>
  <token t_id="813" sentence="32" number="11">by</token>
  <token t_id="814" sentence="32" number="12">Greece's</token>
  <token t_id="815" sentence="32" number="13">volatile</token>
  <token t_id="816" sentence="32" number="14">standards</token>
  <token t_id="817" sentence="32" number="15">,</token>
  <token t_id="818" sentence="32" number="16">despite</token>
  <token t_id="819" sentence="32" number="17">several</token>
  <token t_id="820" sentence="32" number="18">previous</token>
  <token t_id="821" sentence="32" number="19">strikes</token>
  <token t_id="822" sentence="32" number="20">.</token>
  <token t_id="823" sentence="33" number="0">But</token>
  <token t_id="824" sentence="33" number="1">anger</token>
  <token t_id="825" sentence="33" number="2">mounted</token>
  <token t_id="826" sentence="33" number="3">after</token>
  <token t_id="827" sentence="33" number="4">Papandreou</token>
  <token t_id="828" sentence="33" number="5">announced</token>
  <token t_id="829" sentence="33" number="6">cuts</token>
  <token t_id="830" sentence="33" number="7">in</token>
  <token t_id="831" sentence="33" number="8">salaries</token>
  <token t_id="832" sentence="33" number="9">and</token>
  <token t_id="833" sentence="33" number="10">pensions</token>
  <token t_id="834" sentence="33" number="11">for</token>
  <token t_id="835" sentence="33" number="12">civil</token>
  <token t_id="836" sentence="33" number="13">servants</token>
  <token t_id="837" sentence="33" number="14">and</token>
  <token t_id="838" sentence="33" number="15">another</token>
  <token t_id="839" sentence="33" number="16">round</token>
  <token t_id="840" sentence="33" number="17">of</token>
  <token t_id="841" sentence="33" number="18">consumer</token>
  <token t_id="842" sentence="33" number="19">tax</token>
  <token t_id="843" sentence="33" number="20">increases</token>
  <token t_id="844" sentence="33" number="21">.</token>
  <token t_id="845" sentence="34" number="0">Papandreou</token>
  <token t_id="846" sentence="34" number="1">said</token>
  <token t_id="847" sentence="34" number="2">he</token>
  <token t_id="848" sentence="34" number="3">has</token>
  <token t_id="849" sentence="34" number="4">no</token>
  <token t_id="850" sentence="34" number="5">choice</token>
  <token t_id="851" sentence="34" number="6">but</token>
  <token t_id="852" sentence="34" number="7">to</token>
  <token t_id="853" sentence="34" number="8">implement</token>
  <token t_id="854" sentence="34" number="9">the</token>
  <token t_id="855" sentence="34" number="10">measures</token>
  <token t_id="856" sentence="34" number="11">if</token>
  <token t_id="857" sentence="34" number="12">Greece</token>
  <token t_id="858" sentence="34" number="13">was</token>
  <token t_id="859" sentence="34" number="14">to</token>
  <token t_id="860" sentence="34" number="15">avoid</token>
  <token t_id="861" sentence="34" number="16">bankruptcy</token>
  <token t_id="862" sentence="34" number="17">.</token>
  <token t_id="863" sentence="35" number="0">"There</token>
  <token t_id="864" sentence="35" number="1">was</token>
  <token t_id="865" sentence="35" number="2">only</token>
  <token t_id="866" sentence="35" number="3">one</token>
  <token t_id="867" sentence="35" number="4">other</token>
  <token t_id="868" sentence="35" number="5">solution</token>
  <token t_id="869" sentence="35" number="6">for</token>
  <token t_id="870" sentence="35" number="7">the</token>
  <token t_id="871" sentence="35" number="8">country</token>
  <token t_id="872" sentence="35" number="9">to</token>
  <token t_id="873" sentence="35" number="10">default</token>
  <token t_id="874" sentence="35" number="11">,</token>
  <token t_id="875" sentence="35" number="12">taking</token>
  <token t_id="876" sentence="35" number="13">the</token>
  <token t_id="877" sentence="35" number="14">citizenry</token>
  <token t_id="878" sentence="35" number="15">with</token>
  <token t_id="879" sentence="35" number="16">it</token>
  <token t_id="880" sentence="35" number="17">.</token>
  <token t_id="881" sentence="36" number="0">And</token>
  <token t_id="882" sentence="36" number="1">that</token>
  <token t_id="883" sentence="36" number="2">would</token>
  <token t_id="884" sentence="36" number="3">not</token>
  <token t_id="885" sentence="36" number="4">have</token>
  <token t_id="886" sentence="36" number="5">affected</token>
  <token t_id="887" sentence="36" number="6">the</token>
  <token t_id="888" sentence="36" number="7">rich</token>
  <token t_id="889" sentence="36" number="8">,</token>
  <token t_id="890" sentence="36" number="9">it</token>
  <token t_id="891" sentence="36" number="10">would</token>
  <token t_id="892" sentence="36" number="11">have</token>
  <token t_id="893" sentence="36" number="12">affected</token>
  <token t_id="894" sentence="36" number="13">workers</token>
  <token t_id="895" sentence="36" number="14">and</token>
  <token t_id="896" sentence="36" number="15">pensioners</token>
  <token t_id="897" sentence="36" number="16">,</token>
  <token t_id="898" sentence="36" number="17">"</token>
  <token t_id="899" sentence="36" number="18">he</token>
  <token t_id="900" sentence="36" number="19">told</token>
  <token t_id="901" sentence="36" number="20">Parliament</token>
  <token t_id="902" sentence="36" number="21">on</token>
  <token t_id="903" sentence="36" number="22">Wednesday</token>
  <token t_id="904" sentence="36" number="23">.</token>
  <token t_id="905" sentence="37" number="0">"That</token>
  <token t_id="906" sentence="37" number="1">was</token>
  <token t_id="907" sentence="37" number="2">a</token>
  <token t_id="908" sentence="37" number="3">real</token>
  <token t_id="909" sentence="37" number="4">possibility</token>
  <token t_id="910" sentence="37" number="5">,</token>
  <token t_id="911" sentence="37" number="6">however</token>
  <token t_id="912" sentence="37" number="7">nightmarish</token>
  <token t_id="913" sentence="37" number="8">.</token>
  <token t_id="914" sentence="37" number="9">"</token>
  <token t_id="915" sentence="38" number="0">Under</token>
  <token t_id="916" sentence="38" number="1">the</token>
  <token t_id="917" sentence="38" number="2">bailout</token>
  <token t_id="918" sentence="38" number="3">package</token>
  <token t_id="919" sentence="38" number="4">,</token>
  <token t_id="920" sentence="38" number="5">Greece</token>
  <token t_id="921" sentence="38" number="6">will</token>
  <token t_id="922" sentence="38" number="7">receive</token>
  <token t_id="923" sentence="38" number="8">loans</token>
  <token t_id="924" sentence="38" number="9">over</token>
  <token t_id="925" sentence="38" number="10">three</token>
  <token t_id="926" sentence="38" number="11">years</token>
  <token t_id="927" sentence="38" number="12">from</token>
  <token t_id="928" sentence="38" number="13">the</token>
  <token t_id="929" sentence="38" number="14">IMF</token>
  <token t_id="930" sentence="38" number="15">and</token>
  <token t_id="931" sentence="38" number="16">the</token>
  <token t_id="932" sentence="38" number="17">other</token>
  <token t_id="933" sentence="38" number="18">15</token>
  <token t_id="934" sentence="38" number="19">countries</token>
  <token t_id="935" sentence="38" number="20">who</token>
  <token t_id="936" sentence="38" number="21">share</token>
  <token t_id="937" sentence="38" number="22">the</token>
  <token t_id="938" sentence="38" number="23">euro</token>
  <token t_id="939" sentence="38" number="24">currency</token>
  <token t_id="940" sentence="38" number="25">.</token>
  <token t_id="941" sentence="39" number="0">The</token>
  <token t_id="942" sentence="39" number="1">rescue</token>
  <token t_id="943" sentence="39" number="2">aims</token>
  <token t_id="944" sentence="39" number="3">to</token>
  <token t_id="945" sentence="39" number="4">prevent</token>
  <token t_id="946" sentence="39" number="5">Athens'</token>
  <token t_id="947" sentence="39" number="6">debt</token>
  <token t_id="948" sentence="39" number="7">troubles</token>
  <token t_id="949" sentence="39" number="8">from</token>
  <token t_id="950" sentence="39" number="9">becoming</token>
  <token t_id="951" sentence="39" number="10">a</token>
  <token t_id="952" sentence="39" number="11">wider</token>
  <token t_id="953" sentence="39" number="12">crisis</token>
  <token t_id="954" sentence="39" number="13">for</token>
  <token t_id="955" sentence="39" number="14">the</token>
  <token t_id="956" sentence="39" number="15">euro</token>
  <token t_id="957" sentence="39" number="16">.</token>
  <token t_id="958" sentence="40" number="0">But</token>
  <token t_id="959" sentence="40" number="1">the</token>
  <token t_id="960" sentence="40" number="2">rioting</token>
  <token t_id="961" sentence="40" number="3">underlined</token>
  <token t_id="962" sentence="40" number="4">skepticism</token>
  <token t_id="963" sentence="40" number="5">that</token>
  <token t_id="964" sentence="40" number="6">the</token>
  <token t_id="965" sentence="40" number="7">Greek</token>
  <token t_id="966" sentence="40" number="8">government</token>
  <token t_id="967" sentence="40" number="9">could</token>
  <token t_id="968" sentence="40" number="10">keep</token>
  <token t_id="969" sentence="40" number="11">up</token>
  <token t_id="970" sentence="40" number="12">its</token>
  <token t_id="971" sentence="40" number="13">end</token>
  <token t_id="972" sentence="40" number="14">of</token>
  <token t_id="973" sentence="40" number="15">the</token>
  <token t_id="974" sentence="40" number="16">bargain</token>
  <token t_id="975" sentence="40" number="17">,</token>
  <token t_id="976" sentence="40" number="18">helping</token>
  <token t_id="977" sentence="40" number="19">drive</token>
  <token t_id="978" sentence="40" number="20">the</token>
  <token t_id="979" sentence="40" number="21">euro</token>
  <token t_id="980" sentence="40" number="22">below</token>
  <token t_id="981" sentence="40" number="23">$1</token>
  <token t_id="982" sentence="40" number="24">.</token>
  <token t_id="983" sentence="40" number="25">29</token>
  <token t_id="984" sentence="40" number="26">for</token>
  <token t_id="985" sentence="40" number="27">the</token>
  <token t_id="986" sentence="40" number="28">first</token>
  <token t_id="987" sentence="40" number="29">time</token>
  <token t_id="988" sentence="40" number="30">in</token>
  <token t_id="989" sentence="40" number="31">over</token>
  <token t_id="990" sentence="40" number="32">a</token>
  <token t_id="991" sentence="40" number="33">year</token>
  <token t_id="992" sentence="40" number="34">.</token>
  <token t_id="993" sentence="41" number="0">Even</token>
  <token t_id="994" sentence="41" number="1">with</token>
  <token t_id="995" sentence="41" number="2">the</token>
  <token t_id="996" sentence="41" number="3">bailout</token>
  <token t_id="997" sentence="41" number="4">,</token>
  <token t_id="998" sentence="41" number="5">many</token>
  <token t_id="999" sentence="41" number="6">economists</token>
  <token t_id="1000" sentence="41" number="7">think</token>
  <token t_id="1001" sentence="41" number="8">Greece</token>
  <token t_id="1002" sentence="41" number="9">will</token>
  <token t_id="1003" sentence="41" number="10">eventually</token>
  <token t_id="1004" sentence="41" number="11">default</token>
  <token t_id="1005" sentence="41" number="12">on</token>
  <token t_id="1006" sentence="41" number="13">or</token>
  <token t_id="1007" sentence="41" number="14">restructure</token>
  <token t_id="1008" sentence="41" number="15">its</token>
  <token t_id="1009" sentence="41" number="16">debts</token>
  <token t_id="1010" sentence="41" number="17">because</token>
  <token t_id="1011" sentence="41" number="18">its</token>
  <token t_id="1012" sentence="41" number="19">prospects</token>
  <token t_id="1013" sentence="41" number="20">for</token>
  <token t_id="1014" sentence="41" number="21">economic</token>
  <token t_id="1015" sentence="41" number="22">growth</token>
  <token t_id="1016" sentence="41" number="23">are</token>
  <token t_id="1017" sentence="41" number="24">so</token>
  <token t_id="1018" sentence="41" number="25">poor</token>
  <token t_id="1019" sentence="41" number="26">over</token>
  <token t_id="1020" sentence="41" number="27">the</token>
  <token t_id="1021" sentence="41" number="28">next</token>
  <token t_id="1022" sentence="41" number="29">several</token>
  <token t_id="1023" sentence="41" number="30">years</token>
  <token t_id="1024" sentence="41" number="31">,</token>
  <token t_id="1025" sentence="41" number="32">hurting</token>
  <token t_id="1026" sentence="41" number="33">government</token>
  <token t_id="1027" sentence="41" number="34">revenue</token>
  <token t_id="1028" sentence="41" number="35">.</token>
  <token t_id="1029" sentence="42" number="0">Some</token>
  <token t_id="1030" sentence="42" number="1">fear</token>
  <token t_id="1031" sentence="42" number="2">the</token>
  <token t_id="1032" sentence="42" number="3">austerity</token>
  <token t_id="1033" sentence="42" number="4">measures</token>
  <token t_id="1034" sentence="42" number="5">insisted</token>
  <token t_id="1035" sentence="42" number="6">upon</token>
  <token t_id="1036" sentence="42" number="7">by</token>
  <token t_id="1037" sentence="42" number="8">the</token>
  <token t_id="1038" sentence="42" number="9">EU</token>
  <token t_id="1039" sentence="42" number="10">and</token>
  <token t_id="1040" sentence="42" number="11">IMF</token>
  <token t_id="1041" sentence="42" number="12">could</token>
  <token t_id="1042" sentence="42" number="13">make</token>
  <token t_id="1043" sentence="42" number="14">prospects</token>
  <token t_id="1044" sentence="42" number="15">for</token>
  <token t_id="1045" sentence="42" number="16">growth</token>
  <token t_id="1046" sentence="42" number="17">even</token>
  <token t_id="1047" sentence="42" number="18">worse</token>
  <token t_id="1048" sentence="42" number="19">.</token>
  <token t_id="1049" sentence="43" number="0">Unions</token>
  <token t_id="1050" sentence="43" number="1">say</token>
  <token t_id="1051" sentence="43" number="2">low</token>
  <token t_id="1052" sentence="43" number="3">-</token>
  <token t_id="1053" sentence="43" number="4">income</token>
  <token t_id="1054" sentence="43" number="5">Greeks</token>
  <token t_id="1055" sentence="43" number="6">will</token>
  <token t_id="1056" sentence="43" number="7">suffer</token>
  <token t_id="1057" sentence="43" number="8">disproportionately</token>
  <token t_id="1058" sentence="43" number="9">from</token>
  <token t_id="1059" sentence="43" number="10">the</token>
  <token t_id="1060" sentence="43" number="11">latest</token>
  <token t_id="1061" sentence="43" number="12">austerity</token>
  <token t_id="1062" sentence="43" number="13">measures</token>
  <token t_id="1063" sentence="43" number="14">,</token>
  <token t_id="1064" sentence="43" number="15">which</token>
  <token t_id="1065" sentence="43" number="16">aim</token>
  <token t_id="1066" sentence="43" number="17">to</token>
  <token t_id="1067" sentence="43" number="18">save</token>
  <token t_id="1068" sentence="43" number="19">euro30</token>
  <token t_id="1069" sentence="43" number="20">billion</token>
  <token t_id="1070" sentence="43" number="21">(</token>
  <token t_id="1071" sentence="43" number="22">$40</token>
  <token t_id="1072" sentence="43" number="23">billion</token>
  <token t_id="1073" sentence="43" number="24">)</token>
  <token t_id="1074" sentence="43" number="25">the</token>
  <token t_id="1075" sentence="43" number="26">country's</token>
  <token t_id="1076" sentence="43" number="27">current</token>
  <token t_id="1077" sentence="43" number="28">budget</token>
  <token t_id="1078" sentence="43" number="29">deficit</token>
  <token t_id="1079" sentence="43" number="30">through</token>
  <token t_id="1080" sentence="43" number="31">2012</token>
  <token t_id="1081" sentence="43" number="32">.</token>
  <token t_id="1082" sentence="44" number="0">"These</token>
  <token t_id="1083" sentence="44" number="1">people</token>
  <token t_id="1084" sentence="44" number="2">are</token>
  <token t_id="1085" sentence="44" number="3">losing</token>
  <token t_id="1086" sentence="44" number="4">their</token>
  <token t_id="1087" sentence="44" number="5">rights</token>
  <token t_id="1088" sentence="44" number="6">,</token>
  <token t_id="1089" sentence="44" number="7">they</token>
  <token t_id="1090" sentence="44" number="8">are</token>
  <token t_id="1091" sentence="44" number="9">losing</token>
  <token t_id="1092" sentence="44" number="10">their</token>
  <token t_id="1093" sentence="44" number="11">future</token>
  <token t_id="1094" sentence="44" number="12">,</token>
  <token t_id="1095" sentence="44" number="13">"</token>
  <token t_id="1096" sentence="44" number="14">said</token>
  <token t_id="1097" sentence="44" number="15">Yiannis</token>
  <token t_id="1098" sentence="44" number="16">Panagopoulos</token>
  <token t_id="1099" sentence="44" number="17">,</token>
  <token t_id="1100" sentence="44" number="18">head</token>
  <token t_id="1101" sentence="44" number="19">of</token>
  <token t_id="1102" sentence="44" number="20">GSEE</token>
  <token t_id="1103" sentence="44" number="21">,</token>
  <token t_id="1104" sentence="44" number="22">one</token>
  <token t_id="1105" sentence="44" number="23">of</token>
  <token t_id="1106" sentence="44" number="24">the</token>
  <token t_id="1107" sentence="44" number="25">two</token>
  <token t_id="1108" sentence="44" number="26">largest</token>
  <token t_id="1109" sentence="44" number="27">unions</token>
  <token t_id="1110" sentence="44" number="28">.</token>
  <token t_id="1111" sentence="45" number="0">"The</token>
  <token t_id="1112" sentence="45" number="1">country</token>
  <token t_id="1113" sentence="45" number="2">cannot</token>
  <token t_id="1114" sentence="45" number="3">surrender</token>
  <token t_id="1115" sentence="45" number="4">without</token>
  <token t_id="1116" sentence="45" number="5">a</token>
  <token t_id="1117" sentence="45" number="6">fight</token>
  <token t_id="1118" sentence="45" number="7">.</token>
  <token t_id="1119" sentence="45" number="8">"</token>
  <token t_id="1120" sentence="46" number="0">IMF</token>
  <token t_id="1121" sentence="46" number="1">chief</token>
  <token t_id="1122" sentence="46" number="2">Dominique</token>
  <token t_id="1123" sentence="46" number="3">Strauss</token>
  <token t_id="1124" sentence="46" number="4">-</token>
  <token t_id="1125" sentence="46" number="5">Kahn</token>
  <token t_id="1126" sentence="46" number="6">warned</token>
  <token t_id="1127" sentence="46" number="7">that</token>
  <token t_id="1128" sentence="46" number="8">the</token>
  <token t_id="1129" sentence="46" number="9">crisis</token>
  <token t_id="1130" sentence="46" number="10">could</token>
  <token t_id="1131" sentence="46" number="11">spread</token>
  <token t_id="1132" sentence="46" number="12">to</token>
  <token t_id="1133" sentence="46" number="13">other</token>
  <token t_id="1134" sentence="46" number="14">countries</token>
  <token t_id="1135" sentence="46" number="15">despite</token>
  <token t_id="1136" sentence="46" number="16">the</token>
  <token t_id="1137" sentence="46" number="17">rescue</token>
  <token t_id="1138" sentence="46" number="18">package's</token>
  <token t_id="1139" sentence="46" number="19">efforts</token>
  <token t_id="1140" sentence="46" number="20">to</token>
  <token t_id="1141" sentence="46" number="21">contain</token>
  <token t_id="1142" sentence="46" number="22">it</token>
  <token t_id="1143" sentence="46" number="23">.</token>
  <token t_id="1144" sentence="47" number="0">"Everyone</token>
  <token t_id="1145" sentence="47" number="1">must</token>
  <token t_id="1146" sentence="47" number="2">remain</token>
  <token t_id="1147" sentence="47" number="3">extremely</token>
  <token t_id="1148" sentence="47" number="4">vigilant"</token>
  <token t_id="1149" sentence="47" number="5">to</token>
  <token t_id="1150" sentence="47" number="6">this</token>
  <token t_id="1151" sentence="47" number="7">risk</token>
  <token t_id="1152" sentence="47" number="8">,</token>
  <token t_id="1153" sentence="47" number="9">Strauss</token>
  <token t_id="1154" sentence="47" number="10">-</token>
  <token t_id="1155" sentence="47" number="11">Kahn</token>
  <token t_id="1156" sentence="47" number="12">said</token>
  <token t_id="1157" sentence="47" number="13">in</token>
  <token t_id="1158" sentence="47" number="14">an</token>
  <token t_id="1159" sentence="47" number="15">interview</token>
  <token t_id="1160" sentence="47" number="16">in</token>
  <token t_id="1161" sentence="47" number="17">French</token>
  <token t_id="1162" sentence="47" number="18">newspaper</token>
  <token t_id="1163" sentence="47" number="19">Le</token>
  <token t_id="1164" sentence="47" number="20">Parisien</token>
  <token t_id="1165" sentence="47" number="21">Wednesday</token>
  <token t_id="1166" sentence="47" number="22">.</token>
  <token t_id="1167" sentence="48" number="0">"I</token>
  <token t_id="1168" sentence="48" number="1">completely</token>
  <token t_id="1169" sentence="48" number="2">understand</token>
  <token t_id="1170" sentence="48" number="3">the</token>
  <token t_id="1171" sentence="48" number="4">Greek</token>
  <token t_id="1172" sentence="48" number="5">population's</token>
  <token t_id="1173" sentence="48" number="6">anger</token>
  <token t_id="1174" sentence="48" number="7">,</token>
  <token t_id="1175" sentence="48" number="8">its</token>
  <token t_id="1176" sentence="48" number="9">incomprehension</token>
  <token t_id="1177" sentence="48" number="10">at</token>
  <token t_id="1178" sentence="48" number="11">the</token>
  <token t_id="1179" sentence="48" number="12">size</token>
  <token t_id="1180" sentence="48" number="13">of</token>
  <token t_id="1181" sentence="48" number="14">the</token>
  <token t_id="1182" sentence="48" number="15">economic</token>
  <token t_id="1183" sentence="48" number="16">catastrophe</token>
  <token t_id="1184" sentence="48" number="17">,</token>
  <token t_id="1185" sentence="48" number="18">"</token>
  <token t_id="1186" sentence="48" number="19">Strauss</token>
  <token t_id="1187" sentence="48" number="20">-</token>
  <token t_id="1188" sentence="48" number="21">Kahn</token>
  <token t_id="1189" sentence="48" number="22">said</token>
  <token t_id="1190" sentence="48" number="23">.</token>
  <token t_id="1191" sentence="49" number="0">But</token>
  <token t_id="1192" sentence="49" number="1">,</token>
  <token t_id="1193" sentence="49" number="2">he</token>
  <token t_id="1194" sentence="49" number="3">said</token>
  <token t_id="1195" sentence="49" number="4">,</token>
  <token t_id="1196" sentence="49" number="5">Greeks</token>
  <token t_id="1197" sentence="49" number="6">must</token>
  <token t_id="1198" sentence="49" number="7">also</token>
  <token t_id="1199" sentence="49" number="8">understand</token>
  <token t_id="1200" sentence="49" number="9">that</token>
  <token t_id="1201" sentence="49" number="10">without</token>
  <token t_id="1202" sentence="49" number="11">these</token>
  <token t_id="1203" sentence="49" number="12">measures</token>
  <token t_id="1204" sentence="49" number="13">"the</token>
  <token t_id="1205" sentence="49" number="14">situation</token>
  <token t_id="1206" sentence="49" number="15">would</token>
  <token t_id="1207" sentence="49" number="16">be</token>
  <token t_id="1208" sentence="49" number="17">infinitely</token>
  <token t_id="1209" sentence="49" number="18">more</token>
  <token t_id="1210" sentence="49" number="19">serious</token>
  <token t_id="1211" sentence="49" number="20">.</token>
  <token t_id="1212" sentence="49" number="21">"</token>
  <token t_id="1213" sentence="50" number="0">The</token>
  <token t_id="1214" sentence="50" number="1">draft</token>
  <token t_id="1215" sentence="50" number="2">bill</token>
  <token t_id="1216" sentence="50" number="3">of</token>
  <token t_id="1217" sentence="50" number="4">the</token>
  <token t_id="1218" sentence="50" number="5">new</token>
  <token t_id="1219" sentence="50" number="6">austerity</token>
  <token t_id="1220" sentence="50" number="7">measures</token>
  <token t_id="1221" sentence="50" number="8">is</token>
  <token t_id="1222" sentence="50" number="9">to</token>
  <token t_id="1223" sentence="50" number="10">be</token>
  <token t_id="1224" sentence="50" number="11">voted</token>
  <token t_id="1225" sentence="50" number="12">on</token>
  <token t_id="1226" sentence="50" number="13">Thursday</token>
  <token t_id="1227" sentence="50" number="14">.</token>
  <token t_id="1228" sentence="51" number="0">Papandreou's</token>
  <token t_id="1229" sentence="51" number="1">Socialists</token>
  <token t_id="1230" sentence="51" number="2">hold</token>
  <token t_id="1231" sentence="51" number="3">a</token>
  <token t_id="1232" sentence="51" number="4">comfortable</token>
  <token t_id="1233" sentence="51" number="5">majority</token>
  <token t_id="1234" sentence="51" number="6">of</token>
  <token t_id="1235" sentence="51" number="7">160</token>
  <token t_id="1236" sentence="51" number="8">in</token>
  <token t_id="1237" sentence="51" number="9">the</token>
  <token t_id="1238" sentence="51" number="10">300</token>
  <token t_id="1239" sentence="51" number="11">-</token>
  <token t_id="1240" sentence="51" number="12">seat</token>
  <token t_id="1241" sentence="51" number="13">Parliament</token>
  <token t_id="1242" sentence="51" number="14">and</token>
  <token t_id="1243" sentence="51" number="15">the</token>
  <token t_id="1244" sentence="51" number="16">bill</token>
  <token t_id="1245" sentence="51" number="17">is</token>
  <token t_id="1246" sentence="51" number="18">expected</token>
  <token t_id="1247" sentence="51" number="19">to</token>
  <token t_id="1248" sentence="51" number="20">pass</token>
  <token t_id="1249" sentence="51" number="21">easily</token>
  <token t_id="1250" sentence="51" number="22">.</token>
  <Markables>
    <ACTION_OCCURRENCE m_id="29" comment="" climaxEvent="FALSE">
      <token_anchor t_id="674"/>
      <token_anchor t_id="675"/>
    </ACTION_OCCURRENCE>
    <ACTION_OCCURRENCE m_id="30" comment="" climaxEvent="FALSE">
      <token_anchor t_id="127"/>
    </ACTION_OCCURRENCE>
    <ACTION_OCCURRENCE m_id="31" comment="" climaxEvent="FALSE">
      <token_anchor t_id="47"/>
    </ACTION_OCCURRENCE>
    <ACTION_OCCURRENCE m_id="32" comment="" climaxEvent="FALSE">
      <token_anchor t_id="679"/>
    </ACTION_OCCURRENCE>
    <ACTION_OCCURRENCE m_id="97" comment="" climaxEvent="FALSE">
      <token_anchor t_id="57"/>
    </ACTION_OCCURRENCE>
    <ACTION_OCCURRENCE m_id="33" comment="" climaxEvent="FALSE">
      <token_anchor t_id="138"/>
    </ACTION_OCCURRENCE>
    <ACTION_OCCURRENCE m_id="1" comment="" climaxEvent="FALSE">
      <token_anchor t_id="610"/>
    </ACTION_OCCURRENCE>
    <ACTION_OCCURRENCE m_id="34" comment="" climaxEvent="FALSE">
      <token_anchor t_id="152"/>
    </ACTION_OCCURRENCE>
    <ACTION_OCCURRENCE m_id="2" comment="" climaxEvent="FALSE">
      <token_anchor t_id="694"/>
    </ACTION_OCCURRENCE>
    <ACTION_OCCURRENCE m_id="35" comment="" climaxEvent="FALSE">
      <token_anchor t_id="676"/>
    </ACTION_OCCURRENCE>
    <ACTION_OCCURRENCE m_id="3" comment="" climaxEvent="FALSE">
      <token_anchor t_id="612"/>
      <token_anchor t_id="613"/>
    </ACTION_OCCURRENCE>
    <ACTION_OCCURRENCE m_id="36" comment="" climaxEvent="FALSE">
      <token_anchor t_id="141"/>
    </ACTION_OCCURRENCE>
    <ACTION_OCCURRENCE m_id="4" comment="" climaxEvent="FALSE">
      <token_anchor t_id="691"/>
    </ACTION_OCCURRENCE>
    <ACTION_OCCURRENCE m_id="37" comment="" climaxEvent="FALSE">
      <token_anchor t_id="602"/>
    </ACTION_OCCURRENCE>
    <ACTION_OCCURRENCE m_id="5" comment="" climaxEvent="FALSE">
      <token_anchor t_id="618"/>
    </ACTION_OCCURRENCE>
    <ACTION_OCCURRENCE m_id="38" comment="" climaxEvent="FALSE">
      <token_anchor t_id="155"/>
      <token_anchor t_id="158"/>
      <token_anchor t_id="159"/>
    </ACTION_OCCURRENCE>
    <ACTION_OCCURRENCE m_id="6" comment="" climaxEvent="FALSE">
      <token_anchor t_id="621"/>
    </ACTION_OCCURRENCE>
    <ACTION_OCCURRENCE m_id="7" comment="" climaxEvent="FALSE">
      <token_anchor t_id="640"/>
    </ACTION_OCCURRENCE>
    <ACTION_OCCURRENCE m_id="8" comment="" climaxEvent="FALSE">
      <token_anchor t_id="773"/>
    </ACTION_OCCURRENCE>
    <ACTION_OCCURRENCE m_id="9" comment="" climaxEvent="FALSE">
      <token_anchor t_id="59"/>
    </ACTION_OCCURRENCE>
    <ACTION_OCCURRENCE m_id="10" comment="" climaxEvent="FALSE">
      <token_anchor t_id="775"/>
      <token_anchor t_id="776"/>
    </ACTION_OCCURRENCE>
    <ACTION_OCCURRENCE m_id="11" comment="" climaxEvent="FALSE">
      <token_anchor t_id="647"/>
    </ACTION_OCCURRENCE>
    <ACTION_OCCURRENCE m_id="12" comment="" climaxEvent="FALSE">
      <token_anchor t_id="70"/>
    </ACTION_OCCURRENCE>
    <ACTION_OCCURRENCE m_id="13" comment="" climaxEvent="FALSE">
      <token_anchor t_id="790"/>
    </ACTION_OCCURRENCE>
    <ACTION_OCCURRENCE m_id="14" comment="" climaxEvent="FALSE">
      <token_anchor t_id="72"/>
    </ACTION_OCCURRENCE>
    <ACTION_OCCURRENCE m_id="15" comment="" climaxEvent="FALSE">
      <token_anchor t_id="798"/>
    </ACTION_OCCURRENCE>
    <ACTION_OCCURRENCE m_id="16" comment="" climaxEvent="FALSE">
      <token_anchor t_id="75"/>
    </ACTION_OCCURRENCE>
    <ACTION_OCCURRENCE m_id="17" comment="" climaxEvent="FALSE">
      <token_anchor t_id="81"/>
    </ACTION_OCCURRENCE>
    <ACTION_OCCURRENCE m_id="18" comment="" climaxEvent="FALSE">
      <token_anchor t_id="85"/>
    </ACTION_OCCURRENCE>
    <ACTION_OCCURRENCE m_id="19" comment="" climaxEvent="FALSE">
      <token_anchor t_id="657"/>
    </ACTION_OCCURRENCE>
    <ACTION_OCCURRENCE m_id="20" comment="" climaxEvent="FALSE">
      <token_anchor t_id="87"/>
    </ACTION_OCCURRENCE>
    <ACTION_OCCURRENCE m_id="21" comment="" climaxEvent="FALSE">
      <token_anchor t_id="658"/>
    </ACTION_OCCURRENCE>
    <ACTION_OCCURRENCE m_id="22" comment="" climaxEvent="FALSE">
      <token_anchor t_id="97"/>
      <token_anchor t_id="98"/>
    </ACTION_OCCURRENCE>
    <ACTION_OCCURRENCE m_id="23" comment="" climaxEvent="FALSE">
      <token_anchor t_id="104"/>
    </ACTION_OCCURRENCE>
    <ACTION_OCCURRENCE m_id="24" climaxEvent="TRUE" comment="">
      <token_anchor t_id="31"/>
    </ACTION_OCCURRENCE>
    <ACTION_OCCURRENCE m_id="25" comment="" climaxEvent="FALSE">
      <token_anchor t_id="106"/>
    </ACTION_OCCURRENCE>
    <ACTION_OCCURRENCE m_id="26" comment="" climaxEvent="FALSE">
      <token_anchor t_id="112"/>
    </ACTION_OCCURRENCE>
    <ACTION_OCCURRENCE m_id="27" climaxEvent="TRUE" comment="">
      <token_anchor t_id="36"/>
    </ACTION_OCCURRENCE>
    <ACTION_OCCURRENCE m_id="28" comment="" climaxEvent="FALSE">
      <token_anchor t_id="113"/>
    </ACTION_OCCURRENCE>
    <ACTION_REPORTING m_id="39">
      <token_anchor t_id="687"/>
    </ACTION_REPORTING>
    <HUMAN_PART_GENERIC m_id="40">
      <token_anchor t_id="603"/>
    </HUMAN_PART_GENERIC>
    <HUMAN_PART_GENERIC m_id="41">
      <token_anchor t_id="605"/>
    </HUMAN_PART_GENERIC>
    <HUMAN_PART_GPE m_id="42">
      <token_anchor t_id="122"/>
    </HUMAN_PART_GPE>
    <HUMAN_PART_GPE m_id="43">
      <token_anchor t_id="126"/>
    </HUMAN_PART_GPE>
    <HUMAN_PART_ORG m_id="44">
      <token_anchor t_id="686"/>
    </HUMAN_PART_ORG>
    <HUMAN_PART_ORG m_id="45">
      <token_anchor t_id="79"/>
    </HUMAN_PART_ORG>
    <HUMAN_PART_ORG m_id="46">
      <token_anchor t_id="84"/>
    </HUMAN_PART_ORG>
    <HUMAN_PART_ORG m_id="47">
      <token_anchor t_id="116"/>
      <token_anchor t_id="117"/>
      <token_anchor t_id="118"/>
    </HUMAN_PART_ORG>
    <HUMAN_PART_ORG m_id="48">
      <token_anchor t_id="654"/>
    </HUMAN_PART_ORG>
    <HUMAN_PART_PER m_id="61" comment="">
      <token_anchor t_id="656"/>
    </HUMAN_PART_PER>
    <HUMAN_PART_PER m_id="62" comment="">
      <token_anchor t_id="789"/>
    </HUMAN_PART_PER>
    <HUMAN_PART_PER m_id="63" comment="">
      <token_anchor t_id="797"/>
    </HUMAN_PART_PER>
    <HUMAN_PART_PER m_id="64" comment="">
      <token_anchor t_id="30"/>
    </HUMAN_PART_PER>
    <HUMAN_PART_PER m_id="65" comment="">
      <token_anchor t_id="673"/>
    </HUMAN_PART_PER>
    <HUMAN_PART_PER m_id="49" comment="">
      <token_anchor t_id="601"/>
    </HUMAN_PART_PER>
    <HUMAN_PART_PER m_id="50" comment="">
      <token_anchor t_id="609"/>
    </HUMAN_PART_PER>
    <HUMAN_PART_PER m_id="51" comment="">
      <token_anchor t_id="689"/>
    </HUMAN_PART_PER>
    <HUMAN_PART_PER m_id="52" comment="">
      <token_anchor t_id="56"/>
    </HUMAN_PART_PER>
    <HUMAN_PART_PER m_id="53" comment="">
      <token_anchor t_id="69"/>
    </HUMAN_PART_PER>
    <HUMAN_PART_PER m_id="54" comment="">
      <token_anchor t_id="96"/>
    </HUMAN_PART_PER>
    <HUMAN_PART_PER m_id="55" comment="">
      <token_anchor t_id="623"/>
    </HUMAN_PART_PER>
    <HUMAN_PART_PER m_id="56" comment="">
      <token_anchor t_id="146"/>
    </HUMAN_PART_PER>
    <HUMAN_PART_PER m_id="57" comment="">
      <token_anchor t_id="148"/>
    </HUMAN_PART_PER>
    <HUMAN_PART_PER m_id="58" comment="">
      <token_anchor t_id="151"/>
    </HUMAN_PART_PER>
    <HUMAN_PART_PER m_id="59" comment="">
      <token_anchor t_id="154"/>
    </HUMAN_PART_PER>
    <HUMAN_PART_PER m_id="60" comment="">
      <token_anchor t_id="646"/>
    </HUMAN_PART_PER>
    <LOC_FAC m_id="66">
      <token_anchor t_id="73"/>
    </LOC_FAC>
    <LOC_FAC m_id="67">
      <token_anchor t_id="619"/>
    </LOC_FAC>
    <LOC_FAC m_id="68">
      <token_anchor t_id="626"/>
      <token_anchor t_id="627"/>
      <token_anchor t_id="628"/>
      <token_anchor t_id="629"/>
      <token_anchor t_id="630"/>
      <token_anchor t_id="631"/>
      <token_anchor t_id="632"/>
      <token_anchor t_id="633"/>
      <token_anchor t_id="634"/>
      <token_anchor t_id="635"/>
      <token_anchor t_id="636"/>
    </LOC_FAC>
    <LOC_FAC m_id="69">
      <token_anchor t_id="157"/>
    </LOC_FAC>
    <LOC_FAC m_id="70">
      <token_anchor t_id="662"/>
    </LOC_FAC>
    <LOC_FAC m_id="71">
      <token_anchor t_id="663"/>
      <token_anchor t_id="664"/>
    </LOC_FAC>
    <LOC_FAC m_id="72">
      <token_anchor t_id="33"/>
    </LOC_FAC>
    <LOC_FAC m_id="73">
      <token_anchor t_id="666"/>
      <token_anchor t_id="667"/>
      <token_anchor t_id="668"/>
      <token_anchor t_id="669"/>
      <token_anchor t_id="670"/>
      <token_anchor t_id="671"/>
    </LOC_FAC>
    <LOC_GEO m_id="74" comment="">
      <token_anchor t_id="595"/>
      <token_anchor t_id="596"/>
      <token_anchor t_id="597"/>
      <token_anchor t_id="598"/>
      <token_anchor t_id="599"/>
    </LOC_GEO>
    <LOC_GEO m_id="75" comment="">
      <token_anchor t_id="60"/>
      <token_anchor t_id="61"/>
      <token_anchor t_id="62"/>
      <token_anchor t_id="63"/>
    </LOC_GEO>
    <LOC_GEO m_id="76" comment="">
      <token_anchor t_id="99"/>
      <token_anchor t_id="100"/>
    </LOC_GEO>
    <LOC_GEO m_id="77" comment="">
      <token_anchor t_id="161"/>
      <token_anchor t_id="162"/>
      <token_anchor t_id="163"/>
      <token_anchor t_id="164"/>
      <token_anchor t_id="165"/>
      <token_anchor t_id="166"/>
      <token_anchor t_id="167"/>
    </LOC_GEO>
    <LOC_GEO m_id="78" comment="">
      <token_anchor t_id="642"/>
      <token_anchor t_id="643"/>
      <token_anchor t_id="644"/>
    </LOC_GEO>
    <LOC_GEO m_id="79" comment="">
      <token_anchor t_id="778"/>
      <token_anchor t_id="779"/>
      <token_anchor t_id="780"/>
      <token_anchor t_id="781"/>
      <token_anchor t_id="782"/>
    </LOC_GEO>
    <LOC_GEO m_id="80" comment="">
      <token_anchor t_id="792"/>
      <token_anchor t_id="793"/>
      <token_anchor t_id="794"/>
    </LOC_GEO>
    <NON_HUMAN_PART m_id="93" comment="">
      <token_anchor t_id="800"/>
    </NON_HUMAN_PART>
    <NON_HUMAN_PART m_id="94" comment="">
      <token_anchor t_id="677"/>
    </NON_HUMAN_PART>
    <NON_HUMAN_PART m_id="81" comment="">
      <token_anchor t_id="680"/>
    </NON_HUMAN_PART>
    <NON_HUMAN_PART m_id="82" comment="">
      <token_anchor t_id="684"/>
    </NON_HUMAN_PART>
    <NON_HUMAN_PART m_id="83" comment="">
      <token_anchor t_id="76"/>
      <token_anchor t_id="77"/>
    </NON_HUMAN_PART>
    <NON_HUMAN_PART m_id="84" comment="">
      <token_anchor t_id="82"/>
    </NON_HUMAN_PART>
    <NON_HUMAN_PART m_id="85" comment="">
      <token_anchor t_id="89"/>
      <token_anchor t_id="90"/>
    </NON_HUMAN_PART>
    <NON_HUMAN_PART m_id="86" comment="">
      <token_anchor t_id="135"/>
      <token_anchor t_id="136"/>
    </NON_HUMAN_PART>
    <NON_HUMAN_PART m_id="87" comment="">
      <token_anchor t_id="617"/>
    </NON_HUMAN_PART>
    <NON_HUMAN_PART m_id="88" comment="">
      <token_anchor t_id="52"/>
    </NON_HUMAN_PART>
    <NON_HUMAN_PART m_id="89" comment="">
      <token_anchor t_id="638"/>
      <token_anchor t_id="639"/>
    </NON_HUMAN_PART>
    <NON_HUMAN_PART m_id="90" comment="">
      <token_anchor t_id="108"/>
    </NON_HUMAN_PART>
    <NON_HUMAN_PART m_id="91" comment="">
      <token_anchor t_id="649"/>
    </NON_HUMAN_PART>
    <NON_HUMAN_PART m_id="92" comment="">
      <token_anchor t_id="652"/>
    </NON_HUMAN_PART>
    <TIME_DATE m_id="95" value="" anchorTimeID="" DCT="FALSE" comment="">
      <token_anchor t_id="64"/>
      <token_anchor t_id="65"/>
    </TIME_DATE>
    <TIME_OF_THE_DAY m_id="96" DCT="TRUE" value="" anchorTimeID="">
      <token_anchor t_id="38"/>
      <token_anchor t_id="39"/>
      <token_anchor t_id="40"/>
      <token_anchor t_id="41"/>
      <token_anchor t_id="42"/>
      <token_anchor t_id="43"/>
      <token_anchor t_id="44"/>
      <token_anchor t_id="45"/>
      <token_anchor t_id="46"/>
    </TIME_OF_THE_DAY>
    <ACTION_OCCURRENCE m_id="98" RELATED_TO="" TAG_DESCRIPTOR="t8_bomb_attack_eallier" comment="" climaxEvent="FALSE"/>
    <HUMAN_PART_PER m_id="99" RELATED_TO="" TAG_DESCRIPTOR="t8_killed_woman" comment=""/>
    <LOC_GEO m_id="100" RELATED_TO="" TAG_DESCRIPTOR="t8_thessaloniki" comment=""/>
    <LOC_FAC m_id="101" RELATED_TO="" TAG_DESCRIPTOR="t8_bank"/>
    <ACTION_OCCURRENCE m_id="102" RELATED_TO="" TAG_DESCRIPTOR="t8_broke_window" comment="" climaxEvent="FALSE"/>
    <ACTION_OCCURRENCE m_id="103" RELATED_TO="" TAG_DESCRIPTOR="t8_cuts" comment="" climaxEvent="FALSE"/>
    <ACTION_OCCURRENCE m_id="104" RELATED_TO="" TAG_DESCRIPTOR="t8_demonstrations" comment="" climaxEvent="FALSE"/>
    <NON_HUMAN_PART m_id="105" RELATED_TO="" TAG_DESCRIPTOR="t8_bomb" comment=""/>
    <HUMAN_PART_ORG m_id="106" RELATED_TO="" TAG_DESCRIPTOR="t8_police"/>
    <LOC_FAC m_id="107" RELATED_TO="" TAG_DESCRIPTOR="t8_parliament"/>
    <ACTION_OCCURRENCE m_id="108" RELATED_TO="" TAG_DESCRIPTOR="t8_rioting" comment="" climaxEvent="FALSE"/>
    <HUMAN_PART_GPE m_id="109" RELATED_TO="" TAG_DESCRIPTOR="t8_greece"/>
    <ACTION_OCCURRENCE m_id="110" RELATED_TO="" TAG_DESCRIPTOR="t8_bank_workers_died" comment="" climaxEvent="FALSE"/>
    <HUMAN_PART_PER m_id="111" RELATED_TO="" TAG_DESCRIPTOR="t8_killed_men" comment=""/>
    <HUMAN_PART_PER m_id="112" RELATED_TO="" TAG_DESCRIPTOR="t8_bank_workers" comment=""/>
    <TIME_DATE m_id="113" RELATED_TO="" TAG_DESCRIPTOR="t8_wednesday" value="" anchorTimeID="" DCT="FALSE" comment=""/>
    <HUMAN_PART_PER m_id="114" RELATED_TO="" TAG_DESCRIPTOR="t8_demonstrators" comment=""/>
    <ACTION_OCCURRENCE m_id="115" RELATED_TO="" TAG_DESCRIPTOR="t8_torched" comment="" climaxEvent="FALSE"/>
    <NON_HUMAN_PART m_id="116" RELATED_TO="" TAG_DESCRIPTOR="t8_window" comment=""/>
    <ACTION_OCCURRENCE m_id="117" RELATED_TO="" TAG_DESCRIPTOR="t8_fighting" comment="" climaxEvent="FALSE"/>
  </Markables>
  <Relations>
    <TLINK r_id="91673" contextualModality="" relType="CONTAINS" comment="">
      <source m_id="95"/>
      <target m_id="31"/>
    </TLINK>
    <TLINK r_id="91674" contextualModality="" relType="CONTAINS" comment="">
      <source m_id="95"/>
      <target m_id="97"/>
    </TLINK>
    <TLINK r_id="91675" contextualModality="" relType="CONTAINS" comment="">
      <source m_id="95"/>
      <target m_id="9"/>
    </TLINK>
    <TLINK r_id="91676" contextualModality="" relType="CONTAINS" comment="">
      <source m_id="95"/>
      <target m_id="12"/>
    </TLINK>
    <TLINK r_id="91677" contextualModality="" relType="CONTAINS" comment="">
      <source m_id="95"/>
      <target m_id="16"/>
    </TLINK>
    <TLINK r_id="91678" contextualModality="" relType="CONTAINS" comment="">
      <source m_id="95"/>
      <target m_id="14"/>
    </TLINK>
    <TLINK r_id="91679" contextualModality="" relType="CONTAINS" comment="">
      <source m_id="95"/>
      <target m_id="17"/>
    </TLINK>
    <TLINK r_id="91680" contextualModality="" relType="CONTAINS" comment="">
      <source m_id="95"/>
      <target m_id="20"/>
    </TLINK>
    <TLINK r_id="91681" contextualModality="" relType="CONTAINS" comment="">
      <source m_id="95"/>
      <target m_id="18"/>
    </TLINK>
    <TLINK r_id="91682" contextualModality="" relType="CONTAINS" comment="">
      <source m_id="95"/>
      <target m_id="23"/>
    </TLINK>
    <TLINK r_id="91683" contextualModality="" relType="CONTAINS" comment="">
      <source m_id="95"/>
      <target m_id="25"/>
    </TLINK>
    <TLINK r_id="91684" contextualModality="" relType="AFTER" comment="">
      <source m_id="95"/>
      <target m_id="26"/>
    </TLINK>
    <TLINK r_id="91685" contextualModality="" relType="BEFORE" comment="">
      <source m_id="95"/>
      <target m_id="30"/>
    </TLINK>
    <TLINK r_id="91686" contextualModality="" relType="CONTAINS" comment="">
      <source m_id="95"/>
      <target m_id="34"/>
    </TLINK>
    <TLINK r_id="91687" contextualModality="" relType="CONTAINS" comment="">
      <source m_id="95"/>
      <target m_id="38"/>
    </TLINK>
    <TLINK r_id="91688" contextualModality="" relType="CONTAINS" comment="">
      <source m_id="95"/>
      <target m_id="37"/>
    </TLINK>
    <TLINK r_id="91689" contextualModality="" relType="CONTAINS" comment="">
      <source m_id="95"/>
      <target m_id="1"/>
    </TLINK>
    <TLINK r_id="91690" contextualModality="" relType="CONTAINS" comment="">
      <source m_id="95"/>
      <target m_id="3"/>
    </TLINK>
    <TLINK r_id="91691" contextualModality="" relType="CONTAINS" comment="">
      <source m_id="95"/>
      <target m_id="5"/>
    </TLINK>
    <TLINK r_id="91692" contextualModality="" relType="CONTAINS" comment="">
      <source m_id="95"/>
      <target m_id="6"/>
    </TLINK>
    <TLINK r_id="91693" contextualModality="" relType="CONTAINS" comment="">
      <source m_id="95"/>
      <target m_id="7"/>
    </TLINK>
    <TLINK r_id="91694" contextualModality="" relType="CONTAINS" comment="">
      <source m_id="95"/>
      <target m_id="11"/>
    </TLINK>
    <TLINK r_id="91695" contextualModality="" relType="CONTAINS" comment="">
      <source m_id="95"/>
      <target m_id="19"/>
    </TLINK>
    <TLINK r_id="91696" contextualModality="" relType="CONTAINS" comment="">
      <source m_id="95"/>
      <target m_id="21"/>
    </TLINK>
    <TLINK r_id="91697" contextualModality="" relType="CONTAINS" comment="">
      <source m_id="95"/>
      <target m_id="35"/>
    </TLINK>
    <TLINK r_id="91698" contextualModality="" relType="CONTAINS" comment="">
      <source m_id="95"/>
      <target m_id="29"/>
    </TLINK>
    <TLINK r_id="91699" contextualModality="" relType="CONTAINS" comment="">
      <source m_id="95"/>
      <target m_id="32"/>
    </TLINK>
    <TLINK r_id="91700" contextualModality="" relType="CONTAINS" comment="">
      <source m_id="95"/>
      <target m_id="8"/>
    </TLINK>
    <TLINK r_id="91701" contextualModality="" relType="CONTAINS" comment="">
      <source m_id="95"/>
      <target m_id="10"/>
    </TLINK>
    <TLINK r_id="91702" contextualModality="" relType="CONTAINS" comment="">
      <source m_id="95"/>
      <target m_id="13"/>
    </TLINK>
    <TLINK r_id="91703" contextualModality="" relType="CONTAINS" comment="">
      <source m_id="95"/>
      <target m_id="15"/>
    </TLINK>
    <PLOT_LINK r_id="104167" SIGNAL="" relType="FALLING_ACTION" CAUSES="FALSE" CAUSED_BY="FALSE">
      <source m_id="24"/>
      <target m_id="27"/>
    </PLOT_LINK>
    <PLOT_LINK r_id="104168" SIGNAL="" relType="PRECONDITION" CAUSES="FALSE" CAUSED_BY="FALSE">
      <source m_id="31"/>
      <target m_id="97"/>
    </PLOT_LINK>
    <PLOT_LINK r_id="104169" SIGNAL="" relType="PRECONDITION" CAUSES="FALSE" CAUSED_BY="FALSE">
      <source m_id="31"/>
      <target m_id="14"/>
    </PLOT_LINK>
    <PLOT_LINK r_id="104170" SIGNAL="" relType="PRECONDITION" CAUSES="FALSE" CAUSED_BY="FALSE">
      <source m_id="31"/>
      <target m_id="16"/>
    </PLOT_LINK>
    <PLOT_LINK r_id="104171" SIGNAL="" relType="PRECONDITION" CAUSES="FALSE" CAUSED_BY="FALSE">
      <source m_id="31"/>
      <target m_id="17"/>
    </PLOT_LINK>
    <PLOT_LINK r_id="104172" SIGNAL="18" relType="PRECONDITION" CAUSES="TRUE" CAUSED_BY="FALSE">
      <source m_id="31"/>
      <target m_id="20"/>
    </PLOT_LINK>
    <PLOT_LINK r_id="104173" SIGNAL="" relType="FALLING_ACTION" CAUSES="FALSE" CAUSED_BY="FALSE">
      <source m_id="23"/>
      <target m_id="25"/>
    </PLOT_LINK>
    <PLOT_LINK r_id="104174" SIGNAL="" relType="FALLING_ACTION" CAUSES="FALSE" CAUSED_BY="FALSE">
      <source m_id="25"/>
      <target m_id="26"/>
    </PLOT_LINK>
    <PLOT_LINK r_id="104175" SIGNAL="" relType="PRECONDITION" CAUSES="FALSE" CAUSED_BY="FALSE">
      <source m_id="26"/>
      <target m_id="36"/>
    </PLOT_LINK>
    <PLOT_LINK r_id="104176" SIGNAL="" relType="FALLING_ACTION" CAUSES="FALSE" CAUSED_BY="FALSE">
      <source m_id="34"/>
      <target m_id="38"/>
    </PLOT_LINK>
    <PLOT_LINK r_id="104177" SIGNAL="" relType="FALLING_ACTION" CAUSES="FALSE" CAUSED_BY="FALSE">
      <source m_id="3"/>
      <target m_id="2"/>
    </PLOT_LINK>
    <PLOT_LINK r_id="104178" SIGNAL="" relType="FALLING_ACTION" CAUSES="FALSE" CAUSED_BY="FALSE">
      <source m_id="6"/>
      <target m_id="2"/>
    </PLOT_LINK>
    <PLOT_LINK r_id="104179" SIGNAL="" relType="FALLING_ACTION" CAUSES="FALSE" CAUSED_BY="FALSE">
      <source m_id="7"/>
      <target m_id="2"/>
    </PLOT_LINK>
    <PLOT_LINK r_id="104180" SIGNAL="" relType="FALLING_ACTION" CAUSES="FALSE" CAUSED_BY="FALSE">
      <source m_id="11"/>
      <target m_id="2"/>
    </PLOT_LINK>
    <PLOT_LINK r_id="104181" SIGNAL="" relType="FALLING_ACTION" CAUSES="FALSE" CAUSED_BY="FALSE">
      <source m_id="19"/>
      <target m_id="21"/>
    </PLOT_LINK>
    <PLOT_LINK r_id="104182" SIGNAL="" relType="FALLING_ACTION" CAUSES="FALSE" CAUSED_BY="FALSE">
      <source m_id="21"/>
      <target m_id="2"/>
    </PLOT_LINK>
    <PLOT_LINK r_id="104183" SIGNAL="" relType="FALLING_ACTION" CAUSES="FALSE" CAUSED_BY="FALSE">
      <source m_id="35"/>
      <target m_id="2"/>
    </PLOT_LINK>
    <PLOT_LINK r_id="104184" SIGNAL="" relType="FALLING_ACTION" CAUSES="FALSE" CAUSED_BY="FALSE">
      <source m_id="32"/>
      <target m_id="2"/>
    </PLOT_LINK>
    <PLOT_LINK r_id="104185" SIGNAL="" relType="FALLING_ACTION" CAUSES="FALSE" CAUSED_BY="FALSE">
      <source m_id="4"/>
      <target m_id="2"/>
    </PLOT_LINK>
  </Relations>
</Document>
